RowID,EntryID,Account,Folio,Date,EntryText,Key,Rank,Arm,SubType,Col,Capt,Status,Notes
1,V1445,Vernon,40r,1642-11-23,135 p[ai]d Capt[ain] mathew scaltike C[aptain] Henry gaule C[aptain] Jo[hn] Smith & C[aptain] Henry [...] 4 Capt[ains] latelie entertained in my lord G[enera]ll[es] reg[imen]t of Foot for advance of a whole monthes pay for themselves leifft[enants] & Ensigns £123 - 4s - -d,"..., Henry",Captain,foot,,"Essex, Earl of",,,
2,V1446,Vernon,40r,1642-11-23,more p[ai]d them for providing Coll[our]s partizans halbert[es] and drums & wagons £112 - -s - -d,"..., Henry",Captain,foot,,"Essex, Earl of",,,
3,V2926,Vernon,71r,1643-07-13,154 p[ai]d leifft[enant] Abracrommy for 14 dayes pay for 100 drago[ons] of Capt[ain] dundass his troop now prisoner £127 - 8s - 0d,"Abercrommy, Jecamiah",Lieutenant,dragoons,,,"Dundass, George",,
4,V3084,Vernon,74r,1643-08-18,154 p[ai]d Jeconiah Abercromy for 7 days pay for Capt[ain] dundasse his compa[ny] of drago[ons] £40 - 8s - 0d,"Abercrommy, Jecamiah",,dragoons,,,"Dundass, George",,
5,V3189,Vernon,76r,1643-08-25,154 p[ai]d Jeconiah Abracromme Capt[ain] of that troop of horse wherof C[aptain] Dundasse was late Capt[ain] £100 - 16s - -d,"Abercrommy, Jecamiah",Captain,dragoons,,,,,Assumed horse is error for dragoons
6,V3335,Vernon,78v,1643-10-14,205 p[ai]d C[aptain] Abercromy Ca[ptain] of dragoon[er]s £93 - 13s - 6d,"Abercrommy, Jecamiah",Captain,dragoons,,,,,
7,V3502,Vernon,80v,1643-11-30,205 p[ai]d C[aptain] Abracrommy the like for his company [^of dragooneers^] £98 - 8s - 0d,"Abercrommy, Jecamiah",Captain,dragoons,,,,,
8,V3772,Vernon,84r,1644-02-13,205 p[ai]d Ca[ptain] Abracromy for 14 days pay for his troop of dragon[er]s £118 - 13s - 0d,"Abercrommy, Jecamiah",Captain,dragoons,,,,,
9,V1627,Vernon,44r,1642-12-10,176 p[ai]d Capt[ain] David Traile Capt[ain] w[illia]m Abernethy C[aptain] Robert Rutherford Ensigne w[illia]m blare Ensigne Georg Borthick & Ensigne David midleton latelie entertaind as reformados in this exp[edition] for a whol mo[nths] pay uppon acc[oun]tt £75 - 12s - -d,"Abernethy, William",Captain,,,,,reformado,
10,V2017,Vernon,52r,1643-01-24,"176 p[ai]d Capt[ain] Kennywood, C[aptain] Rotherford Capt[ain] Abernaithy C[aptain] Rob[er]t Hunter & C[aptain] david Hunter Capt[ain] Reformados on foot for the severall pays for 1 mo[nth] uppon acc[oun]tt £105 - 0s - 0d","Abernethy, William",Captain,foot,,,,reformado,
11,V2267,Vernon,57v,1643-03-17,176 p[ai]d Capt[ain] david Kininmont C[aptain] Robert Rotherford C[aptain] david Hunter C[aptain] Robert Hunter & capt[ain] w[illia]m Abernethy reformado captains of Foot for ther severall paies for a mo[nths] uppon acc[oun]t at 21l each £105 - 0s - 0d,"Abernethy, William",Captain,foot,,,,reformado,
12,V2424,Vernon,61r,1643-04-13,176 p[ai]d Capt[ain] Ja[mes] douglas C[aptain] Robert Rutherford C[aptain] david Kennimonth C[aptain] david Hunter C[aptain] w[illia]m Abernethy C[aptain] w[illia]m Blare & leifft[enan]t Arthur sinclair Scot[es] reformados attending this present service toward[es] ther entertain[men]t upp[on] a[ccount] £235 - -s - -d,"Abernethy, William",Captain,,,,,reformado,
13,V2681,Vernon,66r,1643-05-26,176 p[ai]d Capt[ain] Robert Rutherford C[aptain] david Hunter C[aptain] w[illia]m Abernethy C[aptain] Robert Hunter C[aptain] Alexander [?Chyny?] cap[tain] reformados on foot for a mo[nths] pay uppon accompt £105 - -s - -d,"Abernethy, William",Captain,foot,,,,reformado,
14,V2950,Vernon,72r,1643-07-13,176 p[ai]d Capt[ain] Rutherford C[aptain] david Hunter capt[ain] Abernaithy and C[aptain] Rob[er]t Hunter 4 C[aptain] reformados of foot for 14 days pay ending 16 June £42 - 0s - 0d,"Abernethy, William",Captain,foot,,,,reformado,
15,V3642,Vernon,82v,1643-12-12,169 p[ai]d John Adams trompeter to Capt[ain] Carr wounded at newberry £4 - 4s - 0d,"Adams, John",Trumpeter,horse,,,"Carr, Gilbert",wounded,
16,F0242,Fenton,100v,1643-08-12,p[ai]d Ens[ign] Richard Addams £15 - 0s - 0d,"Adams, Richard",Ensign,,,,,,
17,V2476,Vernon,62r,1643-04-28,"168 p[ai]d unto Edward wollaston, Henry Crossly Richard Hind, Jo[hn] Baldwin, John Symond[es] Thomas Adams, Georg Ewer, George whitledge, Samuel Flesher, Thomas kelsey Thomas Chetwood, John shelby George white gent[lemen] apointed paymasters of the severall Regiment[es] of Foot in the parlim[entes] service the some of 5 pownd[es], to be given 12s to every soldier of the said Regi[men]t[es] by way of reward £5000 - 0s - 0d","Adams, Thomas",Paymaster,foot,,,,,
18,V1683,Vernon,45r,1642-12-19,149 p[ai]d L[ieutenant] Coll[onel] James afflock for his pay as L[ieutenant] Coll[onel] reformado for 6 week[es] begining 1 [Novem]bre £63 - -s - -d,"Afflock, James",Lt-Colonel,,,,,reformado,
19,V1664,Vernon,44v,1642-12-17,"147 p[ai]d Leifftenn[an]t Collonel Aldrich, major of S[i]r John meldrom Brigad for 6 week[es] pay as major beginning the last [Octo]bre at xs p[er] diem £21 - -s - -d","Aldrich, Edward",Lt-Colonel and Major of Brigade,foot,,,,,
20,F0185,Fenton,99v,1643-07-31,p[ai]d Coll[onel] Edw[ard] Aldritch £106 - 17s - 4d,"Aldrich, Edward",Colonel,,,,,,
21,F0244,Fenton,100v,1643-08-13,p[ai]d Coll[onel] Aldrich £9 - 4s - 4d,"Aldrich, Edward",Colonel,,,,,,
22,F0251,Fenton,101r,1643-08-16,p[ai]d Coll[onel] Edw[ard] Aldritch £212 - 13s - 8d,"Aldrich, Edward",Colonel,,,,,,
23,V2995,Vernon,72v,1643-08-16,147 p[ai]d Coll[onel] Aldrich for 7 days pay for the Regi[men]t that was S[i]r Jo[hn] meldroms £212 - 13s - 8d,"Aldrich, Edward",Colonel,foot,,,,,
24,V3205,Vernon,76r,1643-08-25,14 p[ai]d Coll[onel] Aldrich for pay of his Regi[men]t £429 - 5s - -d,"Aldrich, Edward",Colonel,foot,,,,,
25,V3390,Vernon,79r,1643-10-18,147 p[ai]d Coll[onel] Aldrich for his Regi[men]t lying at Alsbury £416 - 4s - 4d,"Aldrich, Edward",Colonel,foot,,,,,
26,V3456,Vernon,80r,1643-11-14,147 p[ai]d Coll[onel] Aldrige toward[es] pay of the Garison of Alsburye uppon accompt £700 - 0s - 0d,"Aldrich, Edward",Colonel,foot,,,,,
27,V3524,Vernon,81r,1643-12-01,45 p[ai]d Capt[ain] Thomas Terrill[es] troop the like the rest pay by C[olone]ll Aldrich at Alsberry £95 - 13s - 0d,"Aldrich, Edward",Colonel,foot,,,,,
28,V3535,Vernon,81r,1643-12-01,44 p[ai]d C[aptain] Rich[ard] Greenvill for 14 days for his troop the rest being p[ai]d by C[olone]ll Aldrich £30 - 18s - 0d,"Aldrich, Edward",Colonel,foot,,,,,
29,V0346,Vernon,14v,1642-08-26,61 p[ai]d S[i]r sigismond Allexander Captaine of a troop of horse by way of advance for himself £120 - 0s - 0d,"Alexander, Sigismund, Sir",Captain,horse,,,,,
30,V0347,Vernon,14v,1642-08-26,more for on monthes pay for his troope of 70 Harqueb[usiers] £384 - 6s - 0d,"Alexander, Sigismund, Sir",Captain,horse,,,,,
31,V0348,Vernon,14v,1642-08-26,"61 p[ai]d John strelly cornet to Capt[ain] S[i]r Sigismond Allexander, who was formerlie listed in the Irish service & receaved 12l and beinge now taken on and allowed in this expedition 50. the 12 abated remains £38 - 0s - 0d","Alexander, Sigismund, Sir",Captain,horse,,,,,
32,V0349,Vernon,14v,1642-08-26,61 p[ai]d Phillip vander[?.eiden?] leifft[enan]te to S[i]r Sigismond who was in the Irish service & rec[eive]d 20l & beinge now imployed hear is to have 60 rest[es] £40 - 0s - 0d,"Alexander, Sigismund, Sir",Captain,horse,,,,,
33,V0350,Vernon,14v,1642-08-26,61 p[ai]d John Burgesse Quartermaster to S[i]r Sigismond who in the Irish service had receaved 12l & now in this was to rec 30 rest[es] £18 - 0s - 0d,"Alexander, Sigismund, Sir",Captain,horse,,,,,
34,V0416,Vernon,16v,1642-08-30,61 p[ai]d S[i]r Sigismond Alexand[e]r for allowance for scarff[es] of his troope of 70 harqueb[usiers] £35 - 0s - 0d,"Alexander, Sigismund, Sir",Captain,horse,,,,,
35,V0930,Vernon,29v,1642-10-11,61 p[ai]d S[i]r Sigismond Allexand[e]r sergeant major to that reg[imen]t for his troop as above £161 - 11s - 6d,"Alexander, Sigismund, Sir",Major,horse,,"Goodwin, Arthur",,,
36,V1222,Vernon,35v,1642-11-10,61 p[ai]d S[i]r Sigismond Alexander for 2 1/2 months pay for his troop in 2 severall warr[an]t[es] £349 - 6s - -d,"Alexander, Sigismund, Sir",Captain,horse,,,,,
37,V1417,Vernon,39v,1642-11-28,61 p[ai]d S[i]r Sigismond Alexander [th]e like £174 - 13s - -d,"Alexander, Sigismund, Sir",Captain,horse,,"Goodwin, Arthur",,,
38,V1418,Vernon,39v,1642-11-28,61 more for his pay for 119 dayes as sergeant major to Collonel Goodwins reg[imen]t at 12s p[er] diem ending [th]e 26 [Novem]bre £71 - 8s - -d,"Alexander, Sigismund, Sir",Major,horse,,"Goodwin, Arthur",,,
39,V1968,Vernon,51r,1643-01-23,61 p[ai]d S[i]r Sigismond Alexander for a mo[nths] pay for his troop uppon accompt £349 - 6s - -d,"Alexander, Sigismund, Sir",Captain,horse,,,,,
40,V2234,Vernon,57r,1643-03-09,61 p[ai]d liefft[enant] Strelly toward[es] pay of the troop late S[i]r Sigismond Alexand[e]r uppon acc[oun]tt £150 - 0s - 0d,"Alexander, Sigismund, Sir",Captain,horse,,,,,
41,V2357,Vernon,59v,1643-04-12,61 p[ai]d S[i]r Sigismond Alexand[e]r for 2 mo[nths] pay [?at?] 20s p[er] diem £56 - 0s - 0d,"Alexander, Sigismund, Sir",Captain,horse,,,,,
42,V2363,Vernon,59v,1643-04-12,61 p[ai]d C[aptain] Richard Fines for a whole mo[nths] pay for the the time he Comanded S[i]r Sigismond Alexand[er]s troope £54 - 12s - -d,"Alexander, Sigismund, Sir",Captain,horse,,,,,
43,V2386,Vernon,60r,1643-04-13,173 p[ai]d Capt[ain] Adam Baynard for 1/2 a mo[nths] pay for that troop w[hi]ch latelie was S[i]r Sygismond Alexand[er]s uppon acc[oun]t £174 - 13s - 0d,"Alexander, Sigismund, Sir",Captain,horse,,,,,
44,V3245,Vernon,77r,1643-08-26,61 p[ai]d S[i]r sigismond Alexander in part of his arrears £14 - -s - -d,"Alexander, Sigismund, Sir",,,,,,,
45,V3564,Vernon,81v,1643-12-03,61 p[ai]d S[i]r sigismond Alexand[e]r for 14 days pay for himself £14 - 0s - 0d,"Alexander, Sigismund, Sir",,,,,,,
46,V3892,Vernon,85r,1644-03-04,61 p[ai]d S[i]r sigismond Alexander for 14 days pay £14 - 0s - 0d,"Alexander, Sigismund, Sir",,,,,,,
47,V0926,Vernon,29v,1642-10-11,114 p[ai]d m[aste]r Anthony Allen Scoutmaster g[enera]ll by way of advance for provision of horses to be by him imployed in the service £100 - 0s - 0d,"Allen, Anthony",Scoutmaster General,scouts,,,,,
48,V1013,Vernon,31v,1642-10-18,114 p[ai]d Anthony Allen for the provision of gunpowder for the service of [th]e state £100 - -s - -d,"Allen, Anthony",,,,,,,
49,V1220,Vernon,35v,1642-11-10,114 p[ai]d Anthony Allen scoutmaster g[enera]ll for paymaster of himself & 20 menn to [th]e 10th november £276 - -s - -d,"Allen, Anthony",Scoutmaster General,scouts,,,,,
50,V1421,Vernon,39v,1642-11-29,114 p[ai]d Anto[ny] Allen Scoutmaster for monie by him expended for service of [th]e state £61 - 9s - 7d,"Allen, Anthony",Scoutmaster General,scouts,,,,,
51,V1502,Vernon,41v,1642-12-03,114 p[ai]d Anto[ny] Allen Scoutm[aste]r for pay of himself & 20 men for 21 dayes at 6l a day ending 1 [Decem]bre £126 - -s - -d,"Allen, Anthony",Scoutmaster General,scouts,,,,,
52,V1707,Vernon,45v,1642-12-20,114 p[ai]d Anthony Allen scoutmaster g[enera]ll for 21 days pay for himself & 20 men from the 1 december to the 22 excl[usive] at 6s p[er] diem £126 - -s - -d,"Allen, Anthony",Scoutmaster General,scouts,,,,,
53,V0521,Vernon,19r,1642-09-05,81 p[ai]d Francis Allin toward[es] the charges of those forces that wear drawne out of London into kent £400 - 0s - 0d,"Allen, Francis",,,,,,,
54,V0522,Vernon,19r,1642-09-05,81 p[ai]d him more uppon the same acc[oun]tt £100 - 0s - 0d,"Allen, Francis",,,,,,,
55,F0320,Fenton,102r,1643-09-14,p[ai]d W[illia]m Alley Chirurgeon £5 - 0s - 0d,"Alley, William",Surgeon,,,,,,
56,V0242,Vernon,11v,1642-08-19,"12 more 300l to be by his L[ordshi]p delivered unto S[i]r Oliver Luke, S[i]r Samuell Luke S[i]r Thomas Alston & S[i]r Thomas Rolt dep[uty] leifft[enants] of Bedford or anie 2 of them to be p[ai]d unto the soldiers when they ar mustered w[hi]ch monie is to be Issued to the said lord uppon acc[oun]tt £300 - 0s - 0d","Alston, Thomas, Sir",Deputy Lt Of Beds,,,,,,
57,V0055,Vernon,6v,1642-08-10,16 p[ai]d Capt[ai]n John Alured for mounting himself & his officers being Capt[ain] of a troop of horse £354 - 0s - 0d,"Alured, John",Captain,horse,,,,,
58,F0109,Fenton,98v,1643-07-03,p[ai]d Elizab[eth] Ames vid[ua] £7 - 0s - 0d,"Ames, Elizabeth",Widow,,,,,,
59,F0113,Fenton,98v,1643-07-05,"p[ai]d Capt[ain] Phillipps, Capt[ain] Wheeler Capt[ain] Andrewes & Ens[ign] Williams £33 - 12s - 0d","Andrews, Capt",Captain,,,,,,
60,F0043,Fenton,97v,1643-06-05,paid Capt[ain] John Andrewes £174 - 13s - 0d,"Andrews, John",Captain,,,,,,
61,V2776,Vernon,68r,1643-06-21,183 p[ai]d C[aptain] Jo[hn] Andrewes for 14 days pay for his troope of 60 harg[ebusiers] being p[ar]t of the monie due to him £174 - 13s - 0d,"Andrews, John",Captain,horse,,,,,
62,V2846,Vernon,69v,1643-07-12,183 p[ai]d Capt[ain] Jo[hn] Andrewes for 14 dayes pay of his troop uppon accompt £174 - 13s - -d,"Andrews, John",Captain,horse,,,,,
63,V3060,Vernon,73v,1643-08-18,183 p[ai]d C[aptain] John Andrews for 7 days pay of his troope £80 - 13s - 6d,"Andrews, John",Captain,horse,,,,,
64,V3196,Vernon,76r,1643-08-25,183 p[ai]d C[aptain] Jo[hn] Androws the like for his troope £159 - 3s - -d,"Andrews, John",Captain,horse,,,,,
65,V3380,Vernon,79r,1643-10-16,183 p[ai]d C[aptain] John Andrews for his troop £141 - 1s - -d,"Andrews, John",Captain,horse,,,,,
66,V3503,Vernon,80v,1643-11-30,183 p[ai]d C[aptain] Andrews the like for his troop £127 - 1s - 0d,"Andrews, John",Captain,horse,,,,,
67,V3267,Vernon,77v,1643-08-29,"49 p[ai]d Theophilus Andrews Jo[hn] vivers Peeter Bland Fra[ncis] Cary Hugh harding Jo[hn] smith, Georg Billot & w[illia]m Phillips gent[lemen] latelie entred in my lord g[e]n[era]ll[es] lieff guard for 14 days pay each at 8s p[er] diem £44 - 16s - -d","Andrews, Theophilus",Trooper,horse,cuirassiers,,"Stapleton, Philip, Sir",gent of lifeguard,
68,V2922,Vernon,71r,1643-07-13,188 p[ai]d Capt[ain] w[illia]m Andrew late capt[ain] of a compa[ny] in S[i]r Henry Cholmlies Regi[men]t for 14 daies pay as capt[ain] uppon acc[oun]tt £10 - 10s - 0d,"Andrews, William",Captain,foot,,"Cholmley, Henry, Sir",,,
69,V0090,Vernon,7v,1642-08-11,21 p[ai]d Capt[ain] Anselme Capt[ain] of a troope of Cuirassiers being the gennerall of the hors his [^troop^] by advance uppon acc[ount] £600 - 0s - 0d,"Anselme, William",Captain,horse,cuirassiers,,"Bedford, Earl of",,
70,V0357,Vernon,14v,1642-08-26,21 p[ai]d Capt[ain] w[illia]m Anselme by imprest for furnishinge his troope of 100 curassiers w[i]th scarff[es] £50 - 0s - 0d,"Anselme, William",Captain,horse,cuirassiers,,,,
71,V0640,Vernon,22r,1642-09-07,21 p[ai]d Captain william Anselme 16l for mountinge of his farrier & sadler & 10l by way of imprest to furnish them w[i]th necessaries & materiall[es] £26 - 0s - 0d,"Anselme, William",Captain,horse,,,,,
72,V0876,Vernon,28r,1642-10-07,21 p[ai]d olive Reiston widdow the relict of will[ia]m Reiston liefftenn[an]t to Capt[ain] Anslme slaine near worster for her releif £20 - 0s - 0d,"Anselme, William",Captain,horse,,,,,
73,V0877,Vernon,28r,1642-10-07,21 p[ai]d Elizabeth Daniel his Cornet[es] wiffe John Daniell likewise slaine ther for her releif £20 - 0s - 0d,"Anselme, William",Captain,horse,,,,,
74,V1223,Vernon,35v,1642-11-10,21 p[ai]d Captain w[illia]m Anselm leifften[an]t of my lord of Bedford Troop of Cuirassiers uppon acc[oun]t £200 - 0s - 0d,"Anselme, William",Captain-Lieutenant,horse,cuirassiers,,"Bedford, Earl of",,
75,V1439,Vernon,40r,1642-11-23,21 p[ai]d C[aptain] w[illia]m Anselme toward[es] payment of my lord of Bedford[es] troop of Cuirassiers uppon acc[oun]tt £200 - -s - -d,"Anselme, William",Captain,horse,cuirassiers,,"Bedford, Earl of",,
76,V1731,Vernon,46r,1642-12-22,21 p[ai]d C[aptain] Anselme for a mo[nths] pay for my lord of Bedford[es] troop of Cuirassiers £321 - 16s - 0d,"Anselme, William",Captain,horse,cuirassiers,,"Bedford, Earl of",,
77,V2212,Vernon,56v,1643-03-07,[...] Captaine Anselme in p[ar]t of a war[rant] of [?560?].12.0 for a mo[nths] pay for my lord of Bedford[es] troop £400 - -s - -d,"Anselme, William",Captain,horse,,,"Bedford, Earl of",,
78,V2385,Vernon,60r,1643-04-13,21 p[ai]d Capt[ain] Anselme for 1/2 a mo[nths] pay for him self office[rs] & 96 cuirassiers upon acc[oun]t £322 - 0s - 0d,"Anselme, William",Captain,horse,cuirassiers,,,,
79,V2492,Vernon,62r,1643-04-29,21 p[ai]d Capt[ain] Anselme the like & for 90 cuirassiers £121 - 16s - 0d,"Anselme, William",Captain,horse,cuirassiers,,,,
80,V2596,Vernon,64r,1643-05-24,21 p[ai]d C[aptain] w[illia]m Anselme the like for [th]e officers & 88 cuirass[ier]s ending 11 June £604 - 16s - -d,"Anselme, William",Captain,horse,cuirassiers,,,,
81,V2713,Vernon,66v,1643-06-21,21 p[ai]d C[aptain] w[illia]m Anselme the like & for 88 Cuirassiers end[ing] as above £270 - 11s - 0d,"Anselme, William",Captain,horse,cuirassiers,,,,
82,V2845,Vernon,69v,1643-07-12,21 p[ai]d Captaine Anselm the like & for 88 cuirassiers end[ing] 9 Julie £270 - 11s - -d,"Anselme, William",Captain,horse,cuirassiers,,,,
83,V3044,Vernon,73v,1643-08-17,21 p[ai]d C[aptain] Anselme the like £140 - 3s - 6d,"Anselme, William",Captain,horse,,,,,
84,V3214,Vernon,76v,1643-08-26,21 p[ai]d C[aptain] w[illia]m Anselm for 14 dayes for his troop £280 - 7s - -d,"Anselme, William",Captain,horse,,,,,
85,V3364,Vernon,79r,1643-10-16,21 p[ai]d C[aptain] Anselme for his troope £255 - 17s - -d,"Anselme, William",Captain,horse,,,,,
86,V3570,Vernon,81v,1643-12-05,21 p[ai]d C[aptain] Anselm the like for his troop £229 - 12s - 0d,"Anselme, William",Captain,horse,,,,,
87,V3823,Vernon,84v,1644-02-13,21 p[ai]d Ca[ptain] Anselme the like £178 - 17s - -d,"Anselme, William",Captain,horse,,,,,
88,V0677,Vernon,23v,1642-09-09,"13 p[ai]d John Anthony surgeon to Collonel Sand[es] for soe much monie to him advanced for provision of 3 horses 12. for on mo[nths] maintenance for them from the 7 [Septem]bre 4l.4s, more for on monthes pay for himself & mates from the 3 of Julie last 12.12 for his chest 5l & for advance of 1/2 a wagon 20l £63 - 16s - -d","Anthony, John",Surgeon,horse,,"Sandys, Edwin",,,
89,V0834,Vernon,27r,1642-10-04,13 p[ai]d John Anthonye suregeon to Collonel Sandis regim[en]t of horse for the arreers of his pay to the 1 [Octo]bre £21 - 0s - 0d,"Anthony, John",Surgeon,horse,,"Sandys, Edwin",,,
90,V1161,Vernon,34v,1642-11-04,13 p[ai]d John Anthony Surgeon to Coll[onel] Sand[es] for hims & two mates to end 28 [Octo]bre. in worster £16 - 16s - -d,"Anthony, John",Surgeon,horse,,"Sandys, Edwin",,,
91,V1590,Vernon,43r,1642-12-05,13 p[ai]d Jo[hn] Anthony surgeon to that Reg[imen]t for a mo[nths] entertainm[en]t of himself mates & bidett[es] from [th]e 26 [Novem]bre inclusive £16 - 16s - -d,"Anthony, John",Surgeon,horse,,"Sandys, Edwin",,,
92,V2803,Vernon,68v,1643-06-22,33 p[ai]d leifft[enant] Thomas Apleby for pay of himself 2 Ensigns & 10 sergeant[es] for 14 days of S[i]r Henry Cholmlyes reg[imen]t endinge [th]e last present £17 - 10s - -d,"Appleby, Thomas",Lieutenant,foot,,"Cholmley, Henry, Sir",,,
93,V2935,Vernon,71v,1643-07-13,"190 p[ai]d Capt[ain] w[illia]m Butler C[aptain] John wheler C[aptain] Thomas weelin L[ieutenan]t Thomas Apleby l[ieutenan]t Humphrey Caroll Ens[ign] Fra[ncis] Carey Ens[ign] Fra[ncis] lister, Ens[ign] Henry Cony Ens[ign] mathew williams Ens[ign] James llewellen & Ens[ign] Jo[hn] Holt officers in the late Regi[men]t of S[i]r Henry Cholmlie for ther pay for 14 dayes uppon accompt £49 - 14s - -d","Appleby, Thomas",Lieutenant,foot,,"Cholmley, Henry, Sir",,,
94,V3633,Vernon,82v,1643-12-09,p[ai]d Jo[hn] Armstrong & John more woundded soldiers £0 - 18s - 8d,"Armstrong, John",Soldier,,,,,wounded,
95,V0798,Vernon,26v,1642-10-01,107 p[ai]d Capt[ain] Hercules Arnett of [th]e same reg[imen]t for his compa[ny] of 100 sold[ier]s as before £96 - 13s - 4d,"Arnett, Hercules",Captain,foot,,"Hampden, John",,,
96,V3650,Vernon,82v,1643-12-15,106 p[ai]d C[aptain] Hercules Arnett the like in Coll[onel] Terrill[es] Regi[men]t £10 - 4s - 2d,"Arnett, Hercules",Captain,foot,,"Tyrrell, Thomas",,,
97,V0541,Vernon,19v,1642-09-05,"85 p[ai]d Thomas Symond[es] for monies disbursed by the hand[es] of Ric[hard] Touy of Bristoll for armes and Amunition by him provided and bought by order of m[aste]r Allexand[e]r Popham, m[aste]r strood & m[aste]r Ash £172 - 4s - 4d","Ash, Edward",,,,,,,
98,V0601,Vernon,21r,1642-09-06,92 p[ai]d m[aste]r Edward Ash w[hi]ch was p[ai]d the 5 present for soe much by him disbursed before hand for supplie of the Army in sommersetsh[ire] £200 - 0s - 0d,"Ash, Edward",,,,,,,
99,V0584,Vernon,20v,1642-09-06,11 p[ai]d m[aste]r Symon Ash Chaplaine to my lord Mandevill for on mo[nths] advance £20 - 0s - 0d,"Ash, Simeon",Chaplain,foot,,"Mandeville, Lord",,,
100,V0852,Vernon,27v,1642-10-05,11 p[ai]d simeon Ash Champlaine to my lord mandevill[es] Regim[en]t for his pay & his servant[es] to the last [Septem]bre £14 - 14s - 0d,"Ash, Simeon",Chaplain,foot,,"Mandeville, Lord",,,
101,V1332,Vernon,37v,1642-11-14,11 p[ai]d m[aste]r Symon Ash Chaplaine to the lord Mandevill for a mo[nths] pay 12.12.0 £12 - 12s - -d,"Ash, Simeon",Chaplain,foot,,"Mandeville, Lord",,,
102,V2206,Vernon,56r,1643-03-07,156 p[ai]d Hugh Atkinson another troop[er] in p[ar]t of 17.0.0 £10 - 0s - 0d,"Atkinson, Hugh",Trooper,horse,,,,,
103,V0114,Vernon,8r,1642-08-12,26 p[ai]d Captaine George Austin for the mountinge of himself and his officers £280 - 0s - 0d,"Austin, George",Captain,horse,,,,,
104,V0363,Vernon,15r,1642-08-26,16 p[ai]d Capt[ain] Georg Austine for on months pay of his troop of 40 Carabins besid[es] offic[e]rs under the Command of Collonel Sand[es] beginning the 19 Aug[us]t £279 - 6s - 0d,"Austin, George",Captain,horse,,"Sandys, Edwin",,,
105,V0364,Vernon,15r,1642-08-26,"more p[ai]d him for scarff[es], note 30l for 40 men £30 - 0s - 0d","Austin, George",Captain,horse,,"Sandys, Edwin",,,
106,V0365,Vernon,15r,1642-08-26,more for mountinge 3 corporall[es] 42 & for 2 trumpeters a sadler & a farier 32. £74 - -s - -d,"Austin, George",Captain,horse,,"Sandys, Edwin",,,
107,V0570,Vernon,20v,1642-09-05,26 p[ai]d 2 [Septem]bre p[ai]d Capt[ain] George Austin for allowance made unto him of 60 great sadles and bitt[es] for his said troop at 50s £150 - -s,"Austin, George",Captain,horse,,,,,
108,V0571,Vernon,20v,1642-09-05,26 more for on mo[nths] pay for 20 horses to compleat his troope the said mo[nth] to begin the 29 Aug[us]t £70 - 0s - 0d,"Austin, George",Captain,horse,,,,,
109,V0750,Vernon,25r,1642-09-27,26 p[ai]d Captain George Austin for severall arrears & 1/2 a mo[nths] pay as above £336 - 17s - 6d,"Austin, George",Captain,horse,,,,,
110,V0784,Vernon,26r,1642-10-01,26 p[ai]d Captaine Austine for soe much monie by him to be expended to clear the pay of the troope of serjant major Dowglas deceased to this 1 [Octo]bre 130l as also for on 1/2 months pay for the said troop consistinge of 60 harqueb[usiers] beginning from the first [Octo]bre 174.13. in all £304 - 13s - 0d,"Austin, George",Captain,horse,,,,,
111,V0972,Vernon,30v,1642-10-15,26 p[ai]d leifftenn[an]te Richard Stevens for providing 10 great saddles w[i]th furniturs for repleating Capt[ain] Austins troope £12 - 10s - -d,"Austin, George",Captain,horse,,,,,
112,V0984,Vernon,30v,1642-10-15,26 p[ai]d Captaine George Austin for on 1/2 mo[nths] pay of his troop endinge the 28. present £174 - 13s - 0d,"Austin, George",Captain,horse,,,,,
113,V1125,Vernon,33v,1642-10-29,26 p[ai]d Captaine George Austin toward[es] the paym[en]t of his troope £100 - 0s - 0d,"Austin, George",Captain,horse,,,,,
114,V1144,Vernon,34r,1642-10-29,25 p[ai]d Captaine [^George Austen^] toward[es] the payment of his troop uppon acc[oun]tt £100 - -s - -d,"Austin, George",Captain,horse,,,,,
115,V1250,Vernon,36r,1642-11-11,26 p[ai]d Captaine Georg Austine the like £174 - 13s - -d,"Austin, George",Captain,horse,,,,,
116,V1689,Vernon,45r,1642-12-19,26 p[ai]d Capt[ain] Georg Austin toward[es] paym[en]t of his troop uppon acc[oun]tt £100 - -s - -d,"Austin, George",Captain,horse,,,,,
117,V1803,Vernon,47v,1642-12-27,26 p[ai]d Capt[ain] Georg Austin for 2 mo[nths] pay for himself as captaine of a troop of horse ending [th]e 22 present £109 - 4s - -d,"Austin, George",Captain,horse,,,,,
118,V1849,Vernon,48v,1643-01-06,26 p[ai]d Capt[ain] Georg Austin toward[es] paym[en]t of his troope uppon acc[oun]tt £100 - 0s - 0d,"Austin, George",Captain,horse,,,,,
119,V2044,Vernon,52v,1643-01-24,26 p[ai]d olive Royston wiff of w[illia]m Royston late leifft[enant] to Capt[ain] Austin for arrear due to him at the time of his death £20 - 0s - 0d,"Austin, George",Captain,horse,,,,,
120,V2192,Vernon,56r,1643-03-07,26 p[ai]d C[aptain] George Austin in part of a warr[ant] of 150l uppon accompt £100 - 0s - 0d,"Austin, George",Captain,horse,,,,,
121,V2258,Vernon,57v,1643-03-10,26 p[ai]d C[aptain] George Austine Capt[ain] of a troope of horse in part of a warr[an]tt of [th]e 29 [Novem]bre £80 - -s - -d,"Austin, George",Captain,horse,,,,,
122,V2351,Vernon,59r,1643-04-12,26 p[ai]d Capt[ain] G. Austine for 1/2 a mo[nths] pay for officers & 38 troop[er]s £84 - 9s - 0d,"Austin, George",Captain,horse,,,,,
123,V2478,Vernon,62r,1643-04-29,26 p[ai]d Capt[ain] Georg Austin for pay of [th]e corporall[es] Trumpeters farrier & sadler & 25 troop[er]s of his troope for 7 dayes uppon acc[oun]t £27 - 16s - 6d,"Austin, George",Captain,horse,,,,,
124,V2560,Vernon,63v,1643-05-20,26 p[ai]d C[aptain] Ric[hard] stevans in part of [th]e Remainder of [th]e troop belonging C[aptain] Georg Austin & toward[es] inabling him to compleat the said troop £200 - -s - -d,"Austin, George",Captain,horse,,,,,
125,V3243,Vernon,77r,1643-08-26,26 p[ai]d Jo[hn] Potter for [th]e use of m[istres]s Austin late wiff of C[aptain] Austin desceased £100 - -s - -d,"Austin, George",Captain,horse,,,,,
126,V3433,Vernon,79v,1643-10-27,46 p[ai]d m[aste]r Austine Chaplaine to Coll[onel] Terrill[es] Regi[men]t £10 - 0s - 0d,"Austin, Mr (chaplain)",Chaplain,foot,,"Tyrrell, Thomas",,,
127,V3243,Vernon,77r,1643-08-26,26 p[ai]d Jo[hn] Potter for [th]e use of m[istres]s Austin late wiff of C[aptain] Austin desceased £100 - -s - -d,"Austin, Mrs",Widow,,,,,,
128,F0044,Fenton,97v,1643-06-05,paid Capt[ain] James Aylet £160 - 0s - 0d,"Aylet, James",Captain,,,,,,
129,V0283,Vernon,12v,1642-08-23,"51 p[ai]d sergant major Aylworth for one monthes paye of 120 soldiers from the 19 of this instant aug[us]t, uppon w[hi]ch day they wear mustered, being his comp[any] in my lord Brook[es] reg[imen]t £112 - 0s - 0d","Aylworth, Walter",Major,foot,,"Brooke, Lord",,,
130,V3493,Vernon,80v,1643-11-27,p[ai]d Robert Ayres brother to Thomas Eyres deceased for arrears of pay £42 - -s - -d,"Ayres, Robert",,,,,,,brother of Thomas
131,V3493,Vernon,80v,1643-11-27,p[ai]d Robert Ayres brother to Thomas Eyres deceased for arrears of pay £42 - -s - -d,"Ayres, Thomas",,,,,,deceased,
132,V0024,Vernon,5v,1642-08-08,9 p[ai]d Captaine Edward Askew for advance of 1/2 a monthes pay of a troope of 60 Harquebusiers £172 - 18s - 0d,"Ayscough, Edward",Captain,horse,,,,,
133,V0061,Vernon,6v,1642-08-10,18 p[ai]d Capt[ain] Edward Ayscough for advance of another half monthes pay of a troope of 60 harquebusiers besid[es] officers £174 - 13s - 0d,"Ayscough, Edward",Captain,horse,,,,,
134,V0062,Vernon,6v,1642-08-10,"more p[ai]d him for padd[es] bridles and bitt[es] for his 2 trumpeters, farrier and sadler £6 - 0s - 0d","Ayscough, Edward",Captain,horse,,,,,
135,V0063,Vernon,6v,1642-08-10,more for mountinge of 3 corporall[es] £42 - 0s - 0d,"Ayscough, Edward",Captain,horse,,,,,
136,V0100,Vernon,7v,1642-08-12,18 p[ai]d Capt[ain] Edward Aiscough the like £30 - 0s - 0d,"Ayscough, Edward",Captain,horse,,,,,
137,V1018,Vernon,31v,1642-10-18,18 p[ai]d Captaine Edward Aiscough for 15 days pay of his troop to the 28 present £187 - 2s - 6d,"Ayscough, Edward",Captain,horse,,,,,
138,V1110,Vernon,33v,1642-10-28,18 p[ai]d Capt[ain] Edward Aiscough for pay of his troop uppon acc[oun]t £100 - -s - -d,"Ayscough, Edward",Captain,horse,,,,,
139,V1242,Vernon,36r,1642-11-11,18 p[ai]d Captaine Edward Ascough the other 100l was p[ai]d [th]e 28 [Octo]bre £74 - 13s - 0d,"Ayscough, Edward",Captain,horse,,,,,
140,V1243,Vernon,36r,1642-11-11,more p[ai]d him for furnishing his troop w[i]th 20 great saddles bitt[es] & other furniture £50 - 0s - 0d,"Ayscough, Edward",Captain,horse,,,,,
141,V1433,Vernon,40r,1642-11-23,18 p[ai]d Captaine Edward Aiscough the like £174 - 13s - -d,"Ayscough, Edward",Captain,horse,,,,,
142,V1434,Vernon,40r,1642-11-23,18 more for 10 great sadles & furniture £25 - -s - -d,"Ayscough, Edward",Captain,horse,,,,,
143,V1736,Vernon,46r,1642-12-22,18 p[ai]d Capt[ain] Edward Aiscough the like £174 - 13s - -d,"Ayscough, Edward",Captain,horse,,,,,
144,V1841,Vernon,48v,1643-01-06,18 p[ai]d C[aptain] Edward Aiscough for a mo[nths] pay for his troop uppon accompt £349 - 6s - -d,"Ayscough, Edward",Captain,horse,,,,,
145,V3439,Vernon,79v,1643-10-27,211 p[ai]d C[aptain] Babington the like for his troop £158 - 18s - 0d,"Babington, Capt",Captain,horse,,,,,
146,V2544,Vernon,63r,1643-05-05,170 p[ai]d Alexander Bayly coadjut[er] to [th]e sergeant major g[e]n[era]ll for a mo[nths] pay as liefft[enant] Coll[onel] & Captaine uppon accompt £42 - 0s - 0d,"Bailey, Alexander",Coadjuter and Assistant to Major-Gen,foot,,,,,
147,F0039,Fenton,97r,1643-06-05,p[ai]d L[ieutenan]t Coll[onel] Bayly £40 - 0s - 0d,"Bailey, Alexander",Lt-Colonel,,,,,,
148,F0154,Fenton,99r,1643-07-20,entred before [del: p[ai]d L[ieutenan]t Wilkes for [th]e use & in full of L[ieutenan]t Coll[onel] Baylys warr[an]t],"Bailey, Alexander",Lt-Colonel,,,,,,
149,F0168,Fenton,99v,1643-07-28,p[ai]d L[ieutenan]t Coll[onel] Bayly £40 - 0s - 0d,"Bailey, Alexander",Lt-Colonel,,,,,,
150,F0283,Fenton,101v,1643-09-01,p[ai]d L[ieutenan]t Coll[onel] Bayly £40 - 0s - 0d,"Bailey, Alexander",Lt-Colonel,,,,,,
151,V2372,Vernon,59v,1643-04-12,166 p[ai]d major Bains in part of severall warent[es] for the officers of [th]e said Regi[men]t now under Collonel melves  Comand £1050 - -s - -d,"Baines, Jeremy",Major,dragoons,,"Melve, George, Colonel",,,
152,V2639,Vernon,65r,1643-05-25,174 p[ai]d Jerymie Bayns major of that reg[imen]t for [th]e offic[er]s & 75 drag[oons] end[ing] as above £226 - 16s - 0d,"Baines, Jeremy",Major,dragoons,,"Melve, George, Colonel",,,
153,V2812,Vernon,68v,1643-06-22,174 p[ai]d major Baynes for 14 dayes pay of [th]e officers & 75 drago[ons] in Coll[onel] melves Regi[men]t end[ing] 23 June £113 - 8s - -d,"Baines, Jeremy",Major,dragoons,,"Melve, George, Colonel",,,
154,V2896,Vernon,70v,1643-07-13,174 p[ai]d sergeant major Baines for 16 dayes pay end[ing] 9 Julie for [th]e officers & 90 dragoon[er]s £139 - 9s - 6d,"Baines, Jeremy",Major,dragoons,,,,,
155,V2476,Vernon,62r,1643-04-28,"168 p[ai]d unto Edward wollaston, Henry Crossly Richard Hind, Jo[hn] Baldwin, John Symond[es] Thomas Adams, Georg Ewer, George whitledge, Samuel Flesher, Thomas kelsey Thomas Chetwood, John shelby George white gent[lemen] apointed paymasters of the severall Regiment[es] of Foot in the parlim[entes] service the some of 5 pownd[es], to be given 12s to every soldier of the said Regi[men]t[es] by way of reward £5000 - 0s - 0d","Baldwin, John (paymaster)",Paymaster,foot,,,,,
156,V0195,Vernon,10r,1642-08-16,42 p[ai]d John Baldwin provost marshall genn[era]ll of the horse for mountinge him self and his men w[i]th other thing[es] to him belongine £224 - 0s - 0d,"Baldwin, John (provost marshall)",Provost Marshall General,horse,,,,,
157,V0392,Vernon,15v,1642-08-29,42 p[ai]d John Baldwine provost marshall Gen[era]ll of the horse for on months pay for him self & his officers the month to beginn the 25 Aug[us]t present £49 - 0s - 0d,"Baldwin, John (provost marshall)",Provost Marshall General,horse,,,,,
158,V0393,Vernon,15v,1642-08-29,42 more p[ai]d him for the entertainm[en]t of himself and his horses from the 30 Julie to the 25 of Aug[us]t £19 - 10s - 0d,"Baldwin, John (provost marshall)",Provost Marshall General,horse,,,,,
159,V0744,Vernon,25r,1642-09-27,42 p[ai]d John Baldwin provost marshall g[enera]ll of the horse for intertainm[en]t of his self & menn to the 30 [Septem]bre 15l.15s. more for 1/2 a mo[nths] pay from the 1 [Octo]bre 24:10 £40 - 5s - 0d,"Baldwin, John (provost marshall)",Provost Marshall General,horse,,,,,
160,V0954,Vernon,30r,1642-10-13,42 p[ai]d John Baldwin provost marshall g[enera]ll of the horse 1/2 mo[nths] pay for himself leifften[an]t & [?8?] menn to beginn the 15 [Octo]bre £24 - 10s - -d,"Baldwin, John (provost marshall)",Provost Marshall General,horse,,,,,
161,V1149,Vernon,34r,1642-11-02,42 p[ai]d m[aste]r John Boldwine provost marshall g[enera]ll of the horse for his pay pay and his officers to [th]e 29 [Octo]bre £49 - 0s - 0d,"Baldwin, John (provost marshall)",Provost Marshall General,horse,,,,,
162,V1485,Vernon,41r,1642-12-03,42 p[ai]d John Baldwine provost marshall g[enera]ll of the horse for [^1/2 mo[nths]^] pay of himself leifft[enant] & 8 menn at 35 p[er] diem begining 25 [Novem]bre £24 - 10s - -d,"Baldwin, John (provost marshall)",Provost Marshall General,horse,,,,,
163,V2403,Vernon,60v,1643-04-13,42 p[ai]d John Baldwin provost marshall g[e]n[era]ll of [th]e horse for 2 mo[nths] pay for himself leifft[enant] & 8 menn beg[inning] 10 [Decem]bre £98 - -s - -d,"Baldwin, John (provost marshall)",Provost Marshall General,horse,,,,,
164,V3756,Vernon,84r,1644-02-05,42 p[ai]d [th]e marshall g[e]n[era]ll for himself & his menn £34 - 8s - 4d,"Baldwin, John (provost marshall)",Provost Marshall General,horse,,,,,
165,V3953,Vernon,85v,1644-03-23,p[ai]d [th]e provost marshall g[e]n[era]ll £13 - 9s - 6d,"Baldwin, John (provost marshall)",Provost Marshall General,,,,,,
166,F0204,Fenton,100r,1643-08-02,p[ai]d M[aste]r Baldwin for his Excell[en]cie £280 - 0s - 0d,"Baldwin, John (secretary)",,,,,,,
167,F0241,Fenton,100v,1643-08-12,p[ai]d m[aste]r Baldwin to bee sent to [th]e prison[e]rs at oxford £39 - 12s - 11d,"Baldwin, John (secretary)",,,,,,,
168,F0292,Fenton,101v,1643-09-07,p[ai]d John Baldwin secr[etary] to his Ex[ce]l[lenc]ye £23 - 16s - 6d,"Baldwin, John (secretary)",Secretary,,,,,,
169,V3352,Vernon,78v,1643-10-16,42 p[ai]d John Baldwine for 14 days pay for his Ex[cellency] £140 - -s - -d,"Baldwin, John (secretary)",,,,,,,
170,V3354,Vernon,78v,1643-10-16,42 p[ai]d Jo[hn] Baldwine for 14 days pay as secret[ary] £7 - -s - -d,"Baldwin, John (secretary)",Secretary,,,,,,
171,V3479,Vernon,80r,1643-11-19,42 p[ai]d Jo[hn] Baldwine for 14 days pay for his Exc[ellency] £140 - 0s - 0d,"Baldwin, John (secretary)",,,,,,,
172,V3487,Vernon,80v,1643-11-20,59 I have [th]e warr[an]t p[ai]d the ladye Crosbye part of her husband[es] Arrears: this was p[ai]d by m[aste]r Baldwins note for w[hi]ch he is to procure a warr[an]t [^I have it^] £40 - -s - -d,"Baldwin, John (secretary)",,,,,,,
173,V3612,Vernon,82r,1643-12-09,42 p[ai]d Secretarye Baldwine for 14 days pay as secretarie uppon accompt £7 - 0s - 0d,"Baldwin, John (secretary)",Secretary,,,,,,
174,V3641,Vernon,82v,1643-12-12,42 p[ai]d secretary Baldwine for intelligence & other charges laid out by his Exc[ellencys] com[m]and £61 - 11s - -d,"Baldwin, John (secretary)",Secretary,,,,,,
175,V3715,Vernon,83v,1644-01-06,42 p[ai]d Secretarie Baldwine for severall disbursement[es] specified in the warrent £27 - 10s - -d,"Baldwin, John (secretary)",Secretary,,,,,,
176,V3770,Vernon,84r,1644-02-13,42 p[ai]d secretary Baldwin for sev[era]ll disboursment[es] £78 - 13s - 10d,"Baldwin, John (secretary)",Secretary,,,,,,
177,V3771,Vernon,84r,1644-02-13,42 more for 14 daies pay for him self £7 - 0s - 0d,"Baldwin, John (secretary)",Secretary,,,,,,
178,V1079,Vernon,32v,1642-10-27,33 p[ai]d sergeant major w[illia]m Balfour [th]e like £174 - 13s - -d,"Balfour, William, Major",Major,horse,,,,,
179,V1214,Vernon,35v,1642-11-10,33 p[ai]d Captaine w[illia]m Balfour the like £174 - 13s - -d,"Balfour, William, Major",Captain,horse,,,,,
180,V1412,Vernon,39v,1642-11-28,33 p[ai]d sergeant major w[illia]m Balfour toward[es] the payment of the officers and sold[ier]s of his troope uppon acc[oun]tt £350 - -s - -d,"Balfour, William, Major",Major,horse,,,,,
181,V1620,Vernon,43v,1642-12-10,33 p[ai]d major w[illia]m Balfour for 1/2 a mo[nths] pay for his troope £174 - 13s - 0d,"Balfour, William, Major",Major,horse,,,,,
182,V1844,Vernon,48v,1643-01-06,156 p[ai]d major w[illia]m Balfour uppon acc[oun]tt the like £349 - 6s - -d,"Balfour, William, Major",Major,horse,,,,,
183,V1944,Vernon,50v,1643-01-26,156 p[ai]d Major w[illia]m Balfour the like £349 - 6s - -d,"Balfour, William, Major",Major,horse,,,,,
184,V2141,Vernon,55r,1643-03-02,156 p[ai]d major Balfour for a whole mo[nths] pay for his troop uppon accompt £349 - 6s - -d,"Balfour, William, Major",Major,horse,,,,,
185,V2202,Vernon,56r,1643-03-07,156 p[ai]d John Brak[es] late a trooper in major Belfours troope who by reason of manie wound[es] Rec[eive]d at the battle of Keinton hath rec[eive]d noe pay from [th]e 23 [Octo]bre to [th]e 7 march being due to him 16.17.6. p[ai]d in part £10 - 0s - 0d,"Balfour, William, Major",Captain,horse,,,,,
186,V2310,Vernon,58v,1643-04-12,156 p[ai]d major Belfour the like £174 - 13s - -d,"Balfour, William, Major",Major,horse,,,,,
187,V2549,Vernon,63r,1643-05-08,156 del[ivered] [th]e war[rant] in this day to m[aste]r Broad p[ai]d major Balfour for his under officers & 59 troop[er]s £58 - 12s - 6d,"Balfour, William, Major",Major,horse,,,,,
188,V2574,Vernon,63v,1643-05-24,156 p[ai]d major Balfour the like for his officers & 56 troop[er]s ending 8 June £335 - 6s - -d,"Balfour, William, Major",Major,horse,,,,,
189,V2779,Vernon,68r,1643-06-21,156 p[ai]d major Balfour for 14 dayes pay for his officers & 56 troop[er]s to [th]e 22 present £167 - 13s - -d,"Balfour, William, Major",Major,horse,,,,,
190,V2933,Vernon,71v,1643-07-13,15 p[ai]d major Belfour for 14 dayes pay for the officers & 56 troop[er]s endinge [th]e 16 Julie £167 - 13s - 0d,"Balfour, William, Major",Major,horse,,,,,
191,V2998,Vernon,72v,1643-08-16,156 p[ai]d Major Balfour for 7 dayes for his troop £88 - 4s - -d,"Balfour, William, Major",Major,horse,,,,,
192,V3150,Vernon,75v,1643-08-25,156 p[ai]d major Balfour for 14 daies for his troop £171 - 3s - -d,"Balfour, William, Major",Major,horse,,,,,
193,V3363,Vernon,79r,1643-10-16,156 p[ai]d major Balfour for 14 days pay for his troop £158 - 4s - 0d,"Balfour, William, Major",Major,horse,,,,,
194,V3515,Vernon,80v,1643-12-01,156 p[ai]d major Balfours troop the like £123 - 11s - 0d,"Balfour, William, Major",Major,horse,,,,,
195,V3820,Vernon,84v,1644-02-13,156 p[ai]d major Balfour the like £143 - 10s - -d,"Balfour, William, Major",Major,horse,,,,,
196,V0140,Vernon,8v,1642-08-13,33 p[ai]d S[i]r w[illia]m Balfour Leifftenn[an]t g[enera]ll of the horse uppon accompt £120 - 0s - 0d,"Balfour, William, Sir",Lt-General,horse,,,,,
197,V0267,Vernon,12r,1642-08-20,33 p[ai]d S[i]r w[illia]m Balfour Leifftenn[an]t g[enera]ll of the horse by way of advance uppon accompt £800 - 0s - 0d,"Balfour, William, Sir",Lt-General,horse,,,,,
198,V0331,Vernon,14r,1642-08-25,33 p[ai]d S[i]r w[illia]m Balfour capt[ain] of a troope of Cuirassiers for scarff[es] £40 - 0s - 0d,"Balfour, William, Sir",Captain,horse,cuirassiers,,,,
199,V0332,Vernon,14r,1642-08-25,more for scarff[es] for a troop of harqueb[usiers] £30 - 0s - 0d,"Balfour, William, Sir",Captain,horse,,,,,
200,V0485,Vernon,18r,1642-09-02,33 p[ai]d S[i]r w[illia]m Balfour Captain of a troope of 80 harqueb[usiers] for his advance monie for him self and officers £280 - 0s - 0d,"Balfour, William, Sir",Captain,horse,,,,,
201,V0628,Vernon,22r,1642-09-07,33 p[ai]d S[i]r w[illia]m Balfour Captaine of a troope of Cuirassiers of 80 for on mo[nths] entertainm[en]t of the said troop to begine from the 19 August £550 - 4s - 0d,"Balfour, William, Sir",Captain,horse,cuirassiers,,,,
202,V0821,Vernon,27r,1642-10-03,33 p[ai]d S[i]r w[illia]m Balfour captaine of a troope of 80 cuirassiers a mo[nths] entertainm[en]t of the officers & troope from the 26 Sept[embe]r £624 - 4s - 0d,"Balfour, William, Sir",Captain,horse,cuirassiers,,,,
203,V0898,Vernon,28v,1642-10-10,33 p[ai]d S[i]r will[ia]m Balfour for 2 mo[nths] pay and entertainm[en]t as Collonel of a reg[imen]t of horse ended 26 [Septem]bre at 30s p[er] diem £84 - 0s - 0d,"Balfour, William, Sir",Colonel,horse,,,,,
204,V0899,Vernon,28v,1642-10-10,more as leifftenn[an]t g[enera]ll of the horse for 2 mo[nths] 7 days at 40s p[er] diem ended last [Septem]bre £126 - 0s - 0d,"Balfour, William, Sir",Lt-General,horse,,,,,
205,V0900,Vernon,28v,1642-10-10,more [^as Capt[ain] of^] 80 cuirassiers for an arreer due to himself and officers to the 17 aug[us]t £105 - 8s - 0d,"Balfour, William, Sir",Captain,horse,cuirassiers,,,,
206,V1038,Vernon,32r,1642-10-19,17 p[ai]d James Swright surgeon of S[i]r w[illia]m Balfours reg[imen]t as by [th]e war[rant] £21 - 0s - 0d,"Balfour, William, Sir",Colonel,horse,,,,,
207,V1218,Vernon,35v,1642-11-10,33 p[ai]d S[i]r w[illia]m Balfour for on mo[nths] pay of his troope of Cuirassiers ending 3 present £392 - -s - -d,"Balfour, William, Sir",Captain,horse,cuirassiers,,,,
208,V2827,Vernon,69r,1642-11-11,33 p[ai]d S[i]r w[illia]m Balfour for [th]e guift monye of his Regiment mustred in Chelsey feild order to the order then given 11 [Novem]bre 1642 £100 - 0s - 0d,"Balfour, William, Sir",Colonel,horse,,,,,
209,V1443,Vernon,40r,1642-11-23,More for his pay as he was sergeant major to S[i]r w[illia]m Balfours reg[imen]t uppon acc[oun]tt £50 - -s - -d,"Balfour, William, Sir",Colonel,horse,,,,,
210,V1449,Vernon,40r,1642-11-23,33 p[ai]d C[aptain] Gilbert Carr Captaine leifft[enant] to S[i]r w[illia]m Balfours troop of Cuirassiers for a whole mo[nths] pay advance at 24s p[er] die[m] £47 - 12s - -d,"Balfour, William, Sir",Colonel,horse,cuirassiers,,,,
211,V1549,Vernon,42r,1642-12-05,17 p[ai]d James Swright Surgeon to S[i]r w[illia]m Balfours Reg[imen]t for his mo[nths] entertainm[en]t & Bidet[es] from the 28 [Octo]bre £16 - 16s - 0d,"Balfour, William, Sir",Colonel,horse,,,,,
212,V1602,Vernon,43v,1642-12-08,33 p[ai]d S[i]r w[illia]m Balfour for remainder due to him of the last mo[nths] pay 175.12. as also for a whole months pay for his troop of Cuirassi[er]s uppon acc[oun]tt 565.12. £741 - 4s - -d,"Balfour, William, Sir",Captain,horse,cuirassiers,,,,
213,V1609,Vernon,43v,1642-12-09,17 p[ai]d m[aste]r william morton Chaplaine to S[i]r w[illia]m Balfour for provision of necessaries £20 - -s - -d,"Balfour, William, Sir",Colonel,horse,,,,,
214,V1610,Vernon,43v,1642-12-09,17 more for pay of himself and servant for 2 whole monthes & 25 days £30 - 15s - -d,"Balfour, William, Sir",Colonel,horse,,,,,
215,V1742,Vernon,46r,1642-12-22,152 p[ai]d major John Meldrom Major to S[i]r w[illia]m Balfours reg[imen]t of horse for his pay & 25 menn of his troop to [th]e 8 present £121 - 16s - 0d,"Balfour, William, Sir",Colonel,horse,,,,,
216,V1804,Vernon,47v,1642-12-27,33 p[ai]d S[i]r w[illia]m Balfour for 3 week[es] pay for his troop of 80 cuirassiers uppon acc[oun]tt £424 - 4s - -d,"Balfour, William, Sir",Captain,horse,cuirassiers,,,,
217,V1999,Vernon,51v,1643-01-24,17 p[ai]d James Swright surgeon to S[i]r w[illia]m Balfours Regi[men]t for 2 mo[nths] pay for himself 2 mates & 3 Bidet[es] to the 21 present £33 - 10s - -d,"Balfour, William, Sir",Colonel,horse,,,,,
218,V1945,Vernon,50v,1643-01-26,33 p[ai]d S[i]r w[illia]m Balfour the like for his troope of cuirassiers £565 - 12s - -d,"Balfour, William, Sir",Captain,horse,cuirassiers,,,,
219,V2149,Vernon,55r,1643-03-03,33 p[ai]d S[i]r w[illia]m Balfour in part of a warr[an]tt of 565.12.0 for a mo[nths] pay for his troope £400 - -s - -d,"Balfour, William, Sir",Captain,horse,,,,,
220,V2150,Vernon,55r,1643-03-03,17 p[ai]d m[aste]r w[illia]m Morton Chaplaine to S[i]r w[illia]m Balfour reg[imen]t for his and his servant[es] pay to the 25 Janu[ary] £24 - 5s - 4d,"Balfour, William, Sir",Colonel,horse,,,,,
221,V2224,Vernon,56v,1643-03-09,33 p[ai]d S[i]r w[illia]m Balfour in full of a war[rant] of the 28 Febr[uary] £165 - 12s - -d,"Balfour, William, Sir",,,,,,,
222,V2243,Vernon,57r,1643-03-09,33 p[ai]d Gilbert Carr Capt[ain] leifftenn[ant] to S[i]r w[illia]m Balfours troop in part of a war[rant] dated [th]e 2 Febr[uary] of 69.14 £50 - -s - -d,"Balfour, William, Sir",Colonel,horse,,,,,
223,V2362,Vernon,59v,1643-04-12,33 p[ai]d S[i]r w[illia]m Balfour for 1/2 a mo[nths] pay for his troope uppon acc[oun]tt £282 - 16s - -d,"Balfour, William, Sir",Captain,horse,,,,,
224,V2409,Vernon,60v,1643-04-13,17 p[ai]d James wright surgeon to S[i]r w[illia]m Balfours Regi[men]t for a month pay for him self and mates beg[inning] [th]e 21 Janu[ary] £16 - 16s - 0d,"Balfour, William, Sir",Colonel,horse,,,,,
225,V2496,Vernon,62r,1643-04-29,33 p[ai]d S[i]r w[illia]m Balfour [th]e like & 77 Cuir[assiers] & 12 men foot £136 - 7s - 6d,"Balfour, William, Sir",Captain,horse,cuirassiers,,,,
226,V2623,Vernon,64v,1643-05-25,33 p[ai]d S[i]r w[illia]m Balfour for a whole mo[nths] pay for [th]e officers & 82 cuirassiers of his troope end[ing] 11 June £571 - 18s - 0d,"Balfour, William, Sir",Captain,horse,cuirassiers,,,,
227,V2695,Vernon,66r,1643-05-25,33 p[ai]d S[i]r w[illia]m Balfour by [th]e same order in london 25 maye for his severall payes £294 - -s - -d,"Balfour, William, Sir",,,,,,,
228,V2727,Vernon,67r,1643-06-20,33 p[ai]d S[i]r w[illia]m Balfour for 14 daies for his officers & 82 troop[er]s end[ing] 25 pres[en]t £276 - 10s - 0d,"Balfour, William, Sir",Captain,horse,,,,,
229,V2742,Vernon,67r,1643-06-21,17 p[ai]d James swright surgeon to w[illia]m Balfour for pay of himself mates & bidet[es] according to the warr[an]t £42 - -s - -d,"Balfour, William, Sir",Colonel,horse,,,,,
230,V2934,Vernon,71v,1643-07-13,33 p[ai]d S[i]r w[illia]m Balfour the like for offic[er]s & 82 troop[er]s  end[ing] 9 Julye £276 - 10s - -d,"Balfour, William, Sir",Captain,horse,,,,,
231,V2991,Vernon,72v,1643-08-16,33 p[ai]d S[i]r w[illia]m Balfour for 7 dayes pay for his [^troop^] £134 - 1s - -d,"Balfour, William, Sir",Captain,horse,,,,,
232,V3082,Vernon,74r,1643-08-18,17 p[ai]d Jam[es] swright surgeon to S[i]r w[illia]m Balfours Regi[men]t of horse for 3 week[es] pay £12 - 12s - 0d,"Balfour, William, Sir",Colonel,horse,,,,,
233,V3145,Vernon,75r,1643-08-24,33 p[ai]d S[i]r Will[ia]m Belfour the like for his troop of harg[ebusiers] £268 - 2s - -d,"Balfour, William, Sir",Captain,horse,,,,,
234,V3186,Vernon,76r,1643-08-25,17 p[ai]d Ja[mes] swright surgeon to S[i]r w[illia]m Balfours Regi[men]t for his pay to the 14 Julie £16 - 16s - 0d,"Balfour, William, Sir",Colonel,horse,,,,,
235,V3231,Vernon,76v,1643-08-26,17 p[ai]d Joseph Reev provost marshall of S[i]r w[illia]m Balfours Regi[men]t of horse for pay for himself & menn £10 - 10s - -d,"Balfour, William, Sir",Colonel,horse,,,,,
236,V3292,Vernon,78r,1643-10-14,33 p[ai]d S[i]r w[illia]m Balfor [th]e like for his troope £231 - 7s - -d,"Balfour, William, Sir",Captain,horse,,,,,
237,V3508,Vernon,80v,1643-12-01,33 p[ai]d S[i]r w[illia]m Balfours troop the like £244 - 6s - 0d,"Balfour, William, Sir",Captain,horse,,,,,
238,V3800,Vernon,84v,1644-02-13,33 p[ai]d S[i]r w[illia]m Balfour the like £259 - 14s - -d,"Balfour, William, Sir",Captain,horse,,,,,
239,V0011,Vernon,5r,1642-08-06,6 p[ai]d Captaine Peeter Merford of the regiment of Collonell Ballard for a months advance of his intertainment £21 - -s - -d,"Ballard, Thomas",Colonel,foot,,,,,
240,V0133,Vernon,8v,1642-08-13,30 p[ai]d Collonell Ballard for on monthes entertainment of his regiment as above £1244 - 16s - 0d,"Ballard, Thomas",Colonel,foot,,,,,
241,V0426,Vernon,16v,1642-08-30,67 Sent to to be imployed for the use of the army quarteringe in and about Coventry this monie is to be d[elivere]d to sergant major Ballard S[i]r Henry cholmlie & S[i]r Edward Peto £8000 - 0s - 0d,"Ballard, Thomas",Major of Brigade,foot,,,,,
242,V0500,Vernon,18v,1642-09-03,30 p[ai]d Coll[onel] Thomas Ballard for on mo[nths] entertainm[en]t of the officers of his reg[imen]t to beginn from the 27 aug[us]t last £542 - 16s - 0d,"Ballard, Thomas",Colonel,foot,,,,,
243,V0501,Vernon,18v,1642-09-03,more for an allowance of 11 wagons for his reg[imen]t at 40 a wagon £440 - 0s - 0d,"Ballard, Thomas",Colonel,foot,,,,,
244,V2058,Vernon,53r,1642-09-05,30 p[ai]d Coll[onel] Ballard the like £197 - -s - -d,"Ballard, Thomas",Colonel,,,,,,
245,V0853,Vernon,27v,1642-10-05,30 p[ai]d Colonel Thomas Ballard for the entertainm[en]t of himself officers and soldi[er]s from the 24. [Septem]bre to the 15 [Octo]bre exclusive £966 - 7s - 0d,"Ballard, Thomas",Colonel,foot,,,,,
246,V0991,Vernon,31r,1642-10-17,30 p[ai]d Collonel Ballard for pay of his regim[en]t of 726 sould[ier]s to [th]e 28 [Octo]bre £636 - 6s - -d,"Ballard, Thomas",Colonel,foot,,,,,
247,V1102,Vernon,33r,1642-10-28,30 p[ai]d Collonel Ballard uppon acc[oun]t of his reg[imen]t £250 - 0s - 0d,"Ballard, Thomas",Colonel,foot,,,,,
248,V1194,Vernon,35r,1642-11-09,30 p[ai]d Collonell Ballard for 1/2 a mo[nths] pay for the officers and sold[ier]s of his reg[imen]t uppon acc[oun]t £636 - 13s - 4d,"Ballard, Thomas",Colonel,foot,,,,,
249,V1231,Vernon,36r,1642-11-11,30 p[ai]d Collonel Ballard for 674 sold[ier]s of his regiment presented in Tuttle feild[es] for guift monie at 2s 6d a peece £84 - 5s - 0d,"Ballard, Thomas",Colonel,foot,,,,,
250,V1273,Vernon,36v,1642-11-11,30 p[ai]d Collonel Ballard for his pay at 40s a day from the x [Octo]bre to [th]e 11 novemb[e]r £64 - -s - -d,"Ballard, Thomas",Colonel,foot,,,,,
251,V1427,Vernon,39v,1642-11-30,30 p[ai]d Collonel Ballard toward[es] paym[en]t of the officers and sold[ier]s of his reg[imen]t £500 - -s - -d,"Ballard, Thomas",Colonel,foot,,,,,
252,V1638,Vernon,44r,1642-12-10,30 p[ai]d Collonel Ballard toward[es] paym[en]t of his Reg[imen]t uppon accompt £400 - -s - -d,"Ballard, Thomas",Colonel,foot,,,,,
253,V1688,Vernon,45r,1642-12-19,30 p[ai]d Collonel Ballard for pay of his officers & sold[ie]rs of his Regi[men]t as by the warr[an]t for 1/2 a month pay £498 - 12s - 8d,"Ballard, Thomas",Colonel,foot,,,,,
254,V1778,Vernon,47r,1642-12-26,30 p[ai]d Collonel Ballard for his owne pay as collonell & major of a brigade for on mo[nth] beg[inning] 11 [Novem]bre £70 - -s - -d,"Ballard, Thomas",Colonel,foot,,,,,
255,V1878,Vernon,49r,1643-01-06,30 p[ai]d Collonel Ballard for his severall pays for a mo[nth] beg[inning] 24 [Decem]bre £119 - -s - -d,"Ballard, Thomas",Colonel,foot,,,,,
256,V1927,Vernon,50r,1643-01-14,30 p[ai]d Coll[onel] Ballard for severall payment[es] belonginge to his Regi[men]t as by [th]e warr[anttes] £521 - 6s - 8d,"Ballard, Thomas",Colonel,foot,,,,,
257,V2010,Vernon,52r,1643-01-24,48 p[ai]d the lord willoughby for soe much by him lent to Coll[onel] Ballard for payment of a monthes advance unto Capt[ain] manly Capt[ain] Bower C[aptain] Cracroft & C[aptain] Fowke 4 leifft[enant]s & 3 ensigns being officers of the reg[imen]t of the said Coll[onel] Ballard £119 - 0s - 0d,"Ballard, Thomas",Colonel,foot,,,,,
258,V2045,Vernon,52v,1643-01-24,178 p[ai]d Elizabeth Primrose wiff of Edward Primrose capt[ain] of a foot compa[ny] in the reg[imen]t of Coll[onel] Ballard for 49 days as capt[ain] begining the 19 [Novem]bre at 15s p[er] diem £36 - 15s - 0d,"Ballard, Thomas",Colonel,foot,,,,,
259,V2154,Vernon,55r,1643-03-03,30 p[ai]d Coll[onel] Ballard in part of a warr[an]t of 849.16. for his reg[imen]t £700 - -s - -d,"Ballard, Thomas",Colonel,foot,,,,,
260,V2343,Vernon,59r,1643-04-12,30 p[ai]d Coll[onel] Ballard  the like for his Regi[men]t £443 - 16s - 0d,"Ballard, Thomas",Colonel,foot,,,,,
261,V2449,Vernon,61v,1643-04-22,30 p[ai]d Coll[onel] Ballard[es] Regi[men]t the like £99 - 1s - -d,"Ballard, Thomas",Colonel,foot,,,,,
262,V2613,Vernon,64v,1643-05-25,30 p[ai]d Coll[onel] Ballard the like for [th]e officers & 293 sold[ier]s of his reg[imen]t end[ing] as above £743 - 11s - -d,"Ballard, Thomas",Colonel,foot,,,,,
263,V2614,Vernon,64v,1643-05-25,30 more for a whole mo[nths] pay for himself a Coll[onel] of a brigade and other officers as by [th]e warr[an]t £70 - -s - -d,"Ballard, Thomas",Colonel of Brigade,foot,,,,,
264,V2662,Vernon,65v,1643-05-26,178 p[ai]d C[aptain] Edward Primrose capt[ain] of a foot compa[ny] in Coll[onel] Ballard[es] reg[imen]t for a mo[nths] pay for himself officers & 27 sold[ier]s end[ing] 1 June £61 - 12s - -d,"Ballard, Thomas",Colonel,foot,,,,,
265,V2725,Vernon,67r,1643-06-20,30 p[ai]d Coll[onel] Ballard for 14 dayes for [th]e officers & 320 sold[ier]s of his reg[imen]t end[ing] 15 present £402 - 3s - 0d,"Ballard, Thomas",Colonel,foot,,,,,
266,V2904,Vernon,70v,1643-07-13,30 p[ai]d Coll[onel] Ballard for 14 dayes pay for [th]e officers & 275 sold[ier]s of his Regi[men]t beginning [th]e 16 June £337 - 3s - -d,"Ballard, Thomas",Colonel,foot,,,,,
267,V2911,Vernon,71r,1643-07-13,30 p[ai]d Coll[onel] Ballard in part of monie due to him uppon accompt £100 - 0s - 0d,"Ballard, Thomas",Colonel,foot,,,,,
268,V2949,Vernon,72r,1643-07-13,191 p[ai]d m[istres]s Brummage late wiffe of Capt[ain] Thomas Brumadge deceased Capt[ain] of a compa[ny] of foot in Coll[onel] Ballard[es] Regi[men]t for pay due to him ending 4 maye £16 - 10s - 0d,"Ballard, Thomas",Colonel,foot,,,,,
269,F0191,Fenton,100r,1643-07-31,p[ai]d Coll[onel] Tho[mas] Ballard £65 - 3s - 4d,"Ballard, Thomas",Colonel,,,,,,
270,F0196,Fenton,100r,1643-08-01,p[ai]d L[ieutenan]t Coll[onel] Ballard £48 - 15s - 0d,"Ballard, Thomas",Lt-Colonel,,,,,,
271,V3029,Vernon,73r,1643-08-16,30 p[ai]d Coll[onel] Ballard for 7 dayes pay for his reg[imen]t £193 - 8s - 8d,"Ballard, Thomas",Colonel,foot,,,,,
272,V3112,Vernon,74v,1643-08-22,178 p[ai]d C[aptain] Edward primrose late Captaine of a foot compa[ny] under Coll[onel] Ballard latelie released out of prison uppon accompt £21 - -s - -d,"Ballard, Thomas",Colonel,foot,,,,,
273,V3168,Vernon,75v,1643-08-25,197 p[ai]d serg[ean]t major Browne in [th]e Regi[men]t late under Coll[onel] Ballard & now Coll[onel] martins for 14 dayes pay for that Regi[men]t £334 - 7s - 4d,"Ballard, Thomas",Colonel,foot,,,,,
274,V0779,Vernon,26r,1642-09-30,105 p[ai]d Sergeant major Banfeild for 15 days pay for 110 sold[ier]s of [th]e same reg[imen]t & more for 1/2 a mo[nths] pay to beginn 1 [Octo]bre £106 - 6s - 8d,"Bampfield, John",Major,foot,,"Essex, Earl of",,,
275,V0872,Vernon,28r,1642-10-07,20 p[ai]d liefftenn[an]t Collonel davies by the hand[es] of sergeant major Bamfeild for 21 daies pay for the officers of my lord g[enera]ll[es] reg[imen]t to end the 14 [Octo]bre £496 - 13s - 0d,"Bampfield, John",Major,foot,,"Essex, Earl of",,,
276,V0906,Vernon,29r,1642-10-11,105 p[ai]d sargeant major Bamfeild beinge for 1 monthes pay of his compa[ny] of 107 soldiers in my lord g[enera]ll[es] regiment to beginn from the 22 august last this monie was p[ai]d in a some of 100 the 16 [Septem]bre £99 - 18s - -d,"Bampfield, John",Major,foot,,"Essex, Earl of",,,
277,V1016,Vernon,31v,1642-10-18,105 p[ai]d Serjant Major Bamfield for 14 days pay for 958 sold[ier]s of my lord Gennerall[es] reg[imen]t to end the 28 [Octo]bre £447 - 1s - 4d,"Bampfield, John",Major,foot,,"Essex, Earl of",,,
278,V1017,Vernon,31v,1642-10-18,105 more for 1/2 a mo[nths] pay for the officers of 10 compa[nies] of [tha]t reg[imen]t to end as above £270 - 18s - -d,"Bampfield, John",Major,foot,,"Essex, Earl of",,,
279,V1109,Vernon,33v,1642-10-28,105 p[ai]d sargeant major Bamfeild toward[es] the pay and entertainm[en]t of the officers and sold[ier]s of the g[enera]ll[es] own reg[imen]t by accompt £500 - 0s - 0d,"Bampfield, John",Major,foot,,"Essex, Earl of",,,
280,V1118,Vernon,33v,1642-10-28,105 p[ai]d sargeant major Bamfeild toward[es] the payment of my lord g[enera]l[es] reg[imen]t uppon accompt £150 - 0s - 0d,"Bampfield, John",Major,foot,,"Essex, Earl of",,,
281,V1192,Vernon,35r,1642-11-09,105 Sergeant major Banfeild toward[es] paym[en]t of the officers and sold[ier]s of my lord G[enera]ll[es] regiment uppon acc[oun]tt £500 - -s - -d,"Bampfield, John",Major,foot,,"Essex, Earl of",,,
282,V1232,Vernon,36r,1642-11-11,105 p[ai]d Sergeant major Bamfield for 700 men of my Lord G[enera]ll[es] regiment £87 - 10s - 0d,"Bampfield, John",Major,foot,,"Essex, Earl of",,,
283,V1403,Vernon,39r,1642-11-24,105 p[ai]d Sergent major Bamfield toward[es] pay of my lord g[enera]ll[es] reg[imen]t of foot uppon acc[oun]tt £500 - 0s - 0d,"Bampfield, John",Major,foot,,"Essex, Earl of",,,
284,V1656,Vernon,44v,1642-12-10,105 p[ai]d sergeant major Bamfeild toward[es] pay of my lord G[enera]ll[es] Regi[men]t uppon acc[oun]tt £500 - 0s - 0d,"Bampfield, John",Major,foot,,"Essex, Earl of",,,
285,V1921,Vernon,50r,1643-01-13,105 p[ai]d Sargeant major Bamfield toward[es] payment of the officers & soldiers of my lord[es] owne Regi[men]t £500 - 0s - 0d,"Bampfield, John",Major,foot,,"Essex, Earl of",,,
286,V2065,Vernon,53r,1643-02-04,105 p[ai]d sergeant major Bamfeild toward[es] pay of the ould companies of my lord gene[ra]ll[es] regiment £200 - 0s - 0d,"Bampfield, John",Major,foot,,"Essex, Earl of",,,
287,V2075,Vernon,53v,1643-02-22,105 p[ai]d Sergeant major Bamfeild uppon acc[oun]tt of my lord G[e]n[era]ll[es] reg[imen]t £500 - 0s - 0d,"Bampfield, John",Major,foot,,"Essex, Earl of",,,
288,V2143,Vernon,55r,1643-03-02,108 p[ai]d major Bamfeild for on mo[nths] pay of the officers and sold[ier]s of my lord g[e]n[era]ll[es] Regi[men]t uppon accompt £1892 - -s - -d,"Bampfield, John",Major,foot,,"Essex, Earl of",,,
289,V2345,Vernon,59r,1643-04-12,105 p[ai]d major Bamfeild the like for my lord g[e]n[era]ll[es] Regi[men]t £946 - -s - -d,"Bampfield, John",Major,foot,,"Essex, Earl of",,,
290,V2636,Vernon,65r,1643-05-25,105 p[ai]d sergeant major Bamfeild in part of a warrent of 1620.5.4 of [th]e 25 pres[en]t for a mo[nths] pay for my lord g[e]n[era]ll[es] reg[imen]t £1000 - 0s - 0d,"Bampfield, John",Major,foot,,"Essex, Earl of",,,
291,V2652,Vernon,65r,1643-05-26,105 p[ai]d major Bamfeild more uppon [th]e warr[an]t of 1620.5.4 above £420 - 5s - 4d,"Bampfield, John",Major,foot,,,,,
292,V2692,Vernon,66r,1643-05-27,105 p[ai]d major Bamfeild in full of his warr[an]t of [th]e 25 present £200 - 0s - 0d,"Bampfield, John",Major,foot,,,,,
293,F0031,Fenton,97r,1643-06-03,p[ai]d Major John Bampfield £15 - 0s - 0d,"Bampfield, John",Major,,,,,,
294,F0060,Fenton,97v,1643-06-12,p[ai]d Major John Bampfield £20 - 0s - 0d,"Bampfield, John",Major,,,,,,
295,F0065,Fenton,97v,1643-06-12,p[ai]d Major John Bampfield £10 - 0s - 0d,"Bampfield, John",Major,,,,,,
296,V2788,Vernon,68r,1643-06-21,105 p[ai]d leifft[enant] Coll[onel] Bamfeild for [th]e officers & 950 sold[ier]s of my lord[es] Regi[men]t 14 daies ending 15 present £810 - 2s - 8d,"Bampfield, John",Lt-Colonel,foot,,"Essex, Earl of",,,
297,F0294,Fenton,101v,1643-09-09,p[ai]d Coll[onel] John Bampfield £52 - 0s - 0d,"Bampfield, John",Colonel,,,,,,
298,F0308,Fenton,102r,1643-09-11,p[ai]d Major John Bottoler for Coll[onel] John Bampfield £223 - 12s - 0d,"Bampfield, John",Colonel,,,,,,
299,F0115,Fenton,98v,1643-07-??,p[ai]d L[ieutenan]t Coll[onel] Bampfield £30 - 12s - 8d,"Bampfield, John",Lt-Colonel,foot,,,,,
300,V0134,Vernon,8v,1642-08-13,31 p[ai]d Collonell Bamfeild for on monthes entertainm[en]t for his regiment as above £1244 - 16s - 0d,"Bampfield, William",Colonel,foot,,,,,
301,V0475,Vernon,18r,1642-09-02,31 p[ai]d Collonell w[illia]m Bamfeild for 1 month pay and entertainm[en]t for the officers of his reg[imen]t from 27 aug[us]t last £542 - 16s - 0d,"Bampfield, William",Colonel,foot,,,,,
302,V0529,Vernon,19v,1642-09-05,31 p[ai]d Collonell w[illia]m Bamfeild for 11 wagon[es] £440 - 0s - 0d,"Bampfield, William",Colonel,foot,,,,,
303,F0308,Fenton,102r,1643-09-11,p[ai]d Major John Bottoler for Coll[onel] John Bampfield £223 - 12s - 0d,"Bampfield, William",Colonel,,,,,,
304,V2485,Vernon,62r,1643-04-29,142 p[ai]d Coll[onel] Alexand[e]r Barkly reformado for 2 whole mo[nths] pay as Coll[onel] £84 - 0s - 0d,"Barclay, Alexander",Colonel,,,,,reformado,
305,V2961,Vernon,72r,1643-07-13,142 p[ai]d Coll[onel] Alexander Barkley reformado for 14 dayes pay as Coll[onel] uppon accompt £21 - 0s - 0d,"Barclay, Alexander",Colonel,,,,,reformado,
306,V3104,Vernon,74v,1643-08-21,170 p[ai]d Alexander Barklye coll[onel] reform[ado] for 7 dayes pay uppon accompt £10 - 10s - 0d,"Barclay, Alexander",Colonel,,,,,reformado,
307,V3171,Vernon,75v,1643-08-25,142 p[ai]d Coll[onel] Alex Barkley for 14 daies pay as Coll[onel] reformado £21 - 0s - 0d,"Barclay, Alexander",Colonel,,,,,reformado,
308,V3370,Vernon,79r,1643-10-16,142 p[ai]d Coll[onel] Alexander Barkley Reformado £21 - 0s - 0d,"Barclay, Alexander",Colonel,,,,,reformado,
309,V2167,Vernon,55v,1643-03-04,142 p[ai]d david Barkley for a whole months pay to be advanced as Collonell £42 - -s - -d,"Barclay, David",Colonel,,,,,,
310,V1577,Vernon,43r,1642-12-05,142 p[ai]d Coll[onel] Berkley toward[es] pay and entertainment of [th]e officers and sold[ier]s of his Reg[imen]t £300 - 0s - 0d,"Barclay, Henry",Colonel,foot,,,,,
311,V1763,Vernon,46v,1642-12-26,142 1382 p[ai]d Collonel Barkley in full of his war[rant] three hundreth pownd[es] therof being p[ai]d [th]e 5 present £1082 - 14s - 2d,"Barclay, Henry",Colonel,foot,,,,,
312,V1876,Vernon,49r,1643-01-06,142 p[ai]d Collonel Barkley the like for his Regiment £400 - 0s - 0d,"Barclay, Henry",Colonel,foot,,,,,
313,V1951,Vernon,50v,1643-01-26,142 p[ai]d Coll[onel] Henry Barklye for entertainm[en]t of the officers of his reg[imen]t by way of advance £541 - 16s - 0d,"Barclay, Henry",Colonel,foot,,,,,
314,V1952,Vernon,50v,1643-01-26,142 more p[ai]d him toward[es] the pay of the off[icer]s & soldiers of his reg[imen]t uppon accompt £300 - 0s - 0d,"Barclay, Henry",Colonel,foot,,,,,
315,V2123,Vernon,54v,1643-03-02,142 p[ai]d Collonel Barklye for a whole mo[nths] pay for himself officers & 901 soldiers of his reg[imen]t endinge [th]e 31 Janu[ary] £1382 - 14s - 8d,"Barclay, Henry",Colonel,foot,,,,,
316,V2295,Vernon,58r,1643-04-10,142 p[ai]d Coll[onel] Barkley for 1/2 a mo[nths] pay for his reg[imen]t uppon acc[oun]tt £691 - 7s - 4d,"Barclay, Henry",Colonel,foot,,,,,
317,V2437,Vernon,61r,1643-04-21,142 p[ai]d Coll[onel] Barkly for a reward for some of his sold[ier]s for speciall service donn at Redding £20 - -s - -d,"Barclay, Henry",Colonel,foot,,,,,
318,V2447,Vernon,61v,1643-04-22,142 p[ai]d Coll[onel] Barklys Regi[men]t [th]e like £215 - 14s - -d,"Barclay, Henry",Colonel,foot,,,,,
319,V2514,Vernon,62v,1643-04-29,142 p[ai]d Coll[onel] Henry Barclay for his pay as Coll[onel] and Capt[ain] for on whole mo[nth] £63 - 0s - 0d,"Barclay, Henry",Colonel,foot,,,,,
320,V2603,Vernon,64r,1643-05-25,142 p[ai]d Coll[onel] Barklye for a mo[nths] pay for [th]e officers & 645 soldiers of his reg[imen]t end[ing] 1 June £1141 - 14s - -d,"Barclay, Henry",Colonel,foot,,,,,
321,V2672,Vernon,65v,1643-05-26,27 p[ai]d Nicholas Heath surgeon to Coll[onel] Barklys reg[imen]t for providing his chest £15 - 0s - 0d,"Barclay, Henry",Colonel,foot,,,,,
322,F0030,Fenton,97r,1643-06-03,paid Coll[onel] Barclay £42 - 0s - 0d,"Barclay, Henry",Colonel,foot,,,,,
323,F0071,Fenton,98r,1643-06-17,p[ai]d Coll[onel] Henrie Barkley £60 - 0s - 0d,"Barclay, Henry",Colonel,foot,,,,,
324,V2755,Vernon,67v,1643-06-21,142 p[ai]d Coll[onel] Barkley for 14 dayes pay for [th]e officers & 645 sold[ier]s of his Regi[men]t end[ing] [th]e 15 present £649 - 13s - -d,"Barclay, Henry",Colonel,foot,,,,,
325,V2884,Vernon,70r,1643-07-12,142 p[ai]d Coll[onel] Berkley [th]e like for [th]e office[r]s & 636 sold[ier]s of his Regi[men]t from [th]e 16 June £564 - 4s - -d,"Barclay, Henry",Colonel,foot,,,,,
326,F0177,Fenton,99v,1643-07-30,p[ai]d Coll[onel] Barclay £148 - 8s - 0d,"Barclay, Henry",Colonel,,,,,,
327,V2987,Vernon,72v,1643-08-16,142 p[ai]d Coll[onel] Barkeley for 7 dayes pay for his Regi[men]t £231 - 17s - 4d,"Barclay, Henry",Colonel,foot,,,,,
328,V3103,Vernon,74v,1643-08-21,142 p[ai]d Coll[onel] Henry Barkley for 7 dayes pay for his officers of the feild £18 - 18s - -d,"Barclay, Henry",Colonel,foot,,,,,
329,V3127,Vernon,75r,1643-08-24,142 p[ai]d Coll[onel] Barkley for 14 daies for his Regi[men]t £481 - 5s - 4d,"Barclay, Henry",Colonel,foot,,,,,
330,F0300,Fenton,101v,1643-09-11,p[ai]d Coll[onel] Harrie Barclay £111 - 6s - 0d,"Barclay, Henry",Colonel,,,,,,
331,V3284,Vernon,78r,1643-10-14,142 p[ai]d Collonell Barkley [th]e like for his Regi[men]t £421 - 17s - 4d,"Barclay, Henry",Colonel,foot,,,,,
332,V3415,Vernon,79v,1643-10-23,142 p[ai]d the like for Coll[onel] Barklies Regi[men]t £221 - 13s - 4d,"Barclay, Henry",Colonel,foot,,,,,
333,V3466,Vernon,80r,1643-11-17,142 p[ai]d the like for Coll[onel] Barkley Regi[men]t £396 - 13s - 4d,"Barclay, Henry",Colonel,foot,,,,,
334,V3533,Vernon,81r,1643-12-01,142 p[ai]d Coll[onel] Barkley reformado for 14 days £21 - 0s - 0d,"Barclay, Henry",Colonel,,,,,reformado,
335,V3598,Vernon,82r,1643-12-08,142 p[ai]d the like to Coll[onel] Barklies Regi[men]t £39 - 4s - 0d,"Barclay, Henry",Colonel,foot,,,,,
336,V3656,Vernon,83r,1643-12-18,142 p[ai]d [th]e like for under officers & 138 sold[ier]s of Coll[onel] Barklies Regi[men]t £44 - 16s - 0d,"Barclay, Henry",Colonel,foot,,,,,
337,V3673,Vernon,83r,1643-12-22,192 p[ai]d Coll[onel] Barkley for a weak[es] pay for [th]e officers and soldiers of his Regiment £198 - 6s - 8d,"Barclay, Henry",Colonel,foot,,,,,
338,V3749,Vernon,84r,1644-02-05,142 p[ai]d Coll[onel] Barklies Regi[men]t the like £376 - 14s - 4d,"Barclay, Henry",Colonel,foot,,,,,
339,V3833,Vernon,84v,1644-02-13,142 p[ai]d Coll[onel] Barkley reformado £21 - 0s - 0d,"Barclay, Henry",Colonel,,,,,reformado,
340,V3836,Vernon,84v,1644-02-19,142 p[ai]d Coll[onel] Barkley for sold[ier]s wantinge £10 - 10s - -d,"Barclay, Henry",Colonel,foot,,,,,
341,V3863,Vernon,85r,1644-02-27,142 p[ai]d Coll[onel] Barklies Regi[men]t [th]e like £88 - 5s - 2d,"Barclay, Henry",Colonel,foot,,,,,
342,V3876,Vernon,85r,1644-02-27,218 p[ai]d George Ramsey a capt[ain] in Coll[onel] Barkleys Regi[men]t £10 - 3s - -d,"Barclay, Henry",Colonel,foot,,,,,
343,V3914,Vernon,85v,1644-03-09,142 p[ai]d Coll[onel] Barklies Regi[men]t [th]e like £113 - 4s - 6d,"Barclay, Henry",Colonel,foot,,,,,
344,V3949,Vernon,85v,1644-03-23,142 p[ai]d Coll[onel] Barklies Regi[men]t [th]e like £112 - 17s - 6d,"Barclay, Henry",Colonel,foot,,,,,
345,V2425,Vernon,61r,1643-04-13,"176 p[ai]d more to Capt[ain] James Barkley Cap[tain] James Boswell, leifft[enan]t Jo[hn] Home & liefften[an]t Georg Inglis scot[es] officers as above £200 - 0s - 0d","Barclay, James",Captain,,,,,reformado,
346,V2680,Vernon,66r,1643-05-26,176 p[ai]d Capt[ain] James Berkcley C[aptain] Robert more C[aptain] Jams Boswell Reformado captains of horse Capt[ain] david midleton Cornet of horse & Capt[ain] Robert [?prime?] Cap[tain] of Foat for & toward[es] the pay due unto them uppon accompt £200 - -s - -d,"Barclay, James",Captain,horse,,,,reformado,
347,F0085,Fenton,98r,1643-06-23,p[ai]d Capt[ain] James Barclay £60 - 0s - 0d,"Barclay, James",Captain,,,,,,
348,V2951,Vernon,72r,1643-07-13,176 p[ai]d Capt[ain] James Barkley capt[ain] reformado of horse for 14 dayes pay 27l.6.0,"Barclay, James",Captain,horse,,,,reformado,
349,V3407,Vernon,79v,1643-10-19,207 p[ai]d C[aptain] James Barckley who was dangerouslie wounded at [th]e late skirmish at Chinor £100 - -s - -d,"Barclay, James",Captain,,,,,wounded,
350,V2966,Vernon,72r,1643-07-13,176 p[ai]d John Barkley a reformado Capt[ain] of Foot for 1/2 a mo[nths] pay uppon acc[oun]tt £10 - 10s - 0d,"Barclay, John",Captain,foot,,,,reformado,
351,V1323,Vernon,37v,1642-11-14,176 p[ai]d Michael Barke Edward Pilkinton & 8 other Gunsmiths apointed for his present service £18 - 4s - -d,"Barke, Michael",Gunsmith,,,,,,
352,V1715,Vernon,45v,1642-12-21,176 p[ai]d michael Barke Pilkenton and the rest of the gunsmith for 3 week[es] pay ending [th]e 21 [Decem]bre £27 - 6s - -d,"Barke, Michael",Gunsmith,,,,,,
353,V2170,Vernon,55v,1643-03-06,176 p[ai]d michael Barke Edward Pilkinton & & 5 other m[aste]r gunsmithes for pay for 9 week[es] at 7l p[er] weeke & for 3 servant[es] at 42s a weeke endinge [th]e 22 Feb[ruary] £81 - 18s - -d,"Barke, Michael",Gunsmith,,,,,,
354,F0051,Fenton,97v,1643-06-05,p[ai]d Michaell Barke and Edward Pilkinton £27 - 6s - 0d,"Barke, Michael",,,,,,,
355,F0148,Fenton,99r,1643-07-18,p[ai]d Mich[ael] Barke & Edw[ard] Pilkinton Gunsmiths £30 - 0s - 0d,"Barke, Michael",Gunsmith,,,,,,
356,V1560,Vernon,42v,1642-12-05,176 p[ai]d nicholas Barke & other gunsmiths for ther and ther servant[es] pay for 3 week[es] ending the last november £27 - 6s - -d,"Barke, Nicholas",Gunsmith,,,,,,
357,V2079,Vernon,53v,1643-02-24,49 p[ai]d C[aptain] Thomas Pudsey being soe much expended by Collonel Barker according to my lord g[enera]ll[es] order for releiff of mained sold[ier]s at Coventree £200 - 0s - 0d,"Barker, John",Colonel,,,,,,
358,F0004,Fenton,97r,1643-05-06,paid by virtue of his Excellen[cies] warr[an]t to Capt[ain] Nelson and Capt[ain] Barnardiston £100 - 0s - 0d,"Barnardiston, Capt",Captain,,,,,,
359,V0887,Vernon,28v,1642-10-08,110 p[ai]d sargeant major Bariffe as well for 29 dayes paye for 74 sold[ier]s beginning 16 [Septem]bre last. as alsoe for 11 sold[ier]s more to compleat his troope begining [th]e 1 [Octo]bre £77 - 2s - 8d,"Barriffe, William",Major,foot,,,,,
360,V2626,Vernon,64v,1643-05-25,110 leifft[enant] Coll[onel] Barriff allowed him for leviing 39 menn for recreuing his compa[ny] £11 - 14s - 0d,"Barriffe, William",Lt-Colonel,foot,,,,,
361,V2932,Vernon,71v,1643-07-13,110 p[ai]d leifft[enant] Coll[onel] Barriff for 14 dayes pay for [th]e Regi[men]t late under Command of Coll[onel] Hambden as by [th]e warr[an]t £705 - 3s - 4d,"Barriffe, William",Lt-Colonel,foot,,"Hampden, John",,,
362,V3031,Vernon,73r,1643-08-16,110 p[ai]d leifft[enant] Coll[onel] Barriff[es] compa[ny] for 7 days pay £15 - 5s - 8d,"Barriffe, William",Lt-Colonel,foot,,,,,
363,V1201,Vernon,35r,1642-11-09,133 p[ai]d m[aste]r w[illia]m Barton the Committe for Lancreshire for the leviinge of dragoon[er]s ther uppon accompt £500 - 0s - 0d,"Barton, William",Lancs Committee,,,,,,
364,V1304,Vernon,37r,1642-11-12,p[ai]d Roger Barwicke Carter for hier of his Cart & 4 horses at 14s p[er] diem for 42 days £23 - 9s - 9d,"Barwicke, Roger",Wagoner,artillery,,,,,
365,V3058,Vernon,73v,1643-08-18,194 p[ai]d C[aptain] Bussy Basset for 45 soldiers in S[i]r Jo[hn] meldroms Regi[men]t £7 - 10s - -d,"Basset, Bussy",Captain,foot,,"Meldrum, John, Sir",,,
366,V2266,Vernon,57v,1643-03-17,49 p[ai]d Adam Baynard Capt[ain] leifft[enant] of my lord g[enera]ll[es] troope of liff guard for his pay to the 15 march £68 - 12s - -d,"Baynard, Adam",Captain-Lieutenant,horse,cuirassiers,,"Essex, Earl of",,
367,V2386,Vernon,60r,1643-04-13,173 p[ai]d Capt[ain] Adam Baynard for 1/2 a mo[nths] pay for that troop w[hi]ch latelie was S[i]r Sygismond Alexand[er]s uppon acc[oun]t £174 - 13s - 0d,"Baynard, Adam",Captain,horse,,,,,
368,V2495,Vernon,62r,1643-04-29,173 p[ai]d Capt[ain] Baynard [th]e like & 60 troop[er]s £59 - 10s - 0d,"Baynard, Adam",Captain,horse,,,,,
369,V2617,Vernon,64v,1643-05-25,173 p[ai]d Capt[ain] Baynard for a mo[nths] pay for [th]e officers & 60 troop[er]s of his troope end[ing] 9 June £324 - 2s - -d,"Baynard, Adam",Captain,horse,,,,,
370,V2760,Vernon,67v,1643-06-21,173 p[ai]d C[aptain] Adam Baynard for 1/2 mo[nths] pay for his officers & 60 troop[er]s end[ing] 23 June £174 - 13s - -d,"Baynard, Adam",Captain,horse,,,,,
371,F0119,Fenton,98v,1643-07-14,p[ai]d Capt[ain] Addam Baynard £158 - 8s - 0d,"Baynard, Adam",Captain,,,,,,
372,V3021,Vernon,73r,1643-08-16,173 p[ai]d Cap[tain] Baynard for 7 days pay for his troop £86 - 0s - 6d,"Baynard, Adam",Captain,horse,,,,,
373,V3152,Vernon,75v,1643-08-25,173 p[ai]d C[aptain] Adam Baynard for 14 dayes for his troope £160 - 13s - -d,"Baynard, Adam",Captain,horse,,,,,
374,V3357,Vernon,78v,1643-10-16,173 p[ai]d C[aptain] Adam Baynard for his troop £146 - 13s - -d,"Baynard, Adam",Captain,horse,,,,,
375,V3543,Vernon,81r,1643-12-01,173 p[ai]d C[aptain] Baynard[es] troop the like £155 - 8s - 0d,"Baynard, Adam",Captain,horse,,,,,
376,V3832,Vernon,84v,1644-02-13,173 p[ai]d Ca[ptain] Baynard for his troope £155 - 8s - -d,"Baynard, Adam",Captain,horse,,,,,
377,V3425,Vernon,79v,1643-10-24,208 p[ai]d major Beton for 1 drum[me]r  5 sold[ier]s more then he is p[ai]d for w[i]th [th]e Regi[men]t £3 - 0s - 8d,"Beaton, Major",Major,foot,,,,,
378,V1388,Vernon,39r,1642-11-23,38 p[ai]d Capt[ain] will[ia]m Burbz C[aptain] Jo[hn] Francis C[aptain] Richard Beaton & C[aptain] Georg Hurlocke Capt[ains] of severall foot compa[nies] late in [th]e reg[imen]t of Denzill Hollis as well for pay of themselvs 3 other private Captains latelie deseased and other officers contained in the warr[an]tt & sold[ier]s £356 - 8s - 8d,"Beaton, Richard",Captain,foot,,"Holles, Denzil",,,
379,V0090,Vernon,7v,1642-08-11,21 p[ai]d Capt[ain] Anselme Capt[ain] of a troope of Cuirassiers being the gennerall of the hors his [^troop^] by advance uppon acc[ount] £600 - 0s - 0d,"Bedford, Earl of",Captain,horse,cuirassiers,,,,
380,V0408,Vernon,16r,1642-08-30,64 p[ai]d w[illia]m Earle of Bedford g[enera]ll of the horse for his allowance of 6l a day from [th]e 21 of Julie Inclusive to the 29 Aug[us]t exclusive beinge 38 dayes £228 - 0s - 0d,"Bedford, Earl of",General,horse,,,,,
381,V0704,Vernon,24r,1642-09-10,64 p[ai]d m[aste]r George Milward for a bill of exchange directed from my lord of Bedford about the busines in som[m]ersetshir £100 - -s - -d,"Bedford, Earl of",,,,,,,
382,V1099,Vernon,33r,1642-10-28,64 p[ai]d the Earle of Bedford for payment of his troope of Cuirassiers uppon acc[oun]t £200 - 0s - 0d,"Bedford, Earl of",Captain,horse,cuirassiers,,,,
383,V1223,Vernon,35v,1642-11-10,21 p[ai]d Captain w[illia]m Anselm leifften[an]t of my lord of Bedford Troop of Cuirassiers uppon acc[oun]t £200 - 0s - 0d,"Bedford, Earl of",Captain,horse,cuirassiers,,,,
384,V1275,Vernon,36v,1642-11-11,64 p[ai]d m[aste]r w[illia]m Ben Chaplaine to my lord of Bedford[es] reg[imen]t of horse for his & his servant[es] pay provision of necessaries & wagon £82 - 9s - -d,"Bedford, Earl of",Colonel,horse,,,,,
385,V1281,Vernon,36v,1642-11-11,64 p[ai]d Hugh ward surgeon to the Earle of Bedford for his pay to the 11 [Novem]bre £25 - 10s - -d,"Bedford, Earl of",Colonel,horse,,,,,
386,V1317,Vernon,37v,1642-11-14,64 p[ai]d the Earle of Bedford for his severall payes for 1 monthe endinge 10 november £246 - -s - -d,"Bedford, Earl of",,,,,,,
387,V1347,Vernon,38r,1642-11-15,64 p[ai]d Hugh ward surgeon of my lord of Bedford[es] regiment of horse for 14 days pay from the 11 [Novem]bre £8 - 8s - 0d,"Bedford, Earl of",Colonel,horse,,,,,
388,V1439,Vernon,40r,1642-11-23,21 p[ai]d C[aptain] w[illia]m Anselme toward[es] payment of my lord of Bedford[es] troop of Cuirassiers uppon acc[oun]tt £200 - -s - -d,"Bedford, Earl of",Captain,horse,cuirassiers,,,,
389,V1682,Vernon,45r,1642-12-19,64 p[ai]d Hugh ward surgeon to my lord of Bedford[es] Regi[men]t for pay of himself mates & Bidet[es] for a mo[nth] beginning the 18 [Novem]bre & for 14 dayes advance to end the 29 pres[en]t £25 - 4s - -d,"Bedford, Earl of",Colonel,horse,,,,,
390,V1731,Vernon,46r,1642-12-22,21 p[ai]d C[aptain] Anselme for a mo[nths] pay for my lord of Bedford[es] troop of Cuirassiers £321 - 16s - 0d,"Bedford, Earl of",Captain,horse,cuirassiers,,,,
391,V2212,Vernon,56v,1643-03-07,[...] Captaine Anselme in p[ar]t of a war[rant] of [?560?].12.0 for a mo[nths] pay for my lord of Bedford[es] troop £400 - -s - -d,"Bedford, Earl of",Captain,horse,,,,,
392,V2412,Vernon,60v,1643-04-13,64 p[ai]d Hugh ward surgeon to the reg[imen]t that was the Earle of Bedfords for 6 week[es] pay endinge the 10th february £25 - 4s - -d,"Bedford, Earl of",Colonel,horse,,,,,
393,V3961,Vernon,86r,1644-03-23,92 p[ai]d Samuel Bedford for S[i]r samuell luke for scout[es] £56 - 0s - -d,"Bedford, Samuel",,scouts,,,,,
394,F0089,Fenton,98r,1643-06-23,p[ai]d Coll[onel] Behre £100 - 0s - 0d,"Behre, Hans",Colonel,,,,,,
395,V3078,Vernon,74r,1643-08-18,194 p[ai]d Coll[onel] Hans Beer for his owne paie for 3 week[es] £103 - 19s - 0d,"Behre, Hans",Colonel,,,,,,
396,V3220,Vernon,76v,1643-08-26,194 p[ai]d Coll[onel] Hans Beer for his severall paies for 14 daies £69 - 6s - -d,"Behre, Hans",Colonel,horse,,,,,
397,V3307,Vernon,78r,1643-10-14,194 p[ai]d Coll[onel] Beahr for a months pay as Coll[onel] & adjutant £111 - 6s - 0d,"Behre, Hans",Colonel,horse,,,,,
398,V3325,Vernon,78v,1643-10-14,194 p[ai]d Coll[onel] Beare for his troope £186 - 11s - -d,"Behre, Hans",Colonel,horse,,,,,
399,V3513,Vernon,80v,1643-12-01,194 p[ai]d Coll[onel] Beahrs troop the like £244 - 13s - 0d,"Behre, Hans",Colonel,horse,,,,,
400,V3608,Vernon,82r,1643-12-08,194 p[ai]d Coll[onel] Beahr for 14 days pay as adjutant g[e]n[era]ll £21 - -s - -d,"Behre, Hans",Colonel,horse,,,,,
401,V3774,Vernon,84r,1644-02-13,194 p[ai]d Coll[onel] Behr [th]e like for his troop of horse £228 - 18s - 0d,"Behre, Hans",Colonel,horse,,,,,
402,V1276,Vernon,36v,1642-11-11,124 p[ai]d sergeant major Bellye sergeant major wood & Captaine waddall 3 scot[es] officers latelie intertaind £88 - -s - -d,"Bellye, Major",Major,,,,,,
403,V1275,Vernon,36v,1642-11-11,64 p[ai]d m[aste]r w[illia]m Ben Chaplaine to my lord of Bedford[es] reg[imen]t of horse for his & his servant[es] pay provision of necessaries & wagon £82 - 9s - -d,"Ben, William",Chaplain,horse,,"Bedford, Earl of",,,
404,V0524,Vernon,19r,1642-09-05,82 p[ai]d Captain Edward Berry for on monthes pay of his troope of 46 harqueb[usiers] to begine from the 31 aug[us]t last £161 - -s - -d,"Berry, Edward",Captain,horse,,,,,
405,V0607,Vernon,21v,1642-09-06,82 p[ai]d Capt[ain] Edward Berry for mounting 3 corporall[es] 42l for 2 trumpeters a farier & a sadler 32 £74 - 0s - 0d,"Berry, Edward",Captain,horse,,,,,
406,V0608,Vernon,21v,1642-09-06,more for provision of 60 great sadles and Bitt[es] at 50s. 150l. & for scarf[es] £180 - -s - -d,"Berry, Edward",Captain,horse,,,,,
407,V0649,Vernon,22v,1642-09-08,82 p[ai]d Captain Edward Berry for on mo[nths] pay to himself & officers from the 30 of Julie last £139 - 6s - 0d,"Berry, Edward",Captain,horse,,,,,
408,V0748,Vernon,25r,1642-09-27,82 p[ai]d Captaine Edward Berrye for severall arrears & on 1/2 mo[nths] pay for his troop as appears by the warr[an]t begin 1 [Octo]bre £229 - 7s - 0d,"Berry, Edward",Captain,horse,,,,,
409,V0787,Vernon,26r,1642-10-01,82 p[ai]d Capt[ain] Berrye for on mo[nths] pay for the officers of his troop & for arrers of pay £174 - 2s - 6d,"Berry, Edward",Captain,horse,,,,,
410,V1040,Vernon,32r,1642-10-19,118 p[ai]d sergeant major Berry for 14 dayes paye of his whole troope to [th]e 28 [Octo]bre £174 - 13s - 0d,"Berry, Edward",Major,horse,,,,,
411,V1199,Vernon,35r,1642-11-09,118 p[ai]d leifftenn[an]t Edward Sand[er]s for 1/2 a mo[nths] pay of sargeant major Berrys troope £174 - 13s - -d,"Berry, Edward",Captain,horse,,,,,
412,V1540,Vernon,42r,1642-12-05,89 p[ai]d leifft[enant] Sannd[er]s for a mo[nths] pay for the troop latelie belonging to C[aptain] Berry £349 - 6s - -d,"Berry, Edward",Captain,horse,,,,,
413,V1541,Vernon,42r,1642-12-05,more for 1/2 a mo[nths] pay for [th]e said troop £174 - 13s - -d,"Berry, Edward",Captain,horse,,,,,
414,V1864,Vernon,48v,1643-01-06,118 p[ai]d leifft[enant] Sanderson for major Berries troop the like £100 - -s - -d,"Berry, Edward",Captain,horse,,,,,
415,V1386,Vernon,39r,1642-11-23,125 p[ai]d w[illia]m Bickerton wagon m[aste]r to Collonel midletons Reg[imen]t of dragooners for his hier of his team & six horses as by his warr[an]t appears 60 wherof he rec[eive]d 20 rest[es] £40 - 2s - 3d,"Bickerton, William",Wagonmaster,dragoons,,"Middleton, John",,,
416,V1401,Vernon,39r,1642-11-24,125 p[ai]d w[illia]m Bickerton for his pay as wagon m[aste]r to Collonel midletons reg[imen]t of drag[oon]s by 2 warr[an]ts £4 - 4s - -d,"Bickerton, William",Wagonmaster,dragoons,,"Middleton, John",,,
417,V1508,Vernon,41v,1642-12-03,p[ai]d w[illia]m Bickerton wagoner attending on the magazine of victuall[es] in full of the hier of 2 cart[es] and 12 horses for 16 dayes at 42s p[er] diem havinge rec[eive]d 4l in part £29 - 12s,"Bickerton, William",Wagoner,,,,,,
418,V1591,Vernon,43r,1642-12-05,125 p[ai]d w[illia]m Bickerton wagon m[aste]r to Coll[onel] midletons Reg[imen]t & Richard Grevill q[uar]ter m[aste]r to the said Reg[imen]t for 14 days pay endinge the 14 [Decem]bre £5 - 12s - -d,"Bickerton, William",Wagonmaster,dragoons,,"Middleton, John",,,
419,V0193,Vernon,10r,1642-08-16,p[ai]d John Bigg[es] late store keep[e]r of Portsmouth for his losses and expences in that business £20 - 0s - 0d,"Bigges, John",Storekeeper,,,,,,
420,F0277,Fenton,101r,1643-09-01,p[ai]d L[ieutenan]t Tho[mas] Billiard £18 - 18s - 0d,"Billiard, Thomas",Lieutenant,,,,,,
421,V0276,Vernon,12v,1642-08-22,50 p[ai]d Henry Billingsley leifftenn[an]t Coll[onel] to Denzill Hollis the some of 42l for on monthes intertainm[en]t by way of imprest £42 - 0s - 0d,"Billingsley, Henry",Lt-Colonel,foot,,"Holles, Denzil",,,
422,V0878,Vernon,28r,1642-10-07,50 p[ai]d Henry Bilingsley assistant to [th]e sergeant major generall for his entertainm[en]t from the 27 Aug[us]t to the first [Octo]bre £52 - 10s - -d,"Billingsley, Henry",Assistant to Major-Gen,,,,,,
423,V1691,Vernon,45r,1642-12-19,50 p[ai]d Collonel Billinsly for his pay as L[ieutenant] Collonel and assistant to the S[ergeant] major g[enera]ll ending the 16 present at 30s p[er] diem £84 - 0s - 0d,"Billingsley, Henry",Lt-Colonel and Assistant to Maj-Gen,foot,,,,,
424,V2269,Vernon,57v,1643-03-17,50 p[ai]d Collonel Billinsly toward [^his^] pay as assistant g[e]n[era]ll of the Army uppon acc[oun]tt £50 - -s - -d,"Billingsley, Henry",Assistant to Major-Gen,,,,,,
425,V2413,Vernon,60v,1643-04-13,50 p[ai]d Coll[onel] Bilingsly assistant to the major gen[era]ll for his entertainm[en]t uppon acc[oun]t £50 - -s - -d,"Billingsley, Henry",Assistant to Major-Gen,,,,,,
426,F0063,Fenton,97v,1643-06-12,p[ai]d Coll[onel] Hen[ry] Billingsley £42 - 0s - 0d,"Billingsley, Henry",Colonel,,,,,,
427,V2967,Vernon,72r,1643-07-13,50 p[ai]d Coll[onel] Henry Billinglsy asistant to [th]e serg[ean]t major g[e]n[era]ll for 1/2 a monthes pay uppon accompt £21 - 0s - 0d,"Billingsley, Henry",Colonel and Assistant to Major-Gen,foot,,,,,
428,F0235,Fenton,100v,1643-08-11,p[ai]d Coll[onel] Billingsley £21 - 0s - 0d,"Billingsley, Henry",Colonel,,,,,,
429,V3027,Vernon,73r,1643-08-16,50 p[ai]d Coll[onel] Billingsly assistant to [th]e major g[e]n[era]ll for 7 days pay £10 - 10s - -d,"Billingsley, Henry",Assistant to Major-Gen,foot,,,,,
430,V3097,Vernon,74v,1643-08-21,50 p[ai]d m[istres]s sara Billingsly for 14 days pay due to her husband Coll[onel] billingsly lately deceased £21 - 0s - 0d,"Billingsley, Henry",Assistant to Major-Gen,,,,,deceased,
431,V3247,Vernon,77r,1643-08-26,50 p[ai]d m[istres]s sarah Bilingsly late wiffe of Coll[onel] Bilingsly deceased for 14 days paye uppon the arrears £21 - -s - -d,"Billingsley, Henry",Colonel,,,,,deceased,
432,V2943,Vernon,71v,1643-07-13,190 p[ai]d Captain Robert Bilingslye C[aptain] of a foot compa[ny] in Coll[onel] Fra[ncis] Tomsons Regi[men]t for 14 dayes for himself officers and 100 sold[ier]s uppon accompt £67 - 13s - 4d,"Billingsley, Robert",Captain,foot,,"Thomson, Francis",,,
433,F0184,Fenton,99v,1643-07-31,p[ai]d Capt[ain] Rob[ert] Billingsley £23 - 6s - 8d,"Billingsley, Robert",Captain,,,,,,
434,V3030,Vernon,73r,1643-08-16,190 p[ai]d Ca[ptain] Rob[er]t Billingsly for pay of his foot compa[ny] in Coll[onel] Tomsons Regi[men]t uppon acc[oun]t £29 - 3s - 4d,"Billingsley, Robert",Captain,foot,,"Thomson, Francis",,,
435,V3097,Vernon,74v,1643-08-21,50 p[ai]d m[istres]s sara Billingsly for 14 days pay due to her husband Coll[onel] billingsly lately deceased £21 - 0s - 0d,"Billingsley, Sarah",Widow,,,,,,
436,V3247,Vernon,77r,1643-08-26,50 p[ai]d m[istres]s sarah Bilingsly late wiffe of Coll[onel] Bilingsly deceased for 14 days paye uppon the arrears £21 - -s - -d,"Billingsley, Sarah",Widow,,,,,,
437,V3267,Vernon,77v,1643-08-29,"49 p[ai]d Theophilus Andrews Jo[hn] vivers Peeter Bland Fra[ncis] Cary Hugh harding Jo[hn] smith, Georg Billot & w[illia]m Phillips gent[lemen] latelie entred in my lord g[e]n[era]ll[es] lieff guard for 14 days pay each at 8s p[er] diem £44 - 16s - -d","Billot, George",Trooper,horse,cuirassiers,,"Stapleton, Philip, Sir",gent of lifeguard,
438,V3437,Vernon,79v,1643-10-27,210 p[ai]d C[aptain] Binglie the like for his troop £167 - 6s - -d,"Bingley, Capt",Captain,horse,,,,,
439,V0127,Vernon,8v,1642-08-12,29 p[ai]d Capt[ain] Bird for on monthes pay due to himself and officers to beginn from the 6 August £349 - 6s - 0d,"Bird, John",Captain,horse,,,,,
440,V0128,Vernon,8v,1642-08-12,29 more p[ai]d him for arreer of 9 dayes till the 6 of Aug[us]tt £112 - 5s - 6d,"Bird, John",Captain,horse,,,,,
441,V0129,Vernon,8v,1642-08-12,more for scarff[es] £30 - 0s - 0d,"Bird, John",Captain,horse,,,,,
442,V0925,Vernon,29v,1642-10-11,29 p[ai]d Captaine John Bird for 7 dayes paye for his troop to end [th]e 14 present £87 - 6s - 6d,"Bird, John",Captain,horse,,,,,
443,V1088,Vernon,33r,1642-10-27,29 p[ai]d Capt[ain] John Bird for 1/2 a mo[nths] paye to [th]e 28 [Octo]bre £174 - 13s - 0d,"Bird, John",Captain,horse,,,,,
444,V1621,Vernon,43v,1642-12-10,29 p[ai]d Capt[ain] John Bird for 7 days pay for his troop £87 - 6s - 6d,"Bird, John",Captain,horse,,,,,
445,V2164,Vernon,55v,1643-03-03,26 p[ai]d Quartermaster Benjamin Blackberry for and toward[es] the payment of the troop of Capt[ain] Jo[hn] Fleming now riding in the troop late under the Comand of major Pretty uppon accompt £40 - -s - -d,"Blackberry, Benjamin",Quartermaster,horse,,,"Fleming, John",,
446,V2404,Vernon,60v,1643-04-13,26 p[ai]d quartermaster Benjamine Blackberry toward[es] payment of himself on Corporall & 16 troop[er]s of Cap[tain] Fleming troop uppon accompt £40 - -s - -d,"Blackberry, Benjamin",Quartermaster,horse,,,"Fleming, John",,
447,V2405,Vernon,60v,1643-04-13,26 more p[ai]d him for 1/2 a mo[nths] pay for himself £6 - 6s - -d,"Blackberry, Benjamin",Quartermaster,horse,,,"Fleming, John",,
448,V3960,Vernon,86r,1644-03-23,p[ai]d m[aste]r Blackborne asistant to the Advocate for a weeke £3 - 10s - -d,"Blackborne, Mr",Assistant to Advocate,,,,,,
449,V2431,Vernon,61r,1643-04-14,180 p[ai]d Capt[ain] J. Bladwell for 1/2 a mo[nths] pay for him self office[r]s and 50 trop[er]s beg[inning] 28 march last £160 - 15s - -d,"Bladwell, J",Captain,horse,,,,,
450,V0284,Vernon,12v,1642-08-23,52 p[ai]d Capt[ain] michaell Bland for on months pay of his comp[any] of 100 soldiers belonginge to S[i]r w[illia]m Fairfax regiment mustered the 20 aug[us]t when it begins £93 - 6s - 8d,"Bland, Michael",Captain,foot,,"Fairfax, William, Sir",,,
451,V3267,Vernon,77v,1643-08-29,"49 p[ai]d Theophilus Andrews Jo[hn] vivers Peeter Bland Fra[ncis] Cary Hugh harding Jo[hn] smith, Georg Billot & w[illia]m Phillips gent[lemen] latelie entred in my lord g[e]n[era]ll[es] lieff guard for 14 days pay each at 8s p[er] diem £44 - 16s - -d","Bland, Peter",Trooper,horse,cuirassiers,,"Stapleton, Philip, Sir",gent of lifeguard,
452,V0805,Vernon,26v,1642-10-01,106 p[ai]d serg[ean]t major Gilbert blare for a companye of 96 drago[ons] as before £169 - 4s - -d,"Blare, Gilbert",Major,dragoons,,,,,
453,V1930,Vernon,50r,1643-01-21,106 p[ai]d Serjant major Blare Captaine of a troop of horse toward[es] paym[en]t of his troop uppon accompt £200 - 0s - 0d,"Blare, Gilbert",Major,horse,,,,,
454,V2112,Vernon,54r,1643-03-02,106 p[ai]d sergeant major Blare the like for his troope £349 - 6s - 0d,"Blare, Gilbert",Major,horse,,,,,
455,V2302,Vernon,58v,1643-04-12,106 p[ai]d Major Blare for 1/2 a mo[nths] pay for his troop uppon acc[oun]tt £174 - 13s - -d,"Blare, Gilbert",Major,horse,,,,,
456,V2483,Vernon,62r,1643-04-29,106 p[ai]d major Blare the like & 60 troop[er]s £59 - 10s - 0d,"Blare, Gilbert",Major,horse,,,,,
457,V2571,Vernon,63v,1643-05-24,106 p[ai]d major Blare for a mo[nths] pay of [th]e officers & 53 troop[er]s ending 8 June £320 - 12s - -d,"Blare, Gilbert",Major,horse,,,,,
458,V2761,Vernon,67v,1643-06-21,106 p[ai]d major Blare for 14 dayes for the offic[er]s & 53 of his troope end[ing] [th]e 9 pres[en]t £160 - 6s - 0d,"Blare, Gilbert",Major,horse,,,,,
459,V2780,Vernon,68r,1643-06-21,106 p[ai]d major Gilbert Blare as late adjutant g[e]n[era]ll of horse & major of Coll[onel] Goodwins Regi[men]t uppon accompt £100 - 0s - 0d,"Blare, Gilbert",Major,horse,,"Goodwin, Arthur",,,
460,V2937,Vernon,71v,1643-07-13,106 p[ai]d major Blare for 14 dayes for his officers & 53 troop[er]s end[ing] 16 July £160 - 6s - 0d,"Blare, Gilbert",Major,horse,,,,,
461,V2994,Vernon,72v,1643-08-16,106 p[ai]d major Blare [th]e like for his troope £82 - 1s - 6d,"Blare, Gilbert",Major,horse,,,,,
462,V3153,Vernon,75v,1643-08-25,10 p[ai]d major Blare the like for his troope £164 - 3s - -d,"Blare, Gilbert",Major,horse,,,,,
463,V3395,Vernon,79r,1643-10-19,106 p[ai]d major Blare for his troope £191 - 9s - -d,"Blare, Gilbert",Major,horse,,,,,
464,V3553,Vernon,81r,1643-12-04,106 p[ai]d majors Blares troop the like £158 - 18s - 0d,"Blare, Gilbert",Major,horse,,,,,
465,V3798,Vernon,84v,1644-02-13,106 p[ai]d major Blare for 14 days pay for his troop £155 - 1s - -d,"Blare, Gilbert",Major,horse,,,,,
466,V1627,Vernon,44r,1642-12-10,176 p[ai]d Capt[ain] David Traile Capt[ain] w[illia]m Abernethy C[aptain] Robert Rutherford Ensigne w[illia]m blare Ensigne Georg Borthick & Ensigne David midleton latelie entertaind as reformados in this exp[edition] for a whol mo[nths] pay uppon acc[oun]tt £75 - 12s - -d,"Blare, William",Ensign,foot,,,,reformado,
467,V2016,Vernon,52r,1643-01-24,Ensigne w[illia]m Blare 4.4 £47 - 12s - 0d,"Blare, William",Ensign,foot,,,,reformado,
468,V2424,Vernon,61r,1643-04-13,176 p[ai]d Capt[ain] Ja[mes] douglas C[aptain] Robert Rutherford C[aptain] david Kennimonth C[aptain] david Hunter C[aptain] w[illia]m Abernethy C[aptain] w[illia]m Blare & leifft[enan]t Arthur sinclair Scot[es] reformados attending this present service toward[es] ther entertain[men]t upp[on] a[ccount] £235 - -s - -d,"Blare, William",Captain,,,,,reformado,
469,V3637,Vernon,82v,1643-12-11,215 p[ai]d C[aptain] Blith in C. Tompsons Regi[men]t for 7 days pay of his compa[ny] £11 - 4s - 0d,"Blith, Capt",Captain,foot,,"Thomson, Francis",,,
470,V0839,Vernon,27v,1642-10-04,12 p[ai]d John Blockman wagon m[aste]r of Collonel Brownes regim[en]t for his pay for 2 mo[nths] & 7 dayes to [th]e 30 [Septem]bre £9 - 9s - -d,"Blockman, John",Wagonmaster,dragoons,,"Browne, John, Colonel",,,
471,V0635,Vernon,22r,1642-09-07,95 p[ai]d Captain Henry Blundell for on mo[nths] pay of his compa[ny] of 70 soldiers of S[i]r Thomas Grantham[es] regiment to begine from the first present £65 - 6s - 8d,"Blundell, Henry",Captain,foot,,"Grantham, Thomas",,,
472,V1637,Vernon,44r,1642-12-10,145 p[ai]d Capt[ain] Georg Blunt Capt[ain] of a Foot compa[ny] in my lord of Peeterborroughs Reg[imen]t for a mo[nths] pay to begine the 21 novemb[er] £92 - 8s - -d,"Blunt, George",Captain,foot,,"Peterborough, Earl of",,,
473,V1783,Vernon,47r,1642-12-26,145 p[ai]d Capt[ain] Blunt for pay of 99 sold[ier]s in [th]e my L[ord] Peeterborroughs Regi[men]t for 14 dayes beg[inning] 19 dec[ember] inclusive £46 - 4s - -d,"Blunt, George",Captain,foot,,"Peterborough, Earl of",,,
474,V1901,Vernon,49v,1643-01-06,145 p[ai]d Capt[ain] Georg Blunt for 14 days paye for [?93?] sold[ier]s in my peeterborrows regiment from [th]e 2 Janu[ary] £46 - 4s - -d,"Blunt, George",Captain,foot,,"Peterborough, Earl of",,,
475,V1939,Vernon,50v,1643-01-26,145 p[ai]d George Blunt captaine of a foot compa[ny] in my lord Peeterborroughs reg[imen]t for 14 dayes pay for 99 soldiers beg[inning] [th]e 16 Janu[ary] £46 - 4s - 0d,"Blunt, George",Captain,foot,,"Peterborough, Earl of",,,
476,V2132,Vernon,54v,1643-03-02,145 p[ai]d C[aptain] Georg Blunt for a mo[nths] pay of 99 sold[ier]s of his compa[ny] in the same Regi[men]t endinge the 12 Febr[uary] £92 - 8s - -d,"Blunt, George",Captain,foot,,"Peterborough, Earl of",,,
477,V3885,Vernon,85r,1644-03-02,145 p[ai]d C[aptain] Blunt Ca[ptain] Reformado of foot for 14 days £7 - 0s - 0d,"Blunt, George",Captain,foot,,,,reformado,
478,V0491,Vernon,18v,1642-09-03,78 p[ai]d unto Nicholas Bond Comissarie G[enera]ll of the victuall[es] for on months pay by way of advance from the 30 of Julie last £36 - 8s - 0d,"Bond, Nicholas",Commissary,,,,,,
479,V0492,Vernon,18v,1642-09-03,more for providinge of horses and other necessaries for him and his deputies £40 - 0s - 0d,"Bond, Nicholas",Commissary,,,,,,
480,V0564,Vernon,20r,1642-09-05,78 p[ai]d Nicho[las] Bond Comissarie g[enera]ll of the victuall[es] for on mo[nths] pay for himself & men from [th]e 30 of Julie to the 27 aug[us]t exclusive £36 - 8s - -d,"Bond, Nicholas",Commissary,,,,,,
481,V0747,Vernon,25r,1642-09-27,78 p[ai]d Nicholas Bond Comissary g[enera]ll for provision of victuall[es] for pay of himself and deputies for on whole mo[nth] & 6 days to end the 30 [Septem]bre 44l.4s as likewise for severall provisions and cariages for [th]e army 22 this is 20l short sett downe [?posted?] forward [...] £46 - 4s - -d,"Bond, Nicholas",Commissary,,,,,,
482,V0830,Vernon,27r,1642-10-04,78 sett downe short in Nicholas Bond[es] paym[en]t [th]e 27 [Septem]bre £20 - 0s - 0d,"Bond, Nicholas",Commissary,,,,,,
483,V0845,Vernon,27v,1642-10-05,78 p[ai]d nicholas Bond for severall charges by him laid out as by the warr[an]t app[ear]s £68 - 10s - 0d,"Bond, Nicholas",,,,,,,
484,V2066,Vernon,53r,1642-10-15,78 p[ai]d nicholas Bond Commissarye of the victuall[es] the 8 & 15 [Octo]bre for provision of victuall[es] for the Army £500 - 0s - 0d,"Bond, Nicholas",Commissary,,,,,,
485,V1177,Vernon,34v,1642-11-09,78 p[ai]d m[aste]r Nicholas Bond Commissary of the victuall[es] for some provisions specified in the warr[an]tt £44 - 15s - -d,"Bond, Nicholas",Commissary,,,,,,
486,V1252,Vernon,36r,1642-11-11,78 p[ai]d m[aste]r nicholas Bond Commissarie of the victuall[es] for provisions bought & paym[en]t of officers as by [th]e warr[an]t £444 - 4s - 8d,"Bond, Nicholas",Commissary,,,,,,
487,V1253,Vernon,36r,1642-11-11,more for allowance of himself & other officers by another warr[an]t £88 - 6s - 8d,"Bond, Nicholas",Commissary,,,,,,
488,V1486,Vernon,41r,1642-12-03,78 p[ai]d nic[holas] Bond Comissarie of the victuall[es] for 1/2 a mo[nths] pay for himself & officers & laborers ending 25 [Novem]bre as also for provisions for the army £174 - 3s - 2d,"Bond, Nicholas",Commissary,,,,,,
489,V1766,Vernon,46v,1642-12-26,78 p[ai]d Comissarie Bond for his & his offic[er]s pay & severall disboursm[entes] as by [th]e warr[ant] £102 - 12s - -d,"Bond, Nicholas",Commissary,,,,,,
490,V1896,Vernon,49v,1643-01-06,78 p[ai]d Nicholas Bond Comissary of [th]e victuall[es] for pay of himself & officers & provisions uppon acc[oun]tt £94 - 18s - 6d,"Bond, Nicholas",Commissary,,,,,,
491,V1993,Vernon,51v,1643-01-24,78 p[ai]d nic[hola]s Bond Comissarie of the victuall[es] uppon a warrent of the 20 present £256 - 10s - -d,"Bond, Nicholas",Commissary,,,,,,
492,V2285,Vernon,58r,1643-04-10,78 p[ai]d Comissary Bond for provision of victuall[es] delivered out by severall sutlers to severall regiment[es] of the Army to be deducted out of ther pay £200 - 0s - 0d,"Bond, Nicholas",Commissary,,,,,,
493,V2286,Vernon,58r,1643-04-10,more for pay to him self deputies and other officers uppon accompt £200 - -s - -d,"Bond, Nicholas",Commissary,,,,,,
494,V2667,Vernon,65v,1643-05-26,78 p[ai]d Comissary Bond toward[es] pay of himself deputies & severall sutlers uppon accompt £200 - -s - -d,"Bond, Nicholas",Commissary,,,,,,
495,F0098,Fenton,98r,1643-06-27,p[ai]d Comissarie Nicholas Bonde £200 - 0s - 0d,"Bond, Nicholas",Commissary,,,,,,
496,V2848,Vernon,69v,1643-07-12,78 p[ai]d Nicholas Bond Commissary of [th]e victuall[es] for pay of himself & officers uppon accompt £145 - 6s - 5d,"Bond, Nicholas",Commissary,,,,,,
497,V3120,Vernon,75r,1643-08-24,78 p[ai]d nicholas Bond Comissary g[e]n[era]ll of the victuall[es] uppon acc[oun]tt £100 - 0s - 0d,"Bond, Nicholas",Commissary,,,,,,
498,V3531,Vernon,81r,1643-12-01,78 p[ai]d Commissary bond uppon accompt £200 - 0s - 0d,"Bond, Nicholas",Commissary,,,,,,
499,V3874,Vernon,85r,1644-02-27,78 p[ai]d Comissary bond for 14 days for himself and [^officers^] £47 - 1s - 4d,"Bond, Nicholas",Commissary,,,,,,
500,V1627,Vernon,44r,1642-12-10,176 p[ai]d Capt[ain] David Traile Capt[ain] w[illia]m Abernethy C[aptain] Robert Rutherford Ensigne w[illia]m blare Ensigne Georg Borthick & Ensigne David midleton latelie entertaind as reformados in this exp[edition] for a whol mo[nths] pay uppon acc[oun]tt £75 - 12s - -d,"Borthick, George",Ensign,foot,,,,reformado,
501,V1221,Vernon,35v,1642-11-10,122 p[ai]d Captaine Samuell Bosa for entertainm[en]t of himself & his officers being reformados who attended [th]e G[enera]ll[es] person in [th]e Army £96 - -s - -d,"Bosa, Samuel",Captain,horse,,,,,
502,V1605,Vernon,43v,1642-12-09,122 p[ai]d Captaine Samuel Bosa Capt[ain] reformado of a troop of horse for the pay of himself leifft[enant] and Cornet for 38 days ending 5 present £133 - 19s - -d,"Bosa, Samuel",Captain,horse,,,,reformado,
503,V2365,Vernon,59v,1643-04-12,122 p[ai]d C[aptain] Samuell Bosa for a mo[nths] pay for a mo[nths] pay for his self as captaine of horse his lieff[tenant] & Antient £98 - 14s - -d,"Bosa, Samuel",Captain,horse,,,,,
504,V2379,Vernon,60r,1643-04-13,122 p[ai]d Capt[ain] Bosa for 1/2 a mo[nths] pay for the oficers and 30 sold[ier]s of his troop £122 - 3s - 0d,"Bosa, Samuel",Captain,horse,,,,,
505,V2504,Vernon,62v,1643-04-29,122 p[ai]d C[aptain] Samuel Bosa the like & 30 troop[er]s £33 - 5s - -d,"Bosa, Samuel",Captain,horse,,,,,
506,V2535,Vernon,63r,1643-05-02,122 p[ai]d Capt[ain] Bosa for 30 troop[er]s this day entertained in his troop viz 10 of them mounted at 2s.6. p[er] diem & 20 unmounted at xs the weeke for 7 dayes entertainm[en]t £18 - 15s - 0d,"Bosa, Samuel",Captain,horse,,,,,
507,V2619,Vernon,64v,1643-05-25,122 p[ai]d Capt[ain] Bosa for a mo[nths] pay of [th]e officers & 54 troop[er]s end[ing] 8 June £328 - 6s - 0d,"Bosa, Samuel",Captain,horse,,,,,
508,V2764,Vernon,67v,1643-06-21,122 p[ai]d Ca[ptain] samuel Bosa for his officers & 54 troop[er]s of 14 dayes end[ing] 22 present £164 - 3s - -d,"Bosa, Samuel",Captain,horse,,,,,
509,V2902,Vernon,70v,1643-07-13,122 p[ai]d Capt[ain] Bosa for 14 days pay for the officers & 54 troop[er]s end[ing] 6 Julie £164 - 3s - -d,"Bosa, Samuel",Captain,horse,,,,,
510,V3015,Vernon,73r,1643-08-16,122 p[ai]d Ca[ptain] Sam[ue]ll Bosa the like for his troope £82 - 1s - 6d,"Bosa, Samuel",Captain,horse,,,,,
511,V3175,Vernon,75v,1643-08-25,122 p[ai]d C[aptain] sam[ue]ll Bosa for 14 days for his troop £164 - 3s - -d,"Bosa, Samuel",Captain,horse,,,,,
512,V3176,Vernon,75v,1643-08-25,122 more for providing 15 sadles & furniture £22 - 10s - -d,"Bosa, Samuel",Captain,horse,,,,,
513,V3324,Vernon,78v,1643-10-14,122 p[ai]d major Bosa for his troop £179 - 18s - 0d,"Bosa, Samuel",Major,horse,,,,,
514,V3526,Vernon,81r,1643-12-01,122 p[ai]d major Bosas troop the like £209 - 6s - 0d,"Bosa, Samuel",Major,horse,,,,,
515,V3779,Vernon,84r,1644-02-13,122 p[ai]d major Bosa [th]e like £186 - 18s - 0d,"Bosa, Samuel",Major,horse,,,,,
516,V2425,Vernon,61r,1643-04-13,"176 p[ai]d more to Capt[ain] James Barkley Cap[tain] James Boswell, leifft[enan]t Jo[hn] Home & liefften[an]t Georg Inglis scot[es] officers as above £200 - 0s - 0d","Boswell, James",Captain,,,,,reformado,
517,V2680,Vernon,66r,1643-05-26,176 p[ai]d Capt[ain] James Berkcley C[aptain] Robert more C[aptain] Jams Boswell Reformado captains of horse Capt[ain] david midleton Cornet of horse & Capt[ain] Robert [?prime?] Cap[tain] of Foat for & toward[es] the pay due unto them uppon accompt £200 - -s - -d,"Boswell, James",Captain,horse,,,,reformado,
518,V2178,Vernon,55v,1643-03-07,163 p[ai]d C[aptain] Boswell in part for his troope £100 - 0s - 0d,"Boswell, John",Captain,horse,,,,,
519,V2393,Vernon,60r,1643-04-13,163 p[ai]d Capt[ain] Boswell for 1/2 a mo[nths] pay for his troope £157 - 3s - -d,"Boswell, John",Captain,horse,,,,,
520,V2521,Vernon,62v,1643-04-30,163 p[ai]d Capt[ain] Boswell [th]e like & for 57 troop[er]s £56 - 17s - 6d,"Boswell, John",Captain,horse,,,,,
521,V2575,Vernon,63v,1643-05-24,163 p[ai]d major Boswell the like for his offic[er]s and 64 troop[er]s ending [th]e 12 June £363 - 6s - -d,"Boswell, John",Major,horse,,,,,
522,V2802,Vernon,68v,1643-06-22,163 p[ai]d major Boswell for 14 dayes pay for his officers & 64 troop[er]s end[ing] 26 pres[en]t £181 - 13s - -d,"Boswell, John",Major,horse,,,,,
523,V2903,Vernon,70v,1643-07-13,163 p[ai]d major Boswell the like for his officers & 64 troopers end[ing] 10 Julie £181 - 13s - 0d,"Boswell, John",Major,horse,,,,,
524,V3009,Vernon,73r,1643-08-16,163 p[ai]d major Boswell for 7 dayes pay for his troope £90 - 3s - -d,"Boswell, John",Major,horse,,,,,
525,V3161,Vernon,75v,1643-08-25,163 p[ai]d majo[r] Boswell for 14 daies for his troop £179 - 14s - -d,"Boswell, John",Major,horse,,,,,
526,V3381,Vernon,79r,1643-10-16,163 p[ai]d major Boswell for his troope £180 - 16s - 0d,"Boswell, John",Major,horse,,,,,
527,V3549,Vernon,81r,1643-12-01,163 p[ai]d major Boswell the like £170 - 2s - 0d,"Boswell, John",Major,horse,,,,,
528,V3871,Vernon,85r,1644-02-27,163 p[ai]d major Boswell the like £158 - 11s - -d,"Boswell, John",Major,horse,,,,,
529,F0088,Fenton,98r,1643-06-23,p[ai]d L[ieutenan]t Morris Bowen £5 - 12s - 0d,"Bowen, Morris",Lieutenant,,,,,,
530,V3059,Vernon,73v,1643-08-18,142 p[ai]d leifft[enant] morrice Bowen leifft[enant] of that compa[ny] wherof L[ieutenant] C[olone]ll Burly was capt[ain] for remainer of pay as leifft[enant] £2 - 16s - -d,"Bowen, Morris",Lieutenant,foot,,,"Burles, William",,
531,V2010,Vernon,52r,1643-01-24,48 p[ai]d the lord willoughby for soe much by him lent to Coll[onel] Ballard for payment of a monthes advance unto Capt[ain] manly Capt[ain] Bower C[aptain] Cracroft & C[aptain] Fowke 4 leifft[enant]s & 3 ensigns being officers of the reg[imen]t of the said Coll[onel] Ballard £119 - 0s - 0d,"Bower, Capt",Captain,foot,,"Ballard, Thomas",,,
532,V2217,Vernon,56v,1643-03-08,23 p[ai]d m[aste]r Bowles Chaplain to S[i]r John meldroms Regiment for 2 mo[nths] & a half pay from [th]e 15 [Decem]bre to the 22 Febr[uary] £28 - -s - -d,"Bowles, Edward",Chaplain,foot,,"Meldrum, John, Sir",,,
533,F0037,Fenton,97r,1643-06-05,p[ai]d M[aste]r Edw[ard] Bowles £30 - 0s - 0d,"Bowles, Edward",,,,,,,
534,F0140,Fenton,99r,1643-07-17,p[ai]d M[aste]r Edw[ard] Bowles £6 - 1s - 4d,"Bowles, Edward",,,,,,,
535,V0316,Vernon,13v,1642-08-25,57 p[ai]d S[i]r Edward Boyes kn[igh]tt nominated for Captaine of Dover Castell toward [th]e repaire of that Castle & other incident charges £200 - 0s - 0d,"Boyes, Edward, Sir",Governor,,,,,,
536,V3341,Vernon,78v,1643-10-14,159 p[ai]d leifft[enant] Boyleston for C[aptain] Hardys troop of dragoon[er]s £42 - 6s - 0d,"Boyleston, Thomas",Lieutenant,dragoons,,,"Hardy, Robert",,
537,V3563,Vernon,81v,1643-12-03,214 p[ai]d C[aptain] Tho[mas] Boyleston [th]e like for his compa[ny] of dragooners £50 - 15s - -d,"Boyleston, Thomas",Captain,dragoons,,,,,
538,V3826,Vernon,84v,1644-02-13,214 p[ai]d Ca[ptain] Boyleston drago[ons] £53 - 4s - -d,"Boyleston, Thomas",Captain,dragoons,,,,,
539,V0170,Vernon,9v,1642-08-16,39 p[ai]d Capt[ain] John Bradley for reparinge of armes w[hi]ch came from hull as also for buyinge of pistoll Cases Cartrages & other things to furnish the said arms £500 - 0s - 0d,"Bradley, John",Captain,,,,,,
540,V0260,Vernon,12r,1642-08-20,39 p[ai]d Capt[ain] John Bradley for Carabins pistoll[es] and armes £210 - 0s - 0d,"Bradley, John",Captain,,,,,,
541,V0285,Vernon,12v,1642-08-23,39 p[ai]d Capt[ain] John Bradly for 99 paire of pistolls by him bought for his service £175 - 19s - 0d,"Bradley, John",Captain,,,,,,
542,V0317,Vernon,13v,1642-08-25,39 p[ai]d Captaine Owen Rowe & Capt[ain] Bradlye for repairinge of Armes [...] £500 - 0s - 0d,"Bradley, John",Captain,,,,,,
543,V0400,Vernon,16r,1642-08-29,39 p[ai]d Captaine Bradley for reparing the Armes that came from Hull & buyinge pistoll[es] and other thing[es] for his service £500 - 0s - 0d,"Bradley, John",Captain,,,,,,
544,V0717,Vernon,24v,1642-09-12,101 more for him to accompt for 100l p[ai]d to Captaine Bradly uppon a warr[an]t of more monie £100 - -s - -d,"Bradley, John",Captain,,,,,,
545,V2202,Vernon,56r,1643-03-07,156 p[ai]d John Brak[es] late a trooper in major Belfours troope who by reason of manie wound[es] Rec[eive]d at the battle of Keinton hath rec[eive]d noe pay from [th]e 23 [Octo]bre to [th]e 7 march being due to him 16.17.6. p[ai]d in part £10 - 0s - 0d,"Brake, John",Trooper,horse,,,"Balfour, William, Major",wounded,
546,V2407,Vernon,60v,1643-04-13,p[ai]d Jo[hn] Brake [th]e like £6 - 17s - 6d,"Brake, John",Trooper,horse,,,,wounded,
547,F0171,Fenton,99v,1643-07-29,p[ai]d John Brette for [th]e use of [th]e prison[e]rs at oxford £100 - 0s - 0d,"Brette, John",,,,,,,
548,F0301,Fenton,101v,1643-09-11,p[ai]d John Brette Trumpetter £5 - 0s - 0d,"Brette, John",Trumpeter,,,,,,
549,V0484,Vernon,18r,1642-09-02,77 p[ai]d Capt[ain] Roger Bretterige for a mo[nths] pay of his compa[ny] of 88 menn in my lo[rd] G[enera]lls reg[imen]t from the 22 aug[us]t £82 - 2s - 8d,"Bretterige, Roger",Captain,foot,,"Essex, Earl of",,,
550,V0764,Vernon,25v,1642-09-30,77 p[ai]d Capt[ain] Bretterige In my lo[rd] g[enera]ll[es] regim[en]t for his arrears for a compa[ny] of 75 soldiers & 1/2 a mo[nths] paye to end 14 [Octo]bre £72 - 10s - 0d,"Bretterige, Roger",Captain,foot,,"Essex, Earl of",,,
551,V1919,Vernon,50r,1643-01-13,77 p[ai]d Captaine Bretterige capt[ain] of a foot compa[ny] in my lord G[e]n[era]ll[es] reg[imen]t for pay of 20 menn of his compa[ny] for 38 dayes from the 14 [Octo]bre £25 - 6s - 8d,"Bretterige, Roger",Captain,foot,,"Essex, Earl of",,,
552,V0406,Vernon,16r,1642-08-30,8 p[ai]d James Bricknell surgeon to S[i]r w[illia]m walers regiment for chest monie 15l more for on mo[nths] intertainm[en]t for himself and his 2 mates at 9s p[er] diem 12 12 £27 - 12s - 0d,"Bricknell, James",Surgeon,horse,,"Waller, William, Sir",,,
553,V1288,Vernon,37r,1642-11-11,8 p[ai]d James Bricknell surgeon to S[i]r w[illia]m walers Reg[imen]t of horse for his pay & severall allowances to the 12 [Novem]bre £90 - 11s - 0d,"Bricknell, James",Surgeon,horse,,"Waller, William, Sir",,,
554,V2235,Vernon,57r,1643-03-09,98 p[ai]d Jo[hn] Bridges and w[illia]m dod 2 troop[er]s of Cap[tain] drap[er]s troop wounded at Kinton in part of a warr[ant] for 18 week[es] pay 31 10.0 £20 - 0s - 0d,"Bridges, John (trooper)",Trooper,horse,,,"Draper, Matthew",wounded,
555,V2406,Vernon,60v,1643-04-13,p[ai]d John Bridges & w[illia]m Dod wounded troop[er]s in full of a warrent of [th]e 9 march £11 - 10s - -d,"Bridges, John (trooper)",Trooper,horse,,,,wounded,
556,V0689,Vernon,23v,1642-09-09,98 p[ai]d Capt[ain] John Bridges for a mo[nths] pay of 70 sol[diers] in my lord Brook[es] regiment from [th]e 5 present £68 - 6s - 8d,"Bridges, John, Capt",Captain,foot,,"Brooke, Lord",,,
557,V3195,Vernon,76r,1643-08-25,170 p[ai]d Rogers Bridges Cornet of Cap[tain] salkil[es] troop for 14 days for that troop £189 - 7s - -d,"Bridges, Roger",Cornet,horse,,,"Salkeld, William",,
558,V1290,Vernon,37r,1642-11-12,19 p[ai]d Mathew Broad surgeon to [th]e traine of Artigliry for furnishing his chest & other occations £55 - 8s - -d,"Broad, Matthew",Surgeon,artillery,,,,,
559,V2931,Vernon,71v,1643-07-13,[...] p[ai]d mathew Broad surgeon to [th]e traine of Artigliry toward[es] supply of his chest £15 - 0s - 0d,"Broad, Matthew",Surgeon,artillery,,,,,
560,V3273,Vernon,77v,1643-08-29,19 p[ai]d mathew Broad surgeon to the traine of Artigliry for [th]e maintenance of 3 bidett[es] from [th]e 11 [Novem]bre to [th]e 22 Aug[us]tt besid[es] 18.18. by him receaved £23 - 17s,"Broad, Matthew",Surgeon,artillery,,,,,
561,V3201,Vernon,76r,1643-08-25,81 p[ai]d Ellen Broadhurst wiffe to Georg Broadhurst deceased a soldier in Cap[tain] Bushell[es] compa[ny] for 10 week[es] pay due to him £2 - 6s - 8d,"Broadhurst, Ellen",Widow,,,,,,
562,V3201,Vernon,76r,1643-08-25,81 p[ai]d Ellen Broadhurst wiffe to Georg Broadhurst deceased a soldier in Cap[tain] Bushell[es] compa[ny] for 10 week[es] pay due to him £2 - 6s - 8d,"Broadhurst, George",Soldier,foot,,,Bushell,deceased,
563,V0980,Vernon,30v,1642-10-15,115 p[ai]d Capt[ain] John Bromhall for arrears & pay of his compa[ny] of 45 sold[ier]s in Coll[onel] Hamdens reg[imen]t to the 28 present £35 - 4s - 8d,"Bromhall, John",Captain,foot,,"Hampden, John",,,
564,V1215,Vernon,35v,1642-11-10,115 p[ai]d Captaine John Bromhall for entertainm[en]t of his officers & sold[ier]s in the Reg[imen]t of Collonel Hampden £123 - 10s - -d,"Bromhall, John",Captain,foot,,"Hampden, John",,,
565,V0039,Vernon,6r,1642-08-09,14 p[ai]d my Lord Brook[es] for mountinge 2 trumpeters 1 farrier & 1 sadler at 8l a peece £32 - 0s - 0d,"Brooke, Lord",Captain,horse,,,,,
566,V0045,Vernon,6r,1642-08-09,"14 p[ai]d my lord Brooke Captaine of a troop of 60 harquebusiers for the pay of his l[ordshi]p and officers for [?15?] dayes, 49 5: more for 7 daies more for his officers and troop 52l.10. In all £101 - 15s - 0d","Brooke, Lord",Captain,horse,,,,,
567,V0046,Vernon,6r,1642-08-09,14 more p[ai]d him for advance of a months paye for the said troope £345 - 16s - 0d,"Brooke, Lord",Captain,horse,,,,,
568,V0081,Vernon,7r,1642-08-11,14 p[ai]d the Lord brooke for a monthes entertainment of his regiment of 1200 men by way of imprest £1044 - 16s - 0d,"Brooke, Lord",Colonel,foot,,,,,
569,V0098,Vernon,7v,1642-08-12,14 p[ai]d the Lord Brooke to furnish his farier & sadler 6l a peece imprest £12 - 0s - 0d,"Brooke, Lord",Captain,horse,,,,,
570,V0221,Vernon,11r,1642-08-18,14 p[ai]d the Lord Brooke for on monthes entertainm[en]t of himself and his regim[en]t on foot by imprest £644 - 16s,"Brooke, Lord",Colonel,foot,,,,,
571,V0223,Vernon,11r,1642-08-18,14 p[ai]d [th]e Lord Brook for Scarff[es] for his troop of horse £30 - 0s - 0d,"Brooke, Lord",Captain,horse,,,,,
572,V0243,Vernon,11v,1642-08-19,14 p[ai]d to the Lord Brooke to be added to the 400l already receaved for the leviing of his regiment of 1200 menn £200 - -s - -d,"Brooke, Lord",Colonel,foot,,,,,
573,V0244,Vernon,11v,1642-08-19,more p[ai]d him for scarff[es] for his troope £30 - -s - -d,"Brooke, Lord",Captain,horse,,,,,
574,V0283,Vernon,12v,1642-08-23,"51 p[ai]d sergant major Aylworth for one monthes paye of 120 soldiers from the 19 of this instant aug[us]t, uppon w[hi]ch day they wear mustered, being his comp[any] in my lord Brook[es] reg[imen]t £112 - 0s - 0d","Brooke, Lord",Colonel,foot,,,,,
575,V0300,Vernon,13r,1642-08-24,54 p[ai]d Capt[ain] Fitch for on monthes pay of 98 soldiers of my lord brook[es] regiment musterd & beginin 17 Aug[us]t £91 - 9s - 4d,"Brooke, Lord",Colonel,foot,,,,,
576,V0301,Vernon,13r,1642-08-24,19 p[ai]d the Lord Brooke for a months pay of 197 soldiers his owne comp[any] beginning as above £183 - 17s - 4d,"Brooke, Lord",Colonel,foot,,,,,
577,V0302,Vernon,13r,1642-08-24,54 p[ai]d Capt[ain] Ralph Cottesforth for one months pay of 86 sold[ie]rs of the same regim[en]t entring as above £80 - 5s - 4d,"Brooke, Lord",Colonel,foot,,,,,
578,V0312,Vernon,13v,1642-08-24,56 p[ai]d Captaine John Lilborne for a monthes pay of his companie of 97 menn in the regiment of my lord Brooke musterd the 18 present £90 - 10s - 8d,"Brooke, Lord",Colonel,foot,,,,,
579,V0502,Vernon,18v,1642-09-03,14 p[ai]d the Lord Brook[es] for o[ne] mo[nths] pay for the officers of his reg[imen]t to begine from [th]e 27 Aug[us]t £542 - 16s - 0d,"Brooke, Lord",Colonel,foot,,,,,
580,V0553,Vernon,20r,1642-09-05,14 p[ai]d my lord Brooke for 11 wagons £440 - 0s - 0d,"Brooke, Lord",Colonel,foot,,,,,
581,V2056,Vernon,53r,1642-09-05,14 p[ai]d the lord Brooke [th]e like £200 - -s - -d,"Brooke, Lord",,,,,,,
582,V0689,Vernon,23v,1642-09-09,98 p[ai]d Capt[ain] John Bridges for a mo[nths] pay of 70 sol[diers] in my lord Brook[es] regiment from [th]e 5 present £68 - 6s - 8d,"Brooke, Lord",Colonel,foot,,,,,
583,V0736,Vernon,25r,1642-09-26,14 p[ai]d my lord Brook[es] in full paym[en]t of his pay & the said troop untill the 1 [Octo]bre next £175 - 13s - 0d,"Brooke, Lord",Captain,horse,,,,,
584,V0801,Vernon,26v,1642-10-01,14 p[ai]d the lord Brook[es] for on 1/2 mo[nths] pay for his troope of 60 harqueb[usiers] to begine [th]e 1 [Octo]bre £174 - 13s - 0d,"Brooke, Lord",Captain,horse,,,,,
585,V0894,Vernon,28v,1642-10-10,14 p[ai]d the Lord Brooke Collonel of a regim[en]t of dragoon[er]s for pay of 370 drag[oons] for 7 dayes to begine from the 8 [Octo]bre £194 - 9s - -d,"Brooke, Lord",Colonel,dragoons,,,,,
586,V0895,Vernon,28v,1642-10-10,more p[ai]d him uppon acc[oun]tt for charges of raisinge and bringinge horses to Wor[cester] £100 - 0s - 0d,"Brooke, Lord",Colonel,dragoons,,,,,
587,V0896,Vernon,28v,1642-10-10,more for 1/2 a mo[nths] pay of the officers of [th]e said regement £242 - 4s - 0d,"Brooke, Lord",Colonel,dragoons,,,,,
588,V0897,Vernon,28v,1642-10-10,more uppon accompt for providing 300 saddles for dragoon[er]s £150 - 0s - 0d,"Brooke, Lord",Colonel,dragoons,,,,,
589,V0933,Vernon,29v,1642-10-11,14 p[ai]d m[aste]r will[ia]m wickins Chaplaine to my lord Brook[es] Reg[imen]t on foot for several allowances as by the warr[an]t £34 - 14s - -d,"Brooke, Lord",Colonel,foot,,,,,
590,V0973,Vernon,30v,1642-10-15,14 p[ai]d the lord Brooke uppon acc[oun]tt for his regiment on foot £200 - -s - -d,"Brooke, Lord",Colonel,foot,,,,,
591,V1000,Vernon,31r,1642-10-18,14 p[ai]d the Lord Brook[es] for 1/2 a mo[nths] pay for his troope endinge the 28 [Octo]bre 1642 £174 - 13s - 0d,"Brooke, Lord",Captain,horse,,,,,
592,V1066,Vernon,32v,1642-10-27,14 p[ai]d my lord Brooke for a fortnights pay for the officers of his reg[imen]t of foot & himself £275 - 7s - 4d,"Brooke, Lord",Colonel,foot,,,,,
593,V1067,Vernon,32v,1642-10-27,14 more toward[es] the pay of his sold[ier]s uppon acc[oun]t £200 - -s - -d,"Brooke, Lord",Colonel,foot,,,,,
594,V1101,Vernon,33r,1642-10-28,14 p[ai]d the Lord Brooke for 1/2 a mo[nths] pay for his troop to begine the 29 [Octo]bre £174 - 13s - 0d,"Brooke, Lord",Captain,horse,,,,,
595,V1170,Vernon,34v,1642-11-08,14 p[ai]d my lord Brook[es] for pay of his Regiment by way of imprest £400 - -s - -d,"Brooke, Lord",Colonel,foot,,,,,
596,V1346,Vernon,38r,1642-11-15,14 p[ai]d my lord Brooke the like £174 - 13s - 0d,"Brooke, Lord",Captain,horse,,,,,
597,V1390,Vernon,39r,1642-11-23,14 p[ai]d the Lord Brooke for guift monie of 480 sold[ier]s of his regiment £60 - 0s - 0d,"Brooke, Lord",Colonel,foot,,,,,
598,V1618,Vernon,43v,1642-12-10,14 p[ai]d the lord Brooke toward[es] payment of the officers and sold[ier]s of his reg[imen]t uppon acc[oun]tt £234 - 16s - -d,"Brooke, Lord",Colonel,foot,,,,,
599,V1619,Vernon,43v,1642-12-10,more for 1/2 a mo[nths] pay for his troope £174 - 13s - -d,"Brooke, Lord",Captain,horse,,,,,
600,V1735,Vernon,46r,1642-12-22,14 p[ai]d my lord Brook[es] the like £174 - 13s - -d,"Brooke, Lord",Captain,horse,,,,,
601,V0168,Vernon,9v,1642-08-15,sallery p[ai]d Isaack Broomwich for charges of severall post & messages about the busines of warwicke & coventry £7 - 0s - 0d,"Broomwich, Isaac",,,,,,,
602,V2158,Vernon,55r,1643-03-03,7 p[ai]d Edward & will[ia]m Browne & will[iam] Heydon Ensigne bearer [^late^] officers of [th]e lord whartons Regi[men]t for [th]e pay due to them for 2 monthes and three week[es] from [th]e 4 of november to [th]e 19 Janu[ary] as by [th]e war[rant] £42 - 7s - -d,"Browne, Edward",,foot,,"Wharton, Lord",,,
603,V2277,Vernon,58r,1643-03-24,176 p[ai]d James Browne leifft[enant] reformado of horse for a months pay p[er] acc[oun]tt £11 - 4s - -d,"Browne, James",Lieutenant,horse,,,,reformado,
604,V2486,Vernon,62r,1643-04-29,176 p[ai]d leifft[enant] James Browne reformado for 2 mo[nths] 12 days to [th]e 26 march £33 - 0s - 0d,"Browne, James",Lieutenant,,,,,reformado,
605,V2784,Vernon,68r,1643-06-21,172 p[ai]d James Browne late leifft[enant] to Capt[ain] Charles Pime for a mo[nths] pay as leifft[enant] of horse £25 - 4s - -d,"Browne, James",Lieutenant,horse,,,"Pym, Charles",,
606,F0211,Fenton,100r,1643-08-03,p[ai]d L[ieutenan]t James Browne £12 - 12s - 0d,"Browne, James",Lieutenant,,,,,,
607,V3240,Vernon,77r,1643-08-26,200 p[ai]d James Browne liefft[enant] of a troop of horse & Coadjutor to [th]e Adjutant g[e]n[era]ll for 21 days uppon acc[oun]tt £18 - 18s - -d,"Browne, James",Lieutenant,horse,,,,,
608,V3411,Vernon,79v,1643-10-22,176 p[ai]d leifft[enant] James Browne for pay of severall dutch officers reformados £163 - 16s - -d,"Browne, James",Lieutenant,,,,,,
609,V3534,Vernon,81r,1643-12-01,213 p[ai]d Jams Browne adjutant of [th]e horse for 14 daies £32 - 4s - 0d,"Browne, James",Adjutant,horse,,,,,
610,V3764,Vernon,84r,1644-02-05,6 p[ai]d leift[enant] Brown Adjutant for 14 daies £16 - 2s - -d,"Browne, James",Adjutant,,,,,,
611,V0030,Vernon,5v,1642-08-09,12 p[ai]d Collonel Browne Collonell of 1000 dragooners by way of imprest to be distributed amonge his officers £100 - 0s - 0d,"Browne, John, Colonel",Colonel,dragoons,,,,,
612,V0266,Vernon,12r,1642-08-20,12 p[ai]d Collonell Browne for levy monie of 600 dragooners & officers £3792 - 0s - 0d,"Browne, John, Colonel",Colonel,dragoons,,,,,
613,V0456,Vernon,17v,1642-09-01,72 p[ai]d serg[ean]t major nathaneel Gorden for on mo[nths] pay of a troop of horse under Collonel Brownes reg[imen]t consistinge of 96 dragone[r]s begininge 25 Aug[us]t £201 - 12s - 0d,"Browne, John, Colonel",Colonel,dragoons,,,,,
614,V0459,Vernon,17v,1642-09-01,73 p[ai]d Capt[ain] w[illia]m Buchan for 1 mo[nths] pay of 91 drag[oon]s of the reg[imen]t above £191 - 2s - -d,"Browne, John, Colonel",Colonel,dragoons,,,,,
615,V0460,Vernon,17v,1642-09-01,73 p[ai]d Capt[ain] Robert More for 81 drag[oons] as above £170 - 2s,"Browne, John, Colonel",Colonel,dragoons,,,,,
616,V0461,Vernon,17v,1642-09-01,73 p[ai]d Capt[ain] Rob[er]t Maine for a troope of 75 drago[ons] of the reg[imen]t above £157 - 10s,"Browne, John, Colonel",Colonel,dragoons,,,,,
617,V0463,Vernon,17v,1642-09-02,12 p[ai]d Collonell Browne coll[onel] of a reg[imen]t of 600 dragoon[er]s for on mo[nths] pay and entertainm[en]t for himself & officers beginn from [th]e 30 July last £484 - 8s - 0d,"Browne, John, Colonel",Colonel,dragoons,,,,,
618,V0464,Vernon,17v,1642-09-02,12 more for advance of 8 wagons allowed his reg[imen]t £320 - 0s - 0d,"Browne, John, Colonel",Colonel,dragoons,,,,,
619,V0620,Vernon,21v,1642-09-06,12 p[ai]d Collonel John Browne for an allowance made to his sold[ier]s that came from hull 30. 6. for his surgeon[es] chest 15l for marshall[es] Irons 7l in all £52 - 6s - 0d,"Browne, John, Colonel",Colonel,dragoons,,,,,
620,V0788,Vernon,26r,1642-10-01,12 p[ai]d Collonel John Browne of a regiment of dragooners for a mo[nth] and 7 dayes paye for the officers of his regim[en]t £518 - 3s - 6d,"Browne, John, Colonel",Colonel,dragoons,,,,,
621,V0807,Vernon,26v,1642-10-01,12 p[ai]d Coll[onel] John Browne for the arrers of his owne troop of 94 drago[ons] & 1/2 a mo[nths] paye £162 - 3s - 0d,"Browne, John, Colonel",Colonel,dragoons,,,,,
622,V0839,Vernon,27v,1642-10-04,12 p[ai]d John Blockman wagon m[aste]r of Collonel Brownes regim[en]t for his pay for 2 mo[nths] & 7 dayes to [th]e 30 [Septem]bre £9 - 9s - -d,"Browne, John, Colonel",Colonel,dragoons,,,,,
623,V1163,Vernon,34v,1642-11-08,12 p[ai]d Collonel Browne for 1/2 a mo[nths] pay for 537 dragoone[er]s of his reg[imen]t to [th]e 29 [Octo]bre £563 - 17s - -d,"Browne, John, Colonel",Colonel,dragoons,,,,,
624,V1588,Vernon,43r,1642-12-05,73 p[ai]d Collonell John Browne for pay of himself officers and dragoone[er]s of his Reg[imen]t from [th]e 1 [Octo]bre to the 15 [Novem]bre beinge on mo[nths] & 18 dayes £801 - 1s - -d,"Browne, John, Colonel",Colonel,dragoons,,,,,
625,V2070,Vernon,53r,1643-02-21,73 p[ai]d John Carrs Capt[ain] leifft[enant] of that reg[imen]t of dragooners wherof John Brown was Coll[onel] for his pay from [th]e 15 no[vembe]r to [th]e 25 Jan[uary] being 2 mo[nths] 3 week[es] at 7s p[er] diem £26 - 19s - 0d,"Browne, John, Colonel",Colonel,dragoons,,,,,
626,V0457,Vernon,17v,1642-09-01,73 p[ai]d S[i]r John Browne for 1 mo[nths] pay for 100 drag[oon]s offic[e]rs excepted begine 25 aug[us]t £210 - 0s - 0d,"Browne, John, Sir",Captain,dragoons,,,,,
627,V0458,Vernon,17v,1642-09-01,73 more for a troope of 94 drag[oon]s 25 aug[us]t £197 - 8s - 0d,"Browne, John, Sir",Captain,dragoons,,,,,
628,V0802,Vernon,26v,1642-10-01,73 p[ai]d John Browne as capt[ain] of 100 dragooners for the arrers of the said troope as alsoe for on 1/2 mo[nths] pay to end [th]e 14 [Octo]bre £172 - 10s - -d,"Browne, John, Sir",Captain,dragoons,,,,,
629,V1598,Vernon,43v,1642-12-06,12 p[ai]d Richard Brown Collonel of a Regiment of dragooners uppon acc[oun]tt £300 - -s - -d,"Browne, Richard",Colonel,dragoons,,,,,
630,V1798,Vernon,47v,1642-12-27,12 p[ai]d Coll[onel] Richard Browne toward[es] pay of his Regiment of dragoon[er]s uppon acc[oun]tt £1000 - -s,"Browne, Richard",Colonel,dragoons,,,,,
631,V1875,Vernon,49r,1643-01-06,12 p[ai]d Coll[onel] Richard Brown the like for his Regi[men]t £500 - 0s - 0d,"Browne, Richard",Colonel,dragoons,,,,,
632,V1929,Vernon,50r,1643-01-21,12 p[ai]d Collonel Richard Browne toward[es] payment of his Regiment of dragoon[er]s £200 - 0s - 0d,"Browne, Richard",Colonel,dragoons,,,,,
633,V2188,Vernon,56r,1643-03-07,12 p[ai]d Coll[onel] Richard Browne in part of a warr[ant] of 349.6.0 for his troop £200 - 0s - 0d,"Browne, Richard",Captain,horse,,,,,
634,V2316,Vernon,58v,1643-04-12,12 p[ai]d Coll[onel] Browne the like for his troop £174 - 13s - -d,"Browne, Richard",Captain,horse,,,,,
635,V2432,Vernon,61r,1643-04-14,12 p[ai]d Coll[onel] Browne late Coll[onel] of a reg[imen]t of dragoon[er]s for a whole mo[nths] pay as Coll[onel] and Capt[ain] uppon acc[oun]tt £70 - 0s - 0d,"Browne, Richard",Colonel,dragoons,,,,,
636,V2527,Vernon,62v,1643-05-01,12 p[ai]d Coll[onel] Richard Browne for 7 days pay for his under officers & 56 troop[er]s £56 - 0s - 0d,"Browne, Richard",Captain,horse,,,,,
637,V2572,Vernon,63v,1643-05-24,12 p[ai]d Coll[onel] Richard Browne for his officers & 46 troop[er]s as above £300 - 6s - 0d,"Browne, Richard",Captain,horse,,,,,
638,V2726,Vernon,67r,1643-06-20,12 p[ai]d Coll[onel] Browne for 14 dayes for the officers & 46 troop[er]s end[ing] [th]e 22 pres[en]t £148 - 1s - -d,"Browne, Richard",Captain,horse,,,,,
639,V2856,Vernon,69v,1643-07-12,12 p[ai]d Coll[onel] Richard Browne for 14 days for his officers & 46 troop[er]s end[ing] 6 Julie £148 - 7s - -d,"Browne, Richard",Captain,horse,,,,,
640,V3168,Vernon,75v,1643-08-25,197 p[ai]d serg[ean]t major Browne in [th]e Regi[men]t late under Coll[onel] Ballard & now Coll[onel] martins for 14 dayes pay for that Regi[men]t £334 - 7s - 4d,"Browne, Thomas",Major,foot,,"Ballard, Thomas",,,
641,V2158,Vernon,55r,1643-03-03,7 p[ai]d Edward & will[ia]m Browne & will[iam] Heydon Ensigne bearer [^late^] officers of [th]e lord whartons Regi[men]t for [th]e pay due to them for 2 monthes and three week[es] from [th]e 4 of november to [th]e 19 Janu[ary] as by [th]e war[rant] £42 - 7s - -d,"Browne, William",,foot,,"Wharton, Lord",,,
642,F0284,Fenton,101v,1643-09-01,p[ai]d Capt[ain] Harman Browning £42 - 4s - 0d,"Browning, Harman",Captain,,,,,,
643,V1315,Vernon,37v,1642-11-12,"p[ai]d John Bruce, Thomas Robert[es] & John Kent Carters for hier of ther severall teams 21 days each £26 - 7s - -d","Bruce, John (wagoner)",Wagoner,artillery,,,,,
644,V2468,Vernon,61v,1643-04-28,41 p[ai]d leifft[enant] Bruce late leifft[enant] to Capt[ain] Jo[hn] Hammond for his pay for 6 week[es] ending 23 Janu[ary] £48 - 6s - 0d,"Bruce, Lt",Lieutenant,horse,,,"Hammond, John",,
645,V3884,Vernon,85r,1644-03-02,p[ai]d leift[enant] bruce for 14 days as adjutant of horse £16 - 2s - -d,"Bruce, Lt",Adjutant,horse,,,,,
646,V2949,Vernon,72r,1643-07-13,191 p[ai]d m[istres]s Brummage late wiffe of Capt[ain] Thomas Brumadge deceased Capt[ain] of a compa[ny] of foot in Coll[onel] Ballard[es] Regi[men]t for pay due to him ending 4 maye £16 - 10s - 0d,"Brummage, Mrs",Widow,,,,,,
647,V2949,Vernon,72r,1643-07-13,191 p[ai]d m[istres]s Brummage late wiffe of Capt[ain] Thomas Brumadge deceased Capt[ain] of a compa[ny] of foot in Coll[onel] Ballard[es] Regi[men]t for pay due to him ending 4 maye £16 - 10s - 0d,"Brummage, Thomas",Captain,foot,,"Ballard, Thomas",,deceased,
648,V0459,Vernon,17v,1642-09-01,73 p[ai]d Capt[ain] w[illia]m Buchan for 1 mo[nths] pay of 91 drag[oon]s of the reg[imen]t above £191 - 2s - -d,"Buchan, William",Captain,dragoons,,"Browne, John, Colonel",,,
649,V0806,Vernon,26v,1642-10-01,106 p[ai]d Capt[ain] w[illia]m Buchan Capt[ain] of 91 dragoners for ther arrers & 1/2 a mo[nths] pay as before £156 - 9s - 9d,"Buchan, William",Captain,dragoons,,,,,
650,V2568,Vernon,63v,1643-05-24,171 p[ai]d C[aptain] Anthony Buller for furnishing for furnishing severall officers of major g[e]n[era]ll[es] troop £61 - -s - -d,"Buller, Anthony",Captain-Lieutenant,horse,,,"Skippon, Philip",,
651,F0232,Fenton,100v,1643-08-10,p[ai]d Capt[ain] Antho[ny] Buller £40 - 0s - 0d,"Buller, Anthony",Captain,,,,,,
652,V3187,Vernon,76r,1643-08-25,26 d[i]tt[o] 167 p[ai]d C[aptain] Anto[ny] Boller for 14 days pay of that troop of horse wherof C[aptain] Richard Fines was Capt[ain] £171 - 3s - -d,"Buller, Anthony",Captain,horse,,,,,
653,V3188,Vernon,76r,1643-08-25,167 more p[ai]d him in lieu of advance monie w[hi]ch he receaved not £40 - 0s - 0d,"Buller, Anthony",Captain,horse,,,,,
654,V3326,Vernon,78v,1643-10-14,171 p[ai]d C[aptain] Buller for his troop £171 - 3s - -d,"Buller, Anthony",Captain,horse,,,,,
655,V3507,Vernon,80v,1643-12-01,190 p[ai]d C[aptain] Buller the like for his troop £177 - 16s - 0d,"Buller, Anthony",Captain,horse,,,,,
656,V3780,Vernon,84r,1644-02-13,96 p[ai]d Ca[ptain] Buller [th]e like £185 - 3s - 0d,"Buller, Anthony",Captain,horse,,,,,
657,V2080,Vernon,53v,1643-02-24,p[ai]d George Bulmer imployed for [th]e service of the state for maintenance of 27 horse from [th]e 24 [Decem]bre to [th]e 24 present beinge nine week[es] at 7l.7s a weeke £66 - 3s - -d,"Bulmer, George",,,,,,,
658,F0218,Fenton,100r,1643-08-05,p[ai]d Rob[er]te Bullmer £12 - 0s - 0d,"Bulmer, Robert (scout)",,,,,,,
659,V3053,Vernon,73v,1643-08-18,p[ai]d Rob[er]t Bulmer scout for 7 daies £6 - 9s - 6d,"Bulmer, Robert (scout)",Scout,scouts,,,,,
660,F0058,Fenton,97v,1643-06-10,p[ai]d M[aste]r Rob[er]te Bulmer £40 - 0s - 0d,"Bulmer, Robert, Mr",,,,,,,
661,V1380,Vernon,38v,1642-11-24,19 p[ai]d another Roger dickson surgeon to Coll[onel] Bulstred for furnishinge his chest 15l & 1 mo[nths] pay for himself and mates 12.12 £27 - 12s - -d,"Bulstrode, Henry",Colonel,foot,,,,,
662,V1776,Vernon,47r,1642-12-26,154 p[ai]d Collonell Bulstrood toward[es] pay of his regiment uppon acc[oun]tt £300 - -s - -d,"Bulstrode, Henry",Colonel,foot,,,,,
663,V1874,Vernon,49r,1643-01-06,154 p[ai]d Coll[onel] Bulstred toward[es] payment of his Regiment uppon acc[oun]tt £300 - 0s - 0d,"Bulstrode, Henry",Colonel,foot,,,,,
664,V1940,Vernon,50v,1643-01-26,154 p[ai]d Collonell Bulstrood toward[es] the pay & entertainm[en]t of the officers of his reg[imen]t £500 - 0s - 0d,"Bulstrode, Henry",Colonel,foot,,,,,
665,V2145,Vernon,55r,1643-03-02,154 p[ai]d Coll[onel] Bulstrood toward[es] payment of his reg[imen]t uppon accompt [th]e war[ran]t was 1211. I paid in part £900 - -s - -d,"Bulstrode, Henry",Colonel,foot,,,,,
666,V2340,Vernon,59r,1643-04-12,154 p[ai]d Coll[onel] Bulstrood the like for his Regi[men]t £605 - 10s - -d,"Bulstrode, Henry",Colonel,foot,,,,,
667,V2547,Vernon,63r,1643-05-05,154 p[ai]d Coll[onel] Bulstrood for 7 dayes pay for [th]e under officers & 613 sold[er]s of his Regi[men]t £172 - 1s - 8d,"Bulstrode, Henry",Colonel,foot,,,,,
668,V2664,Vernon,65v,1643-05-26,154 p[ai]d Coll[onel] Bolstrood for a mo[nths] pay for himself officers & 562 sold[ier]s of his Regi[men]t end[ing] 11 June £1066 - 6s - 8d,"Bulstrode, Henry",Colonel,foot,,,,,
669,V2728,Vernon,67r,1643-06-20,154 p[ai]d Coll[onel] Bulstrood for 14 dayes for [th]e offic[er]s & 562 sold[ier]s end[ing] 25 pres[en]t £593 - 8s - 0d,"Bulstrode, Henry",Colonel,foot,,,,,
670,V2875,Vernon,70r,1643-07-12,154 p[ai]d Coll[onel] Bulstrood for 14 dayes pay for his officers & 505 sold[ier]s of his Regim[en]t end[ing] 9 Julie £504 - 18s - 8d,"Bulstrode, Henry",Colonel,foot,,,,,
671,F0176,Fenton,99v,1643-07-30,p[ai]d Coll[onel] Bolstrode £117 - 16s - 8d,"Bulstrode, Henry",Colonel,,,,,,
672,V3013,Vernon,73r,1643-08-16,154 p[ai]d major Fortescue for 7 dayes pay for the Regi[men]t late Coll[onel] Bulstrood[es] £248 - 0s - 8d,"Bulstrode, Henry",Colonel,foot,,,,,
673,V3202,Vernon,76r,1643-08-25,159 p[ai]d Richard Fortescue major of [th]e Regi[men]t late of Coll[onel] Bulstrood for pay of that Regi[men]t £494 - 7s - 4d,"Bulstrode, Henry",Colonel,foot,,,,,
674,F0312,Fenton,102r,1643-09-11,paid Major Fortescue for Coll[onel] Bolstrods Regim[en]t £81 - 19s - 2d,"Bulstrode, Henry",Colonel,,,,,,
675,F0326,Fenton,102r,1643-09-16,Lent Coll[onel] Bolstrode & Major Fortescue for [th]e pay of [th]e souldiers in [tha]t Regim[en]t £50 - 0s - 0d,"Bulstrode, Henry",Colonel,,,,,,
676,V3306,Vernon,78r,1643-10-14,154 p[ai]d C[olone]ll Coningham for that Regi[men]t w[hi]ch was C[olone]ll Bolstrod[es] £416 - 7s - 8d,"Bulstrode, Henry",Colonel,foot,,,,,
677,V3617,Vernon,82r,1643-12-09,54 p[ai]d Roger Dixon surgeon of Coll[onel] Bulstrod[es] Regi[men]t for arrears £36 - 18s - -d,"Bulstrode, Henry",Colonel,foot,,,,,
678,V0390,Vernon,15v,1642-08-29,sallery fol 5 p[ai]d Docter Burgesse preacher to my lord Gen[era]lls regiment for his advance monie £20 - 0s - 0d,"Burges, Cornelius",Chaplain,horse,,"Essex, Earl of",,,
679,V0441,Vernon,17r,1642-09-01,sallery 103 p[ai]d Docter Burges for postage & other charges from London to Portsmouth £5 - 7s - 0d,"Burges, Cornelius",,,,,,,
680,V0756,Vernon,25v,1642-09-29,103 p[ai]d Dr Burgess on of my lord g[enera]ll[es] chaplains for 2 whole mo[nths] & 7 dayes for himself and servant & 1/2 a wagon as by the warr[an]t £47 - 6s - -d,"Burges, Cornelius",Chaplain,horse,,"Essex, Earl of",,,
681,V1578,Vernon,43r,1642-12-05,37 p[ai]d S[i]r Phillip Stapleton for a whole mo[nths] pay for the officers of the g[enera]ll[es] troop of Cuirassiers & for docter Burges & his servant[es] pay £272 - 2s - 8d,"Burges, Cornelius",Chaplain,horse,,"Essex, Earl of",,,
682,V0350,Vernon,14v,1642-08-26,61 p[ai]d John Burgesse Quartermaster to S[i]r Sigismond who in the Irish service had receaved 12l & now in this was to rec 30 rest[es] £18 - 0s - 0d,"Burgess, John",Quartermaster,horse,,,"Alexander, Sigismund, Sir",,
683,F0067,Fenton,97v,1643-06-12,p[ai]d Major Burgh £40 - 0s - 0d,"Burgh, Major",Major,,,,,,
684,V0069,Vernon,7r,1642-08-10,19 p[ai]d Capt[ain] Robert Burghill for advance of on monthes paye of a troope of 60 harqu[ebusiers] £349 - 16s - 0d,"Burghill, Robert",Captain,horse,,,,,
685,V0126,Vernon,8v,1642-08-12,19 p[ai]d Captaine Burghill for an arreer of pay due to him & his officers from the 15 Julie Inclusive to the 6 August exclusive £104 - 9s - 6d,"Burghill, Robert",Captain,horse,,,,,
686,V0296,Vernon,13r,1642-08-23,19 p[ai]d Capt[ain] Robert Burghill for pad[es] bridles & bitt[es] for his 2 trumpeters farrier and sadler £6 - 0s - 0d,"Burghill, Robert",Captain,horse,,,,,
687,V0297,Vernon,13r,1642-08-23,more for scarff[es] for his troope £30 - 0s - 0d,"Burghill, Robert",Captain,horse,,,,,
688,V0622,Vernon,21v,1642-09-07,19 p[ai]d Captaine Robert Burill for his pay of his troope of 60 har[quebusiers] for on mo[nth] to begine from the 20 august £349 - 6s - -d,"Burghill, Robert",Captain,horse,,,,,
689,V0727,Vernon,24v,1642-09-26,19 p[ai]d Captaine Ro[bert] burghill first comissarie for the valuing & inroling of horses at lond[o]n for his pay & entertainm[en]t for 3 whole months endinge the 10 present £42 - -s - -d,"Burghill, Robert",Commissary and Captain,,,,,,
690,V0763,Vernon,25v,1642-09-30,19 p[ai]d Captaine Burghill for arrers of his trope and a monthes pay endinge [th]e 28 [Octo]bre £548 - 18s - 0d,"Burghill, Robert",Captain,horse,,,,,
691,V1074,Vernon,32v,1642-10-27,19 p[ai]d Capt[ain] Rob[er]t Burghill for 1/2 mo[nths] pay for his troope from [th]e 15 [Octo]bre £174 - 13s - 0d,"Burghill, Robert",Captain,horse,,,,,
692,V1244,Vernon,36r,1642-11-11,19 p[ai]d Captaine Burghill for 1/2 mo[nths] pay £174 - 13s - -d,"Burghill, Robert",Captain,horse,,,,,
693,V1535,Vernon,42r,1642-12-05,19 p[ai]d major Burghill for 1/2 a mo[nths] pay for his troope uppon acc[oun]tt £174 - 13s - -d,"Burghill, Robert",Major,horse,,,,,
694,V2004,Vernon,52r,1643-01-24,19 p[ai]d major Burghill for a mo[nths] pay of his troop of horse uppon accompt £349 - 6s - -d,"Burghill, Robert",Major,horse,,,,,
695,V1388,Vernon,39r,1642-11-23,38 p[ai]d Capt[ain] will[ia]m Burbz C[aptain] Jo[hn] Francis C[aptain] Richard Beaton & C[aptain] Georg Hurlocke Capt[ains] of severall foot compa[nies] late in [th]e reg[imen]t of Denzill Hollis as well for pay of themselvs 3 other private Captains latelie deseased and other officers contained in the warr[an]tt & sold[ier]s £356 - 8s - 8d,"Burles, William",Captain,foot,,"Holles, Denzil",,,
696,V1584,Vernon,43r,1642-12-05,142 p[ai]d Capt[ain] w[illia]m [?Burly?] late captaine of a companie of Foot in Collonell Hollis Regiment for an arrear of pay of severall officers in the said Reg[imen]t for on weeke ending 22 [Novem]bre £36 - 15s - 0d,"Burles, William",Captain,foot,,"Holles, Denzil",,,
697,V3059,Vernon,73v,1643-08-18,142 p[ai]d leifft[enant] morrice Bowen leifft[enant] of that compa[ny] wherof L[ieutenant] C[olone]ll Burly was capt[ain] for remainer of pay as leifft[enant] £2 - 16s - -d,"Burles, William",Captain,foot,,,,,
698,V2426,Vernon,61r,1643-04-13,"176 p[ai]d Capt[ain] Robert more C[aptain] Jo[hn] Burne C[aptain] Alex[ander] neale, leifft[enant] Jo[hn] Preston leifft[enant] w[illia]m Hill, officers drago[oons] £130 - -s - -d","Burne, John",Captain,dragoons,,,,,
699,V3436,Vernon,79v,1643-10-27,209 p[ai]d Ca[ptain] Burton [th]e like for his troop £116 - 18s - -d,"Burton, Capt",Captain,horse,,,,,
700,V0519,Vernon,19r,1642-09-03,81 p[ai]d Capt[ain] Thomas Bushell for on mo[nths] pay for his compa[ny] of 193 sold[ier]s und[e]r my Lord G[enera]ll[es] Regim[en]t £180 - 2s - 0d,"Bushell, Thomas",Captain,foot,,"Essex, Earl of",,,
701,V0960,Vernon,30r,1642-10-13,81 p[ai]d Captaine Bushell Capt[ain] leifftenn[ant] of my lord G[enera]ll[es] compa[ny] for arrears and pay of the said compa[ny] to the 15 [Octo]bre £174 - 0s - 8d,"Bushell, Thomas",Captain-Lieutenant,foot,,"Essex, Earl of","Essex, Earl of",,
702,V1196,Vernon,35r,1642-11-09,81 p[ai]d Captaine Thomas Bushell toward[es] the pay of the g[enera]ll[es] owne compa[ny] for 1/2 a month £100 - -s - -d,"Bushell, Thomas",Captain,foot,,"Essex, Earl of",,,
703,V1413,Vernon,39v,1642-11-28,81 p[ai]d Captain Thomas Bushell [th]e 23 & 29 present toward[es] paym[en]t of the g[enera]ll[es] compa[ny] uppon acc[oun]tt £100 - -s - -d,"Bushell, Thomas",Captain,foot,,"Essex, Earl of","Essex, Earl of",,
704,V1550,Vernon,42r,1642-12-05,81 p[ai]d C[aptain] Thomas Bushell Captaine of my lord G[enera]ll[es] owne compa[ny] toward[es] paym[en]t of that compa[ny] £50 - 0s - 0d,"Bushell, Thomas",Captain,foot,,"Essex, Earl of","Essex, Earl of",,
705,V1784,Vernon,47r,1642-12-26,81 p[ai]d C[aptain] Bushell for an arreer of pay of 40 soldiers of [th]e g[eneralles] compa[ny] w[hi]ch wear formerly in other compa[nies] £16 - 0s - 0d,"Bushell, Thomas",Captain,foot,,"Essex, Earl of","Essex, Earl of",,
706,V1785,Vernon,47r,1642-12-26,81 more toward[es] the pay of the said compa[ny] upon acc[oun]t £100 - 0s - 0d,"Bushell, Thomas",Captain,foot,,"Essex, Earl of","Essex, Earl of",,
707,V1936,Vernon,50v,1643-01-21,81 p[ai]d Capt[ain] Thomas Bushell toward[es] payment of my lord g[e]n[era]ll[es] compa[ny] of Foot £150 - -s - -d,"Bushell, Thomas",Captain,foot,,"Essex, Earl of","Essex, Earl of",,
708,V2260,Vernon,57v,1643-03-11,81 p[ai]d Capt[ain] Thomas Bushell toward[es] [th]e pay of my lord g[e]n[era]ll[es] owne compa[ny] uppon acc[oun]tt £30 - -s - -d,"Bushell, Thomas",Captain,foot,,"Essex, Earl of","Essex, Earl of",,
709,V2792,Vernon,68r,1643-06-21,81 p[ai]d C[aptain] Thomas Bushell for pay of 8 sold[ier]s as by [th]e warrent £7 - 14s - -d,"Bushell, Thomas",Captain,,,,,,
710,V2810,Vernon,68v,1643-06-22,81 p[ai]d Capt[ain] Bushell for pay of 28 sold[ier]s for 18 dayes ended 15 June £16 - 16s - -d,"Bushell, Thomas",Captain,,,,,,
711,V3201,Vernon,76r,1643-08-25,81 p[ai]d Ellen Broadhurst wiffe to Georg Broadhurst deceased a soldier in Cap[tain] Bushell[es] compa[ny] for 10 week[es] pay due to him £2 - 6s - 8d,"Bushell, Thomas",Captain,foot,,,,,
712,F0319,Fenton,102r,1643-09-14,p[ai]d Capt[ain] Tho[mas] Bushell £3 - 5s - 4d,"Bushell, Thomas",Captain,,,,,,
713,V1124,Vernon,33v,1642-10-29,97 p[ai]d leifftenn[an]t Fra[ncis] Botteler for 1/2 a mo[nths] pay for himself 2 corporall[es] & 12 troop[er]s of Capt[ain] vivers troop £37 - 16s - 0d,"Butler, Francis",Lieutenant,horse,,,"Vivers, Robert",,
714,V1367,Vernon,38v,1642-11-21,130 p[ai]d Sergeant major Botteler for pay of his compa[ny] of 100 sold[ier]s in my lord peterborrough[es] regiment to beginne the 15 [Novem]bre £93 - 6s - 8d,"Butler, John",Major,foot,,"Peterborough, Earl of",,,
715,V1569,Vernon,42v,1642-12-05,130 p[ai]d John Botteler sergeant major to my Lord Peeterborroughs Reg[imen]t for levy monie for 200 menn 100l. for coll[our]s halbert[es] and drums 40l. surgeons chest 15l marshall[es] Irons 7l in all £162 - -s - -d,"Butler, John",Major,,,"Peterborough, Earl of",,,
716,V1666,Vernon,44v,1642-12-18,130 p[ai]d Sergeant major Botteler captaine of a foot compa[ny] in my lord Peeterborrough[es] reg[imen]t for on mo[nths] pay of 100 soldiers from the 13 [Decem]bre £93 - 6s - 8d,"Butler, John",Captain,foot,,"Peterborough, Earl of",,,
717,V1964,Vernon,51r,1643-01-23,130 p[ai]d major Botteler Capt[ain] of a foot compa[ny] in my lord Peeterborroes reg[imen]t for 14 days pay for 100 soldiers beg[inning] 11 Janu[ary] incl[usive] £46 - 13s - 4d,"Butler, John",Major,foot,,"Peterborough, Earl of",,,
718,V2133,Vernon,54v,1643-03-02,130 p[ai]d major Jo[hn] Botteler for a mo[nths] pay of his compa[ny] of 100 sold[ier]s in the same Regi[men]t endinge [th]e 21 febr[uary] £93 - 6s - 8d,"Butler, John",Major,foot,,"Peterborough, Earl of",,,
719,V2864,Vernon,70r,1643-07-12,130 p[ai]d major Botteler for 14 dayes pay for the officers & sold[ier]s of my lord g[enera]ll[es] Regi[men]t end[ing] 29 June £722 - 11s - -d,"Butler, John",Major,foot,,"Essex, Earl of",,,
720,F0174,Fenton,99v,1643-07-29,p[ai]d Major Botteler £190 - 17s - 4d,"Butler, John",Major,,,,,,
721,F0198,Fenton,100r,1643-08-01,p[ai]d Major John Botteler £13 - 15s - 0d,"Butler, John",Major,,,,,,
722,F0238,Fenton,100v,1643-08-12,p[ai]d Major John Botteler £9 - 17s - 6d,"Butler, John",Major,,,,,,
723,V2980,Vernon,72v,1643-08-16,130 p[ai]d major Bottelor for 7 dayes pay for my lord g[e]n[era]ll[es] Regi[men]t £335 - 6s - 6d,"Butler, John",Major,foot,,"Essex, Earl of",,,
724,V3110,Vernon,74v,1643-08-22,130 p[ai]d John Botteler late sergeant major to my lord Peeterborroughs regiment uppon accompt of his arrears £161 - 12s - -d,"Butler, John",Major,foot,,"Peterborough, Earl of",,,
725,V3118,Vernon,75r,1643-08-24,130 p[ai]d major Botteler for 14 days paye for my lord g[e]n[era]ll[es] Regi[men]t £671 - 13s - 0d,"Butler, John",Major,foot,,"Essex, Earl of",,,
726,V3132,Vernon,75r,1643-08-24,130 p[ai]d major Butler for 14 days pay of 209 prest sold[ier]s in my lord g[enera]ll[es] Regi[men]t £97 - 10s - 8d,"Butler, John",Major,foot,,"Essex, Earl of",,,
727,F0308,Fenton,102r,1643-09-11,p[ai]d Major John Bottoler for Coll[onel] John Bampfield £223 - 12s - 0d,"Butler, John",Major,,,"Bampfield, William",,,
728,V3286,Vernon,78r,1643-10-14,130 p[ai]d Coll[onel] Botteler [th]e like for [th]e g[e]n[era]ll[es] Regi[men]t £693 - 2s - 4d,"Butler, John",Colonel,foot,,"Essex, Earl of",,,
729,V3416,Vernon,79v,1643-10-23,130 p[ai]d Coll[onel] Jo[hn] Butler the like for his Exc[ellencys] Regi[men]t £319 - 11s - -d,"Butler, John",Colonel,foot,,"Essex, Earl of",,,
730,V3579,Vernon,81v,1643-12-06,130 p[ai]d l[ieutenant] Coll[onel] Botteler for soe much disburst uppon sicke & wounded soldiers to  be disburst out of the arrears of my lord g[enera]ll[es] Regi[men]t £13 - 0s - 0d,"Butler, John",Lt-Colonel,foot,,"Essex, Earl of",,,
731,V3589,Vernon,81v,1643-12-08,105 p[ai]d the like for my lord g[e]n[era]ll[es] Regi[men]t - suppose Ma[jor] Mathewes: Coll[onel] Bottell[ers] warrant £79 - 17s - 2d,"Butler, John",Lt-Colonel,foot,,"Essex, Earl of",,,
732,V3655,Vernon,83r,1643-12-18,130 p[ai]d leifft[enant] Coll[onel] Botteler for 7 daies pay for the under officers & 295 sold[ier]s of my lord g[e]n[era]ll[es] Regi[men]t £92 - 19s - 8d,"Butler, John",Lt-Colonel,foot,,"Essex, Earl of",,,
733,V3702,Vernon,83v,1644-01-06,130 p[ai]d Coll[onel] Botteler [th]e like for my lord g[e]n[era]ll[es] Regi[men]t £120 - 15s - 6d,"Butler, John",Colonel,foot,,"Essex, Earl of",,,
734,V3719,Vernon,83v,1644-01-09,130 p[ai]d Coll[onel] Botteler for a week[es] pay for [th]e under officers and soldiers of my lord g[e]n[era]ll[es] Regi[men]t £134 - 19s - 8d,"Butler, John",Colonel,foot,,"Essex, Earl of",,,
735,V3846,Vernon,84v,1644-02-22,130 p[ai]d Coll[onel] Botteler for 7 days pay for 16 sold[ier]s £3 - 14s - 8d,"Butler, John",Colonel,foot,,,,,
736,V3855,Vernon,85r,1644-02-27,130 p[ai]d Coll[onel] Botteler for 7 days pay for [th]e under officers and soldiers of my lord g[e]n[era]ll[es] Regi[men]t £181 - 11s - 10d,"Butler, John",Colonel,foot,,"Essex, Earl of",,,
737,V3901,Vernon,85r,1644-03-09,130 p[ai]d Coll[onel] Botteler for a week[es] pay for my lord g[e]n[era]ll[es] Regi[men]t and the under offic[er]s from [th]e leift[enant] und[er] £225 - 16s - 2d,"Butler, John",Colonel,foot,,"Essex, Earl of",,,
738,V3930,Vernon,85v,1644-03-20,130 p[ai]d Coll[onel] Botteler for recrut of 16 sold[ier]s in his Ex[cellencys] Regi[men]t £3 - 14s - 8d,"Butler, John",Colonel,foot,,"Essex, Earl of",,,
739,V3939,Vernon,85v,1644-03-23,130 p[ai]d Coll[onel] Botteler for a week[es] pay for [th]e officers and sold[ier]s of his Ex[cellencys] Regi[men]t from [th]e leifft[enant] downe £241 - 14s - 8d,"Butler, John",Colonel,foot,,"Essex, Earl of",,,
740,V2935,Vernon,71v,1643-07-13,"190 p[ai]d Capt[ain] w[illia]m Butler C[aptain] John wheler C[aptain] Thomas weelin L[ieutenan]t Thomas Apleby l[ieutenan]t Humphrey Caroll Ens[ign] Fra[ncis] Carey Ens[ign] Fra[ncis] lister, Ens[ign] Henry Cony Ens[ign] mathew williams Ens[ign] James llewellen & Ens[ign] Jo[hn] Holt officers in the late Regi[men]t of S[i]r Henry Cholmlie for ther pay for 14 dayes uppon accompt £49 - 14s - -d","Butler, William",Captain,foot,,"Cholmley, Henry, Sir",,,
741,V3087,Vernon,74r,1643-08-18,"187 p[ai]d Cap[tain] Hugh Phillips, w[illia]m Botteler & Tho[mas] wolling 3 capt[ains] of Coll[onel] Cholmlies Regi[men]t for 7 days pay £15 - 15s - 0d","Butler, William",Captain,foot,,"Cholmley, Henry, Sir",,,
742,V3216,Vernon,76v,1643-08-26,187 p[ai]d C[aptain] Hugh phillips C[aptain] w[illia]m Butler & C[aptain] Tho[mas] weelin late Capt[ains] in Coll[onel] Cholmlies Regi[men]t for 14 dayes pay £31 - 10s - -d,"Butler, William",Captain,foot,,"Cholmley, Henry, Sir",,,
743,V3430,Vernon,79v,1643-10-25,190 p[ai]d C[aptain] william Botteler & C[aptain] Hugh Philips late Ca[ptains] of S[i]r Henry Cholmlys Regi[men]t £21 - -s - -d,"Butler, William",Captain,foot,,"Cholmley, Henry, Sir",,,
744,V3605,Vernon,82r,1643-12-08,190 p[ai]d C[aptain] william Butler C[aptain] Hugh Phillips and C[aptain] Jo[hn] Johnson £28 - 0s - 0d,"Butler, William",Captain,,,,,,
745,V0402,Vernon,16r,1642-08-30,sallery fo. 6 p[ai]d Adoniram Bifeild Chaplaine of the regiment of foot of S[i]r Henry Cholmlye for soe much allowed him to provide him self necessaries to attend the service £20 - 0s - 0d,"Byfield, Adoniram",Chaplain,foot,,"Cholmley, Henry, Sir",,,
746,V0513,Vernon,19r,1642-09-03,sallery 6 p[ai]d Adoniram Bifeild Chaplaine to S[i]r Henry Cholmly as above £6 - 10s - 8d,"Byfield, Adoniram",Chaplain,foot,,"Cholmley, Henry, Sir",,,
747,V0828,Vernon,27r,1642-10-04,6 p[ai]d Adoniram Bifeild Chaplaine to S[i]r Henry Cholmlye for his and his servant[es] pay £17 - 10s - 0d,"Byfield, Adoniram",Chaplain,foot,,"Cholmley, Henry, Sir",,,
748,F0026,Fenton,97r,1643-06-02,p[ai]d m[aste]r Adoniram Bifield £38 - 7s - 4d,"Byfield, Adoniram",,,,,,,
749,V2707,Vernon,66v,1643-06-20,6 p[ai]d m[aste]r Biffeild on of the Chaplains of [th]e Army for 14 days pay for himself & serv[an]t ending 16 present £6 - 1s - 4d,"Byfield, Adoniram",Chaplain,,,,,,
750,V1301,Vernon,37r,1642-11-12,126 p[ai]d Capt[ain] Cannon for providinge of Bullet bostard musket Carabin & musket shot £50 - -s - -d,"Cannon, Peter",Captain,artillery,,,,,
751,V1371,Vernon,38v,1642-11-22,126 p[ai]d Captaine Cannon purvior g[enera]ll for the traine of Artigliry toward[es] his pay for 4 mo[nths] £120 - -s - -d,"Cannon, Peter",Purveyor General,artillery,,,,,
752,V2225,Vernon,56v,1643-03-09,126 p[ai]d Capt[ain] Peeter Cannon for [th]e buyinge of severall things belonging to the traine of Artigliry uppon acc[oun]tt £300 - -s - -d,"Cannon, Peter",Captain,artillery,,,,,
753,V2564,Vernon,63v,1643-05-24,126 p[ai]d Capt[ain] Cannon purveio[u]r g[e]n[era]ll of [th]e train of Artigliry for his pay for 5 whole mo[nths] from [th]e 1 Aug[us]t to [th]e 19 [Decem]bre at 25 p[er] d[iem] £175 - -s - -d,"Cannon, Peter",Purveyor General,artillery,,,,,
754,V3271,Vernon,77v,1643-08-29,126 p[ai]d Peeter Cannon for his pay and entertainm[en]t for 244 days ending 19 Aug[us]t in p[ar]t of a greater some £200 - -s - -d,"Cannon, Peter",,,,,,,
755,V3928,Vernon,85v,1644-03-20,126 p[ai]d Ca[ptain] Cannon for 6 drake cariages £73 - 0s - 0d,"Cannon, Peter",Captain,artillery,,,,,
756,V2602,Vernon,64r,1643-05-25,19 p[ai]d Thomas Cardwell wagoner attending [th]e traine for 6 horse hier from [th]e 6 of Feb[ruary] last to [th]e 4 may £55 - 0s - 0d,"Cardwell, Thomas",Wagoner,artillery,,,,,
757,V3267,Vernon,77v,1643-08-29,"49 p[ai]d Theophilus Andrews Jo[hn] vivers Peeter Bland Fra[ncis] Cary Hugh harding Jo[hn] smith, Georg Billot & w[illia]m Phillips gent[lemen] latelie entred in my lord g[e]n[era]ll[es] lieff guard for 14 days pay each at 8s p[er] diem £44 - 16s - -d","Carey, Francis (lifeguard)",Trooper,horse,cuirassiers,,"Stapleton, Philip, Sir",gent of lifeguard,
758,V2935,Vernon,71v,1643-07-13,"190 p[ai]d Capt[ain] w[illia]m Butler C[aptain] John wheler C[aptain] Thomas weelin L[ieutenan]t Thomas Apleby l[ieutenan]t Humphrey Caroll Ens[ign] Fra[ncis] Carey Ens[ign] Fra[ncis] lister, Ens[ign] Henry Cony Ens[ign] mathew williams Ens[ign] James llewellen & Ens[ign] Jo[hn] Holt officers in the late Regi[men]t of S[i]r Henry Cholmlie for ther pay for 14 dayes uppon accompt £49 - 14s - -d","Carey, Francis, Ensign",Ensign,foot,,"Cholmley, Henry, Sir",,,
759,V0555,Vernon,20r,1642-09-05,86 p[ai]d Captain Henry Carew for on mo[nths] pay of his compa[ny] of 50 sol[diers] in my lord whartons regiment begin 29 aug[us]t £46 - 13s - 4d,"Carey, Henry",Captain,foot,,"Wharton, Lord",,,
760,V0934,Vernon,29v,1642-10-11,86 p[ai]d Capt[ain] Henry Carew for arrears & on mo[nths] pay of his compa[ny] of 50 sold[ier]s ending 28 [Octo]bre £55 - 0s - 0d,"Carey, Henry",Captain,foot,,,,,
761,V0146,Vernon,9r,1642-08-13,"34 p[ai]d Capt[ain] Horatio Carye for mountinge 3 corporalls 42l more for mountinge 2 trumpeters, his farrier & sadler 32l £74 - 0s - 0d","Carey, Horatio",Captain,horse,,,,,
762,V0185,Vernon,10r,1642-08-16,34 p[ai]d Capt[ain] horatio Carey by way of imprest for the advance of one months pay for his troope of 60 harquebusiers £349 - 6s - 0d,"Carey, Horatio",Captain,horse,,,,,
763,V0186,Vernon,10r,1642-08-16,more for scarff[es] £30 - 0s - 0d,"Carey, Horatio",Captain,horse,,,,,
764,V0645,Vernon,22v,1642-09-08,34 p[ai]d Captaine horatio Carew for 1 mo[nths] pay for his troope 60 harqueb[usiers] to begine from the 8th [Septem]ber £349 - 6s - [...] d,"Carey, Horatio",Captain,horse,,"Waller, William, Sir",,,
765,V0646,Vernon,22v,1642-09-08,more for 1 mo[nths] pay as serg[ean]t major of S[i]r william walers regiment to begin fro[m] the 6th of Aug[us]t last inclusive £16 - 16s - 0d,"Carey, Horatio",Major,horse,,"Waller, William, Sir",,,
766,V2053,Vernon,53r,1642-10-19,121 p[ai]d Major Cary the 19 of [Octo]bre uppon acc[oun]tt £100 - -s - -d,"Carey, Horatio",Major,horse,,,,,
767,V1211,Vernon,35v,1642-11-10,121 p[ai]d sergeant major Carey toward[es] paym[en]t of his troop by way of imprest £250 - -s - -d,"Carey, Horatio",Major,horse,,,,,
768,V1438,Vernon,40r,1642-11-23,34 p[ai]d sergeant major Horatio Cary the like £174 - 13s - -d,"Carey, Horatio",Major,horse,,,,,
769,V1397,Vernon,39r,1642-11-24,34 p[ai]d Capt[ain] Horatio Cary for 30 sadles bitt[es] & other furniture for his troope £75 - -s - -d,"Carey, Horatio",Captain,horse,,,,,
770,F0180,Fenton,99v,1643-07-30,p[ai]d L[ieutenan]t Coll[onel] Carlton for [th]e Regim[en]t late Coll[onel] Langhams £127 - 17s - 4d,"Carleton, Samuel",Lt-Colonel,,,"Langham, George",,,
771,V3049,Vernon,73v,1643-08-17,193 p[ai]d leifft[enant] Coll[onel] Carlton for 7 days pay for Coll[onel] Carltons Regi[men]t £213 - 15s - 10d,"Carleton, Samuel",Lt-Colonel,,,"Carleton, Samuel",,,
772,V3137,Vernon,75r,1643-08-24,193 p[ai]d samuell Carlton leifft[enant] Coll[onel] of [th]e reg[imen]t wherof Georg Langham was Coll[onel] for 14 daies for [th]e reg[imen]t £427 - 10s - 4d,"Carleton, Samuel",Lt-Colonel,foot,,"Langham, George",,,
773,V3880,Vernon,85r,1644-02-27,p[ai]d Jo[hn] Carlton wagoner to late Coll[onel] langham £2 - 2s - -d,"Carlton, John",Wagoner,foot,,"Langham, George",,,
774,V3345,Vernon,78v,1643-10-14,106 p[ai]d C[aptain] Jo[hn] Carmichell for his troop £148 - 8s - -d,"Carmichell, John",Captain,horse,,,,,
775,V3528,Vernon,81r,1643-12-01,206 p[ai]d C[aptain] Carmichell[es] troop the like £174 - 13s - 0d,"Carmichell, John",Captain,horse,,,,,
776,V3795,Vernon,84v,1644-02-13,206 p[ai]d Capt[ain] Carmichell for 14 days for his troope £176 - 8s - -d,"Carmichell, John",Captain,horse,,,,,
777,V2935,Vernon,71v,1643-07-13,"190 p[ai]d Capt[ain] w[illia]m Butler C[aptain] John wheler C[aptain] Thomas weelin L[ieutenan]t Thomas Apleby l[ieutenan]t Humphrey Caroll Ens[ign] Fra[ncis] Carey Ens[ign] Fra[ncis] lister, Ens[ign] Henry Cony Ens[ign] mathew williams Ens[ign] James llewellen & Ens[ign] Jo[hn] Holt officers in the late Regi[men]t of S[i]r Henry Cholmlie for ther pay for 14 dayes uppon accompt £49 - 14s - -d","Caroll, Humphrey",Lieutenant,foot,,"Cholmley, Henry, Sir",,,
778,V1449,Vernon,40r,1642-11-23,33 p[ai]d C[aptain] Gilbert Carr Captaine leifft[enant] to S[i]r w[illia]m Balfours troop of Cuirassiers for a whole mo[nths] pay advance at 24s p[er] die[m] £47 - 12s - -d,"Carr, Gilbert",Captain-Lieutenant,horse,,"Balfour, William, Sir",,,
779,V2243,Vernon,57r,1643-03-09,33 p[ai]d Gilbert Carr Capt[ain] leifftenn[ant] to S[i]r w[illia]m Balfours troop in part of a war[rant] dated [th]e 2 Febr[uary] of 69.14 £50 - -s - -d,"Carr, Gilbert",Lieutenant,horse,,"Balfour, William, Sir","Balfour, William, Sir",,
780,V2522,Vernon,62v,1643-04-30,169 p[ai]d Capt[ain] Gilbert Carr Capt[ain] of [th]e troop lately under Command of Capt[ain] Chichester the like & for 53 troop[er]s £53 - 7s - 6d,"Carr, Gilbert",Captain,horse,,,,,
781,V2573,Vernon,63v,1643-05-24,169 p[ai]d Capt[ain] Gilbert Carr for a mo[nth] for his officers and 61 troop[er]s ending [th]e 12 June £352 - -s - -d,"Carr, Gilbert",Captain,horse,,,,,
782,V2759,Vernon,67v,1643-06-21,169 p[ai]d Capt[ain] Carr for 14 dayes pay for his offic[er]s and 61 troop[er]s end[ing] 26 June £176 - 8s - -d,"Carr, Gilbert",Captain,horse,,,,,
783,V2863,Vernon,70r,1643-07-12,169 p[ai]d Capt[ain] Gilbert Carr for 14 dayes for his officers & 61 troop[er]s end[ing] 10 Julie £176 - 8s - 0d,"Carr, Gilbert",Captain,horse,,,,,
784,V2965,Vernon,72r,1643-07-13,169 p[ai]d John Pinade Cornet to Capt[ain] Carr uppon accompt £10 - 0s - 0d,"Carr, Gilbert",Captain,horse,,,,,
785,V3043,Vernon,73v,1643-08-17,169 p[ai]d C[aptain] Gilbert Carr the like £82 - 1s - 6d,"Carr, Gilbert",Captain,horse,,,,,
786,V3164,Vernon,75v,1643-08-25,169 p[ai]d C[aptain] Gilbert Carr for 14 daies for his troope £164 - 3s - -d,"Carr, Gilbert",Captain,horse,,,,,
787,V3371,Vernon,79r,1643-10-16,160 p[ai]d C[aptain] Gilbert Carr for his troop £165 - 18s - 0d,"Carr, Gilbert",Captain,horse,,,,,
788,V3536,Vernon,81r,1643-12-01,169 p[ai]d C[aptain] Carrs troop the like £108 - 17s - 0d,"Carr, Gilbert",Captain,horse,,,,,
789,V3606,Vernon,82r,1643-12-08,169 p[ai]d C[aptain] Gilbert Carr uppon a recrute £78 - 0s - 0d,"Carr, Gilbert",Captain,horse,,,,,
790,V3642,Vernon,82v,1643-12-12,169 p[ai]d John Adams trompeter to Capt[ain] Carr wounded at newberry £4 - 4s - 0d,"Carr, Gilbert",Captain,horse,,,,,
791,V3778,Vernon,84r,1644-02-13,169 p[ai]d Ca[ptain] Carr [th]e like £179 - 4s - 0d,"Carr, Gilbert",Captain,horse,,,,,
792,V2070,Vernon,53r,1643-02-21,73 p[ai]d John Carrs Capt[ain] leifft[enant] of that reg[imen]t of dragooners wherof John Brown was Coll[onel] for his pay from [th]e 15 no[vembe]r to [th]e 25 Jan[uary] being 2 mo[nths] 3 week[es] at 7s p[er] diem £26 - 19s - 0d,"Carr, John",Captain-Lieutenant,dragoons,,"Browne, John, Colonel","Browne, John, Colonel",,
793,V2023,Vernon,52r,1643-01-24,176 p[ai]d Capt[ain] w[illia]m Carr Capt[ain] reformado of horse for a mo[nths] pay for himself & his leiftennent Robert Monorgan uppon acc[oun]tt £79 - 16s - 0d,"Carr, William, Capt",Captain,horse,,,,reformado,
794,V3881,Vernon,85r,1644-02-27,169 p[ai]d Coll[onel] w[illia]m Carr uppon accompt £21 - 0s - 0d,"Carr, William, Colonel",Colonel,,,,,,
795,V1911,Vernon,50r,1643-01-06,142 p[ai]d John Castle late leifften[an]t to L[ieutenant] C[olone]ll Burlz late capt[ain] of a Foot compa[ny] in Coll[onel] Hollis reg[imen]t for his pay at 4s p[er] diem for 7 week[es] begining 19 [Novem]bre £9 - 16s - 0d,"Castle, John",Lieutenant,foot,,"Holles, Denzil","Burles, William",,
796,V1188,Vernon,35r,1642-11-09,41 p[ai]d Isaac Cavalier Cornet to Captaine John Hammond for paym[en]t of the troop upon accompt £60 - -s - -d,"Cavalier, Isaac",Cornet,horse,,,"Hammond, John",,
797,V1152,Vernon,34r,1642-11-04,24 p[ai]d in woster by Arthur Chambres for my lord St Johns Regiment uppon acc[oun]tt to Collonel Essex £1289 - 12s - -d,"Chambers, Arthur",,,,,,,
798,V1156,Vernon,34r,1642-11-04,43 p[ai]d Collonel Sand[es] In worster by Arthur Chambers for himself officers troop & wagons uppon acc[oun]tt by the governer of worsters direct[ion] £535 - 10s - 0d,"Chambers, Arthur",,,,,,,
799,V2036,Vernon,52v,1643-01-24,p[ai]d Haniball Chambers asistant to the q[uarte]r m[aster]r G[e]n[era]ll uppon accompt £10 - 0s - 0d,"Chambers, Hannibal",Assistant To QMG,,,,,,
800,V0666,Vernon,23r,1642-09-09,p[ai]d m[aste]r Robert Chambers Aud[ito]r of the acc[oun]t[es] for th [...] expedition by advance for furnishinge himself and Clerk[es] £50 - 0s - 0d,"Chambers, Robert",Auditor,,,,,,
801,V0720,Vernon,24v,1642-09-19,102 p[ai]d m[aste]r Robert Chambers for soe much advanced to him as Secretarye of the army £100 - 0s - 0d,"Chambers, Robert",Secretary,,,,,,
802,V0841,Vernon,27v,1642-10-05,102 p[ai]d Robert Chambers as secretarye of the councell of warr for his entertainm[en]t as secretarie of the councell of warr for 2 mo[nths] 7 days £31 - 10s - -d,"Chambers, Robert",Secretary,,,,,,
803,V0911,Vernon,29r,1642-10-11,all thease 5 by m[aste]r Chambers noat[es] first,"Chambers, Robert",,,,,,,
804,V0913,Vernon,29r,1642-10-11,102 p[ai]d m[aste]r Robert Chambers for soe much by him disbursed at severall times for cariage of packet[es] and other services of [th]e state £48 - 13s - 0d,"Chambers, Robert",,,,,,,
805,V1002,Vernon,31r,1642-10-18,102 p[ai]d m[aste]r Robert Chambers by way of imprest to be by him expended in the service £50 - 0s - 0d,"Chambers, Robert",,,,,,,
806,V1568,Vernon,42v,1642-12-05,102 p[ai]d m[aste]r Robert Chambers for 2 mo[nths] pay as secretarye of the Army to the 26 [Novem]bre exclusive at xs p[er] diem £28 - 0s - 0d,"Chambers, Robert",Secretary,,,,,,
807,V2824,Vernon,69r,1643-01-17,135 p[ai]d Capt[ain] scaltike C[aptain] Gauler Cap[tain] Smith and Capt[ain] Howson by order of his Exc[ellency] signified under m[aste]r Chambers his hand the 17 Janu[ary] w[hi]ch is charged by [th]e Auditor to ther accompt £120 - 0s - 0d,"Chambers, Robert",,,,,,,
808,V2263,Vernon,57v,1643-03-17,102 p[ai]d Robert Chambers secretary of the army for soe much by him disbursed in messages cariage of packet[es] reward[es] & the like from [th]e 16 [Octo]bre to [th]e 27 febr[ruary] £120 - 18s - 2d,"Chambers, Robert",Secretary,,,,,,
809,V3351,Vernon,78v,1643-10-16,102 p[ai]d m[aste]r w[illia]m Collins being soe much monie expended & laid out by secretary chambers £176 - 19s - -d,"Chambers, Robert",Secretary,,,,,,
810,V1359,Vernon,38r,1642-11-19,19 p[ai]d Jeremy Chancy wagoner belonging to the traine for hier of his teame & 4 horses for 65 dayes £26 - 10s - 0d,"Chancy, Jeremy",Wagoner,artillery,,,,,
811,V3898,Vernon,85r,1644-03-05,176 p[ai]d Ca[ptain] James Charlot & owen Hal cornet refor[mados] £15 - 0s - 0d,"Charlot, James",Captain,,,,,reformado,
812,V1678,Vernon,45r,1642-12-19,149 p[ai]d w[illia]m Cheese Capt[ain] of a compa[ny] of pioners for pay of his officers and compa[ny] as by [th]e warr[an]tt £44 - 12s - 0d,"Cheese, William",Captain,pioneers,,,,,
813,V1902,Vernon,49v,1643-01-06,149 p[ai]d Capt[ain] w[illia]m Cheese for 11 days entertainm[en]t of 38 pioneers of his compa[ny] beg[inning] 22 [Decem]bre £20 - 18s - 0d,"Cheese, William",Captain,pioneers,,,,,
814,V2200,Vernon,56r,1643-03-07,149 p[ai]d Capt[ain] Cheese another Capt[ain] of pioneers in p[ar]t of a warr[an]t of 30.4.0. £17 - 10s - 0d,"Cheese, William",Captain,pioneers,,,,,
815,V2383,Vernon,60r,1643-04-13,149 p[ai]d w[illia]m Chees Capt[ain] of Pioneers in full of a warr[an]t of the 27 febr[uary] £12 - 14s - 0d,"Cheese, William",Captain,pioneers,,,,,
816,V2685,Vernon,66r,1643-05-26,116 p[ai]d C[aptain] Henry Roe C[aptain] Richard Hodgson C[aptain] Edward Frodsham & C[aptain] w[illia]m Cheese Capt[ains] of severall compa[nies] of pioneers for a whole mo[nths] pay for 31 pion[eer]s ending 21 June £43 - 8s - 0d,"Cheese, William",Captain,pioneers,,,,,
817,F0057,Fenton,97v,1643-06-10,paid Capt[ain] Cheese & Capt[ain] Hodgson £20 - 0s - 0d,"Cheese, William",Captain,,,,,,
818,V2739,Vernon,67r,1643-06-21,149 p[ai]d C[aptain] Chees & C[aptain] Hodson 2 captains of pioneers for 14 days pay for them self[es] & 31 pioneers end[ing] 5 Julie £21 - 14s - 0d,"Cheese, William",Captain,pioneers,,,,,
819,V2920,Vernon,71r,1643-07-13,149 p[ai]d C[aptain] w[illia]m Cheese & Richard Hodgson cap[tains] of pioners for 14 dayes pay for themselves & 26 menn ending [th]e 11 Julie £18 - 4s - 0d,"Cheese, William",Captain,pioneers,,,,,
820,F0202,Fenton,100r,1643-08-02,p[ai]d Capt[ain] Hodgson & Capt[ain] Cheese £9 - 2s - 0d,"Cheese, William",Captain,,,,,,
821,V3011,Vernon,73r,1643-08-16,148 p[ai]d C[aptain] Richard Hodgson & C[aptain] w[illia]m Cheese for 7 dayes pay for the Pioneers £9 - 2s - -d,"Cheese, William",Captain,pioneers,,,,,
822,V3159,Vernon,75v,1643-08-25,148 p[ai]d C[aptain] Rich[ard] Hodgson & w[illia]m Cheese for 14 daies for pioneers £18 - 4s - -d,"Cheese, William",Captain,pioneers,,,,,
823,F0318,Fenton,102r,1643-09-14,p[ai]d Capt[ain] Cheese & Capt[ain] Hodgson £5 - 19s - 0d,"Cheese, William",Captain,,,,,,
824,V3323,Vernon,78v,1643-10-14,148 p[ai]d C[aptain] Richard Hodgson & C[aptain] Cheese Pioneers £15 - 8s - -d,"Cheese, William",Captain,pioneers,,,,,
825,V3669,Vernon,83r,1643-12-18,116 p[ai]d C[aptain] Cheese for 14 pioneers £4 - 18s - 0d,"Cheese, William",Captain,pioneers,,,,,
826,V3680,Vernon,83r,1643-12-29,116 p[ai]d Capt[ain] Cheese for 7 days for [th]e pioneers £7 - 14s - 0d,"Cheese, William",Captain,pioneers,,,,,
827,V3713,Vernon,83v,1644-01-06,148 p[ai]d Ca[ptain] Hodgson and Ca[ptain] Cheese the like for pion[eer]s £7 - 14s - 0d,"Cheese, William",Captain,pioneers,,,,,
828,V3753,Vernon,84r,1644-02-05,116 p[ai]d Ca[ptain] Cheese the like for pioneers 12 £8 - 8s - 0d,"Cheese, William",Captain,pioneers,,,,,
829,V3919,Vernon,85v,1644-03-09,116 p[ai]d Ca[ptain] Cheese for pioneers £13 - 6s - -d,"Cheese, William",Captain,pioneers,,,,,
830,V3959,Vernon,86r,1644-03-23,148 p[ai]d Captaine Hodson & Capt[ain] Cheese for Pioneers £13 - 13s - 0d,"Cheese, William",Captain,pioneers,,,,,
831,V2476,Vernon,62r,1643-04-28,"168 p[ai]d unto Edward wollaston, Henry Crossly Richard Hind, Jo[hn] Baldwin, John Symond[es] Thomas Adams, Georg Ewer, George whitledge, Samuel Flesher, Thomas kelsey Thomas Chetwood, John shelby George white gent[lemen] apointed paymasters of the severall Regiment[es] of Foot in the parlim[entes] service the some of 5 pownd[es], to be given 12s to every soldier of the said Regi[men]t[es] by way of reward £5000 - 0s - 0d","Chetwood, Thomas",Paymaster,foot,,,,,
832,V2681,Vernon,66r,1643-05-26,176 p[ai]d Capt[ain] Robert Rutherford C[aptain] david Hunter C[aptain] w[illia]m Abernethy C[aptain] Robert Hunter C[aptain] Alexander [?Chyny?] cap[tain] reformados on foot for a mo[nths] pay uppon accompt £105 - -s - -d,"Cheyney, Alexander",Captain,foot,,,,reformado,
833,V0286,Vernon,12v,1642-08-23,52 p[ai]d Capt[ain] Charles Chichester for mounting 3 corporalls 42 for mountinge 2 trumpet[e]rs a sadler & farr[ie]r 32l for scarff[es] 30 £104 - -s - -d,"Chichester, Charles",Captain,horse,,,,,
834,V0334,Vernon,14r,1642-08-25,52 p[ai]d Captain Charles Chichester for on monthes pay of a troope of Carabins consistinge of 68 besid[es] officers to begine from the 24 of this mo[nth] £307 - 6s - 0d,"Chichester, Charles",Captain,horse,,,,,
835,V0580,Vernon,20v,1642-09-06,52 p[ai]d Capt[ain] Chichester for on mo[nths] pay for 12 harqueb[usiers] to begine from the 2 [Septem]bre £42 - -s - -d,"Chichester, Charles",Captain,horse,,,,,
836,V0983,Vernon,30v,1642-10-15,52 p[ai]d Captaine Charles Chichester for on mo[nths] pay of his troop of 60 harquebusiers to end [th]e 18 [Octo]bre £349 - 6s - -d,"Chichester, Charles",Captain,horse,,,,,
837,V1741,Vernon,46r,1642-12-22,52 p[ai]d Capt[ain] Chichester for a mo[nths] pay for his troop £349 - 6s - -d,"Chichester, Charles",Captain,horse,,,,,
838,V2177,Vernon,55v,1643-03-07,52 p[ai]d C[aptain] Chichester £100 - 0s - 0d,"Chichester, Charles",Captain,horse,,,,,
839,V2321,Vernon,58v,1643-04-12,52 p[ai]d Capt[ain] Chichester the like £174 - 13s - -d,"Chichester, Charles",Captain,horse,,,,,
840,V2522,Vernon,62v,1643-04-30,169 p[ai]d Capt[ain] Gilbert Carr Capt[ain] of [th]e troop lately under Command of Capt[ain] Chichester the like & for 53 troop[er]s £53 - 7s - 6d,"Chichester, Charles",Captain,horse,,,,,
841,V2955,Vernon,72r,1643-07-13,p[ai]d C[aptain] John Chisam C[aptain] of foot 10.10,"Chisam, John",Captain,foot,,,,,
842,V0145,Vernon,9r,1642-08-13,33 p[ai]d S[i]r Henry cholmlye k[nigh]tt Collonell of a regiment of 1200 menn vizt 829l.10s.0 for advance of 1/2 a monthes pay more for the surgeons chest 15l. more for [th]e marshall[es] Irons 7l & 30l for hiring wagons to the place in all £881 - 10s - 0d,"Cholmley, Henry, Sir",Colonel,foot,,,,,
843,V0402,Vernon,16r,1642-08-30,sallery fo. 6 p[ai]d Adoniram Bifeild Chaplaine of the regiment of foot of S[i]r Henry Cholmlye for soe much allowed him to provide him self necessaries to attend the service £20 - 0s - 0d,"Cholmley, Henry, Sir",Colonel,foot,,,,,
844,V0426,Vernon,16v,1642-08-30,67 Sent to to be imployed for the use of the army quarteringe in and about Coventry this monie is to be d[elivere]d to sergant major Ballard S[i]r Henry cholmlie & S[i]r Edward Peto £8000 - 0s - 0d,"Cholmley, Henry, Sir",,,,,,,
845,V0513,Vernon,19r,1642-09-03,sallery 6 p[ai]d Adoniram Bifeild Chaplaine to S[i]r Henry Cholmly as above £6 - 10s - 8d,"Cholmley, Henry, Sir",Colonel,foot,,,,,
846,V0554,Vernon,20r,1642-09-05,33 p[ai]d Collonell Cholmley for 11 wagons £440 - 0s - 0d,"Cholmley, Henry, Sir",Colonel,foot,,,,,
847,V0723,Vernon,24v,1642-09-12,33 p[ai]d Collonell [^Henry^] Cholmly as above £829 - 10s - -d,"Cholmley, Henry, Sir",Colonel,foot,,,,,
848,V0809,Vernon,26v,1642-10-03,33 p[ai]d Collonel Cholmlye Collonell of a regiment for 1200 foat besid[es] officers for on 1/2 months pay for the said regiment ended the 26 [Septem]bre £829 - 10s - -d,"Cholmley, Henry, Sir",Colonel,foot,,,,,
849,V0810,Vernon,26v,1642-10-03,more for arreers of his reg[imen]t to the last [Septem]bre & for 1/2 a mo[nths] pay of 1128 men besid[es] officers to the 14 [Octo]bre £1165 - 18s - 0d,"Cholmley, Henry, Sir",Colonel,foot,,,,,
850,V0828,Vernon,27r,1642-10-04,6 p[ai]d Adoniram Bifeild Chaplaine to S[i]r Henry Cholmlye for his and his servant[es] pay £17 - 10s - 0d,"Cholmley, Henry, Sir",Colonel,foot,,,,,
851,V0885,Vernon,28v,1642-10-08,33 p[ai]d S[i]r Henry Cholmlye Collonel of a reg[imen]t of 1128 men for paym[en]t of the said reg[imen]t for 14 dayes to end the 28 of [Octo]bre £814 - 10s - -d,"Cholmley, Henry, Sir",Colonel,foot,,,,,
852,V1103,Vernon,33r,1642-10-28,33 p[ai]d Collonel Cholmly uppon acc[oun]t of his reg[imen]t £200 - -s - -d,"Cholmley, Henry, Sir",Colonel,foot,,,,,
853,V1193,Vernon,35r,1642-11-09,33 p[ai]d Collonel Cholmly for pay of the officers and sold[ier]s of his regiment by way of imprest £614 - -s - -d,"Cholmley, Henry, Sir",Colonel,foot,,,,,
854,V1356,Vernon,38r,1642-11-16,33 p[ai]d Coronell Cholmly for guift monie of 600 soldiers of his reg[imen]t at 2s.6d £75 - 0s - 0d,"Cholmley, Henry, Sir",Colonel,foot,,,,,
855,V1422,Vernon,39v,1642-11-29,33 p[ai]d Collonel Cholmlye toward[es] the pay of him self officers and regiment £814 - -s - -d,"Cholmley, Henry, Sir",Colonel,foot,,,,,
856,V1655,Vernon,44v,1642-12-10,33 p[ai]d Collonel Henry Cholmly for pay of 8 compa[nies] of sold[ier]s in his Regi[men]t being 552 men for 14 days from [th]e 23 [Novem]bre,"Cholmley, Henry, Sir",Colonel,foot,,,,,
857,V1705,Vernon,45v,1642-12-20,33 p[ai]d Coll[onel] Cholmly for pay of 552 soldiers of his Regi[men]t for 14 days beginning [th]e 23 [Novem]bre £515 - 4s - -d,"Cholmley, Henry, Sir",Colonel,foot,,,,,
858,V1782,Vernon,47r,1642-12-26,33 p[ai]d S[i]r Henry Cholmly for [th]e full pay of the officers & sold[ier]s of his Regi[men]t ending the 27 day decemb[e]r as alsoe for a mo[nths] pay ending [th]e 24 december £608 - 1s - -d,"Cholmley, Henry, Sir",Colonel,foot,,,,,
859,V1973,Vernon,51r,1643-01-23,33 p[ai]d Coll[onel] Cholmlye toward[es] pay of the officers and sold[ier]s of his regiment uppon acc[oun]tt £600 - 0s - 0d,"Cholmley, Henry, Sir",Colonel,foot,,,,,
860,V2116,Vernon,54r,1643-03-02,33 p[ai]d Collonel Cholmlye in part of a warr[an]t of the 28 Feb[ruary] of 1035.10 £900 - 0s - 0d,"Cholmley, Henry, Sir",Colonel,foot,,,,,
861,V2291,Vernon,58r,1643-04-10,33 p[ai]d Coll[onel] Cholmly toward[es] the pay of his Regi[men]t for 1/2 a mo[nths] uppon accompt £517 - 15s - -d,"Cholmley, Henry, Sir",Colonel,foot,,,,,
862,V2455,Vernon,61v,1643-04-22,33 p[ai]d Coll[onel] Cholmlies Regi[men]t the like £99 - 1s - 0d,"Cholmley, Henry, Sir",Colonel,foot,,,,,
863,F0009,Fenton,97r,1643-05-22,p[ai]d S[i]r Hen[ry] Cholmleyes Regim[en]t £150 - 0s - 0d,"Cholmley, Henry, Sir",Colonel,foot,,,,,
864,V2608,Vernon,64v,1643-05-25,"33 p[ai]d Coll[onel] Cholmlye for a mo[nths] pay of [th]e officers of [th]e Feild and of [th]e staff, of [th]e officers & soldiers of 10 compa[nies] of his Regi[men]t from [th]e 6 maye to [th]e 2 June £784 - 18s - -d","Cholmley, Henry, Sir",Colonel,foot,,,,,
865,V2803,Vernon,68v,1643-06-22,33 p[ai]d leifft[enant] Thomas Apleby for pay of himself 2 Ensigns & 10 sergeant[es] for 14 days of S[i]r Henry Cholmlyes reg[imen]t endinge [th]e last present £17 - 10s - -d,"Cholmley, Henry, Sir",Colonel,foot,,,,,
866,V2891,Vernon,70v,1643-07-12,188 p[ai]d Capt[ain] Hugh Phillips on of the Capt[ain]s of S[i]r henry Cholmlies Regi[men]t for 14 days pay for himself as Capt[ain] £10 - 10s - -d,"Cholmley, Henry, Sir",Colonel,foot,,,,,
867,V2922,Vernon,71r,1643-07-13,188 p[ai]d Capt[ain] w[illia]m Andrew late capt[ain] of a compa[ny] in S[i]r Henry Cholmlies Regi[men]t for 14 daies pay as capt[ain] uppon acc[oun]tt £10 - 10s - 0d,"Cholmley, Henry, Sir",Colonel,foot,,,,,
868,V2935,Vernon,71v,1643-07-13,"190 p[ai]d Capt[ain] w[illia]m Butler C[aptain] John wheler C[aptain] Thomas weelin L[ieutenan]t Thomas Apleby l[ieutenan]t Humphrey Caroll Ens[ign] Fra[ncis] Carey Ens[ign] Fra[ncis] lister, Ens[ign] Henry Cony Ens[ign] mathew williams Ens[ign] James llewellen & Ens[ign] Jo[hn] Holt officers in the late Regi[men]t of S[i]r Henry Cholmlie for ther pay for 14 dayes uppon accompt £49 - 14s - -d","Cholmley, Henry, Sir",Colonel,foot,,,,,
869,V3087,Vernon,74r,1643-08-18,"187 p[ai]d Cap[tain] Hugh Phillips, w[illia]m Botteler & Tho[mas] wolling 3 capt[ains] of Coll[onel] Cholmlies Regi[men]t for 7 days pay £15 - 15s - 0d","Cholmley, Henry, Sir",Colonel,foot,,,,,
870,V3122,Vernon,75r,1643-08-24,110 p[ai]d leifft[enant] Coll[onel] Inglish late leifft[enant] Coll[onel] of Coll[onel] Cholmlies Regi[men]t for 7 days £10 - 10s - 0d,"Cholmley, Henry, Sir",Colonel,foot,,,,,
871,V3216,Vernon,76v,1643-08-26,187 p[ai]d C[aptain] Hugh phillips C[aptain] w[illia]m Butler & C[aptain] Tho[mas] weelin late Capt[ains] in Coll[onel] Cholmlies Regi[men]t for 14 dayes pay £31 - 10s - -d,"Cholmley, Henry, Sir",Colonel,foot,,,,,
872,V3430,Vernon,79v,1643-10-25,190 p[ai]d C[aptain] william Botteler & C[aptain] Hugh Philips late Ca[ptains] of S[i]r Henry Cholmlys Regi[men]t £21 - -s - -d,"Cholmley, Henry, Sir",Colonel,foot,,,,,
873,V3583,Vernon,81v,1643-12-06,33 p[ai]d S[i]r Henry Cholmley for 14 days pay for himself as Coll[onel] & capt[ain] of a foot Regi[men]t £31 - 10s - -d,"Cholmley, Henry, Sir",Colonel,foot,,,,,
874,V3887,Vernon,85r,1644-03-02,33 p[ai]d S[i]r Henry Cholmly for 14 days pay as Coll[onel] & Capt[ain] £31 - 10s - -d,"Cholmley, Henry, Sir",Colonel,foot,,,,,
875,V0042,Vernon,6r,1642-08-09,to S[i]r Geo[rge] Chudly 80 p[ai]d Lewis Marshall leifftennent to S[i]r Georg Chudleigh by way of imprest uppon accompt £20 - 0s - 0d,"Chudleigh, George, Sir",,,,,,,
876,V1895,Vernon,49v,1643-01-06,178 p[ai]d m[aste]r w[illia]m Church major of windsor for soe much by him disbursed for firing & Candell[es] for severall court[es] of guard in windsor from [th]e 28 november to the 26 december £22 - 0s - 0d,"Church, William",Mayor of Windsor,,,,,,
877,V1995,Vernon,51v,1643-01-24,178 p[ai]d to the maior of windsor for provision of fier and Candles for the guard[es] £23 - 6s - 3d,"Church, William",Mayor of Windsor,,,,,,
878,V0314,Vernon,13v,1642-08-25,56 p[ai]d Captaine Edward Clarke for mountinge & apointinge himself & his off[ice]rs £280 - 0s - 0d,"Clarke, Edward",Captain,horse,,,,,
879,V0590,Vernon,21r,1642-09-06,56 p[ai]d Captain Edward Clerke for mounting his 3 corporall[es] 42l for 2 trumpeters a farier & sadler 32 for scarfs 30l £104 - 0s - [...] d,"Clarke, Edward",Captain,horse,,,,,
880,V0678,Vernon,23v,1642-09-09,56 p[ai]d Captaine Edward Clerke for on mo[nths] pay for himself officers & 55 horse to begin from [th]e 2 [Septem]bre £331 - 16s - -d,"Clarke, Edward",Captain,horse,,,,,
881,V0679,Vernon,23v,1642-09-09,more for sadles & furniture £150 - -s - -d,"Clarke, Edward",Captain,horse,,,,,
882,V1045,Vernon,32r,1642-10-19,56 p[ai]d Capt[ain] Edward Clarke for 17 dayes pay for his troope to end [th]e 28 [Octo]bre £212 - 1s - 6d,"Clarke, Edward",Captain,horse,,,,,
883,V1202,Vernon,35r,1642-11-09,56 p[ai]d Captaine Edward Clerke for his troop uppon acc[oun]tt £174 - 13s - -d,"Clarke, Edward",Captain,horse,,,,,
884,V1519,Vernon,41v,1642-12-03,56 p[ai]d Capt[ain] Edward Clarke for 1/2 a mo[nths] pay for his troop uppon acc[oun]tt £174 - 13s - -d,"Clarke, Edward",Captain,horse,,,,,
885,V1520,Vernon,41v,1642-12-03,more p[ai]d him for 20 great saddles bitt[es] & furniture £50 - -s - -d,"Clarke, Edward",Captain,horse,,,,,
886,V1990,Vernon,51v,1643-01-23,56 p[ai]d Capt[ain] Edward Clarke toward[es] payment of his troop uppon acc[oun]tt £200 - 0s - 0d,"Clarke, Edward",Captain,horse,,,,,
887,V2609,Vernon,64v,1643-05-25,56 p[ai]d Capt[ain] Clerke for a mo[nths] pay for [th]e officers & 29 troopers of his troop end[ing] 18 June £156 - 2s - -d,"Clarke, Edward",Captain,horse,,,,,
888,F0075,Fenton,98r,1643-06-21,p[ai]d Capt[ain] Edw[ard] Clerke £22 - 15s - 0d,"Clarke, Edward",Captain,,,,,,
889,V2840,Vernon,69v,1643-07-05,56 p[ai]d Capt[ain] Edward Clarke for 14  dayes paye for himself & 29 troop[er]s & more for 8 troop[er]s according to [th]e warrent £103 - -s - -d,"Clarke, Edward",Captain,horse,,,,,
890,V2852,Vernon,69v,1643-07-12,56 p[ai]d Capt[ain] Edward Clerke the like for his officers & 27 troop[er]s uppon accompt £78 - 15s - 0d,"Clarke, Edward",Captain,horse,,,,,
891,V3091,Vernon,74r,1643-08-18,56 p[ai]d C[aptain] Edward Clarke for 7 days for his troop £38 - 10s - -d,"Clarke, Edward",Captain,horse,,,,,
892,V3241,Vernon,77r,1643-08-26,56 p[ai]d Edward Clarke for 14 daies for his troop £139 - 6s - -d,"Clarke, Edward",Captain,horse,,,,,
893,V3383,Vernon,79r,1643-10-16,56 p[ai]d C[aptain] Ed[ward] Clerke for his troope £142 - 16s - 0d,"Clarke, Edward",Captain,horse,,,,,
894,V3501,Vernon,80v,1643-11-30,56 p[ai]d C[aptain] Clerke the like for his troope £117 - 12s - 0d,"Clarke, Edward",Captain,horse,,,,,
895,V3803,Vernon,84v,1644-02-13,56 p[ai]d Ca[ptain] Clerke [th]e like £113 - 1s - -d,"Clarke, Edward",Captain,horse,,,,,
896,V3421,Vernon,79v,1643-10-24,56 p[ai]d major Clark [th]e like for langhams Regi[men]t £105 - 11s - 8d,"Clarke, Major",Major,foot,,"Langham, George",,,
897,V1369,Vernon,38v,1642-11-21,"131 p[ai]d Captaine Roger Clay Captaine Samuel Turner Capt[ain] Peeter Gale Capt[ain] George more Capt[ain] Ralph Tasker Captain w[illia]m Hamond Capt[ain] mathew Skalticke & Capt[ain] Jams white, 8 capt[ain]s in the Regement of Collonell skippon toward[es] ther pay & entertainm[en]t of themselves officers & sold[ier]s uppon acc[oun]tt £400 - -s - -d","Clay, Roger",Captain,foot,,"Skippon, Philip",,,
898,V2518,Vernon,62v,1643-04-30,132 p[ai]d Thomas Clement deputy to [th]e wagon m[aste]r g[e]n[era]ll toward[es] defraying the charges of the wagons uppon acc[oun]tt £30 - 0s - 0d,"Clement, Thomas",Deputy Wagonmaster,,,,,,
899,F0135,Fenton,99r,1643-07-15,p[ai]d Capt[ain] [?All: Clinie?] £10 - 10s - 0d,"Clinie, Alexander",Captain,,,,,,
900,V3922,Vernon,85v,1644-03-09,105 p[ai]d Ensign Higgison & Ens[ign] Close of his exc[ellencys] Regi[men]t for 3 week[es] pay £6 - 6s - 0d,"Close, Ensign",Ensign,foot,,"Essex, Earl of",,,
901,V3573,Vernon,81v,1643-12-05,214 p[ai]d Edward Cludd toward[es] payment of the Citty forces under his Exc[ellency] £3000 - -s - -d,"Cludd, Edward",,,,,,,
902,F0045,Fenton,97v,1643-06-05,p[ai]d Capt[ain] John Clulo £54 - 2s - [...]d,"Clulo, John",Captain,,,,,,
903,V3080,Vernon,74r,1643-08-18,p[ai]d nicholas Coake assistant to the leifft[enant] g[e]n[era]ll of the ordinance for his pay uppon accompt £10 - 0s - 0d,"Coake, Nicholas",Assistant to Lt-Gen,artillery,,,,,
904,F0046,Fenton,97v,1643-06-05,paid Capt[ain] Rob[er]te Cobbet £35 - 0s - 0d,"Cobbet, Robert",Captain,,,,,,
905,F0285,Fenton,101v,1643-09-01,p[ai]d L[ieutenan]t Joseph Cockaine £20 - 0s - 0d,"Cockaine, Joseph",Lieutenant,,,,,,
906,V2494,Vernon,62r,1643-04-29,169 p[ai]d C[aptain] Richard Cockaine [th]e like & 33 troop[er]s & 15 men on foot £42 - 6s - 6d,"Cockaine, Richard",Captain,horse,,,,,
907,V2661,Vernon,65v,1643-05-26,169 p[ai]d Cap[tain] Cockaine for a mo[nths] pay for his officers & 33 troop[er]s end[ing] 7 June £127 - 8s - -d,"Cockaine, Richard",Captain,horse,,,,,
908,F0023,Fenton,97r,1643-06-02,p[ai]d Capt[ain] Cockaine £40 - 0s - 0d,"Cockaine, Richard",Captain,,,,,,
909,V3646,Vernon,82v,1643-12-15,216 p[ai]d C[aptain] w[illia]m Coffe for severall soldiers wanting at the last muster now returned in 3 sev[er]all Reg[imentes] as by [th]e warr[ant] £20 - 3s - 8d,"Coffe, William",Captain,,,,,,
910,V3647,Vernon,82v,1643-12-15,p[ai]d Peeter Collingwood a wounded sold[ie]r £- - 9s - 4d,"Collingwood, Peter",Soldier,,,,,wounded,
911,V3351,Vernon,78v,1643-10-16,102 p[ai]d m[aste]r w[illia]m Collins being soe much monie expended & laid out by secretary chambers £176 - 19s - -d,"Collins, William",,,,,,,
912,V0228,Vernon,11r,1642-08-18,16 p[ai]d S[i]r w[illia]m Cunstable Collonell of a regiment of 1200 menn for on months entertainment for himself and his officers & levy monie for his menn £1244 - 16s - 0d,"Constable, William, Sir",Colonel,foot,,,,,
913,V0549,Vernon,20r,1642-09-05,16 p[ai]d Collonel S[i]r w[illia]m Constable for on mo[nths] pay and entertainm[en]t of the officers of his reg[imen]t from the 27 Aug[us]t £542 - 16s - 0d,"Constable, William, Sir",Colonel,foot,,,,,
914,V0593,Vernon,21r,1642-09-06,62 p[ai]d Capt[ain] Gray for 1 mo[nths] pay of his compa[ny] of 70 sol[diers] in S[i]r w[illia]m Constables reg[imen]t from the 29 aug[us]t £65 - 6s - 8d,"Constable, William, Sir",Colonel,foot,,,,,
915,V1071,Vernon,32v,1642-10-27,46 p[ai]d S[i]r william Constable Collonel of a reg[imen]t of Foot toward[es] payment of the said reg[imen]t by way of imprest £1000 - -s - -d,"Constable, William, Sir",Colonel,foot,,,,,
916,V1224,Vernon,35v,1642-11-10,46 p[ai]d S[i]r w[illia]m Cunstable for paym[en]t of his Regiment uppon accompt £300 - 0s - 0d,"Constable, William, Sir",Colonel,foot,,,,,
917,V1300,Vernon,37r,1642-11-12,46 p[ai]d S[i]r w[illia]m Constable for guift monie of 450 foot of his regim[en]t £56 - 5s,"Constable, William, Sir",Colonel,foot,,,,,
918,V1555,Vernon,42v,1642-12-05,46 p[ai]d S[i]r w[illia]m Constable toward[es] payment of the officers and sold[ier]s of his Reg[imen]t uppon accompt £600 - -s - -d,"Constable, William, Sir",Colonel,foot,,,,,
919,V1626,Vernon,44r,1642-12-10,76 p[ai]d S[i]r w[illia]m Constable toward[es] paym[en]t of his Regiment on foot uppon acc[oun]tt £400 - -s - -d,"Constable, William, Sir",Colonel,foot,,,,,
920,V1781,Vernon,47r,1642-12-26,46 p[ai]d S[i]r w[illia]m Constable toward[es] paym[en]t of the officers & soldiers of his Regiment £500 - -s - -d,"Constable, William, Sir",Colonel,foot,,,,,
921,V1880,Vernon,49r,1643-01-06,46 p[ai]d S[i]r william Constable [th]e like for his Regi[men]t £400 - 0s - 0d,"Constable, William, Sir",Colonel,foot,,,,,
922,V1988,Vernon,51v,1643-01-23,46 p[ai]d S[i]r w[illia]m Constable toward[es] paym[en]t of the officers & sold[ier]s of his the reg[imen]t uppon acc[oun]tt £500 - 0s - 0d,"Constable, William, Sir",Colonel,foot,,,,,
923,V2124,Vernon,54v,1643-03-02,46 p[ai]d Coll[onel] Constable for and toward[es] on months pay of the officers and soldiers of his reg[imen]t upp[on] accompt £900 - 0s - 0d,"Constable, William, Sir",Colonel,foot,,,,,
924,V2218,Vernon,56v,1643-03-08,23 p[ai]d m[aste]r w[illia]m Sedgwicke chaplaine for S[i]r will[ia]m Constables Regi[men]t for 2 mo[nths] pay for himself and his servant uppon accompt £24 - 5s - 4d,"Constable, William, Sir",Colonel,foot,,,,,
925,V2339,Vernon,59r,1643-04-12,46 p[ai]d S[i]r w[illia]m Constable the like for his Regi[men]t £514 - 10s - 0d,"Constable, William, Sir",Colonel,foot,,,,,
926,V2458,Vernon,61v,1643-04-25,46 p[ai]d S[i]r w[illia]m Constable for a weeke for his reg[imen]t £150 - 17s - -d,"Constable, William, Sir",Colonel,foot,,,,,
927,V2554,Vernon,63r,1643-05-11,46 p[ai]d S[i]r w[illia]m Constable toward[es] the recruting and compleating [th]e severall compa[nies] of his reg[imen]t uppon accompt £100 - 0s - 0d,"Constable, William, Sir",Colonel,foot,,,,,
928,V2657,Vernon,65v,1643-05-26,46 p[ai]d S[i]r w[illia]m Constable for a mo[nths] pay for [th]e officers & 417 sold[ier]s of his Regiment end[ing] 1 June as by [th]e warr[an]t £970 - 9s - 4d,"Constable, William, Sir",Colonel,foot,,,,,
929,F0055,Fenton,97v,1643-06-08,p[ai]d M[aste]r W[illia]m Sedgwicke for S[i]r W[illia]m Constables Regim[en]t £100 - 0s - 0d,"Constable, William, Sir",Colonel,,,,,,
930,V2718,Vernon,66v,1643-06-21,46 p[ai]d S[i]r w[illia]m Constable for [th]e officers & 525 sold[ier]s of his reg[imen]t for 14 days end[ing] as above as by [th]e war[rant] £615 - 11s - -d,"Constable, William, Sir",Colonel,foot,,,,,
931,V2915,Vernon,71r,1643-07-13,46 p[ai]d S[i]r w[illia]m Constable for [th]e officers & 662 sold[ier]s of his Regi[men]t according to [th]e warr[ant] £520 - 8s - 0d,"Constable, William, Sir",Colonel,foot,,,,,
932,F0182,Fenton,99v,1643-07-30,p[ai]d Capt[ain] Needham for S[i]r W[illia]m Constables Regim[en]t £108 - 19s - 4d,"Constable, William, Sir",Colonel,foot,,,,,
933,V2997,Vernon,72v,1643-08-16,46 p[ai]d C[aptain] James Grey for 7 days pay for [th]e Regi[men]t late S[i]r w[illia]m Constables £198 - 19s - 6d,"Constable, William, Sir",Colonel,foot,,,,,
934,V3136,Vernon,75r,1643-08-24,196 p[ai]d Rob[er]t Greims lefft[enant] Coll[onel] of [th]e Regi[men]t wherof S[i]r w[illia]m Constable was Coll[onel] for 14 days pay for [th]e Regi[men]t £392 - 7s - -d,"Constable, William, Sir",Colonel,foot,,,,,
935,F0315,Fenton,102r,1643-09-11,p[ai]d Major Frodsham for S[i]r W[illia]m Constables Regim[en]t £101 - 6s - 6d,"Constable, William, Sir",Colonel,,,,,,
936,V3293,Vernon,78r,1643-10-14,46 p[ai]d major Frodsham for [th]e Regi[men]t late S[i]r w[illia]m Constables £361 - 15s - 8d,"Constable, William, Sir",Colonel,foot,,,,,
937,V3413,Vernon,79v,1643-10-23,46 p[ai]d C[aptain] Humphrey Foans for 14 days pay for the under officers & [?225?] sold[ier]s of [th]e Regi[men]t late S[i]r w[illia]m Constables £145 - 16s - 8d,"Constable, William, Sir",Colonel,foot,,,,,
938,V3475,Vernon,80r,1643-11-17,46 p[ai]d [th]e like for S[i]r w[illia]m Constables Regi[men]t £320 - 16s - 8d,"Constable, William, Sir",Colonel,foot,,,,,
939,V3586,Vernon,81v,1643-12-07,46 p[ai]d a week[es] paye to [th]e under officers & com[m]on soldiers of Coll[onel] Constables Regi[men]t £44 - 3s - 2d,"Constable, William, Sir",Colonel,foot,,,,,
940,V3644,Vernon,82v,1643-12-12,216 p[ai]d m[istres]s Grace Flowerden Administratrix to C[aptain] Ja[mes] Pecham in the late Regi[men]t of S[i]r w[illia]m Constable for a mo[nths] pay uppon his arrears £21 - 0s - 0d,"Constable, William, Sir",Colonel,foot,,,,,
941,V3663,Vernon,83r,1643-12-18,46 p[ai]d the like for S[i]r w[illia]m Constables Regi[men]t £48 - 7s - 2d,"Constable, William, Sir",Colonel,foot,,,,,
942,V3681,Vernon,83r,1643-12-29,46 p[ai]d S[i]r w[illia]m Constables Regi[men]t for 7 daies £160 - 8s - 4d,"Constable, William, Sir",Colonel,foot,,,,,
943,V3704,Vernon,83v,1644-01-06,46 p[ai]d Coll[onel] Constables Regi[men]t the like £45 - 7s - 6d,"Constable, William, Sir",Colonel,foot,,,,,
944,V3722,Vernon,83v,1644-01-09,46 p[ai]d S[i]r w[illia]m Constables Regi[men]t [th]e like £52 - 18s - 2d,"Constable, William, Sir",Colonel,foot,,,,,
945,V3751,Vernon,84r,1644-02-05,46 p[ai]d Coll[onel] Constables Regi[men]t [th]e like £299 - 12s - 0d,"Constable, William, Sir",Colonel,foot,,,,,
946,V3857,Vernon,85r,1644-02-27,46 p[ai]d Coll[onel] Constables Regi[men]t [th]e like £74 - 0s - 6d,"Constable, William, Sir",Colonel,foot,,,,,
947,V3906,Vernon,85r,1644-03-09,46 p[ai]d S[i]r w[illia]m Constables Regiment [th]e like £100 - 10s - 2d,"Constable, William, Sir",Colonel,foot,,,,,
948,V3943,Vernon,85v,1644-03-23,46 p[ai]d Coll[onel] Constables Regi[men]t [th]e like £101 - 6s - 6d,"Constable, William, Sir",Colonel,foot,,,,,
949,V2935,Vernon,71v,1643-07-13,"190 p[ai]d Capt[ain] w[illia]m Butler C[aptain] John wheler C[aptain] Thomas weelin L[ieutenan]t Thomas Apleby l[ieutenan]t Humphrey Caroll Ens[ign] Fra[ncis] Carey Ens[ign] Fra[ncis] lister, Ens[ign] Henry Cony Ens[ign] mathew williams Ens[ign] James llewellen & Ens[ign] Jo[hn] Holt officers in the late Regi[men]t of S[i]r Henry Cholmlie for ther pay for 14 dayes uppon accompt £49 - 14s - -d","Cony, Henry",Ensign,foot,,"Cholmley, Henry, Sir",,,
950,V1481,Vernon,41r,1642-12-03,6 p[ai]d Edward Cooke surgeon to my lord Robert[es] Reg[imen]t for 2 mo[nths] pay ending 9 [Decem]bre £25 - 4s - -d,"Cooke, Edward",Surgeon,foot,,"Robartes, Lord",,,
951,V2226,Vernon,56v,1643-03-09,6 p[ai]d Edward Cooke surgeon to my lord Robert[es] Regi[men]t for 2 mo[nths] & 10 dayes pay for him & 2 mat[es] to the 14 Febr[uary] £29 - 14s - -d,"Cooke, Edward",Surgeon,foot,,"Robartes, Lord",,,
952,V1039,Vernon,32r,1642-10-19,18 p[ai]d James Cooke surgeon to Collonel Midleton for soe much advanced to furnish his chest himself & mates £27 - 0s - 0d,"Cooke, James",Surgeon,dragoons,,"Middleton, John",,,
953,F0081,Fenton,98r,1643-06-23,p[ai]d Tho[mas] Cooke Marmaster £90 - 0s - 0d,"Cooke, Thomas",Markmaster,,,,,,
954,V2895,Vernon,70v,1643-07-13,p[ai]d Thomas Cooke markemaster to the army for 14 dayes pay for himself & 4 servant[es] uppon acc[oun]tt £21 - 0s - 0d,"Cooke, Thomas",Markmaster,,,,,,
955,V3055,Vernon,73v,1643-08-18,195 p[ai]d Thomas Cooke markemaster £21 - 0s - 0d,"Cooke, Thomas",Markmaster,,,,,,
956,V3109,Vernon,74v,1643-08-22,195 p[ai]d Capt[ain] Thomas Cooke markmaster for 7 days pay for him self & deputies £10 - 10s - -d,"Cooke, Thomas",Markmaster,,,,,,
957,F0322,Fenton,102r,1643-09-16,p[ai]d M[aste]r Tho[mas] Cooke Marke M[aste]r £31 - 10s - 0d,"Cooke, Thomas",Markmaster,,,,,,
958,V3339,Vernon,78v,1643-10-14,195 p[ai]d C[aptain] Cooke markmaster £31 - 10s - 0d,"Cooke, Thomas",Markmaster,,,,,,
959,V3626,Vernon,82v,1643-12-09,195 p[ai]d Tho[mas] Cooke markmaster for 14 days £31 - 10s - -d,"Cooke, Thomas",Markmaster,,,,,,
960,V3766,Vernon,84r,1644-02-05,195 p[ai]d Tho[mas] Cooke markm[aste]r £31 - 10s - -d,"Cooke, Thomas",Markmaster,,,,,,
961,V3936,Vernon,85v,1644-03-22,195 p[ai]d Tho[mas] Cooke markm[aste]r for a week[es] pay £15 - 15s - -d,"Cooke, Thomas",Markmaster,,,,,,
962,V1094,Vernon,33r,1642-10-28,120 p[ai]d Captaine marmeduke Cooper Captaine of that troope of horse wherof the late lord St John was Captaine toward[es] payment of the troope uppon accompt £100 - 0s - 0d,"Cooper, Marmaduke",Captain,horse,,,,,late Lord St John’s troop
963,V1180,Vernon,34v,1642-11-09,120 p[ai]d Capt[ain] Marmeduke Cooper uppon acc[oun]tt for his troope £150 - -s - -d,"Cooper, Marmaduke",Captain,horse,,,,,
964,V1516,Vernon,41v,1642-12-03,120 p[ai]d Capt[ain] Marmeduke Cooper toward[es] payment of his troop uppon accompt £150 - -s - -d,"Cooper, Marmaduke",Captain,horse,,,,,
965,V1714,Vernon,45v,1642-12-21,120 p[ai]d Capt[ain] Marmeduke Cooper for 1/2 a mo[nths] pay for his troop uppon acc[oun]tt £174 - 13s - -d,"Cooper, Marmaduke",Captain,foot,,,,,
966,V1852,Vernon,48v,1643-01-06,120 p[ai]d C[aptain] marmaduke Cooper for 1/2 a mo[nths] pay for his troop £174 - 13s - -d,"Cooper, Marmaduke",Captain,horse,,,,,
967,F0032,Fenton,97r,1643-06-03,p[ai]d Capt[ain] John Copley £50 - 0s - 0d,"Copley, John, Captain",Captain,,,,,,
968,F0121,Fenton,98v,1643-07-14,p[ai]d Capt[ain] John Copley £100 - 0s - 0d,"Copley, John, Captain",Captain,,,,,,
969,V3101,Vernon,74v,1643-08-21,126 p[ai]d Capt[ain] Jo[hn] Copply for 7 days pay for his troope of dragoon[er]s £56 - 17s - 6d,"Copley, John, Captain",Captain,dragoons,,,,,
970,V3258,Vernon,77r,1643-08-27,126 p[ai]d C[aptain] Jo[hn] Coply for 14 days pay for his compa[ny] of dragooners £113 - 15s - -d,"Copley, John, Captain",Captain,dragoons,,,,,
971,V3372,Vernon,79r,1643-10-16,126 p[ai]d C[aptain] John Copley for his troop of dragoon[er]s £103 - 12s - 0d,"Copley, John, Captain",Captain,dragoons,,,,,
972,V3566,Vernon,81v,1643-12-04,126 p[ai]d C[aptain] Jo[hn] Copley for 14 days for his compa[ny] of dra[goons] £77 - 6s - 4d,"Copley, John, Captain",Captain,dragoons,,,,,
973,V1299,Vernon,37r,1642-11-12,126 p[ai]d m[aste]r John Coply uppon acc[oun]t for providing musket & Carabin Arrowes charges & quivers £20 - 0s - 0d,"Copley, John, Mr",,,,,,,
974,V1459,Vernon,40v,1642-12-01,126 p[ai]d m[aste]r John Copley for provision of 100 dozen of arrowes & quivers and other necessaries to be by him delivered to S[i]r Edward Peto £32 - 10s - -d,"Copley, John, Mr",,,,,,,
975,V1947,Vernon,50v,1643-01-26,126 p[ai]d John Copley for 150 dozen of musket arrowes & the apurtenances £50 - 0s - 0d,"Copley, John, Mr",,,,,,,
976,V0861,Vernon,28r,1642-10-05,107 p[ai]d Lionell Coplye uppon acc[oun]tt to be imployed for the spetiall service of the state £200 - 0s - 0d,"Copley, Lionel",,,,,,,
977,V1278,Vernon,36v,1642-11-11,109 p[ai]d Lionel Coply Comissary g[enera]ll of the musters for 3 mo[nths] pay for himself & officers £126 - 0s - 0d,"Copley, Lionel",Commissary,,,,,,
978,V2323,Vernon,58v,1643-04-12,109 p[ai]d Comissary Coply for monie by him disbursed for the service £100 - -s - -d,"Copley, Lionel",Commissary,,,,,,
979,V2324,Vernon,58v,1643-04-12,more for a whole mo[nths] pay for the officers of his troop £132 - 6s - -d,"Copley, Lionel",Captain,horse,,,,,
980,F0018,Fenton,97r,1643-05-30,p[ai]d Comissarie Copley £387 - 16s - 0d,"Copley, Lionel",Commissary,,,,,,
981,V2783,Vernon,68r,1643-06-21,109 p[ai]d C[aptain] Lionell Copley for 14 days pay for officers & 72 troop[er]s end[ing] 7 June £193 - 18s - -d,"Copley, Lionel",Captain,horse,,,,,
982,V2925,Vernon,71r,1643-07-13,109 p[ai]d Capt[ain] Lionel Copley for 14 dayes pay for his officers & 72 troop[er]s uppon acc[oun]tt £193 - 18s - 0d,"Copley, Lionel",Captain,horse,,,,,
983,F0170,Fenton,99v,1643-07-29,p[ai]d Comissarie Lionell Copley £94 - 10s - 0d,"Copley, Lionel",Commissary,,,,,,
984,V2986,Vernon,72v,1643-08-16,109 p[ai]d Comissary Coply for 7 daies pay for his troope of Harquebusiers £94 - 6s - 6d,"Copley, Lionel",Captain,horse,,,,,
985,V3185,Vernon,76r,1643-08-25,109 p[ai]d C[aptain] lionel Copley the like for his troop £188 - 8s - 0d,"Copley, Lionel",Captain,horse,,,,,
986,V3255,Vernon,77r,1643-08-27,109 p[ai]d Lionel Coply Comissary of [th]e musters of foot uppon accompt £100 - 0s - 0d,"Copley, Lionel",Commissary,foot,,,,,
987,V3349,Vernon,78v,1643-10-16,109 p[ai]d C[aptain] Lionel Copley for his troop £171 - 3s - -d,"Copley, Lionel",Captain,horse,,,,,
988,V3541,Vernon,81r,1643-12-01,109 p[ai]d C[aptain] Lionel Coplies troop the like £125 - 13s - 0d,"Copley, Lionel",Captain,horse,,,,,
989,V3788,Vernon,84r,1644-02-13,126 p[ai]d C[aptain] Copley the like £191 - 2s - -d,"Copley, Lionel",Captain,horse,,,,,
990,V3843,Vernon,84v,1644-02-19,109 p[ai]d the wiff of Jo[hn] walker troop[er] of Ca[ptain] lionel Coplies troop slain at newberry £3 - 10s - -d,"Copley, Lionel",Captain,horse,,,,,
991,V0321,Vernon,13v,1642-08-25,59 p[ai]d Captaine Arnold Cosby for on m[onth] paye for 70 sold[ie]rs of the same regiment [...] this comp[any] begins the 20 Aug[us]t £65 - 6s - 8d,"Cosby, Arnold",Captain,foot,,"Stamford, Earl of",,,
992,V0302,Vernon,13r,1642-08-24,54 p[ai]d Capt[ain] Ralph Cottesforth for one months pay of 86 sold[ie]rs of the same regim[en]t entring as above £80 - 5s - 4d,"Cotsford, Ralph",Captain,foot,,"Brooke, Lord",,,
993,F0193,Fenton,100r,1643-07-31,p[ai]d Capt[ain] Raph Cotsford £20 - 0s - 0d,"Cotsford, Ralph",Captain,,,,,,
994,V1294,Vernon,37r,1642-11-12,125 p[ai]d Phillip Cotton provost marshall to Coll[onel] midletons reg[imen]t of dragooners for pay £3 - 10s - -d,"Cotton, Philip",Provost Marshall,dragoons,,"Middleton, John",,,
995,V1700,Vernon,45v,1642-12-19,125 p[ai]d Phillip Cotton provost marshall to Coll[onel] midletons Regi[men]t of dragoon[er]s for a mo[nths] pay beg[inning] 11 [Novem]bre £7 - -s - -d,"Cotton, Philip",Provost Marshall,dragoons,,"Middleton, John",,,
996,V2729,Vernon,67r,1643-06-20,62 p[ai]d liefft[enant] w[illia]m Covell toward[es] payment of the officers & troop[er]s of Ca[ptain] Greys troop uppon acc[oun]tt £200 - 0s - 0d,"Covell, William",Lieutenant,horse,,,"Grey, William",,
997,V1667,Vernon,44v,1642-12-18,148 p[ai]d Capt[ain] Alban Cox for pay of the officers & 50 troop[er]s for a mo[nths] as by the warr[an]t £223 - 6s - -d,"Cox, Alban",Captain,horse,,,,,
998,V1774,Vernon,47r,1642-12-26,148 p[ai]d Capt[ain] Albon Cox for pay of his officers and troop as by [th]e warr[ant] £169 - 8s - -d,"Cox, Alban",Captain,horse,,,,,
999,V1870,Vernon,49r,1643-01-06,148 p[ai]d Capt[ain] Alban Cox the like £100 - 0s - 0d,"Cox, Alban",Captain,horse,,,,,
1000,V2215,Vernon,56v,1643-03-08,148 p[ai]d Albon Cox Captaine of a troop of hors uppon acc[oun]tt £20 - -s - -d,"Cox, Alban",Captain,horse,,,,,
1001,V1562,Vernon,42v,1642-12-05,64 p[ai]d Obediah Coysh quarterm[aste]r to Capt[ain] walton troop for 3 week[es] pay for the officers and 39 sold[ier]s upon accompt £206 - 17s - -d,"Coysh, Obediah",Quartermaster,horse,,,"Walton, Valentine",,
1002,V2010,Vernon,52r,1643-01-24,48 p[ai]d the lord willoughby for soe much by him lent to Coll[onel] Ballard for payment of a monthes advance unto Capt[ain] manly Capt[ain] Bower C[aptain] Cracroft & C[aptain] Fowke 4 leifft[enant]s & 3 ensigns being officers of the reg[imen]t of the said Coll[onel] Ballard £119 - 0s - 0d,"Cracroft, Captain",Captain,foot,,"Ballard, Thomas",,,
1003,V3963,Vernon,86r,1644-03-23,49 p[ai]d Jacob Cremer his Exc[ellencys] trompeter wounded at newberry fight uppon his arrears 10.0.0 £10 - 0s - 0d,"Cremer, Jacob",Trumpeter,,,,,wounded,
1004,V0164,Vernon,9v,1642-08-15,38 p[ai]d S[i]r Guilbert Pickeringe & John Crew for payment of such forces as ar at this present imployed for the defence of the countye & towne of northampton by the apointm[en]t of such deputye leifft[enants] as shalbe in the said towne or the greater number of £500 - 0s - 0d,"Crewe, John",,,,,,,
1005,V0245,Vernon,11v,1642-08-19,47 p[ai]d Captaine Oliver Cromwell capt[ain] of a troope of horse for mountinge him self and his officers £280 - 0s - 0d,"Cromwell, Oliver (Lord Protector)",Captain,horse,,,,,
1006,V0419,Vernon,16v,1642-08-30,47 p[ai]d Capt[ain] Oliver Cromwell for mounting 3 corporall[es] 42 two trumpeters a farier and a sadler 32l & scarff[es] 30 £104 - 0s - 0d,"Cromwell, Oliver (Lord Protector)",Captain,horse,,,,,
1007,V0685,Vernon,23v,1642-09-09,47 p[ai]d Captaine Oliver Cromwell for on mo[nths] pay of his troope from the 29 of August £210 - -s - -d,"Cromwell, Oliver (Lord Protector)",Captain,horse,,,,,
1008,V0686,Vernon,23v,1642-09-09,more for on mo[nths] pay of the officers of his troope from [th]e 30 Julie Inclusive to the 29 aug[us]t inclusive beinge 31 dayes 154.4.6 more from the 29 aug[us]t exclusive 139.6. £293 - 10s - 6d,"Cromwell, Oliver (Lord Protector)",Captain,horse,,,,,
1009,V0743,Vernon,25r,1642-09-27,47 p[ai]d Capt[ain] oliver Cromwell for arrers of his troop & 1/2 a mo[nths] pay to beginn from the i [Octo]bre £234 - 11s - 0d,"Cromwell, Oliver (Lord Protector)",Captain,horse,,,,,
1010,V0833,Vernon,27r,1642-10-04,47 p[ai]d Captaine Oliver Cromwell in full of on 1/2 mo[nths] pay of his troop of 80 harqueb[usiers] beginning 1 [Octo]bre £35 - 0s - 0d,"Cromwell, Oliver (Lord Protector)",Captain,horse,,,,,
1011,V0986,Vernon,30v,1642-10-15,47 p[ai]d Capt[ain] oliver Cromwell for 1/2 mo[nths] pay of his troop of 80 harquebusiers to the 28 present £209 - 13s - 0d,"Cromwell, Oliver (Lord Protector)",Captain,horse,,,,,
1012,V1171,Vernon,34v,1642-11-08,47 p[ai]d Capt[ain] Oliver Cromwell for 1/2 a mo[nths] pay of his troope of 80 harquebusiers uppon acc[oun]tt £209 - 13s - -d,"Cromwell, Oliver (Lord Protector)",Captain,horse,,,,,
1013,V1419,Vernon,39v,1642-11-28,134 p[ai]d Collonel Cromwell for 1/2 a mo[nths] pay for his troope of 80 harqueb[usiers] uppon acc[oun]tt £209 - 13s - -d,"Cromwell, Oliver (Lord Protector)",Colonel,horse,,,,,
1014,V1495,Vernon,41r,1642-12-03,47 p[ai]d C oliver Cromwell toward[es] pay of himself officers & troop uppon a[ccoun]tt £209 - 4s - -d,"Cromwell, Oliver (Lord Protector)",Captain,horse,,,,,
1015,V1669,Vernon,44v,1642-12-19,47 p[ai]d Capt[ain] Oliver Cromwell for 1/2 a mo[nths] pay for his troop of 80 harque[busiers] begining 10 pres[en]t £204 - 13s - -d,"Cromwell, Oliver (Lord Protector)",Captain,horse,,,,,
1016,V1840,Vernon,48v,1643-01-06,47 p[ai]d Capt[ain] oliver Cromwell for 1/2 a mo[nths] pay for his troop of 80 harg[ebusiers] uppon accompt £214 - 13s - -d,"Cromwell, Oliver (Lord Protector)",Captain,horse,,,,,
1017,V2565,Vernon,63v,1643-05-24,47 p[ai]d C[aptain] oliver Cromwell toward[es] payment of his troop uppon accompt £100 - -s - -d,"Cromwell, Oliver (not Lord Protector)",Captain,horse,,,,,
1018,V2874,Vernon,70r,1643-07-12,47 p[ai]d Capt[ain] oliver Cromwell for 14 dayes for his officers & 50 troop[er]s uppon acc[oun]tt £153 - 13s - 0d,"Cromwell, Oliver (not Lord Protector)",Captain,horse,,,,,
1019,V2999,Vernon,72v,1643-08-16,47 p[ai]d C[aptain] oliver Cromwell for 7 days for his troop £89 - 1s - 6d,"Cromwell, Oliver (not Lord Protector)",Captain,horse,,,,,
1020,V3266,Vernon,77v,1643-08-29,47 p[ai]d C[aptain] oliver Cromwell for 14 dayes pay for his troop £178 - 3s - -d,"Cromwell, Oliver (not Lord Protector)",Captain,horse,,,,,
1021,V3373,Vernon,79r,1643-10-16,47 p[ai]d C[aptain] Cromwell for his troop of Harque[busiers] £137 - 11s - -d,"Cromwell, Oliver (not Lord Protector)",Captain,horse,,,,,
1022,V3556,Vernon,81r,1643-12-04,47 p[ai]d Ca[ptain] Cromwell[es] troop the like £106 - 1s - -d,"Cromwell, Oliver (not Lord Protector)",Captain,horse,,,,,
1023,V3828,Vernon,84v,1644-02-13,47 p[ai]d Ca[ptain] Cromwell the like £104 - 6s - 0d,"Cromwell, Oliver (not Lord Protector)",Captain,horse,,,,,
1024,V3873,Vernon,85r,1644-02-27,218 p[ai]d John Crookskancke chap[lain] to Coll[onel] holborns Regi[men]t £6 - 1s - 4d,"Crookshank, John",Chaplain,foot,,"Holborne, James",,,
1025,V3487,Vernon,80v,1643-11-20,59 I have [th]e warr[an]t p[ai]d the ladye Crosbye part of her husband[es] Arrears: this was p[ai]d by m[aste]r Baldwins note for w[hi]ch he is to procure a warr[an]t [^I have it^] £40 - -s - -d,Crosby (husband of Lady Crosby),,,,,,,
1026,V3487,Vernon,80v,1643-11-20,59 I have [th]e warr[an]t p[ai]d the ladye Crosbye part of her husband[es] Arrears: this was p[ai]d by m[aste]r Baldwins note for w[hi]ch he is to procure a warr[an]t [^I have it^] £40 - -s - -d,"Crosby, Lady",,,,,,,
1027,V1863,Vernon,48v,1643-01-06,157 p[ai]d Ca[ptain] Richard Crosse the like £100 - -s,"Cross, Richard",Captain,horse,,,,,
1028,V2011,Vernon,52r,1643-01-24,157 p[ai]d Capt[ain] Richard Cross for a whole mo[nths] pay for his troop uppon acc[oun]tt deducting 100l p[ai]d the 6 Janu[ary] £249 - 6s - 0d,"Cross, Richard",Captain,horse,,,,,
1029,V2144,Vernon,55r,1643-03-02,157 p[ai]d C[aptain] Crosse for on whole mo[nths] pay for his troop £349 - 6s - 0d,"Cross, Richard",Captain,horse,,,,,
1030,V2314,Vernon,58v,1643-04-12,157 p[ai]d C[aptain] Crosse the like £209 - 13s - -d,"Cross, Richard",Captain,horse,,,,,
1031,V2508,Vernon,62v,1643-04-29,157 p[ai]d Capt[ain] Cross [th]e like & 84 troop[er]s £80 - 10s - -d,"Cross, Richard",Captain,horse,,,,,
1032,V2624,Vernon,64v,1643-05-25,157 p[ai]d C[aptain] Richard Crosse [th]e like for [th]e officers & 84 troop[er]s end[ing] 18 June £433 - 6s - 0d,"Cross, Richard",Captain,horse,,,,,
1033,V2710,Vernon,66v,1643-06-21,157 p[ai]d Capt[ain] Crosse the like & for 84 trop[er]s £216 - 13s - -d,"Cross, Richard",Captain,horse,,,,,
1034,V2857,Vernon,69v,1643-07-12,157 p[ai]d Capt[ain] Cross for 14 dayes for his officers & 84 troop[er]s end[ing] 16 present £216 - 13s - 0d,"Cross, Richard",Captain,horse,,,,,
1035,V3028,Vernon,73r,1643-08-16,157 p[ai]d C[aptain] Richard Cross for 7 days pay for his troope £103 - 1s - 6d,"Cross, Richard",Captain,horse,,,,,
1036,V3204,Vernon,76r,1643-08-25,157 p[ai]d C[aptain] Rich[ard] Crosse for 14 dayes pay for his troop £206 - 3s - -d,"Cross, Richard",Captain,horse,,,,,
1037,V3295,Vernon,78r,1643-10-14,157 p[ai]d major Cross his troop £206 - 3s - -d,"Cross, Richard",Major,horse,,,,,
1038,V3567,Vernon,81v,1643-12-04,57 p[ai]d major Ric[hard] Crosses troop the like £183 - 8s - -d,"Cross, Richard",Major,horse,,,,,
1039,V2476,Vernon,62r,1643-04-28,"168 p[ai]d unto Edward wollaston, Henry Crossly Richard Hind, Jo[hn] Baldwin, John Symond[es] Thomas Adams, Georg Ewer, George whitledge, Samuel Flesher, Thomas kelsey Thomas Chetwood, John shelby George white gent[lemen] apointed paymasters of the severall Regiment[es] of Foot in the parlim[entes] service the some of 5 pownd[es], to be given 12s to every soldier of the said Regi[men]t[es] by way of reward £5000 - 0s - 0d","Crossley, Henry",Paymaster,foot,,,,,
1040,V3639,Vernon,82v,1643-12-11,125 p[ai]d Thomas Crowther Cornet to C midleton for pay of himself and on dragoner £4 - 11s - 0d,"Crowther, Thomas",Cornet,dragoons,,,"Middleton, Francis",,
1041,V3670,Vernon,83r,1643-12-18,125 p[ai]d Thomas Crowther Cornet to late C[aptain] midletons compa[ny] of dragoners for pay of certaine dragoners of that troop £7 - 18s - 0d,"Crowther, Thomas",Cornet,dragoons,,,"Middleton, Francis",,
1042,V0540,Vernon,19v,1642-09-05,85 p[ai]d leifften[an]t Collonel Coningham for on mo[nths] pay of his compa[ny] of 61 sold[ier]s in Coll[onel] Essex reg[imen]t to begine 30 Aug[us]t last £56 - 18s - -d,"Cunningham, Adam",Lt-Colonel,foot,,"Essex, Charles",,,
1043,V3306,Vernon,78r,1643-10-14,154 p[ai]d C[olone]ll Coningham for that Regi[men]t w[hi]ch was C[olone]ll Bolstrod[es] £416 - 7s - 8d,"Cunningham, Adam",Colonel,foot,,,,,
1044,V3417,Vernon,79v,1643-10-23,85 p[ai]d Coll[onel] Adam Coningham the like £159 - 7s - 8d,"Cunningham, Adam",Colonel,foot,,,,,
1045,V3468,Vernon,80r,1643-11-17,85 p[ai]d [th]e like for Coll[onel] Coninghams Regi[men]t £394 - 10s - 2d,"Cunningham, Adam",Colonel,foot,,,,,
1046,V3592,Vernon,81v,1643-12-08,35 p[ai]d the like for Coll[onel] Coninghams Regi[men]t £40 - 19s - 0d,"Cunningham, Adam",Colonel,foot,,,,,
1047,V3661,Vernon,83r,1643-12-18,85 p[ai]d the like for Coll[onel] Cunninghams Regi[men]t £50 - 19s - 8d,"Cunningham, Adam",Colonel,foot,,,,,
1048,V3682,Vernon,83r,1643-12-29,85 p[ai]d Coll[onel] Coninghams Regi[men]t [th]e like £197 - 5s - 1d,"Cunningham, Adam",Colonel,foot,,,,,
1049,V3711,Vernon,83v,1644-01-06,85 p[ai]d Coll[onel] Coninghams Regi[men]t the like £55 - 16s - 6d,"Cunningham, Adam",Colonel,foot,,,,,
1050,V3727,Vernon,83v,1644-01-09,85 p[ai]d Coll[onel] Coninghams Regi[men]t [th]e like £50 - 18s - 0d,"Cunningham, Adam",Colonel,foot,,,,,
1051,V3746,Vernon,84r,1644-02-05,85 p[ai]d Coll[onel] Coninghams Regi[men]t the like £323 - 14s - 4d,"Cunningham, Adam",Colonel,foot,,,,,
1052,V3859,Vernon,85r,1644-02-27,85 p[ai]d Coll[onel] Coninghams Regi[men]t [th]e like £76 - 2s - 6d,"Cunningham, Adam",Colonel,foot,,,,,
1053,V3905,Vernon,85r,1644-03-09,85 p[ai]d Coll[onel] Coninghams Regi[men]t [th]e like £120 - 2s - 2d,"Cunningham, Adam",Colonel,foot,,,,,
1054,V3947,Vernon,85v,1644-03-23,85 p[ai]d Coll[onel] Coninghams Regi[men]t [th]e like £111 - 11s - 4d,"Cunningham, Adam",Colonel,foot,,,,,
1055,V0038,Vernon,6r,1642-08-09,14 p[ai]d Collonell John Dulbier for mounting of himself and officers of a troope of 60 horse as by the warrant £354 - 0s - 0d,"Dalbeir, John",Colonel,horse,,,,,
1056,V0237,Vernon,11v,1642-08-19,14 p[ai]d Capt[ain] John Dulbier for a monthes pay for his troope £349 - 6s - 0d,"Dalbeir, John",Captain,horse,,,,,
1057,V0238,Vernon,11v,1642-08-19,more for scarff[es] £30 - 0s - 0d,"Dalbeir, John",Captain,horse,,,,,
1058,V0652,Vernon,22v,1642-09-08,14 p[ai]d Collonel Dulbier quartermaster g[enera]ll for 1 mo[nths] pay of his troope of 60 harqueb[usiers] to begine from the 7 pres[en]t £349 - 6s - 0d,"Dalbeir, John",Quartermaster General,horse,,,,,
1059,V0653,Vernon,22v,1642-09-08,more to him by way of advance for the farrier and sadler to be defalked out of ther pay at 5s a week £10 - -s - -d,"Dalbeir, John",Colonel,horse,,,,,
1060,V0959,Vernon,30r,1642-10-13,14 p[ai]d Quarter m[aste]r G[enera]ll Dulbier for arrears of his troop & 1/2 mo[nths] pay from [th]e 15 pre[sen]t £299 - 8s - 0d,"Dalbeir, John",Quartermaster General and Captain,horse,,,,,
1061,V1340,Vernon,38r,1642-11-14,128 p[ai]d Quartermaster g[enera]ll Dulbier for 1/2 a mo[nths] pay for his troop from [th]e 28 [Octo]bre £174 - 13s - -d,"Dalbeir, John",Quartermaster General,horse,,,,,
1062,V1457,Vernon,40v,1642-11-30,128 p[ai]d John Dulbier quartermaster generall toward[es] his pay and entertainm[en]t of xxs p[er] diem £150 - -s - -d,"Dalbeir, John",Quartermaster General,horse,,,,,
1063,V1587,Vernon,43r,1642-12-05,128 p[ai]d Quarter m[aste]r G[enera]ll Dalbier for 30 great saddles & furniture £87 - 10s - -d,"Dalbeir, John",Quartermaster General,horse,,,,,
1064,V1740,Vernon,46r,1642-12-22,128 p[ai]d Quarter m[aste]r G[enera]ll Dulbier for a mo[nths] pay for his troope £349 - 6s - -d,"Dalbeir, John",Quartermaster General,horse,,,,,
1065,V2396,Vernon,60r,1643-04-13,128 p[ai]d Quarter m[aste]r g[e]n[era]ll dulbier for a whole months pay for himself officers & tropers from [th]e 9 [Decem]bre to [th]e 6 Janu[ary] £349 - 6s - 0d,"Dalbeir, John",Quartermaster General,horse,,,,,
1066,V2679,Vernon,66r,1643-05-26,181 p[ai]d Capt[ain] George ulrick & his officers & 15 troop[er]s intended to be under the Com[m]and of Coll[onel] Dulbier for a mo[nths] pay ending [th]e 25 may £168 - -s - -d,"Dalbeir, John",Colonel,horse,,,,,
1067,V2706,Vernon,66v,1643-06-20,128 p[ai]d Coll[onel] Dalbier for pay of himself as Capt[ain] the officers & 17 troop[er]s of his troop for a whole month to end the 20 maye £187 - 12s - -d,"Dalbeir, John",Colonel,horse,,,,,
1068,V2814,Vernon,68v,1643-06-22,128 p[ai]d Coll[onel] dulbier for pay of himself as Capt[ain] & 17 troup[er]s for 14 days end[ing] 3 pres[en]t £93 - 16s - 0d,"Dalbeir, John",Colonel,horse,,,,,
1069,V2858,Vernon,69v,1643-07-12,128 p[ai]d Coll[onel] Dolbier for 14 dayes for his offic[er]s & 17 troop[er]s end[ing] 17 June £93 - 26s - -d,"Dalbeir, John",Colonel,horse,,,,,
1070,V3077,Vernon,74r,1643-08-18,128 p[ai]d Coll[onel] dalbier the like  for his troope £46 - 18s - 0d,"Dalbeir, John",Colonel,horse,,,,,
1071,V3092,Vernon,74r,1643-08-18,128 p[ai]d Coll[onel] dalbier for 7 days for [th]e troop lately belonging to Coll[onel] sand[er]s £44 - 16s - -d,"Dalbeir, John",Colonel,horse,,,,,
1072,F0263,Fenton,101r,1643-08-23,p[ai]d Coll[onel] Dolbeir £100 - 0s - 0d,"Dalbeir, John",Colonel,,,,,,
1073,V3192,Vernon,76r,1643-08-25,128 p[ai]d Coll[onel] Dulbier for 14 days for [th]e troope late under C[aptain] sanders £89 - 12s - -d,"Dalbeir, John",Colonel,horse,,,,,
1074,V3193,Vernon,76r,1643-08-25,128 more for 14 days for his owne troope £93 - 16s - -d,"Dalbeir, John",Colonel,horse,,,,,
1075,V3219,Vernon,76v,1643-08-26,14 p[ai]d Henry Eaton pro[vost] mar[shall] to Coll[onel] dolbiers Regi[men]t for 14 daies £7 - 0s - 0d,"Dalbeir, John",Colonel,horse,,,,,
1076,V3300,Vernon,78r,1643-10-14,128 p[ai]d Coll[onel] Dolbier for his troope £182 - 14s - 0d,"Dalbeir, John",Colonel,horse,,,,,
1077,V3301,Vernon,78r,1643-10-14,128 more for his majors troope £96 - 5s - -d,"Dalbeir, John",Colonel,horse,,,,,
1078,V3445,Vernon,80r,1643-10-28,14 p[ai]d Henry Eaton provost marshall to Coll[onel] Dalbiers Regi[men]t uppon acc[oun]tt £20 - -s - -d,"Dalbeir, John",Colonel,horse,,,,,
1079,V3538,Vernon,81r,1643-12-01,128 p[ai]d Coll[onel] dulbiers troop the like £166 - 19s - 0d,"Dalbeir, John",Colonel,horse,,,,,
1080,V3815,Vernon,84v,1644-02-13,128 p[ai]d Coll[onel] dalbier the like £172 - 4s - -d,"Dalbeir, John",Colonel,horse,,,,,
1081,V0877,Vernon,28r,1642-10-07,21 p[ai]d Elizabeth Daniel his Cornet[es] wiffe John Daniell likewise slaine ther for her releif £20 - 0s - 0d,"Daniel, Elizabeth",Widow,,,,,,
1082,V0877,Vernon,28r,1642-10-07,21 p[ai]d Elizabeth Daniel his Cornet[es] wiffe John Daniell likewise slaine ther for her releif £20 - 0s - 0d,"Daniel, John",Cornet,horse,,,"Anselme, William",deceased,
1083,V3438,Vernon,79v,1643-10-27,210 p[ai]d C[aptain] davers the like for his troop £157 - 3s - -d,"Davers, Capt",Captain,horse,,,,,
1084,V0078,Vernon,7r,1642-08-11,20 p[ai]d Leifftenn[an]t Collonell Davies for entertainment of my lord Gennerall Regiment of 15C menn for on month w[i]th other paym[en]ts cont[aine]d in the warr[an]t £1461 - 17s - 4d,"Davies, William",Lt-Colonel,foot,,"Essex, Earl of",,,
1085,V0254,Vernon,12r,1642-08-19,20 p[ai]d Leifftenn[an]t Collonell Davies for an Areer due to him in part of his entertainm[en]t in my Lord G[enera]lls regiment £38 - 10s - 0d,"Davies, William",Lt-Colonel,foot,,"Essex, Earl of",,,
1086,V0516,Vernon,19r,1642-09-03,sallery 20 p[ai]d leifftenn[an]t Collonel Davies for on mo[nths] advance for the pay and entertainm[en]t of my lord G[enera]ll[es] officers of his reg[imen]t £662 - 4s - 0d,"Davies, William",Lt-Colonel,foot,,"Essex, Earl of",,,
1087,V0517,Vernon,19r,1642-09-03,more for 13 wagons for the reg[imen]t at 40l £520 - 0s - 0d,"Davies, William",Lt-Colonel,foot,,"Essex, Earl of",,,
1088,V0518,Vernon,19r,1642-09-03,20 more for on monthes pay of l[ieutenant] Coll[onel] davies his compa[ny] of 94 sold[ier]s to begine from the 22 Aug[us]t £87 - 14s - 0d,"Davies, William",Lt-Colonel,foot,,"Essex, Earl of",,,
1089,V0610,Vernon,21v,1642-09-06,20 p[ai]d Leifften[an]t Coll[onel] Davies for allowance of 20 wagons to attend my lord G[enera]ll[es] owne traine by way of advance at 40l £800 - -s - -d,"Davies, William",Lt-Colonel,foot,,,,,
1090,V2052,Vernon,53r,1642-10-05,20 p[ai]d [^leifft[enant]^] Collonel davis the 5 [octo]bris uppon acc[oun]t £100 - 0s - 0d,"Davies, William",Lt-Colonel,foot,,,,,
1091,V0872,Vernon,28r,1642-10-07,20 p[ai]d liefftenn[an]t Collonel davies by the hand[es] of sergeant major Bamfeild for 21 daies pay for the officers of my lord g[enera]ll[es] reg[imen]t to end the 14 [Octo]bre £496 - 13s - 0d,"Davies, William",Lt-Colonel,foot,,"Essex, Earl of",,,
1092,V1607,Vernon,43v,1642-12-09,20 p[ai]d w[illia]m Davis leifft[enant] Coll[onel] of the g[enera]lls owne Regiment for pay of leifft[enant] Collonel uppon acc[oun]tt £200 - 0s - 0d,"Davies, William",Lt-Colonel,foot,,"Essex, Earl of",,,
1093,F0254,Fenton,101r,1643-08-17,p[ai]d M[ist]r[es]s Gertruit Deboise £50 - 0s - 0d,"de Bois, Gertrude",Wife,,,,,,
1094,V3081,Vernon,74r,1643-08-18,22 p[ai]d m[istres]s Gertrude De Boys toward[es] the arrears due to mons[iuer] de Boys her husband as quart[er] m[aste]r g[e]n[era]ll of the foot £34 - 10s - 0d,"de Bois, Gertrude",Wife,,,,,,
1095,V0092,Vernon,7v,1642-08-11,22 p[ai]d the Leifftenn[an]t Gen[era]ll of the Artiglirye uppon accompt £1000 - 0s - 0d,"de Bois, Philibert Emanuel",Lt-General,artillery,,,,,
1096,V0247,Vernon,11v,1642-08-19,22 p[ai]d Phillebert Emanuel de Boys for on monthes pay and entertainment for the officers and artificers of the train of Artiglirye £2280 - 2s - 8d,"de Bois, Philibert Emanuel",,artillery,,,,,
1097,V0705,Vernon,24r,1642-09-10,22 p[ai]d Mons[ieu]r de Bois leifft[enant] Gen[era]ll of the Artigliry in part of a warr[an]t of 3000 for providinge wagons boat[es] and other materiall[es] for the trayne £1000 - 0s - 0d,"de Bois, Philibert Emanuel",Lt-General,artillery,,,,,
1098,V0721,Vernon,24v,1642-09-19,22 p[ai]d to John Hallford deputy leifft[enant] to leifftenn[an]t g[enera]ll de Boys for the paym[en]t of wagons gunners & matrosses uppon accompt this monie was p[ai]d the 12 present £100 - 0s - 0d,"de Bois, Philibert Emanuel",Lt-General,artillery,,,,,
1099,V0770,Vernon,25v,1642-09-30,22 p[ai]d Mons[ieu]r de Boys toward[es] the payment of the cariages of the traine of Artigliry £431 - 0s - 0d,"de Bois, Philibert Emanuel",Lt-General,artillery,,,,,
1100,V0785,Vernon,26r,1642-10-01,22 p[ai]d Mons[ieu]r de Boys for service of the traine of Artigliry £20 - 0s - 0d,"de Bois, Philibert Emanuel",Lt-General,artillery,,,,,
1101,V0786,Vernon,26r,1642-10-01,more toward[es] the entertainm[en]t & charge of the traine of Artigl[ery] 600l and alsoe toward[es] the charge of the fortifications in and about worcester 300 £900 - 0s - 0d,"de Bois, Philibert Emanuel",Lt-General,artillery,,,,,
1102,V0874,Vernon,28r,1642-10-07,22 p[ai]d Mons[ieu]r de Boys for soe much advanced for levy of 100 fierlock[es] £50 - 0s - 0d,"de Bois, Philibert Emanuel",Captain,foot,firelocks,,,,
1103,V0875,Vernon,28r,1642-10-07,more p[ai]d him for entertainm[en]t of the officers of the traine of Artigliry (except the g[enera]ll) from the 23 [Septem]bre to [th]e 14 [Octo]bre 21 days £1710 - 2s - 0d,"de Bois, Philibert Emanuel",Lt-General,artillery,,,,,
1104,V0907,Vernon,29r,1642-10-11,22 p[ai]d Mons[ieu]r de Boys uppon acc[oun]tt toward[es] the charges of cariage of the traine of Artigliry this monie was p[ai]d [th]e 28 [Septem]bre £200 - 0s - 0d,"de Bois, Philibert Emanuel",Lt-General,artillery,,,,,
1105,V0965,Vernon,30v,1642-10-13,22 p[ai]d mons[ieu]r de Boyes uppon accompt for waggons £300 - 0s - 0d,"de Bois, Philibert Emanuel",Lt-General,artillery,,,,,
1106,F0062,Fenton,97v,1643-06-12,p[ai]d M[aste]r Deboise Quarterm[aste]r Gen[er]all of Foote £40 - 0s - 0d,"de Bois, Philibert Emanuel",Quartermaster General,foot,,,,,
1107,V2968,Vernon,72r,1643-07-13,22 p[ai]d mons[ieu]r de Boys quarterm[aste]r g[e]n[era]ll of Foot for 1/2 a months pay uppon accompt - d[elivere]d to m[aste]r Broad [th]e 10 October [th]e warr[antes] of Julie being - 97 - R[eturne]d backe £31 - 10s - -d,"de Bois, Philibert Emanuel",Quartermaster General,foot,,,,,
1108,V3081,Vernon,74r,1643-08-18,22 p[ai]d m[istres]s Gertrude De Boys toward[es] the arrears due to mons[iuer] de Boys her husband as quart[er] m[aste]r g[e]n[era]ll of the foot £34 - 10s - 0d,"de Bois, Philibert Emanuel",Quartermaster General,foot,,,,,
1109,V2775,Vernon,68r,1643-06-21,16 p[ai]d m[istres]s de la hay late wiffe to John de la hay leifft[enant] to [th]e troop above in part of a warr[an]t of 75l dew to him for arrears £50 - 0s - 0d,"de La Hay, John",Lieutenant,horse,,,"Evelin, Arthur",,
1110,V2775,Vernon,68r,1643-06-21,16 p[ai]d m[istres]s de la hay late wiffe to John de la hay leifft[enant] to [th]e troop above in part of a warr[an]t of 75l dew to him for arrears £50 - 0s - 0d,"de La Hay, Mrs",Widow,,,,,,
1111,V1208,Vernon,35v,1642-11-10,p[ai]d w[illia]m de morgey surgeon of that reg[imen]t £25 - 4s - -d,"de Morgey, William",Surgeon,horse,,"Willoughby of Parham, Lord",,,
1112,V1467,Vernon,40v,1642-12-03,48 p[ai]d Isaac de Morque Chirurgeon the said Reg[imen]t for his pay and bidett[es] to the 3 [December] £25 - 4s - -d,"de Morque, Isaac",Surgeon,horse,,"Willoughby of Parham, Lord",,,
1113,V2673,Vernon,65v,1643-05-26,22 p[ai]d Richard Dean for [th]e paym[en]t of [th]e gunners and matroses for service done before Redding £160 - -s - -d,"Deane, Richard",,artillery,,,,,
1114,V3619,Vernon,82r,1643-12-09,22 p[ai]d [th]e 24 [Octo]bre to Ric[hard] Dean comptroler of the ordinance for [th]e traine £300 - 0s - 0d,"Deane, Richard",Comptroller,artillery,,,,,
1115,V3847,Vernon,84v,1644-02-22,p[ai]d Quarter m[aste]r g[e]n[era]ll delaman for 14 days £14 - 0s - 0d,"Delaman, QMG",Quartermaster General,,,,,,
1116,V3398,Vernon,79r,1643-10-19,206 p[ai]d [th]e Earle of denbigh for his troop £169 - 8s - -d,"Denbigh, Earl of",Captain,horse,,,,,
1117,V3440,Vernon,79v,1643-10-27,211 p[ai]d major Thomas Frazer major to my lord denbigh £46 - 4s - -d,"Denbigh, Earl of",Colonel,horse,,,,,
1118,V3575,Vernon,81v,1643-12-05,207 p[ai]d C[aptain] Roper under Command of my lord denbigh for a mo[nths] pay for himself being wounded £54 - 12s - -d,"Denbigh, Earl of",Colonel,horse,,,,,
1119,V2977,Vernon,72v,1643-08-15,p[ai]d Georg Embre & walt[er] denton wounded troop[er]s at Kenton for ther arrears £33 - 0s - 0d,"Denton, Walter",Trooper,horse,,,,wounded,
1120,V0427,Vernon,16v,1642-08-30,67 p[ai]d Capt[ain] Nicholas Devereux for on mo[nths] pay of his compa[ny] of 90 fierlocks under the g[enera]lls regiment to beginn 22 aug[us]t £84 - 0s - 0d,"Devereux, Nicholas",Captain,foot,firelocks,"Essex, Earl of",,,
1121,V0778,Vernon,26r,1642-09-30,67 p[ai]d Capt[ain] Devoreux for 15 days paye for 86 soldiers of his Ex[cellencys] regim[en]t & for 1/2 mo[nth] to end the 14 [Octo]bre £83 - 2s - 6d,"Devereux, Nicholas",Captain,foot,,"Essex, Earl of",,,
1122,V1021,Vernon,31v,1642-10-18,67 p[ai]d Capt[ain] Nicholas Devoreux for pay of 72 dragone[er]s in [...] reg[imen]t for 15 dayes to end 28 [Octo]bre £81 - -s - -d,"Devereux, Nicholas",Captain,dragoons,,,,,
1123,V1128,Vernon,33v,1642-10-29,67 p[ai]d Capt[ain] Nicholas Devoreux as above £35 - 5s - 0d,"Devereux, Nicholas",Captain,dragoons,,"Middleton, John",,,
1124,V1272,Vernon,36v,1642-11-11,67 p[ai]d leifften[an]t Thomas lawrence [^for^] pay of severall officers in a compa[ny] of dragoon[er]s under Captain devoreux £16 - 16s - -d,"Devereux, Nicholas",Captain,dragoons,,,,,
1125,V2597,Vernon,64r,1643-05-24,67 p[ai]d C[aptain] nicholas devereux late capt[ain] of a compa[ny] of Foot in Coll[onel] Essex reg[imen]t for [th]e arrears of his pay as by [th]e warr[ant] £132 - 15s - -d,"Devereux, Nicholas",Captain,foot,,"Essex, Colonel (Charles or Thomas?)",,,
1126,V0315,Vernon,13v,1642-08-25,sallery p[ai]d w[illia]m Dickenson m[aste]r of the castle of Hull for fraight & wages of menn for bringinge Tent[es] and Hulsters from hull £16 - 15s - 0d,"Dickinson, William",Sea Captain,,,,,,
1127,F0229,Fenton,100v,1643-08-09,p[ai]d L[ieutenan]t Dingley £30 - 0s - 0d,"Dingley, Lt",Lieutenant,,,,,,
1128,V3457,Vernon,80r,1643-11-14,98 p[ai]d C[aptain] mathew drap[er] for the funerall charges of his leifft[enant] Dinglye to be defalked out of the said leifft[enants] Arrears £47 - 11s - -d,"Dingley, Lt",Lieutenant,horse,,,"Draper, Matthew",,
1129,V1379,Vernon,38v,1642-11-23,[Novem]bre 23 p[ai]d Roger dickeson surgeon apointed to attend the army for monie to provide his chest 15 & 14 dayes pay for himself & mates to Comence the 12 november 6.6. £21 - 6s,"Dixon, Roger (surgeon, army)",Surgeon,,,,,,
1130,V1900,Vernon,49v,1643-01-06,p[ai]d Roger Dixon another surgeon of the Army the like for a mo[nths] pay £12 - 12s - -d,"Dixon, Roger (surgeon, army)",Surgeon,,,,,,
1131,V1380,Vernon,38v,1642-11-24,19 p[ai]d another Roger dickson surgeon to Coll[onel] Bulstred for furnishinge his chest 15l & 1 mo[nths] pay for himself and mates 12.12 £27 - 12s - -d,"Dixon, Roger (surgeon, Bulstrode's foot)",Surgeon,foot,,"Bulstrode, Henry",,,
1132,V3617,Vernon,82r,1643-12-09,54 p[ai]d Roger Dixon surgeon of Coll[onel] Bulstrod[es] Regi[men]t for arrears £36 - 18s - -d,"Dixon, Roger (surgeon, Bulstrode's foot)",Surgeon,foot,,"Bulstrode, Henry",,,
1133,V0259,Vernon,12r,1642-08-20,10 p[ai]d the Earle of Stamford by way of advance of pay of a [^companie^] of 100 menn under the Command of Capt[ai]n Isaacke Dobson £100 - 0s - 0d,"Dobson, Isaac",Captain,foot,,"Stamford, Earl of",,,
1134,V2235,Vernon,57r,1643-03-09,98 p[ai]d Jo[hn] Bridges and w[illia]m dod 2 troop[er]s of Cap[tain] drap[er]s troop wounded at Kinton in part of a warr[ant] for 18 week[es] pay 31 10.0 £20 - 0s - 0d,"Dod, William",Trooper,horse,,,"Draper, Matthew",wounded,
1135,V2406,Vernon,60v,1643-04-13,p[ai]d John Bridges & w[illia]m Dod wounded troop[er]s in full of a warrent of [th]e 9 march £11 - 10s - -d,"Dod, William",Trooper,horse,,,,wounded,
1136,V2828,Vernon,69r,1643-06-22,9 p[ai]d miles dodson quarterm[aste]r to my lord Rochford[es] reg[imen]t for 14 pay end[ing] 15 present £3 - 10s - 0d,"Dodson, Miles",Quartermaster,foot,,"Rochford, Lord",,,
1137,V0417,Vernon,16v,1642-08-30,65 p[ai]d S[i]r Edward Dodsworth Comissarie G[enera]ll of the horse for on months advance of pay £42 - 0s - 0d,"Dodsworth, Edward, Sir",Commissary,horse,,,,,
1138,V1286,Vernon,37r,1642-11-11,65 p[ai]d S[i]r Edward Dodsworth Comissary g[enera]ll of the musters for horse for a mo[nths] pay ending 22 [Octo]bre & deputys £35 - -s - -d,"Dodsworth, Edward, Sir",Commissary,horse,,,,,
1139,V1287,Vernon,37r,1642-11-11,more for another mo[nths] pay endinge 18 [Novem]bre £35 - -s - -d,"Dodsworth, Edward, Sir",Commissary,horse,,,,,
1140,V1575,Vernon,43r,1642-12-05,65 p[ai]d S[i]r Edward Dodsworth Comissary g[enera]ll for the musters of horse for a mo[nths] pay for himself and deputies £35 - -s - -d,"Dodsworth, Edward, Sir",Commissary,horse,,,,,
1141,V1953,Vernon,50v,1643-01-26,65 p[ai]d S[i]r Edward Dodsworth Comiss[ary] g[e]n[era]ll for the musters of horse for a mo[nths] pay for himself ending the 13 Janu[ary] & a mo[nths] pay for his deputies endinge [th]e 15 ditto £35 - 0s - 0d,"Dodsworth, Edward, Sir",Commissary,horse,,,,,
1142,V2207,Vernon,56r,1643-03-07,65 p[ai]d S[i]r Edward dodsworth in p[ar]t of a warr[an]t of 70.0.0 £50 - 0s - 0d,"Dodsworth, Edward, Sir",,,,,,,
1143,V2334,Vernon,59r,1643-04-12,65 p[ai]d S[i]r Edward dodsworth [th]e remaind[e]r of a warr[an]t of the 1 march £20 - 0s - 0d,"Dodsworth, Edward, Sir",,,,,,,
1144,V2900,Vernon,70v,1643-07-13,65 p[ai]d S[i]r Edward dodsworth Commissary g[enera]ll of the musters of horse for 14 days pay for him & his deputies end[ing] 5 June £17 - 10s - -d,"Dodsworth, Edward, Sir",Commissary,horse,,,,,
1145,V3054,Vernon,73v,1643-08-18,65 p[ai]d S[i]r Edward dodsworth for 7 days £8 - 15s - -d,"Dodsworth, Edward, Sir",,,,,,,
1146,V3160,Vernon,75v,1643-08-25,65 p[ai]d S[i]r Edward dodsworth Comiss[ary] g[e]n[era]ll of the musters of horse for 14 days pay £17 - 10s - -d,"Dodsworth, Edward, Sir",Commissary,horse,,,,,
1147,V3311,Vernon,78r,1643-10-14,65 p[ai]d S[i]r Edward dodsworth for 14 dayes pay to him & his deputies £17 - 10s - -d,"Dodsworth, Edward, Sir",,,,,,,
1148,V3627,Vernon,82v,1643-12-09,65 p[ai]d S[i]r Edward Dodsworth for 14 daies £17 - 10s - -d,"Dodsworth, Edward, Sir",,,,,,,
1149,V3825,Vernon,84v,1644-02-13,65 p[ai]d S[i]r Edward Dodsworth £17 - 10s - -d,"Dodsworth, Edward, Sir",,,,,,,
1150,F0210,Fenton,100r,1643-08-03,p[ai]d M[aste]r Donne Chirurgeon for Medicines £38 - 15s - 8d,"Donne, Mr (surgeon)",Surgeon,,,,,,
1151,V0579,Vernon,20v,1642-09-06,102 p[ai]d Docter Dorisla Advocate of the army by way of advance for his provision £100 - -s - -d,"Dorislaus, Isaac",Advocate,,,,,,
1152,V0746,Vernon,25r,1642-09-27,102 p[ai]d Docter Dorisla advocate of [th]e army for his pay for 2 whole months & 7 days to end the last of [Septem]bre £63 - 0s - 0d,"Dorislaus, Isaac",Advocate,,,,,,
1153,V1050,Vernon,32r,1642-10-19,102 p[ai]d Docter Dorisla for on mo[nths] pay to end 28 [Octo]bre £28 - 0s - 0d,"Dorislaus, Isaac",,,,,,,
1154,V1327,Vernon,37v,1642-11-14,102 p[ai]d Docter Dorisla for 1/2 a mo[nths] pay as advocate £14 - -s - -d,"Dorislaus, Isaac",Advocate,,,,,,
1155,V1692,Vernon,45r,1642-12-19,102 p[ai]d Docter Dorisla for a mo[nths] pay as advocate of the Army from [th]e 11 [Novem]bre to [th]e 8 present £28 - -s - -d,"Dorislaus, Isaac",Advocate,,,,,,
1156,V2401,Vernon,60v,1643-04-13,102 p[ai]d docter dorisla advocate of the Army in part of a warrent of 56l dated [th]e 12 Aprill £28 - 0s - 0d,"Dorislaus, Isaac",Advocate,,,,,,
1157,V2704,Vernon,66v,1643-06-20,102 p[ai]d docter dorisla Advocate of [th]e Army in full of a warr[an]t of [th]e 12 Ap[ri]ll £28 - -s - -d,"Dorislaus, Isaac",Advocate,,,,,,
1158,V3172,Vernon,75v,1643-08-25,102 p[ai]d Docter Dorislaus Judg Advocate for a mo[nths] pay £28 - 0s - 0d,"Dorislaus, Isaac",Advocate,,,,,,
1159,V3630,Vernon,82v,1643-12-09,102 p[ai]d Docter Dorisla advocate for 40 days pay £40 - 0s - 0d,"Dorislaus, Isaac",Advocate,,,,,,
1160,V3830,Vernon,84v,1644-02-13,102 p[ai]d Docter Dorisla for 14 days £21 - -s - -d,"Dorislaus, Isaac",,,,,,,
1161,V0137,Vernon,8v,1642-08-13,32 p[ai]d Capt[ain] Alexander Dowglas for providinge of himself and officers w[i]th horse armes and other necessaries for the service £280 - 0s - 0d,"Douglas, Alexander",Captain,horse,,,,,
1162,V0151,Vernon,9r,1642-08-13,32 p[ai]d Capt[ain] Allexander Dowglas for mountinge his 3 corporall[es] 42. more 32. for mountinge his farrier sadler & 2 trumpeters £74 - 0s - 0d,"Douglas, Alexander",Captain,horse,,,,,
1163,V0647,Vernon,22v,1642-09-08,43 p[ai]d Collonell Edwin Sandys for on months pay of a troope of 60 harqueb[usiers] besid[es] officers by advance the war[ran]t was in the name of serg[ean]t major dowglas £349 - 6s - -d,"Douglas, Alexander",Major,horse,,"Sandys, Edwin",,,
1164,V0784,Vernon,26r,1642-10-01,26 p[ai]d Captaine Austine for soe much monie by him to be expended to clear the pay of the troope of serjant major Dowglas deceased to this 1 [Octo]bre 130l as also for on 1/2 months pay for the said troop consistinge of 60 harqueb[usiers] beginning from the first [Octo]bre 174.13. in all £304 - 13s - 0d,"Douglas, Alexander",Major,horse,,,,deceased,
1165,V2358,Vernon,59v,1643-04-12,32 p[ai]d widdow dowglas [th]e relict of major dowglas slaine at worcester £50 - -s - -d,"Douglas, Alexander",Major,horse,,,,deceased,
1166,V2022,Vernon,52r,1643-01-24,176 p[ai]d Capt[ain] James dowglas & C[aptain] Andrew Andrew Jackson Capt[ain] reformados of horse for a mo[nths] pay uppon acc[oun]tt £109 - 4s - 0d,"Douglas, James",Captain,horse,,,,reformado,
1167,V2424,Vernon,61r,1643-04-13,176 p[ai]d Capt[ain] Ja[mes] douglas C[aptain] Robert Rutherford C[aptain] david Kennimonth C[aptain] david Hunter C[aptain] w[illia]m Abernethy C[aptain] w[illia]m Blare & leifft[enan]t Arthur sinclair Scot[es] reformados attending this present service toward[es] ther entertain[men]t upp[on] a[ccount] £235 - -s - -d,"Douglas, James",Captain,,,,,reformado,
1168,V2358,Vernon,59v,1643-04-12,32 p[ai]d widdow dowglas [th]e relict of major dowglas slaine at worcester £50 - -s - -d,"Douglas, Widow",Widow,,,,,,
1169,V0037,Vernon,6r,1642-08-09,13 p[ai]d Capt[ain] Francis Dowett for mountinge of 3 corporall[es] £42 - 0s - 0d,"Dowett, Francis",Captain,horse,,,,,
1170,V0111,Vernon,8r,1642-08-12,13 p[ai]d Capt[ain] Fra[ncis] Dowett for 1 monthes pay for his intertainem[en]t of his troope of 60 horse £349 - 6s - 0d,"Dowett, Francis",Captain,horse,,,,,
1171,V0112,Vernon,8r,1642-08-12,13 more for an arreer due to him and his officers from [th]e 15 Julie Inclusive to the 6 of August exclusive beinge 21 days £104 - 9s - 6d,"Dowett, Francis",Captain,horse,,,,,
1172,V0113,Vernon,8r,1642-08-12,more for allowance of scarff[es] for his troop £30 - 0s - 0d,"Dowett, Francis",Captain,horse,,,,,
1173,V1015,Vernon,31v,1642-10-18,13 p[ai]d Capt[ain] Fra[ncis] Dowet for 1/2 a mo[nths] paye for his troope to end the 28 present £174 - 13s - -d,"Dowett, Francis",Captain,horse,,,,,
1174,V1169,Vernon,34v,1642-11-08,13 p[ai]d Capt[ain] Fra[ncis] Dowett uppon acc[oun]tt his troope for 1/2 a mo[nth] £174 - 13s - -d,"Dowett, Francis",Captain,horse,,,,,
1175,V1437,Vernon,40r,1642-11-23,13 p[ai]d Capt[ain] Francis Dowett the like £174 - 13s - -d,"Dowett, Francis",Captain,horse,,,,,
1176,V1636,Vernon,44r,1642-12-10,13 p[ai]d Capt[ain] Dowett for 20 great saddles & furniture £50 - -s - -d,"Dowett, Francis",Captain,horse,,,,,
1177,V0444,Vernon,17r,1642-09-01,sallery 6 p[ai]d Callibut Downinge Chaplaine to the lord Robert[es] for providinge him necessaries £20 - 0s - 0d,"Downing, Calybute",Chaplain,foot,,"Robartes, Lord",,,
1178,V0661,Vernon,23r,1642-09-08,6 p[ai]d Callibut Downinge for on 1/2 mo[nths] pay due to him from the 30 Julie last 5.12. & for a month for his mann 18.8 £6 - 10s - 8d,"Downing, Calybute",Chaplain,,,,,,
1179,V0824,Vernon,27r,1642-10-03,6 p[ai]d Callibut Downing Chaplaine to the lord Robert[es] for his pay & his servant[es] endinge the last [Septem]bre £15 - 3s - 4d,"Downing, Calybute",Chaplain,foot,,"Robartes, Lord",,,
1180,V1488,Vernon,41r,1642-12-03,6 p[ai]d Doc[ter] Downing Chaplain to my lord Robert[es] Reg[imen]t for his entertainm[en]t for 2 mo[nths] 5 day[es] & his mans endinge [th]e 1 [Decem]bre £25 - 0s - 8d,"Downing, Calybute",Chaplain,foot,,"Robartes, Lord",,,
1181,V2221,Vernon,56v,1643-03-08,6 p[ai]d m[aste]r Calibut downinge Chaplaine to my lord Robert[es] Regi[men]t for 3 mo[nths] pay for himself & servant ending 22 Feb[ruary] £35 - 16s - -d,"Downing, Calybute",Chaplain,foot,,"Robartes, Lord",,,
1182,F0021,Fenton,97r,1643-06-01,p[ai]d Do[cto]r Downeing £44 - 9s - 4d,"Downing, Calybute",,,,,,,
1183,V3934,Vernon,85v,1644-03-21,22 p[ai]d Daniel Downs for what was dew to him for horses attending the train of Artigly £54 - 10s - -d,"Downs, Daniel",Wagoner,artillery,,,,,
1184,V0691,Vernon,23v,1642-09-09,99 p[ai]d Capt[ain] John Drake for 1 mo[nths] pay of his companie of 55 sold[ier]s in my lord mandevill[es] reg[imen]t from [th]e 1 present £51 - 6s - 8d,"Drake, John",Captain,foot,,"Mandeville, Lord",,,
1185,V1029,Vernon,31v,1642-10-19,117 p[ai]d Capt[ain] Thomas drake of the same reg[imen]t for 25 dayes to the 28 [Octo]bre £43 - 6s - 8d,"Drake, Thomas",Captain,foot,,"Rochford, Lord",,,
1186,V0630,Vernon,22r,1642-09-07,95 p[ai]d Capt[ain] Mathew Draper for a monthes pay of 52 harqueb[usiers] under my l[ord] Gen[era]ll[es] command from the 3 pres[ent] £182 - 0s - 0d,"Draper, Matthew",Captain,horse,,,,,
1187,V0631,Vernon,22r,1642-09-07,more for mountinge 3 corporall[es] 42l 2 trumpeters 1 farier & sadler 32 more for scarff[es] 26l £100 - 0s - 0d,"Draper, Matthew",Captain,horse,,,,,
1188,V0683,Vernon,23v,1642-09-09,98 p[ai]d Captaine Mathew Draper for entertainm[en]t of certaine officers of his troop from [th]e 30 Julie inclusive to the 4 of this instant [Septem]bre exclusive being 35 dayes £125 - 16s - -d,"Draper, Matthew",Captain,horse,,,,,
1189,V0684,Vernon,23v,1642-09-09,more for on mo[nths] pay for the officers of his troope from [th]e 4 [Septem]bre £114 - 2s - -d,"Draper, Matthew",Captain,horse,,,,,
1190,V0812,Vernon,26v,1642-10-03,78 p[ai]d Capt[ain] Draper for on 1/2 mo[nths] pay for his troop of 52 harqueb[usiers] besid[es] officers to beginn [?1?] october £148 - 1s - -d,"Draper, Matthew",Captain,horse,,,,,
1191,V0813,Vernon,26v,1642-10-03,more for arrears of his troop as by [th]e warr[an]t £47 - 0s - 0d,"Draper, Matthew",Captain,horse,,,,,
1192,V0979,Vernon,30v,1642-10-15,98 p[ai]d Capt[ain] Draper for 1/2 a mo[nths] pay of his troop from the 14 to [th]e 28 [Octo]bre of 52 sol[diers] £148 - 1s - -d,"Draper, Matthew",Captain,horse,,,,,
1193,V1097,Vernon,33r,1642-10-28,98 p[ai]d Captain Mathew draper captaine of my lord[es] gen[eralles] troope of harquebusiers for on 1/2 mo[nths] pay of the said troope to beginne from [th]e 29 [Octo]bre £148 - 1s - -d,"Draper, Matthew",Captain,horse,,,,,
1194,V1348,Vernon,38r,1642-11-15,98 p[ai]d Captaine Mathew Draper for remaind[e]r of his troop being 30 menn to beginn the 12 of november £100 - 13s - 0d,"Draper, Matthew",Captain,horse,,,,,
1195,V1483,Vernon,41r,1642-12-03,98 p[ai]d Capt[ain] Mathew Draper for pay of his troop for arrears & 14 dayes pay [^begining^] [th]e the 28 [Novem]bre £167 - 4s - -d,"Draper, Matthew",Captain,horse,,,,,
1196,V1484,Vernon,41r,1642-12-03,more for 50 saddles & the furniture £125 - -s - -d,"Draper, Matthew",Captain,horse,,,,,
1197,V1711,Vernon,45v,1642-12-21,98 p[ai]d Captaine mathew draper for 1/2 a mo[nths] pay for the officers & sold[ier]s of my lord[es] troop of harque[busiers] the lieff[enant] excepted £162 - 1s - -d,"Draper, Matthew",Captain,horse,,,,,
1198,V1984,Vernon,51v,1643-01-23,98 p[ai]d Capt[ain] mathew draper for my lord g[e]n[era]ll[es] owne troop of harg[ebusiers] for soe much remaining due uppon the last 1/2 mo[nths] pay ending the 8 Janu[ary] 62.1.0 & alsoe for another 1/2 mo[nths] pay for [th]e said troop beg[inning] 9 pres[en]t 162.1.0 £224 - 2s - -d,"Draper, Matthew",Captain,horse,,,"Essex, Earl of",,
1199,V2194,Vernon,56r,1643-03-07,98 p[ai]d C[aptain] mathew draper in part of a warr[ant] of 324.2.0. for a mo[nths] pay for his troope £200 - 0s - 0d,"Draper, Matthew",Captain,horse,,,,,
1200,V2235,Vernon,57r,1643-03-09,98 p[ai]d Jo[hn] Bridges and w[illia]m dod 2 troop[er]s of Cap[tain] drap[er]s troop wounded at Kinton in part of a warr[ant] for 18 week[es] pay 31 10.0 £20 - 0s - 0d,"Draper, Matthew",Captain,horse,,,,,
1201,V2242,Vernon,57r,1643-03-09,98 p[ai]d Capt[ain] mathew drap[er] in full of a war[rant] of 28 Febr[ruary] of 324.2 £124 - 2s - -d,"Draper, Matthew",Captain,,,,,,
1202,V2307,Vernon,58v,1643-04-12,98 p[ai]d Capt[ain] draper the like £169 - 1s - -d,"Draper, Matthew",Captain,horse,,,,,
1203,V2533,Vernon,63r,1643-05-02,98 p[ai]d Capt[ain] draper the like & 62 troop[er]s £61 - 5s - 0d,"Draper, Matthew",Captain,horse,,,,,
1204,V2646,Vernon,65r,1643-05-25,98 p[ai]d C[aptain] mathew drap[er] for a mo[nths] pay for [th]e officers & 62 troop[er]s end[ing] 18 June £331 - 2s - -d,"Draper, Matthew",Captain,horse,,,,,
1205,V2756,Vernon,67v,1643-06-21,78 p[ai]d C[aptain] Draper for 14 dayes pay for his officers & 62 troop[er]s end[ing] 2 Julie £165 - 11s - -d,"Draper, Matthew",Captain,horse,,,,,
1206,V2938,Vernon,71v,1643-07-13,98 p[ai]d Captaine drap[e]r the like for his officers & 62 troop[er]s end[ing] 16 Julye £165 - 11s - -d,"Draper, Matthew",Captain,horse,,,,,
1207,V3020,Vernon,73r,1643-08-16,98 p[ai]d C[aptain] mathew drap[er] for 7 dayes pay for his troope £81 - 10s - -d,"Draper, Matthew",Captain,horse,,,,,
1208,V3227,Vernon,76v,1643-08-26,98 p[ai]d C[aptain] mathew drap[er] for 14 days for his troop £164 - 4s - -d,"Draper, Matthew",Captain,horse,,,,,
1209,V3342,Vernon,78v,1643-10-14,98 p[ai]d C[aptain] mathew drap[er] for his troop £176 - 8s - 0d,"Draper, Matthew",Captain,horse,,,,,
1210,V3457,Vernon,80r,1643-11-14,98 p[ai]d C[aptain] mathew drap[er] for the funerall charges of his leifft[enant] Dinglye to be defalked out of the said leifft[enants] Arrears £47 - 11s - -d,"Draper, Matthew",Captain,horse,,,,,
1211,V3517,Vernon,80v,1643-12-01,98 p[ai]d Capt[ain] drap[er]s troop the like £188 - 13s - 0d,"Draper, Matthew",Captain,horse,,,,,
1212,V3776,Vernon,84r,1644-02-13,98 p[ai]d Ca[ptain] draper [th]e like £188 - 6s - 0d,"Draper, Matthew",Captain,horse,,,,,
1213,V2364,Vernon,59v,1643-04-12,166 p[ai]d Capt[ain] Charles ducket Capt[ain] of a a Foat compa[ny] in S[i]r Jo[hn] Hamdens Regi[men]t for several paym[entes] as by [th]e war[rant] £170 - 1s - -d,"Ducket, Charles",Captain,foot,,"Hampden, John",,,
1214,V0992,Vernon,31r,1642-10-17,116 p[ai]d Captaine Henry Rowe Capt[ain] Edward Froadsham & Capt[ain] John Duncan Capt[ain]s of Pioners for leviinge 600 pioners £30 - 0s - 0d,"Duncan, John",Captain,pioneers,,,,,
1215,V1129,Vernon,33v,1642-10-29,116 p[ai]d Capt[ain] John Dungan toward[es] paym[en]t of his uppon acc[oun]t for Pioneers £20 - 0s - 0d,"Duncan, John",Captain,pioneers,,,,,
1216,V1271,Vernon,36v,1642-11-11,116 p[ai]d Captaine John Duncan [th]e like £25 - -s - -d,"Duncan, John",Captain,pioneers,,,,,
1217,V1372,Vernon,38v,1642-11-22,69 p[ai]d Capt[ain] John Duncan Captaine leifftenn[an]t of my lord of Peeterborroughs compa[ny] of fierlock[es] for on mo[nths] pay for the said compa[ny] from the 15 present 93 6 8 & for on mo[nths] pay for the officers from the 9th 46.4. in all £139 - 10s - 8d,"Duncan, John",Captain-Lieutenant,foot,firelocks,,"Peterborough, Earl of",,
1218,V1796,Vernon,47v,1642-12-27,154 p[ai]d Ca[ptain] Georg Dundass capt[ain] of a compa[ny] of dragon[er]s late in Coll[onel] wardlaws reg[imen]t uppon acc[oun]tt £50 - -s,"Dundass, George",Captain,dragoons,,"Wardlaw, James",,,
1219,V1906,Vernon,49v,1643-01-06,154 p[ai]d C[aptain] Georg Dondass capt[ain] of 120 drag[oon]s in the g[e]n[er]all[es] reg[imen]t for payment of the said troop uppon accompt £100 - -s - -d,"Dundass, George",Captain,dragoons,,"Essex, Earl of",,,
1220,V2035,Vernon,52v,1643-01-24,154 p[ai]d Georg Dundass Capt[ain] of a compa[ny] of drago[ons] toward[es] paym[en]t of his compa[ny] uppon acc[oun]tt £150 - 0s - 0d,"Dundass, George",Captain,dragoons,,,,,
1221,V2081,Vernon,53v,1643-02-24,154 p[ai]d Georg Dundasse Captaine of a troop of dragooners for and toward[es] pay and entertainm[en]t of him self officers & sold[ier]s p[er] acc[oun]tt £400 - -s - -d,"Dundass, George",Captain,dragoons,,,,,
1222,V2368,Vernon,59v,1643-04-12,154 p[ai]d Capt[ain] dundasse toward[es] paym[en]t of his compa[ny] of dragoon[er]s upp[o]n acc[oun]tt £200 - -s - -d,"Dundass, George",Captain,dragoons,,,,,
1223,V2537,Vernon,63r,1643-05-03,154 p[ai]d Capt[ain] Dundasse for a week[es] pay for his under officers & 100 dragone[r]s £60 - 4s - 0d,"Dundass, George",Captain,dragoons,,,,,
1224,V2595,Vernon,64r,1643-05-24,154 p[ai]d C[aptain] Georg Dundass for a mo[nths] pay for [th]e officers & 105 drago[ons] end[ing] 8 June £293 - 6s - 0d,"Dundass, George",Captain,dragoons,,,,,
1225,V2711,Vernon,66v,1643-06-21,154 p[ai]d Ca[ptain] dundasse the like & for 105 drago[ons] end[ing] 22 June £146 - 13s - -d,"Dundass, George",Captain,dragoons,,,,,
1226,V2926,Vernon,71r,1643-07-13,154 p[ai]d leifft[enant] Abracrommy for 14 dayes pay for 100 drago[ons] of Capt[ain] dundass his troop now prisoner £127 - 8s - 0d,"Dundass, George",Captain,dragoons,,,,,
1227,V3084,Vernon,74r,1643-08-18,154 p[ai]d Jeconiah Abercromy for 7 days pay for Capt[ain] dundasse his compa[ny] of drago[ons] £40 - 8s - 0d,"Dundass, George",Captain,dragoons,,,,,
1228,V3189,Vernon,76r,1643-08-25,154 p[ai]d Jeconiah Abracromme Capt[ain] of that troop of horse wherof C[aptain] Dundasse was late Capt[ain] £100 - 16s - -d,"Dundass, George",Captain,horse,,,,,
1229,V2958,Vernon,72r,1643-07-13,Capt[ain] Jo[hn] Easten Cap[tain] of foot 10.10,"Easten, John",Captain,foot,,,,,
1230,V3219,Vernon,76v,1643-08-26,14 p[ai]d Henry Eaton pro[vost] mar[shall] to Coll[onel] dolbiers Regi[men]t for 14 daies £7 - 0s - 0d,"Eaton, Henry",Provost Marshall,horse,,"Dalbeir, John",,,
1231,V3445,Vernon,80r,1643-10-28,14 p[ai]d Henry Eaton provost marshall to Coll[onel] Dalbiers Regi[men]t uppon acc[oun]tt £20 - -s - -d,"Eaton, Henry",Provost Marshall,horse,,"Dalbeir, John",,,
1232,V3614,Vernon,82r,1643-12-09,122 p[ai]d Jo[hn] Edgar and Alexander Frizell 2 troop[er]s more of that Regi[men]t taken prisoners £3 - 10s - 0d,"Edgar, John",Trooper,horse,,"Ramsey, James, Sir",,prisoner,
1233,V1544,Vernon,42r,1642-12-05,175 p[ai]d Edward Edlinge for 50 quarter of oat[es] rec[eived] for the use of the army £31 - 5s - -d,"Edling, Edward",,,,,,,
1234,V1389,Vernon,39r,1642-11-23,38 p[ai]d Thomas Egerton quartermaster to Coll[onel] Hollis for his pay for 5 week[es] at 5s a daye £8 - 15s - -d,"Egerton, Thomas",Quartermaster,foot,,"Holles, Denzil",,,
1235,V0917,Vernon,29r,1642-10-11,112 p[ai]d Capt[ain] Jonathan Ellyott for 49 sold[ier]s of the same reg[imen]t for 4 dayes paye 6.10.8. & a mo[nth] for 44 to end the 28 [...] 30 16 £37 - 6s - 8d,"Elliott, Jonathan",Captain,foot,,"Robartes, Lord",,,
1236,V1556,Vernon,42v,1642-12-05,112 p[ai]d C[aptain] Jonathan Elliott for the pay of the sold[ier]s of his compa[ny] in my lord Robert[es] Regiment as by [th]e warrent £34 - 4s - 8d,"Elliott, Jonathan",Captain,foot,,"Robartes, Lord",,,
1237,V1825,Vernon,48r,1643-01-09,112 p[ai]d Capt[ain] Jonathan Elliott for pay of his compa[ny] in the same Regi[men]t £22 - 5s - 4d,"Elliott, Jonathan",Captain,foot,,"Robartes, Lord",,,
1238,V2977,Vernon,72v,1643-08-15,p[ai]d Georg Embre & walt[er] denton wounded troop[er]s at Kenton for ther arrears £33 - 0s - 0d,"Embre, George",Trooper,horse,,,,wounded,
1239,V3098,Vernon,74v,1643-08-21,20 p[ai]d m[aste]r w[illia]m Erberry chaplaine to m[ajo]r g[e]n[era]ll[es] skippons Regi[men]t uppon accompt £20 - 0s - 0d,"Erberry, William",Chaplain,foot,,"Skippon, Philip",,,
1240,V0106,Vernon,8r,1642-08-12,24 p[ai]d Collonell Charles Essex Collonel of a regiment of 1200 for on monthes intertainment by way of imprest £1244 - 16s - -d,"Essex, Charles",Colonel,foot,,,,,
1241,V0473,Vernon,18r,1642-09-02,74 p[ai]d Captaine John Jenkins for a months pay of his company of 50 soldiers under Collonel Essex reg[imen]t from 24 aug[us]t £46 - 13s - 0d,"Essex, Charles",Colonel,foot,,,,,
1242,V0474,Vernon,18r,1642-09-02,75 p[ai]d S[i]r w[illia]m Essex for on mo[nths] pay of his compa[ny] of 51 sold[ier]s of Coll[onel] Essex reg[imen]t from [th]e 30 Aug[us]t £47 - 12s - 0d,"Essex, Charles",Colonel,foot,,,,,
1243,V0476,Vernon,18r,1642-09-02,sallery 7 p[ai]d m[aste]r Samuell wells chaplain to Collonel Essex by way of advance £20 - 0s - 0d,"Essex, Charles",Colonel,foot,,,,,
1244,V0486,Vernon,18r,1642-09-02,24 p[ai]d unto Collonell Charles Essex for one monthes pay and entertainm[en]t of the offic[er]s of his regiment from [th]e 27 aug[us]t £542 - 16s - 0d,"Essex, Charles",Colonel,foot,,,,,
1245,V0532,Vernon,19v,1642-09-05,82 p[ai]d Captaine Hazelwood for a mo[nths] pay of his compa[ny] of 69 sold[ier]s of the Reg[imen]t of Collonel Essex from [th]e 2 present £64 - 8s - 0d,"Essex, Charles",Colonel,foot,,,,,
1246,V0534,Vernon,19v,1642-09-05,83 p[ai]d Capt[ain] Fra[ncis] Hall for on mo[nths] pay of his companie of 48 sold[ier]s in Coll[onel] Essex regiment £44 - 16s - 0d,"Essex, Charles",Colonel,foot,,,,,
1247,V0540,Vernon,19v,1642-09-05,85 p[ai]d leifften[an]t Collonel Coningham for on mo[nths] pay of his compa[ny] of 61 sold[ier]s in Coll[onel] Essex reg[imen]t to begine 30 Aug[us]t last £56 - 18s - -d,"Essex, Charles",Colonel,foot,,,,,
1248,V0613,Vernon,21v,1642-09-06,24 p[ai]d Collonell Essex for 11 wagon for his reg[imen]t £440 - -s - -d,"Essex, Charles",Colonel,foot,,,,,
1249,V0637,Vernon,22r,1642-09-07,24 p[ai]d leifftenn[an]t James webb for on mo[nths] pay of 64 soldiers of collonel Essex regiment to begin from [th]e 5 present £59 - 14s - 8d,"Essex, Charles",Colonel,foot,,,,,
1250,V0648,Vernon,22v,1642-09-08,96 p[ai]d Captaine w[illia]m Henricke Butler for one monthes pay of his compa[ny] of 55 sold[ier]s of Collonel Essex regiment to begine from the 3 present £51 - 6s - 8d,"Essex, Charles",Colonel,foot,,,,,
1251,V0650,Vernon,22v,1642-09-08,"7 p[ai]d m[aste]r Samuell well[es] Chaplaine to Coll[onel] Essex regiment from on mo[nths] pay due to him from the 30 Julie 5l.12s, the Col[onel] havinge rec[eive]d the other 1/2 mo[nths] pay & likewise for on whole mo[nth] for his servant at 4s.8d the weeke. 18s.8 in all £6 - 10s - 8d","Essex, Charles",Colonel,foot,,,,,
1252,V1334,Vernon,37v,1642-11-14,128 p[ai]d sergeant major Robert[es] toward[es] pay of the officers of [th]e reg[imen]t w[hi]ch belonge to Coll[onel] charles Essex £304 - 4s - -d,"Essex, Charles",Colonel,foot,,,,,
1253,V2032,Vernon,52v,1643-01-24,7 p[ai]d Timothy langly surgeon for his Cost and charges expended about the embalming the bodie of Coll[onel] charles Essex £36 - -s - -d,"Essex, Charles",Colonel,foot,,,,,
1254,V2597,Vernon,64r,1643-05-24,67 p[ai]d C[aptain] nicholas devereux late capt[ain] of a compa[ny] of Foot in Coll[onel] Essex reg[imen]t for [th]e arrears of his pay as by [th]e warr[ant] £132 - 15s - -d,"Essex, Colonel (Charles or Thomas?)",Colonel,foot,,,,,
1255,V0078,Vernon,7r,1642-08-11,20 p[ai]d Leifftenn[an]t Collonell Davies for entertainment of my lord Gennerall Regiment of 15C menn for on month w[i]th other paym[en]ts cont[aine]d in the warr[an]t £1461 - 17s - 4d,"Essex, Earl of",Colonel,foot,,,,,
1256,V0254,Vernon,12r,1642-08-19,20 p[ai]d Leifftenn[an]t Collonell Davies for an Areer due to him in part of his entertainm[en]t in my Lord G[enera]lls regiment £38 - 10s - 0d,"Essex, Earl of",Colonel,foot,,,,,
1257,V0258,Vernon,12r,1642-08-20,49 p[ai]d my Lord gen[era]ll as captaine of a troop of horse for mountinge his officers £280 - 0s - 0d,"Essex, Earl of",Captain,horse,,,,,
1258,V0275,Vernon,12v,1642-08-22,37 more for mountinge the farrier and sadler of [th]e Lord G[eneralles] troope 16l and for advance monie to them 10l £26 - 0s - 0d,"Essex, Earl of",Captain,horse,,,,,
1259,V0305,Vernon,13r,1642-08-24,55 p[ai]d Captain ward for a months pay of his companye of 100 sold[ier]s in the G[enera]lls regim[en]t £93 - 6s - 8d,"Essex, Earl of",Colonel,foot,,,,,
1260,V0339,Vernon,14r,1642-08-26,60 p[ai]d Ambrose Tindall for on mo[nths] pay for his compa[ny] of 78 soldiers part of the compa[ny] of fierlock[es] belonging to the G[enera]ll[es] reg[imen]t £72 - 16s - 0d,"Essex, Earl of",Colonel,foot,,,,,
1261,V0374,Vernon,15r,1642-08-27,49 p[ai]d Thomas Pudsey from my Lord G[enera]lls entertainm[en]t as G[enera]ll of the Army at xl p[er] diem from the 15 July inclusive to the 27 Aug[us]t exclusive 43 daies £430 - 0s - 0d,"Essex, Earl of",Lord General,,,,,,
1262,V0390,Vernon,15v,1642-08-29,sallery fol 5 p[ai]d Docter Burgesse preacher to my lord Gen[era]lls regiment for his advance monie £20 - 0s - 0d,"Essex, Earl of",Colonel,horse,,,,,
1263,V0427,Vernon,16v,1642-08-30,67 p[ai]d Capt[ain] Nicholas Devereux for on mo[nths] pay of his compa[ny] of 90 fierlocks under the g[enera]lls regiment to beginn 22 aug[us]t £84 - 0s - 0d,"Essex, Earl of",Colonel,foot,,,,,
1264,V0428,Vernon,16v,1642-08-30,68 p[ai]d Captain Robert Turner for on mo[nths] pay of his compa[ny] of 83 sold[ier]s of the g[enera]lls reg[imen]t beginning 22 aug[us]t £68 - 2s - 8d,"Essex, Earl of",Colonel,foot,,,,,
1265,V0436,Vernon,17r,1642-09-01,sallery 5 p[ai]d m[aste]r Stephen marshall chaplaine to my lord g[enera]lls reg[imen]t for his provision and other necessaries £20 - 0s - 0d,"Essex, Earl of",Colonel,foot,,,,,
1266,V0448,Vernon,17r,1642-09-01,"71 p[ai]d Captaine Thomas Skinner for a month pay of 60 sol[diers] in the g[enera]ll[es] reg[imen]t, beginn 27 Aug[us]t £56 - 0s - 0d","Essex, Earl of",Colonel,foot,,,,,
1267,V0454,Vernon,17v,1642-09-01,71 p[ai]d Capt[ain] Cristopher mathews for on mo[nths] pay of his compa[ny] of 35 sold[ie]rs of the g[enera]lls regiment begine 22 aug[us]t £32 - 15s - 0d,"Essex, Earl of",Colonel,foot,,,,,
1268,V0455,Vernon,17v,1642-09-01,72 p[ai]d Capt[ain] Edward Levendorff for on mo[nths] pay for 87 soldiers of the g[enera]lls reg[imen]t beginning 22 aug[us]t £81 - 4s - 0d,"Essex, Earl of",Colonel,foot,,,,,
1269,V0482,Vernon,18r,1642-09-02,76 p[ai]d Captaine John Skrimsher for a mo[nths] pay of his compa[ny] of 80 sold[ier]s under the g[enera]lls regiment from the 22 aug[us]t £74 - 13s - 4d,"Essex, Earl of",Colonel,foot,,,,,
1270,V0484,Vernon,18r,1642-09-02,77 p[ai]d Capt[ain] Roger Bretterige for a mo[nths] pay of his compa[ny] of 88 menn in my lo[rd] G[enera]lls reg[imen]t from the 22 aug[us]t £82 - 2s - 8d,"Essex, Earl of",Colonel,foot,,,,,
1271,V0510,Vernon,19r,1642-09-03,49 p[ai]d my Thomas Pudsey toward[es] the provision of Armes for my lord g[enera]ll[es] owne troope as by the warr[an]t £186 - 0s - 0d,"Essex, Earl of",Captain,,,,,,
1272,V0516,Vernon,19r,1642-09-03,sallery 20 p[ai]d leifftenn[an]t Collonel Davies for on mo[nths] advance for the pay and entertainm[en]t of my lord G[enera]ll[es] officers of his reg[imen]t £662 - 4s - 0d,"Essex, Earl of",Colonel,foot,,,,,
1273,V0517,Vernon,19r,1642-09-03,more for 13 wagons for the reg[imen]t at 40l £520 - 0s - 0d,"Essex, Earl of",Colonel,foot,,,,,
1274,V0518,Vernon,19r,1642-09-03,20 more for on monthes pay of l[ieutenant] Coll[onel] davies his compa[ny] of 94 sold[ier]s to begine from the 22 Aug[us]t £87 - 14s - 0d,"Essex, Earl of",Colonel,foot,,,,,
1275,V0519,Vernon,19r,1642-09-03,81 p[ai]d Capt[ain] Thomas Bushell for on mo[nths] pay for his compa[ny] of 193 sold[ier]s und[e]r my Lord G[enera]ll[es] Regim[en]t £180 - 2s - 0d,"Essex, Earl of",Colonel,foot,,,,,
1276,V0611,Vernon,21v,1642-09-06,93 p[ai]d S[i]r Ant[ony] st John Captaine of 57 soldiers in the g[enera]l[es] reg[imen]t from the 3 present £53 - 4s - -d,"Essex, Earl of",Colonel,foot,,,,,
1277,V0730,Vernon,24v,1642-09-26,11 p[ai]d serjant major Gunter as major of the gen[era]ll[es] reg[imen]t of horse for his for his pay from the 15 Aug[us]t inclusive to the first [Octo]bre exclusive beinge 47 dayes £28 - 4s - 0d,"Essex, Earl of",Colonel,horse,,,,,
1278,V0756,Vernon,25v,1642-09-29,103 p[ai]d Dr Burgess on of my lord g[enera]ll[es] chaplains for 2 whole mo[nths] & 7 dayes for himself and servant & 1/2 a wagon as by the warr[an]t £47 - 6s - -d,"Essex, Earl of",Colonel,horse,,,,,
1279,V0764,Vernon,25v,1642-09-30,77 p[ai]d Capt[ain] Bretterige In my lo[rd] g[enera]ll[es] regim[en]t for his arrears for a compa[ny] of 75 soldiers & 1/2 a mo[nths] paye to end 14 [Octo]bre £72 - 10s - 0d,"Essex, Earl of",Colonel,foot,,,,,
1280,V0776,Vernon,26r,1642-09-30,72 p[ai]d Captaine leventhorpe for arrears of his compa[ny] of 83 soldiers of the g[enera]ll[es] regim[en]t & for on half mo[nths] pay to end the 14 [Octo]bre £90 - 4s - 8d,"Essex, Earl of",Colonel,foot,,,,,
1281,V0778,Vernon,26r,1642-09-30,67 p[ai]d Capt[ain] Devoreux for 15 days paye for 86 soldiers of his Ex[cellencys] regim[en]t & for 1/2 mo[nth] to end the 14 [Octo]bre £83 - 2s - 6d,"Essex, Earl of",Colonel,foot,,,,,
1282,V0779,Vernon,26r,1642-09-30,105 p[ai]d Sergeant major Banfeild for 15 days pay for 110 sold[ier]s of [th]e same reg[imen]t & more for 1/2 a mo[nths] pay to beginn 1 [Octo]bre £106 - 6s - 8d,"Essex, Earl of",Colonel,foot,,,,,
1283,V0829,Vernon,27r,1642-10-04,5 p[ai]d Stephen marshall Chaplaine to my Lord G[enera]ll for himself and servant £16 - 2s - 0d,"Essex, Earl of",Colonel,foot,,,,,
1284,V0846,Vernon,27v,1642-10-05,49 p[ai]d my lord Generall for his entertainm[en]t as G[e]n[era]ll of the armye for on mo[nth] & 7 dayes endinge the 30 [Septem]bre at xl p[er] diem £350 - 0s - 0d,"Essex, Earl of",Lord General,,,,,,
1285,V0872,Vernon,28r,1642-10-07,20 p[ai]d liefftenn[an]t Collonel davies by the hand[es] of sergeant major Bamfeild for 21 daies pay for the officers of my lord g[enera]ll[es] reg[imen]t to end the 14 [Octo]bre £496 - 13s - 0d,"Essex, Earl of",Colonel,foot,,,,,
1286,V0906,Vernon,29r,1642-10-11,105 p[ai]d sargeant major Bamfeild beinge for 1 monthes pay of his compa[ny] of 107 soldiers in my lord g[enera]ll[es] regiment to beginn from the 22 august last this monie was p[ai]d in a some of 100 the 16 [Septem]bre £99 - 18s - -d,"Essex, Earl of",Colonel,foot,,,,,
1287,V0951,Vernon,30r,1642-10-12,55 p[ai]d Captaine Thomas ward for 29 dayes pay for his compa[ny] of 90 soldiers in my lord gen[era]ll[es] Regiment endinge the 14 [Octo]bre £87 - -s - -d,"Essex, Earl of",Colonel,foot,,,,,
1288,V0960,Vernon,30r,1642-10-13,81 p[ai]d Captaine Bushell Capt[ain] leifftenn[ant] of my lord G[enera]ll[es] compa[ny] for arrears and pay of the said compa[ny] to the 15 [Octo]bre £174 - 0s - 8d,"Essex, Earl of",Colonel,foot,,,,,
1289,V1016,Vernon,31v,1642-10-18,105 p[ai]d Serjant Major Bamfield for 14 days pay for 958 sold[ier]s of my lord Gennerall[es] reg[imen]t to end the 28 [Octo]bre £447 - 1s - 4d,"Essex, Earl of",Colonel,foot,,,,,
1290,V1017,Vernon,31v,1642-10-18,105 more for 1/2 a mo[nths] pay for the officers of 10 compa[nies] of [tha]t reg[imen]t to end as above £270 - 18s - -d,"Essex, Earl of",Colonel,foot,,,,,
1291,V1109,Vernon,33v,1642-10-28,105 p[ai]d sargeant major Bamfeild toward[es] the pay and entertainm[en]t of the officers and sold[ier]s of the g[enera]ll[es] own reg[imen]t by accompt £500 - 0s - 0d,"Essex, Earl of",Colonel,foot,,,,,
1292,V1118,Vernon,33v,1642-10-28,105 p[ai]d sargeant major Bamfeild toward[es] the payment of my lord g[enera]l[es] reg[imen]t uppon accompt £150 - 0s - 0d,"Essex, Earl of",Colonel,foot,,,,,
1293,V1192,Vernon,35r,1642-11-09,105 Sergeant major Banfeild toward[es] paym[en]t of the officers and sold[ier]s of my lord G[enera]ll[es] regiment uppon acc[oun]tt £500 - -s - -d,"Essex, Earl of",Colonel,foot,,,,,
1294,V1196,Vernon,35r,1642-11-09,81 p[ai]d Captaine Thomas Bushell toward[es] the pay of the g[enera]ll[es] owne compa[ny] for 1/2 a month £100 - -s - -d,"Essex, Earl of",Colonel,foot,,,,,
1295,V1232,Vernon,36r,1642-11-11,105 p[ai]d Sergeant major Bamfield for 700 men of my Lord G[enera]ll[es] regiment £87 - 10s - 0d,"Essex, Earl of",Colonel,foot,,,,,
1296,V1264,Vernon,36v,1642-11-11,5 p[ai]d m[aste]r Marshall Chaplaine to his excell[ency] for 6 week[es] pay for himself & his mann £18 - 4s - -d,"Essex, Earl of",Colonel,foot,,,,,
1297,V1445,Vernon,40r,1642-11-23,135 p[ai]d Capt[ain] mathew scaltike C[aptain] Henry gaule C[aptain] Jo[hn] Smith & C[aptain] Henry [...] 4 Capt[ains] latelie entertained in my lord G[enera]ll[es] reg[imen]t of Foot for advance of a whole monthes pay for themselves leifft[enants] & Ensigns £123 - 4s - -d,"Essex, Earl of",Colonel,foot,,,,,
1298,V1446,Vernon,40r,1642-11-23,more p[ai]d them for providing Coll[our]s partizans halbert[es] and drums & wagons £112 - -s - -d,"Essex, Earl of",Colonel,foot,,,,,
1299,V1403,Vernon,39r,1642-11-24,105 p[ai]d Sergent major Bamfield toward[es] pay of my lord g[enera]ll[es] reg[imen]t of foot uppon acc[oun]tt £500 - 0s - 0d,"Essex, Earl of",Colonel,foot,,,,,
1300,V1413,Vernon,39v,1642-11-28,81 p[ai]d Captain Thomas Bushell [th]e 23 & 29 present toward[es] paym[en]t of the g[enera]ll[es] compa[ny] uppon acc[oun]tt £100 - -s - -d,"Essex, Earl of",Colonel,foot,,,,,
1301,V1550,Vernon,42r,1642-12-05,81 p[ai]d C[aptain] Thomas Bushell Captaine of my lord G[enera]ll[es] owne compa[ny] toward[es] paym[en]t of that compa[ny] £50 - 0s - 0d,"Essex, Earl of",Colonel,foot,,,,,
1302,V1566,Vernon,42v,1642-12-05,49 p[ai]d C[aptain] Thomas Pudsey for my lord G[enera]ll[es] pay and entertainm[en]t as G[enera]ll of the Army for 2 whole mo[nths] beginning the 1 [Octo]bre to the 26 [Novem]bre exclusive £560 - -s - -d,"Essex, Earl of",Lord General,,,,,,
1303,V1578,Vernon,43r,1642-12-05,37 p[ai]d S[i]r Phillip Stapleton for a whole mo[nths] pay for the officers of the g[enera]ll[es] troop of Cuirassiers & for docter Burges & his servant[es] pay £272 - 2s - 8d,"Essex, Earl of",Captain,horse,cuirassiers,,,,
1304,V1607,Vernon,43v,1642-12-09,20 p[ai]d w[illia]m Davis leifft[enant] Coll[onel] of the g[enera]lls owne Regiment for pay of leifft[enant] Collonel uppon acc[oun]tt £200 - 0s - 0d,"Essex, Earl of",Colonel,foot,,,,,
1305,V1615,Vernon,43v,1642-12-10,135 p[ai]d Capt[ain] Mathew Scalticke for a mo[nths] pay for 81 sold[ier]s in my lord G[enera]ll[es] reg[imen]t to begin 3 pres[en]t £75 - 12s - -d,"Essex, Earl of",Colonel,foot,,,,,
1306,V1616,Vernon,43v,1642-12-10,130 p[ai]d Capt[ain] John Smith as above for 90 sold[ier]s £84 - -s - -d,"Essex, Earl of",Colonel,foot,,,,,
1307,V1617,Vernon,43v,1642-12-10,144 p[ai]d Capt[ain] Henry Gauler as above for 83 £77 - 9s - 4d,"Essex, Earl of",Colonel,foot,,,,,
1308,V1630,Vernon,44r,1642-12-10,164 p[ai]d Capt[ain] John Hewson for a mo[nths] pay of 74 sold[ier]s in my lord G[enera]ll[es] Reg[imen]t £69 - 0s - 0d,"Essex, Earl of",Colonel,foot,,,,,
1309,V1656,Vernon,44v,1642-12-10,105 p[ai]d sergeant major Bamfeild toward[es] pay of my lord G[enera]ll[es] Regi[men]t uppon acc[oun]tt £500 - 0s - 0d,"Essex, Earl of",Colonel,foot,,,,,
1310,V1727,Vernon,46r,1642-12-21,68 p[ai]d Capt[ain] Turner for a mo[nths] pay for [th]e officers & 25 soldiers of his compa[ny] in [th]e g[enera]ll[es] reg[imen]t beginine [th]e 26 [Novem]bre £65 - 6s - 8d,"Essex, Earl of",Colonel,foot,,,,,
1311,V1772,Vernon,47r,1642-12-26,66 p[ai]d Capt[ain] Anthony Sanderson in my g[enera]ll[es] Regi[men]t for pay of his compa[ny] as by [th]e warr[an]t £84 - 4s - 8d,"Essex, Earl of",Colonel,foot,,,,,
1312,V1784,Vernon,47r,1642-12-26,81 p[ai]d C[aptain] Bushell for an arreer of pay of 40 soldiers of [th]e g[eneralles] compa[ny] w[hi]ch wear formerly in other compa[nies] £16 - 0s - 0d,"Essex, Earl of",Colonel,foot,,,,,
1313,V1785,Vernon,47r,1642-12-26,81 more toward[es] the pay of the said compa[ny] upon acc[oun]t £100 - 0s - 0d,"Essex, Earl of",Colonel,foot,,,,,
1314,V1813,Vernon,48r,1642-12-29,49 28 [Decem]bre p[ai]d the lord G[e]n[era]ll w[hi]ch he lent for S[i]r John Setons Regiment w[hi]ch is put to his accompt this is the third 100l p[ai]d him uppon [th]e war[ran]t £100 - -s - -d,"Essex, Earl of",Lord General,,,,,,
1315,V1904,Vernon,49v,1643-01-06,68 p[ai]d Robert Turner capt[ain] of a Foot compa[ny] in [th]e Gen[era]ll[es] reg[imen]t for pay of his officers & sold[ier]s as by [th]e warr[an]tt £37 - 5s - 4d,"Essex, Earl of",Colonel,foot,,,,,
1316,V1906,Vernon,49v,1643-01-06,154 p[ai]d C[aptain] Georg Dondass capt[ain] of 120 drag[oon]s in the g[e]n[er]all[es] reg[imen]t for payment of the said troop uppon accompt £100 - -s - -d,"Essex, Earl of",Colonel,dragoons,,,,,
1317,V1914,Vernon,50r,1643-01-09,49 p[ai]d my lord g[e]n[era]ll for his exc[ellencies] pay & entertainm[en]t for a whole mo[nth] beg[inning] [th]e 26 november at xl p[er] diem £280 - 0s - 0d,"Essex, Earl of",Lord General,,,,,,
1318,V1919,Vernon,50r,1643-01-13,77 p[ai]d Captaine Bretterige capt[ain] of a foot compa[ny] in my lord G[e]n[era]ll[es] reg[imen]t for pay of 20 menn of his compa[ny] for 38 dayes from the 14 [Octo]bre £25 - 6s - 8d,"Essex, Earl of",Colonel,foot,,,,,
1319,V1920,Vernon,50r,1643-01-13,55 p[ai]d Captaine ward & Capt[ain] Leventhorp two capt[ains] of my lord g[e]n[era]ll[es] reg[imen]t uppon accompt toward[es] recrewing their compa[nies] £40 - 0s - 0d,"Essex, Earl of",Colonel,foot,,,,,
1320,V1921,Vernon,50r,1643-01-13,105 p[ai]d Sargeant major Bamfield toward[es] payment of the officers & soldiers of my lord[es] owne Regi[men]t £500 - 0s - 0d,"Essex, Earl of",Colonel,foot,,,,,
1321,V1936,Vernon,50v,1643-01-21,81 p[ai]d Capt[ain] Thomas Bushell toward[es] payment of my lord g[e]n[era]ll[es] compa[ny] of Foot £150 - -s - -d,"Essex, Earl of",Colonel,foot,,,,,
1322,V1984,Vernon,51v,1643-01-23,98 p[ai]d Capt[ain] mathew draper for my lord g[e]n[era]ll[es] owne troop of harg[ebusiers] for soe much remaining due uppon the last 1/2 mo[nths] pay ending the 8 Janu[ary] 62.1.0 & alsoe for another 1/2 mo[nths] pay for [th]e said troop beg[inning] 9 pres[en]t 162.1.0 £224 - 2s - -d,"Essex, Earl of",Captain,horse,,,,,
1323,V2031,Vernon,52v,1643-01-24,5 p[ai]d Thomas shemond[es] surgeon to the g[e]n[era]ll[es] owne Regi[men]t as well for soe much advanced for furnishing his chest 15l & alsoe for furnishing himself & 2 mates w[i]th horses [^12^] £27 - -s,"Essex, Earl of",Colonel,horse,,,,,
1324,V2065,Vernon,53r,1643-02-04,105 p[ai]d sergeant major Bamfeild toward[es] pay of the ould companies of my lord gene[ra]ll[es] regiment £200 - 0s - 0d,"Essex, Earl of",Colonel,foot,,,,,
1325,V2103,Vernon,54r,1643-02-20,161 p[ai]d Captaine Thomas Leventhorp & Capt[ain] ward Captains of 2 severall compa[ny] in my lord g[e]n[era]ll[es] owne Regi[men]t for leviinge of menn to recrute the comp[anie]s p[ai]d in london by w[illia]m Jessop as above £100 - 0s - 0d,"Essex, Earl of",Colonel,foot,,,,,
1326,V2075,Vernon,53v,1643-02-22,105 p[ai]d Sergeant major Bamfeild uppon acc[oun]tt of my lord G[e]n[era]ll[es] reg[imen]t £500 - 0s - 0d,"Essex, Earl of",Colonel,foot,,,,,
1327,V2083,Vernon,53v,1643-02-27,49 p[ai]d the lord g[e]n[era]ll for his pay as g[e]n[era]ll for one whole month begining [th]e 24 [Decem]bre at xl p[er] diem £280 - -s - -d,"Essex, Earl of",Lord General,,,,,,
1328,V2143,Vernon,55r,1643-03-02,108 p[ai]d major Bamfeild for on mo[nths] pay of the officers and sold[ier]s of my lord g[e]n[era]ll[es] Regi[men]t uppon accompt £1892 - -s - -d,"Essex, Earl of",Colonel,foot,,,,,
1329,V2201,Vernon,56r,1643-03-07,5 p[ai]d Thomas shemond[es] surgeon to my lord[es] Regi[men]t of horse in part of a warr[ant] of 33.12 £17 - 12s - -d,"Essex, Earl of",Colonel,horse,,,,,
1330,V2219,Vernon,56v,1643-03-08,179 p[ai]d m[aste]r w[illia]m Pickering on of the gentlemen of my lord g[e]n[era]ll[es] lieffguard for soe much laid out by him for raising of dragoon horses £26 - 10s,"Essex, Earl of",Captain,horse,cuirassiers,,,gent of lifeguard,
1331,V2247,Vernon,57r,1643-03-10,130 p[ai]d Jo[hn] Smith Capt[ain] of a Foot compa[ny] in [th]e g[enera]ll[es] reg[imen]t uppon accompt £50 - 0s - 0d,"Essex, Earl of",Colonel,foot,,,,,
1332,V2248,Vernon,57r,1643-03-10,135 p[ai]d C[aptain] Mathew Scalticke [th]e like £50 - 0s - 0d,"Essex, Earl of",Colonel,foot,,,,,
1333,V2249,Vernon,57r,1643-03-10,144 p[ai]d C[aptain] Henry Gauler the like £40 - 0s - 0d,"Essex, Earl of",Colonel,foot,,,,,
1334,V2250,Vernon,57r,1643-03-10,164 p[ai]d C[aptain] John Huson [th]e like £50 - 0s - 0d,"Essex, Earl of",Colonel,foot,,,,,
1335,V2251,Vernon,57r,1643-03-10,66 p[ai]d C[aptain] Anthony Sanderson [th]e like £30 - 0s - 0d,"Essex, Earl of",Colonel,foot,,,,,
1336,V2260,Vernon,57v,1643-03-11,81 p[ai]d Capt[ain] Thomas Bushell toward[es] [th]e pay of my lord g[e]n[era]ll[es] owne compa[ny] uppon acc[oun]tt £30 - -s - -d,"Essex, Earl of",Colonel,foot,,,,,
1337,V2262,Vernon,57v,1643-03-17,49 p[ai]d Thomas Pudsey for soe much disbursed by Jams Kirle Esquire receaver of my lord g[e]n[era]ll[es] Rent[es] in Herefordshir toward[es] payment of his Regi[men]t & troope of horse £280 - -s - -d,"Essex, Earl of",Colonel,foot,,,,,
1338,V2266,Vernon,57v,1643-03-17,49 p[ai]d Adam Baynard Capt[ain] leifft[enant] of my lord g[enera]ll[es] troope of liff guard for his pay to the 15 march £68 - 12s - -d,"Essex, Earl of",Captain,horse,cuirassiers,,,,
1339,V2325,Vernon,58v,1643-04-12,49 p[ai]d my lord G[e]n[era]ll for a mo[nths] entertainm[en]t beg[inning] 21 Janu[ary] £280 - 0s - 0d,"Essex, Earl of",Lord General,,,,,,
1340,V2326,Vernon,58v,1643-04-12,more for another month beg[inning] 18 febr[uary] £280 - 0s - 0d,"Essex, Earl of",Lord General,,,,,,
1341,V2345,Vernon,59r,1643-04-12,105 p[ai]d major Bamfeild the like for my lord g[e]n[era]ll[es] Regi[men]t £946 - -s - -d,"Essex, Earl of",Colonel,foot,,,,,
1342,V2450,Vernon,61v,1643-04-22,49 p[ai]d my lord G[e]n[era]ll[es] Regi[men]t the like £317 - 13s - 8d,"Essex, Earl of",Colonel,foot,,,,,
1343,V2505,Vernon,62v,1643-04-29,p[ai]d Thomas shemond[es] surgeon of my lord g[e]n[era]ll[es] Regi[men]t of horse for remaine of a warr[an]t of 33l 12. of [th]e 1 march £16 - 0s - 0d,"Essex, Earl of",Colonel,horse,,,,,
1344,V2517,Vernon,62v,1643-04-30,49 p[ai]d [th]e Lo[rd] G[e]n[era]ll for on whole months pay for his entertainm[en]t £280 - -s - -d,"Essex, Earl of",Lord General,,,,,,
1345,V2636,Vernon,65r,1643-05-25,105 p[ai]d sergeant major Bamfeild in part of a warrent of 1620.5.4 of [th]e 25 pres[en]t for a mo[nths] pay for my lord g[e]n[era]ll[es] reg[imen]t £1000 - 0s - 0d,"Essex, Earl of",Colonel,foot,,,,,
1346,V2684,Vernon,66r,1643-05-26,5 p[ai]d Thomas Shemond[es] surgeon of my lord g[e]n[era]ll[es] Regiment of horse for pay due to him uppon his accompt ended the 25 may £49 - 4s - -d,"Essex, Earl of",Colonel,horse,,,,,
1347,V2788,Vernon,68r,1643-06-21,105 p[ai]d leifft[enant] Coll[onel] Bamfeild for [th]e officers & 950 sold[ier]s of my lord[es] Regi[men]t 14 daies ending 15 present £810 - 2s - 8d,"Essex, Earl of",Colonel,foot,,,,,
1348,V2789,Vernon,68r,1643-06-21,49 p[ai]d my lord G[e]n[era]ll for his entertainm[en]t for a mo[nth] beginning [th]e 15 Aprill £280 - 0s - 0d,"Essex, Earl of",Lord General,,,,,,
1349,V2864,Vernon,70r,1643-07-12,130 p[ai]d major Botteler for 14 dayes pay for the officers & sold[ier]s of my lord g[enera]ll[es] Regi[men]t end[ing] 29 June £722 - 11s - -d,"Essex, Earl of",Colonel,foot,,,,,
1350,V2892,Vernon,70v,1643-07-12,5 p[ai]d Thomas Shemond[es] surgeon of my lord G[e]n[era]ll[es] Reg[imen]t of horse for a whole monthes pay for himself & mates uppon acc[oun]tt £16 - 6s - -d,"Essex, Earl of",Colonel,horse,,,,,
1351,V2964,Vernon,72r,1643-07-13,5 p[ai]d samuel wade provost marshall of my lord g[e]n[era]ll[es] Regi[men]t of horse for 14 dayes pay of himself & 2 menn end[ing] 11 July £7 - 0s - 0d,"Essex, Earl of",Colonel,horse,,,,,
1352,F0204,Fenton,100r,1643-08-02,p[ai]d M[aste]r Baldwin for his Excell[en]cie £280 - 0s - 0d,"Essex, Earl of",,,,,,,
1353,V2980,Vernon,72v,1643-08-16,130 p[ai]d major Bottelor for 7 dayes pay for my lord g[e]n[era]ll[es] Regi[men]t £335 - 6s - 6d,"Essex, Earl of",Colonel,foot,,,,,
1354,V3065,Vernon,73v,1643-08-18,5 p[ai]d samuel wade provost marshall of my lord g[e]n[era]ll[es] Regi[men]t of horse for 7 days £3 - 10s - -d,"Essex, Earl of",Colonel,horse,,,,,
1355,V3071,Vernon,74r,1643-08-18,5 p[ai]d Thomas shemond[es] surgeon of my lord G[e]n[era]ll[es] Reg[imen]t of horse for 14 days pay £8 - 8s - 0d,"Essex, Earl of",Colonel,horse,,,,,
1356,V3118,Vernon,75r,1643-08-24,130 p[ai]d major Botteler for 14 days paye for my lord g[e]n[era]ll[es] Regi[men]t £671 - 13s - 0d,"Essex, Earl of",Colonel,foot,,,,,
1357,V3132,Vernon,75r,1643-08-24,130 p[ai]d major Butler for 14 days pay of 209 prest sold[ier]s in my lord g[enera]ll[es] Regi[men]t £97 - 10s - 8d,"Essex, Earl of",Colonel,foot,,,,,
1358,V3242,Vernon,77r,1643-08-26,5 p[ai]d sam[ue]ll wade pro[vost] mar[shall] to my lord g[e]n[era]ll[es] Regi[men]t for days pay £7 - -s - -d,"Essex, Earl of",Colonel,horse,,,,,
1359,V3259,Vernon,77r,1643-08-27,49 p[ai]d my lord G[e]n[era]ll for his pay for 21 dais £210 - -s - -d,"Essex, Earl of",Lord General,,,,,,
1360,F0323,Fenton,102r,1643-09-16,paid unto his Ex[cellen]cie w[hi]ch hee lent at St Albans for [th]e pay of the Comon souldiers £150 - 0s - 0d,"Essex, Earl of",,,,,,,
1361,V3286,Vernon,78r,1643-10-14,130 p[ai]d Coll[onel] Botteler [th]e like for [th]e g[e]n[era]ll[es] Regi[men]t £693 - 2s - 4d,"Essex, Earl of",Colonel,foot,,,,,
1362,V3352,Vernon,78v,1643-10-16,42 p[ai]d John Baldwine for 14 days pay for his Ex[cellency] £140 - -s - -d,"Essex, Earl of",Lord General,,,,,,
1363,V3416,Vernon,79v,1643-10-23,130 p[ai]d Coll[onel] Jo[hn] Butler the like for his Exc[ellencys] Regi[men]t £319 - 11s - -d,"Essex, Earl of",Colonel,foot,,,,,
1364,V3429,Vernon,79v,1643-10-25,208 p[ai]d m[ajo]r Robert Hamilton for his pay as major of the g[e]n[era]l[es] own Regi[men]t & Capt[ain] of a troop hors £35 - 14s - -d,"Essex, Earl of",Colonel,horse,,,,,
1365,V3461,Vernon,80r,1643-11-17,105 p[ai]d [^ma[jor] mathewes^] the like for my lord g[e]n[era]ll[es] Regiment £626 - 9s - 0d,"Essex, Earl of",Colonel,foot,,,,,
1366,V3479,Vernon,80r,1643-11-19,42 p[ai]d Jo[hn] Baldwine for 14 days pay for his Exc[ellency] £140 - 0s - 0d,"Essex, Earl of",Lord General,,,,,,
1367,V3579,Vernon,81v,1643-12-06,130 p[ai]d l[ieutenant] Coll[onel] Botteler for soe much disburst uppon sicke & wounded soldiers to  be disburst out of the arrears of my lord g[enera]ll[es] Regi[men]t £13 - 0s - 0d,"Essex, Earl of",Colonel,foot,,,,,
1368,V3589,Vernon,81v,1643-12-08,105 p[ai]d the like for my lord g[e]n[era]ll[es] Regi[men]t - suppose Ma[jor] Mathewes: Coll[onel] Bottell[ers] warrant £79 - 17s - 2d,"Essex, Earl of",Colonel,foot,,,,,
1369,V3615,Vernon,82r,1643-12-09,144 p[ai]d Henry Gauler Capt[ain] of a Foot company in my lord g[e]n[era]ll[es] Regi[men]t for some sould[ier]s absent the last pay £5 - 16s - 8d,"Essex, Earl of",Colonel,foot,,,,,
1370,V3649,Vernon,82v,1643-12-15,118 p[ai]d major Mathews the like for soldiers missing in my lord g[e]n[era]ll[es] Regi[men]t £13 - 16s - 6d,"Essex, Earl of",Colonel,foot,,,,,
1371,V3655,Vernon,83r,1643-12-18,130 p[ai]d leifft[enant] Coll[onel] Botteler for 7 daies pay for the under officers & 295 sold[ier]s of my lord g[e]n[era]ll[es] Regi[men]t £92 - 19s - 8d,"Essex, Earl of",Colonel,foot,,,,,
1372,V3675,Vernon,83r,1643-12-29,105 p[ai]d [th]e Lord gen[era]ll[es] Regiment [th]e like £313 - 4s - 6d,"Essex, Earl of",Colonel,foot,,,,,
1373,V3702,Vernon,83v,1644-01-06,130 p[ai]d Coll[onel] Botteler [th]e like for my lord g[e]n[era]ll[es] Regi[men]t £120 - 15s - 6d,"Essex, Earl of",Colonel,foot,,,,,
1374,V3719,Vernon,83v,1644-01-09,130 p[ai]d Coll[onel] Botteler for a week[es] pay for [th]e under officers and soldiers of my lord g[e]n[era]ll[es] Regi[men]t £134 - 19s - 8d,"Essex, Earl of",Colonel,foot,,,,,
1375,V3741,Vernon,84r,1644-02-05,105 p[ai]d for 14 days pay for [th]e officers and sold[ier]s of my lord g[e]n[era]ll[es] Regi[men]t uppon accompt £596 - 12s - 8d,"Essex, Earl of",Colonel,foot,,,,,
1376,V3760,Vernon,84r,1644-02-05,49 p[ai]d my lord g[e]n[era]ll for his pay for 14 daies £140 - 0s - 0d,"Essex, Earl of",Lord General,,,,,,
1377,V3835,Vernon,84v,1644-02-19,118 p[ai]d major mathews for certaine sold[ier]s absent of my lord g[e]n[era]ll[es] Regi[men]t for 7 daies pay £9 - 2s - -d,"Essex, Earl of",Colonel,foot,,,,,
1378,V3855,Vernon,85r,1644-02-27,130 p[ai]d Coll[onel] Botteler for 7 days pay for [th]e under officers and soldiers of my lord g[e]n[era]ll[es] Regi[men]t £181 - 11s - 10d,"Essex, Earl of",Colonel,foot,,,,,
1379,V3901,Vernon,85r,1644-03-09,130 p[ai]d Coll[onel] Botteler for a week[es] pay for my lord g[e]n[era]ll[es] Regi[men]t and the under offic[er]s from [th]e leift[enant] und[er] £225 - 16s - 2d,"Essex, Earl of",Colonel,foot,,,,,
1380,V3922,Vernon,85v,1644-03-09,105 p[ai]d Ensign Higgison & Ens[ign] Close of his exc[ellencys] Regi[men]t for 3 week[es] pay £6 - 6s - 0d,"Essex, Earl of",Colonel,foot,,,,,
1381,V3930,Vernon,85v,1644-03-20,130 p[ai]d Coll[onel] Botteler for recrut of 16 sold[ier]s in his Ex[cellencys] Regi[men]t £3 - 14s - 8d,"Essex, Earl of",Colonel,foot,,,,,
1382,V3939,Vernon,85v,1644-03-23,130 p[ai]d Coll[onel] Botteler for a week[es] pay for [th]e officers and sold[ier]s of his Ex[cellencys] Regi[men]t from [th]e leifft[enant] downe £241 - 14s - 8d,"Essex, Earl of",Colonel,foot,,,,,
1383,V2196,Vernon,56r,1643-03-07,75 p[ai]d the lady Katharin Essex wiffe of S[i]r w[illia]m Essex for his 3 mo[nths] pay uppon accompt in part of a warr[an]t of 63 £40 - 0s - 0d,"Essex, Katherine, Lady",Wife,,,,,,
1384,V1152,Vernon,34r,1642-11-04,24 p[ai]d in woster by Arthur Chambres for my lord St Johns Regiment uppon acc[oun]tt to Collonel Essex £1289 - 12s - -d,"Essex, Thomas",Colonel,,,,,,
1385,V1153,Vernon,34r,1642-11-04,more delivered to the said Collonel Tho[mas] Essex in worster uppon acc[oun]t of the said reg[imen]t £90 - 0s - 0d,"Essex, Thomas",Colonel,,,,,,
1386,V1154,Vernon,34r,1642-11-04,40 p[ai]d to the companies of S[i]r John merrick[es] Reg[imen]t in woster by [th]e governer Essex order £750 - 0s - 0d,"Essex, Thomas",Governor of Worcester,,,,,,
1387,V1160,Vernon,34v,1642-11-04,7 p[ai]d in worster to will[ia]m vinter chaplain to Collonel Tho[mas] Essex 16.4. till [th]e 11 [Novem]bre p[ai]d 31 [Octo]bre £16 - 4s - -d,"Essex, Thomas",Colonel,foot,,,,,
1388,V2909,Vernon,71r,1643-07-13,188 p[ai]d leifft[enant] Coll[onel] Palleologus in part of arrears due unt[o] him uppon accompt as major & capt[ain] of Foot in Coll[onel] Thomas Essex Regi[men]t £100 - 0s - 0d,"Essex, Thomas",Colonel,foot,,,,,
1389,F0214,Fenton,100r,1643-08-04,p[ai]d Coll[onel] Tho[mas] Essex £100 - 0s - 0d,"Essex, Thomas",Colonel,,,,,,
1390,V3085,Vernon,74r,1643-08-18,24 p[ai]d Coll[onel] Tho[mas] Essex toward[es] his arears uppon accompt £50 - 0s - 0d,"Essex, Thomas",Colonel,foot,,,,,
1391,V3221,Vernon,76v,1643-08-26,24 p[ai]d Coll[onel] Tho[mas] Essex for his pay as Coll[onel] of a Foot Regim[en]t uppon acc[oun]tt £50 - -s - -d,"Essex, Thomas",Colonel,foot,,,,,
1392,V0474,Vernon,18r,1642-09-02,75 p[ai]d S[i]r w[illia]m Essex for on mo[nths] pay of his compa[ny] of 51 sold[ier]s of Coll[onel] Essex reg[imen]t from [th]e 30 Aug[us]t £47 - 12s - 0d,"Essex, William, Sir",Captain,foot,,"Essex, Charles",,,
1393,V2196,Vernon,56r,1643-03-07,75 p[ai]d the lady Katharin Essex wiffe of S[i]r w[illia]m Essex for his 3 mo[nths] pay uppon accompt in part of a warr[an]t of 63 £40 - 0s - 0d,"Essex, William, Sir",,,,,,,
1394,V0194,Vernon,10r,1642-08-16,41 p[ai]d Stephen Estwicke toward[es] the provision of Coat[es] shirt[es] shoes & caps for the severall regiment[es] in this exped[ition] £1500 - 0s - 0d,"Estwicke, Stephen",,,,,,,
1395,V0044,Vernon,6r,1642-08-09,"16 p[ai]d Captaine Arthur Eveline 42l for mountinge of his 3 corporall[es], more 32l for mountinge 2 trumpeters on farier and on sadler £74 - 0s - 0d","Evelin, Arthur",Captain,horse,,,,,
1396,V0072,Vernon,7r,1642-08-10,16 p[ai]d Captaine Arthur Evelinge for advance of on half monthes pay of a troope of horse of 60 harquebusiers £174 - 6s,"Evelin, Arthur",Captain,horse,,,,,
1397,V0229,Vernon,11r,1642-08-18,16 p[ai]d Capt[ain] Arthur Evelin for advance of on 1/2 monthes [...] paye for his troope £174 - 13s - 0d,"Evelin, Arthur",Captain,horse,,,,,
1398,V0230,Vernon,11r,1642-08-18,more for scarff[es] for his menn £30 - 0s - 0d,"Evelin, Arthur",Captain,horse,,,,,
1399,V0552,Vernon,20r,1642-09-05,16 p[ai]d Capt[ain] Arthur Evelin for a mo[nths] pay for himself & the officers of his troope £349 - 6s - 0d,"Evelin, Arthur",Captain,horse,,,,,
1400,V0820,Vernon,27r,1642-10-03,16 p[ai]d Captain Arthur Evelin for a mo[nths] paye for his troope beginninge 1 [Octo]bre £174 - 13s - 0d,"Evelin, Arthur",Captain,horse,,,,,
1401,V0996,Vernon,31r,1642-10-17,16 p[ai]d Capt[ain] Arthur Evelin for 1/2 a mo[nths] pay for his troope endinge 28 [Octo]bre £174 - 13s - 0d,"Evelin, Arthur",Captain,horse,,,,,
1402,V1248,Vernon,36r,1642-11-11,16 p[ai]d Captaine Arthur Evelin for his troop £174 - 13s - 0d,"Evelin, Arthur",Captain,horse,,,,,
1403,V1435,Vernon,40r,1642-11-23,16 p[ai]d Capt[ain] Arthur Evelin for 1/2 a mo[nths] pay for his troop £174 - 13s - -d,"Evelin, Arthur",Captain,horse,,,,,
1404,V1730,Vernon,46r,1642-12-22,16 p[ai]d C[aptain] Arthur Evelin for 1/2 a mo[nths] pay for his troope £174 - 13s - 0d,"Evelin, Arthur",Captain,horse,,,,,
1405,V1851,Vernon,48v,1643-01-06,16 p[ai]d Capt[ain] Arthur Evelin [th]e like £100 - -s,"Evelin, Arthur",Captain,horse,,,,,
1406,V1976,Vernon,51r,1643-01-23,16 p[ai]d Capt[ain] Arthur Evelin for a mo[nths] pay for his troope w[i]th 100l rec[eive]d the 6 Janu[ary] £249 - 6s - 0d,"Evelin, Arthur",Captain,horse,,,,,
1407,V2181,Vernon,55v,1643-03-07,16 p[ai]d Capt[ain] Evelin in part of a war[rant] for his troope of 300l £150 - 0s - 0d,"Evelin, Arthur",Captain,horse,,,,,
1408,V2294,Vernon,58r,1643-04-10,16 p[ai]d Capt[ain] Evelin for 1/2 a mo[nths] pay for his troop uppon accompt £174 - 13s - -d,"Evelin, Arthur",Captain,horse,,,,,
1409,V2479,Vernon,62r,1643-04-29,16 p[ai]d C[aptain] Arthur Evelin for his under officers & 36 troop[er]s the like £36 - 8s - 0d,"Evelin, Arthur",Captain,horse,,,,,
1410,V2577,Vernon,63v,1643-05-24,16 p[ai]d Capt[ain] Arthur Evelin the like for [th]e offic[er]s & 36 trop[er]s ending 12 June £265 - 6s - -d,"Evelin, Arthur",Captain,horse,,,,,
1411,V2774,Vernon,68r,1643-06-21,16 p[ai]d Ca[ptain] Ar[thur] Evellin for 14 dayes pay for his officers & 27 troop[er]s end[ing] 26 present £100 - 2s - -d,"Evelin, Arthur",Captain,horse,,,,,
1412,V2775,Vernon,68r,1643-06-21,16 p[ai]d m[istres]s de la hay late wiffe to John de la hay leifft[enant] to [th]e troop above in part of a warr[an]t of 75l dew to him for arrears £50 - 0s - 0d,"Evelin, Arthur",Captain,horse,,,,,
1413,V2853,Vernon,69v,1643-07-12,16 p[ai]d C[aptain] Evelin the like for his officers & 27 troop[er]s end[ing] 10 Julie £100 - 2s - 0d,"Evelin, Arthur",Captain,horse,,,,,
1414,V3052,Vernon,73v,1643-08-18,160 p[ai]d C[aptain] Evelin the like £47 - 8s - 6d,"Evelin, Arthur",Captain,horse,,,,,
1415,V0003,Vernon,5r,1642-08-02,[del: p[ai]d S[i]r John Evelinge for S[i]r Phillip Stapleton by order of the Committee of Lord[es] and Commons for defence of the kingdome for the furnishinge of 40 gentlemen for the lord Generall[es] guard the some of six hundreth pownd[es] w[hi]ch monie was first paid by the Th[reasur]ers of monie and plate in yealdhall and made good to them uppon the first 5000 [pounds] receaved of them.],"Evelin, John, Sir",,,,,,,
1416,V2476,Vernon,62r,1643-04-28,"168 p[ai]d unto Edward wollaston, Henry Crossly Richard Hind, Jo[hn] Baldwin, John Symond[es] Thomas Adams, Georg Ewer, George whitledge, Samuel Flesher, Thomas kelsey Thomas Chetwood, John shelby George white gent[lemen] apointed paymasters of the severall Regiment[es] of Foot in the parlim[entes] service the some of 5 pownd[es], to be given 12s to every soldier of the said Regi[men]t[es] by way of reward £5000 - 0s - 0d","Ewer, George",Paymaster,foot,,,,,
1417,V1743,Vernon,46r,1642-12-22,152 p[ai]d Capt[ain] Hugh [?Fains?] capt[ain] of a Foot compa[ny] in Coll[onel] Holborns Regi[men]t for 1/2 a mo[nths] pay for 102 sold[ier]s begining [th]e 16 dec[ember] £47 - 12s - -d,"Fains, Hugh",Captain,foot,,"Holborne, James",,,
1418,V1448,Vernon,40r,1642-11-23,136 p[ai]d leifft[enant] Coll[onel] Francis Farfax [th]e like £84 - 18s - 8d,"Fairfax, Francis",Lt-Colonel,,,"Peterborough, Earl of",,,
1419,V1788,Vernon,47r,1642-12-26,21 l[ieutenant] Coll[onel] Fairfax capt[ain] of a compa[ny] in the s[ai]d Regi[men]t for 14 days for 91 sold[ier]s fro[m] [th]e 16 [Decem]bre £42 - 9s - 4d,"Fairfax, Francis",Lt-Colonel,foot,,"Peterborough, Earl of",,,
1420,V1950,Vernon,50v,1643-01-26,136 p[ai]d l[ieutenant] C[olone]ll Francis Fairfax captaine of a foot compa[ny] in my lord Peeterborroughs reg[imen]t for pay of 92 soldiers for 3 week[es] ending the 19 present £63 - 13s - -d,"Fairfax, Francis",Lt-Colonel,foot,,"Peterborough, Earl of",,,
1421,V2129,Vernon,54v,1643-03-02,136 p[ai]d Francis Fairfax leifft[enant] Collonel of the same Regi[men]t for a mo[nths] pay of his compa[ny] of 91 soldiers ending [th]e 16 Febr[uary] £84 - 18s - 8d,"Fairfax, Francis",Lt-Colonel,foot,,"Peterborough, Earl of",,,
1422,V0080,Vernon,7r,1642-08-11,21 p[ai]d S[i]r w[illia]m Fairfax for a monthes entertainm[en]t of his regiment of 12C menn by way of imprest £1244 - 16s - 0d,"Fairfax, William, Sir",Colonel,foot,,,,,
1423,V0284,Vernon,12v,1642-08-23,52 p[ai]d Capt[ain] michaell Bland for on months pay of his comp[any] of 100 soldiers belonginge to S[i]r w[illia]m Fairfax regiment mustered the 20 aug[us]t when it begins £93 - 6s - 8d,"Fairfax, William, Sir",Colonel,foot,,,,,
1424,V0293,Vernon,13r,1642-08-23,53 p[ai]d Capt[ain] Francis Roger of S[i]r w[illia]m Fairfax regiment for on monthes pay for his comp[any] of 59 soldiers to begine from the 20 day of this month when the said companie was mustered £55 - 1s - 4d,"Fairfax, William, Sir",Colonel,foot,,,,,
1425,V0294,Vernon,13r,1642-08-23,53 p[ai]d Capt[ain] Edward Odingsell[es] for on m[onth] pay of 70 soldiers in the same regiment beginning as above £64 - 18s - 8d,"Fairfax, William, Sir",Colonel,foot,,,,,
1426,V0354,Vernon,14v,1642-08-26,61 p[ai]d Capt[ain] Robert Wiltshire of the regim[en]t of S[i]r w[illia]m Fairffax for on months pay of 57 soldiers from the 23 Aug[us]t £53 - 4s - 0d,"Fairfax, William, Sir",Colonel,foot,,,,,
1427,V0366,Vernon,15r,1642-08-26,62 p[ai]d Captaine Titus leighton for a monthes pay of his compa[ny] of 67 soldiers in S[i]r w[illia]m Fairfax reg[imen]t beginning 21 present £69 - 10s - 8d,"Fairfax, William, Sir",Colonel,foot,,,,,
1428,V0407,Vernon,16r,1642-08-30,21 p[ai]d S[i]r w[illia]m Fairffax Collonell of a reg[imen]t of Foot imprested uppon accompt £100 - 0s - 0d,"Fairfax, William, Sir",Colonel,foot,,,,,
1429,V0440,Vernon,17r,1642-09-01,21 p[ai]d S[i]r w[illia]m Fairfax Collonel of 800 foot for entertainm[en]t of himself and offecers for on month to begine the 27 of Aug[us]t £542 - 16s - 0d,"Fairfax, William, Sir",Colonel,foot,,,,,
1430,V0572,Vernon,20v,1642-09-05,87 p[ai]d Capt[ain] Thomas Rush for on mo[nths] pay of his compa[ny] of 66 sold[ier]s in S[i]r w[illia]m Fairfax regiment from [th]e 3 present £61 - 12s - -d,"Fairfax, William, Sir",Colonel,foot,,,,,
1431,V0574,Vernon,20v,1642-09-05,88 p[ai]d w[illia]m Tuke for on mo[nths] pay of his compa[ny] of 61 sol[diers] in S[i]r w[illia]m Fairfax reg[imen]t from the 27 Aug[us]t £56 - 18s - -d,"Fairfax, William, Sir",Colonel,foot,,,,,
1432,V0627,Vernon,22r,1642-09-07,21 p[ai]d Collonell S[i]r w[illia]m Fairfax for advance of 11 wagons for his regiment at 40l £440 - 0s - 0d,"Fairfax, William, Sir",Colonel,foot,,,,,
1433,V1056,Vernon,32r,1642-10-25,21 p[ai]d to Collonel Fairfax toward[es] the pay of his regiment uppon acc[oun]t £500 - 0s - 0d,"Fairfax, William, Sir",Colonel,foot,,,,,
1434,V1277,Vernon,36v,1642-11-11,21 p[ai]d S[i]r w[illia]m Fairfax toward[es] the paym[en]t of his reg[imen]t £300 - -s - -d,"Fairfax, William, Sir",Colonel,foot,,,,,
1435,V0651,Vernon,22v,1642-09-08,96 paid unto m[aste]r Geo[rge] Paylor & m[aste]r Jo[hn] Falkoner officers of the armory in the tower by way of imprest for repayringe certaine defective arms & musket[es] in the tower for this service £100 - 0s - 0d,"Falconer, John",,,,,,,
1436,V0465,Vernon,17v,1642-09-02,sallery p[ai]d Anthony Fane for soe much expended for searching of Armes & bringinge ordinance from Richmond £7 - 9s - 0d,"Fane, Anthony",,,,,,,
1437,V3045,Vernon,73v,1643-08-17,192 p[ai]d Charles Fanthon the like £66 - 3s - -d,"Fantom, Carlo",Captain,horse,,,,,
1438,V3270,Vernon,77v,1643-08-29,203 p[ai]d C[aptain] Charles Fanthom for 14 days pay for his troop £132 - 6s - -d,"Fantom, Carlo",Captain,horse,,,,,
1439,V3348,Vernon,78v,1643-10-16,203 p[ai]d C[aptain] Fanton for his troope £146 - 6s - 0d,"Fantom, Carlo",Captain,horse,,,,,
1440,V3572,Vernon,81v,1643-12-05,189 p[ai]d C[aptain] Thomas Harison for C[aptain] Fanthams troop £72 - 2s - -d,"Fantom, Carlo",Captain,horse,,,,,
1441,V3768,Vernon,84r,1644-02-05,203 p[ai]d Ca[ptain] Fanton £27 - 6s - 0d,"Fantom, Carlo",Captain,,,,,,
1442,V1140,Vernon,34r,1642-10-29,122 p[ai]d leifftenn[an]t John farmer leifft[enan]t to S[i]r James Ramseys troop uppon acc[oun]tt £50 - 0s - 0d,"Farmer, John",Lieutenant,horse,,,"Ramsey, James, Sir",,
1443,V3512,Vernon,80v,1643-12-01,212 p[ai]d C[aptain] Jo[hn] Farmers troop the like £139 - 13s - 0d,"Farmer, John",Captain,horse,,,,,
1444,V3827,Vernon,84v,1644-02-13,212 p[ai]d Ca[ptain] Farmer for his troope £144 - 18s - -d,"Farmer, John",Captain,horse,,,,,
1445,V0796,Vernon,26v,1642-10-01,105 p[ai]d Capt[ain] Rob[er]t Farington for 15 daies pay for his compa[ny] of 58 sold[ier]s of Coll[onel] Hamdens reg[imen]t and alsoe for 1/2 a mo[nths] pay endinge 14 [Octo]bre £64 - 1s - 4d,"Farrington, Robert",Captain,foot,,"Hampden, John",,,
1446,V0974,Vernon,30v,1642-10-15,132 p[ai]d Anthony Falstaff deputy to the wagon master for soe much by him expended for the maintenance of 80 horses in his service for 8 days £18 - 11s - 6d,"Fastolfe, Anthony",Deputy Wagonmaster,artillery,,,,,
1447,V1151,Vernon,34r,1642-11-04,132 p[ai]d Anthony Falstaff for paym[en]t of wagons uppon acc[oun]tt £100 - 0s - 0d,"Fastolfe, Anthony",,,,,,,
1448,V1195,Vernon,35r,1642-11-09,132 p[ai]d m[aste]r Anthony Fasstaff toward[es] defraying chargis of draft horses uppon accompt £150 - -s - -d,"Fastolfe, Anthony",,,,,,,
1449,V2834,Vernon,69r,1642-11-12,132 p[ai]d [th]e 12 november 1642 to Comissary Fastaff in part of a warr[an]t of 150l w[hi]ch he hath in his hand[es] for and toward[es] payment of the drawght horses as by his acquittance appear[es] £40 - 0s - 0d,"Fastolfe, Anthony",Commissary,artillery,,,,,
1450,V1376,Vernon,38v,1642-11-23,132 p[ai]d m[aste]r Fastaff wagon m[aste]r G[enera]ll by a warrent of the 21 [Octo]bre for payment of cariages £180 - -s - -d,"Fastolfe, Anthony",Wagonmaster General,artillery,,,,,
1451,V1582,Vernon,43r,1642-12-05,132 p[ai]d Anto[ny] Fastaff Comissarie of the draft horses toward[es] defreyinge the charges of the horses uppon accompt £100 - 0s - 0d,"Fastolfe, Anthony",Commissary,artillery,,,,,
1452,V1583,Vernon,43r,1642-12-05,more by another warr[an]tt £200 - 0s - 0d,"Fastolfe, Anthony",Commissary,artillery,,,,,
1453,V1677,Vernon,45r,1642-12-19,132 p[ai]d Anto[ny] Fastaff Comissarie of the train of draft horses uppon acc[oun]tt £300 - -s - -d,"Fastolfe, Anthony",Commissary,artillery,,,,,
1454,V1884,Vernon,49r,1643-01-06,132 p[ai]d Comissarie Fastaffe toward[es] payment of draft horses uppon acc[oun]tt £300 - 0s - 0d,"Fastolfe, Anthony",Commissary,artillery,,,,,
1455,V2064,Vernon,53r,1643-02-04,132 p[ai]d Anthony Fastaff Comissarie of [th]e draft horses toward[es] ther pay uppon accompt £200 - 0s - 0d,"Fastolfe, Anthony",Commissary,artillery,,,,,
1456,V2088,Vernon,53v,1643-02-28,132 p[ai]d Comissarie Fostaff toward[es] paym[en]t of the draft horse charge £1000 - 0s - 0d,"Fastolfe, Anthony",Commissary,artillery,,,,,
1457,V2279,Vernon,58r,1643-03-29,132 p[ai]d Anthony Fastaff Comissary of the draft horses uppon acc[oun]tt £10 - -s - -d,"Fastolfe, Anthony",Commissary,artillery,,,,,
1458,V2366,Vernon,59v,1643-04-12,132 p[ai]d m[aste]r Falstaff Comissary of the draft horses uppon acc[oun]tt £700 - -s - -d,"Fastolfe, Anthony",Commissary,,,,,,
1459,V2463,Vernon,61v,1643-04-26,132 p[ai]d Comissary Fastaff for the draft horses £350 - 0s - 0d,"Fastolfe, Anthony",Commissary,artillery,,,,,
1460,V2545,Vernon,63r,1643-05-05,132 p[ai]d Comissary Fastaff toward[es] defrayinge charges of the draft horses £150 - 0s - 0d,"Fastolfe, Anthony",Commissary,artillery,,,,,
1461,V2615,Vernon,64v,1643-05-25,132 p[ai]d Anto[ny] Fastaff Comissary g[e]n[era]ll of [th]e draft horses toward[es] payinge [th]e draft horses uppon accompt £200 - 0s - 0d,"Fastolfe, Anthony",Commissary,artillery,,,,,
1462,V2687,Vernon,66r,1643-05-26,132 p[ai]d Antony Fastaff Comissary of the draft horses toward[es] deefraying of ther charg £1000 - -s - -d,"Fastolfe, Anthony",Commissary,artillery,,,,,
1463,V2757,Vernon,67v,1643-06-21,132 p[ai]d Commissary Fastaff for 14 dayes pay toward[es] defrayinge the charg of [th]e draft horses £700 - 0s - 0d,"Fastolfe, Anthony",Commissary,artillery,,,,,
1464,V2901,Vernon,70v,1643-07-13,132 p[ai]d Anthony Fastaff Commissary of the draft horses for 14 dayes pay for [th]e wagoners & draft horses uppon accompt £700 - 0s - 0d,"Fastolfe, Anthony",Commissary,artillery,,,,,
1465,F0223,Fenton,100v,1643-08-05,paid Comissarie Falstaffe £100 - 0s - 0d,"Fastolfe, Anthony",Commissary,,,,,,
1466,V2979,Vernon,72v,1643-08-16,132 p[ai]d Anthony Fastaff uppon accompt of the draft horses £350 - 0s - 0d,"Fastolfe, Anthony",Commissary,artillery,,,,,
1467,V3126,Vernon,75r,1643-08-24,132 p[ai]d Comissary Fastaff for [th]e draft horses uppon accompt £700 - 0s - 0d,"Fastolfe, Anthony",Commissary,artillery,,,,,
1468,F0290,Fenton,101v,1643-09-07,paid Comissarie Falstaffe £100 - 0s - 0d,"Fastolfe, Anthony",Commissary,,,,,,
1469,V3305,Vernon,78r,1643-10-14,132 p[ai]d Com[m]issarie Fastaff for [th]e draft horses £700 - -s - -d,"Fastolfe, Anthony",Commissary,artillery,,,,,
1470,V3472,Vernon,80r,1643-11-17,132 p[ai]d Anto[ny] Fastaff Comissary of the draft horses £650 - 0s - 0d,"Fastolfe, Anthony",Commissary,artillery,,,,,
1471,V3618,Vernon,82r,1643-12-09,36 p[ai]d Comissary Fastaff for [th]e draft horses uppon accompt £300 - 0s - 0d,"Fastolfe, Anthony",Commissary,artillery,,,,,
1472,V3678,Vernon,83r,1643-12-29,136 p[ai]d [th]e Comissary of draft horses uppon acc[oun]tt £300 - 0s - 0d,"Fastolfe, Anthony",Commissary,artillery,,,,,
1473,V3739,Vernon,84r,1644-02-02,132 p[ai]d Commissary Fastaff for 14 days pay for [th]e wagon[er]s & draft horses uppon accompt £650 - 0s - 0d,"Fastolfe, Anthony",Commissary,,,,,,
1474,V3917,Vernon,85v,1644-03-09,132 p[ai]d Comissary Fastaff for a week[es] pay for [th]e wagoners and draft horses uppon accompt £300 - 0s - 0d,"Fastolfe, Anthony",Commissary,artillery,,,,,
1475,V3951,Vernon,85v,1644-03-23,132 p[ai]d Comissary Fastaff uppon accompt £250 - 0s - 0d,"Fastolfe, Anthony",Commissary,artillery,,,,,
1476,V0446,Vernon,17r,1642-09-01,70 p[ai]d my Lord Fildinge the like £280 - 0s - 0d,"Feilding, Lord",Captain,horse,,,,,
1477,V0707,Vernon,24r,1642-09-10,70 p[ai]d my Lord Fildinge Capt[ain] of a troop of horse for on mo[nths] entertainm[en]t for 58 harqueb[usiers] a horsbacke from the [?2?] [Septem]bre £203 - 0s - 0d,"Feilding, Lord",Captain,horse,,,,,
1478,V0708,Vernon,24r,1642-09-10,more for mountinge 3 corporall[es] 42l 2 trumpeters a farrier & a sadler 32 £74 - 0s - 0d,"Feilding, Lord",Captain,horse,,,,,
1479,V0709,Vernon,24r,1642-09-10,more for scarff[es] £30 - 0s - 0d,"Feilding, Lord",Captain,horse,,,,,
1480,V0710,Vernon,24r,1642-09-10,more advanct to his farier & sadler £10 - -s - -d,"Feilding, Lord",Captain,horse,,,,,
1481,V1298,Vernon,37r,1642-11-12,125 p[ai]d S[i]r John midleton by way of imprest for that Reg[imen]t that was my lord Fildings £200 - 0s - 0d,"Feilding, Lord",Colonel,horse,,,,,
1482,F0324,Fenton,102r,1643-09-16,paid Capt[ain] Fenton in part of a warr[an]t £157 - 12s - 7d,"Fenton, Capt",Captain,,,,,,
1483,F0078,Fenton,98r,1643-06-23,p[ai]d L[ieutenan]t Coll[onel] John Fennicke £150 - 0s - 0d,"Fenwick, John",Lt-Colonel,,,,,,
1484,F0112,Fenton,98v,1643-07-05,this 100li is entred in [th]e some of 238li in [th]e next page [del: p[ai]d L[ieutenan]t Coll[onel] Fennicke for [th]e use of [th]e Essex Regim[en]t],"Fenwick, John",Lt-Colonel,,,the Essex regt,,,
1485,V0318,Vernon,13v,1642-08-25,57 p[ai]d Capt[ain] Constance Ferrer for one monthes pay for his comp[any] of 119 men in my [Lord] stamfords regiment £111 - 1s - 8d,"Ferrer, Constance",Captain,foot,,"Stamford, Earl of",,,
1486,V3039,Vernon,73v,1643-08-17,192 p[ai]d C[aptain] Edward Fines the like £81 - 18s - -d,"Fiennes, Edward",Captain,horse,,,,,
1487,V3155,Vernon,75v,1643-08-25,192 p[ai]d C[aptain] Edward Fiennes the like for his troop £163 - 16s - -d,"Fiennes, Edward",Captain,horse,,,,,
1488,V3374,Vernon,79r,1643-10-16,192 p[ai]d C[aptain] Edward finnes for his troop £156 - 16s - 0d,"Fiennes, Edward",Captain,horse,,,,,
1489,V3504,Vernon,80v,1643-11-30,192 p[ai]d C[aptain] Edward Finnes the like for his troop £158 - 18s - 0d,"Fiennes, Edward",Captain,horse,,,,,
1490,V3829,Vernon,84v,1644-02-13,101 p[ai]d Ca[ptain] Finnes the like £158 - 18s - 0d,"Fiennes, Edward",Captain,horse,,,,,
1491,V0026,Vernon,5v,1642-08-08,10 p[ai]d Captaine Francis Fines for advance of half a monthes pay as above £172 - 18s - 0d,"Fiennes, Francis",Captain,horse,,,,,
1492,V0070,Vernon,7r,1642-08-10,10 p[ai]d Capt[ain] Fra[ncis] Fienns for mountinge 3 corporall[es] 42l more for mounting 2 trumpetters on sadler and on farrier 32l £74 - 0s - 0d,"Fiennes, Francis",Captain,horse,,,,,
1493,V0330,Vernon,14r,1642-08-25,10 p[ai]d Captaine Francis Fienes for on half monthes pay for his troope 174l.13 - more for allowance for scarff[es] 30l more for an arreer for the last 1/2 months paye 1.15 £206 - 8s - 0d,"Fiennes, Francis",Captain,horse,,,,,
1494,V0410,Vernon,16r,1642-08-30,10 p[ai]d Capt[ain] Fra[ncis] Fines for the entertainm[en]t of himself & officers from the 22 Julie exclusive to the 5 of this instant Aug[us]t inclusive £69 - 13s - 0d,"Fiennes, Francis",Captain,horse,,,,,
1495,V0504,Vernon,18v,1642-09-03,10 p[ai]d Capt[ain] Fra[ncis] Fines for a mo[nths] entertainm[en]t for him self & troop to begin the 3 [Septem]bre £349 - 6s - 0d,"Fiennes, Francis",Captain,horse,,,,,
1496,V0811,Vernon,26v,1642-10-03,10 p[ai]d Capt[ain] Francis Fines for on 1/2 monthes paye of his troope to begine from [th]e 1 [Octo]bre £174 - 13s - 0d,"Fiennes, Francis",Captain,horse,,,,,
1497,V0976,Vernon,30v,1642-10-15,10 p[ai]d Captaine Francis Fines for 1/2 mo[nths] pay for his troope to end 28 october £174 - 13s - 4d,"Fiennes, Francis",Captain,horse,,,,,
1498,V1077,Vernon,32v,1642-10-27,10 p[ai]d Capt[ain] Fra[ncis] Fines the like £174 - 13s - -d,"Fiennes, Francis",Captain,horse,,,,,
1499,V1527,Vernon,42r,1642-12-05,10 p[ai]d C[aptain] Francis Fines for 1/2 a mo[nths] pay for himself officers & 25 sold[ier]s £113 - 8s - 0d,"Fiennes, Francis",Captain,horse,,,,,
1500,V1528,Vernon,42r,1642-12-05,more for another 1/2 mo[nths] pay uppon acc[oun]tt £113 - 8s - 0d,"Fiennes, Francis",Captain,horse,,,,,
1501,V1690,Vernon,45r,1642-12-19,10 p[ai]d Capt[ain] Francis Fines for 1/2 a mo[nths] pay for his troope £113 - 8s - -d,"Fiennes, Francis",Captain,horse,,,,,
1502,V1859,Vernon,48v,1643-01-06,10 p[ai]d Capt[ain] Fra[ncis] Fines for a whole mo[nths] pay for himself officers & 27 troop[er]s from [th]e 27 [Decem]bre when they wear mustered £225 - 8s - -d,"Fiennes, Francis",Captain,horse,,,,,
1503,V0139,Vernon,8v,1642-08-13,32 p[ai]d Capt[ain] John Fienns for mountinge himself and his officers £280 - 0s - 0d,"Fiennes, John",Captain,horse,,,,,
1504,V0303,Vernon,13r,1642-08-24,32 p[ai]d Capt[ain] John Fines for monting 3 corporall[es] 42l more 2 trumpeters a farier & a sadler 32. / more for scarff[es] 30l £104 - 0s,"Fiennes, John",Captain,horse,,,,,
1505,V0356,Vernon,14v,1642-08-26,32 p[ai]d Capt[ain] John Fines for on monthes pay of his troop of 60 harqueb[usiers] beginninge the 22 Aug[us]t £349 - 6s - 0d,"Fiennes, John",Captain,horse,,,,,
1506,V0757,Vernon,25v,1642-09-29,103 p[ai]d Capt[ain] John Fines for the arrears of his troop & 1/2 a mo[nths] pay from the 1 [Octo]bre as by [th]e warr[an]t £438 - 15s - 6d,"Fiennes, John",Captain,horse,,,,,
1507,V1168,Vernon,34v,1642-11-08,103 p[ai]d Capt[ain] John Fines as above £174 - 13s - -d,"Fiennes, John",Captain,horse,,,,,
1508,V1239,Vernon,36r,1642-11-11,103 p[ai]d Captaine John Fines the like £174 - 13s - -d,"Fiennes, John",Captain,horse,,,,,
1509,V1415,Vernon,39v,1642-11-29,103 p[ai]d Capt[ain] John Fines [th]e 23 & 29 [November] for 1/2 a mo[nths] pay for the officers & soldiers of his troop £174 - 13s - -d,"Fiennes, John",Captain,horse,,,,,
1510,V1514,Vernon,41v,1642-12-03,103 p[ai]d C[aptain] John Fines the like £174 - 13s - -d,"Fiennes, John",Captain,horse,,,,,
1511,V1732,Vernon,46r,1642-12-22,103 p[ai]d C[aptain] John Fines for 1/2 a mo[nths] pay for his troop £174 - 13s - -d,"Fiennes, John",Captain,horse,,,,,
1512,V1861,Vernon,48v,1643-01-06,103 p[ai]d Capt[ain] John Fines toward[es] payment of his troop uppon acc[oun]tt £100 - -s,"Fiennes, John",Captain,horse,,,,,
1513,V1960,Vernon,51r,1643-01-23,103 p[ai]d Capt[ain] John Fines for on whol mo[nths] pay for his troope deductinge 100l p[ai]d the 6 Janu[ary] uppon acc[oun]tt £249 - 6s - 0d,"Fiennes, John",Captain,horse,,,,,
1514,V0040,Vernon,6r,1642-08-09,15 p[ai]d Capt[ain] [^Natha^] Fines for the like £32 - 0s - 0d,"Fiennes, Nathaniel",Captain,horse,,,,,
1515,V0071,Vernon,7r,1642-08-10,15 p[ai]d Captaine Nathaneel Fiennis for advance of one months paye of his troop of 60 harquebuziers £345 - 16s,"Fiennes, Nathaniel",Captain,horse,,,,,
1516,V0208,Vernon,10v,1642-08-17,15 p[ai]d Capt[ain] Nathaneell Fyens for scarff[es] for his troope £30 - 0s - 0d,"Fiennes, Nathaniel",Captain,horse,,,,,
1517,V0209,Vernon,10v,1642-08-17,more for provision of necessaries for [...] his farrier & sadler £10 - 0s - 0d,"Fiennes, Nathaniel",Captain,horse,,,,,
1518,V0741,Vernon,25r,1642-09-27,"15 p[ai]d Captaine Nathaniel Fines in full payment of himself and officers of his troope untill the 1 [Octo]bre next inclusive 149.16., more p[ai]d him at northampton uppon his acc[oun]tt 200l £349 - 16s - 0d","Fiennes, Nathaniel",Captain,horse,,,,,
1519,V0966,Vernon,30v,1642-10-13,15 p[ai]d Capt[ain] Natha[niel] Fines for the officers and sold[ier]s of his troope to the 28 present £349 - 6s - 0d,"Fiennes, Nathaniel",Captain,horse,,,,,
1520,V0967,Vernon,30v,1642-10-13,15 more for 7 dayes for that troope £34 - 16s - 6d,"Fiennes, Nathaniel",Captain,horse,,,,,
1521,V1167,Vernon,34v,1642-11-08,15 p[ai]d Capt[ain] Nathaneel Fines for 1/2 a mo[nths] pay for his troop uppon accompt £174 - 13s - -d,"Fiennes, Nathaniel",Captain,horse,,,,,
1522,V1416,Vernon,39v,1642-11-28,15 p[ai]d Capt[ain] Nathaneel Fines the like £174 - 13s - -d,"Fiennes, Nathaniel",Captain,horse,,,,,
1523,V1513,Vernon,41v,1642-12-03,15 p[ai]d Capt[ain] Nathaneel Fines for 1/2 a mo[nths] pay for his troop uppon accompt £174 - 13s - -d,"Fiennes, Nathaniel",Captain,horse,,,,,
1524,V1733,Vernon,46r,1642-12-22,15 p[ai]d C[aptain] Nat[haniel] Fines the like £174 - 13s - -d,"Fiennes, Nathaniel",Captain,horse,,,,,
1525,V1862,Vernon,48v,1643-01-06,15 p[ai]d C[aptain] Nathaneel Fines the like £100 - -s - -d,"Fiennes, Nathaniel",Captain,horse,,,,,
1526,V1961,Vernon,51r,1643-01-23,15 p[ai]d Capt[ain] nathaneel Fines the like £249 - 6s - 0d,"Fiennes, Nathaniel",Captain,horse,,,,,
1527,V2105,Vernon,54r,1643-03-02,15 p[ai]d Collonell nathaneel Fines uppon accompt when he went to ward glocester £1500 - 0s - 0d,"Fiennes, Nathaniel",Colonel,,,,,,
1528,V2363,Vernon,59v,1643-04-12,61 p[ai]d C[aptain] Richard Fines for a whole mo[nths] pay for the the time he Comanded S[i]r Sigismond Alexand[er]s troope £54 - 12s - -d,"Fiennes, Richard",Captain,horse,,,,,
1529,V2466,Vernon,61v,1643-04-27,167 p[ai]d Capt[ain] Richard [^Fines^] for 1/2 a mo[nths] pay for his troope begining the 7 Ap[ri]l £174 - 13s - -d,"Fiennes, Richard",Captain,horse,,,,,
1530,V2582,Vernon,64r,1643-05-24,167 p[ai]d Capt[ain] Richard Finis for [th]e officers pay of his troop & 58 troop[er]s ending [th]e 11 June for a mo[nth] £338 - 16s - 0d,"Fiennes, Richard",Captain,horse,,,,,
1531,V2782,Vernon,68r,1643-06-21,167 p[ai]d C[aptain] Richard Fines for 14 dayes pay for himself offic[er]s & 58 troop[er]s end[ing] 25 June £171 - 3s - -d,"Fiennes, Richard",Captain,horse,,,,,
1532,V2881,Vernon,70r,1643-07-12,167 p[ai]d C[aptain] Richard Fines [th]e like & 58 troop[er]s end[ing] 9 present £171 - 3s - -d,"Fiennes, Richard",Captain,horse,,,,,
1533,V3041,Vernon,73v,1643-08-17,167 p[ai]d C[aptain] Richard Fines the like £81 - 18s - -d,"Fiennes, Richard",Captain,horse,,,,,
1534,V3187,Vernon,76r,1643-08-25,26 d[i]tt[o] 167 p[ai]d C[aptain] Anto[ny] Boller for 14 days pay of that troop of horse wherof C[aptain] Richard Fines was Capt[ain] £171 - 3s - -d,"Fiennes, Richard",Captain,horse,,,,,
1535,V3409,Vernon,79v,1643-10-19,167 p[ai]d C[aptain] Rich[ard] Fines for 14 days pay for himself £27 - 6s - -d,"Fiennes, Richard",Captain,horse,,,,,
1536,V1808,Vernon,47v,1642-12-27,155 p[ai]d Captaine Richard Fincher another Capt[ain] dragooner toward[es] pay of his compa[ny] of the same Regiment £50 - -s - -d,"Fincher, Richard",Captain,dragoons,,"Seaton, John, Sir",,,
1537,V1967,Vernon,51r,1643-01-23,155 p[ai]d Richard Fincher Capt[ain] of a compa[ny] of drago[ons] being 100 menn all unhorst uppon accompt £100 - 0s - 0d,"Fincher, Richard",Captain,dragoons,,,,,
1538,V2959,Vernon,72r,1643-07-13,Cornet James Fine Cornet of horse 9.9 £147 - 7s - -d,"Fine, James",Cornet,horse,,,,,
1539,V0300,Vernon,13r,1642-08-24,54 p[ai]d Capt[ain] Fitch for on monthes pay of 98 soldiers of my lord brook[es] regiment musterd & beginin 17 Aug[us]t £91 - 9s - 4d,"Fitch, Thomas",Captain,foot,,"Brooke, Lord",,,
1540,F0102,Fenton,98v,1643-06-29,p[ai]d Capt[ain] Charles Fleetwood £394 - 16s - 0d,"Fleetwood, Charles",Captain,,,,,,
1541,V2923,Vernon,71r,1643-07-13,189 p[ai]d Capt[ain] Fleetwood for 14 dayes pay for his officers & troope uppon acc[oun]tt £197 - 8s - 0d,"Fleetwood, Charles",Captain,horse,,,,,
1542,F0206,Fenton,100r,1643-08-02,p[ai]d Capt[ain] Charles Fleetwood £197 - 8s - 0d,"Fleetwood, Charles",Captain,,,,,,
1543,V3042,Vernon,73v,1643-08-17,189 p[ai]d C[aptain] Charles Fleetwood the like £82 - 8s - -d,"Fleetwood, Charles",Captain,horse,,,,,
1544,V3173,Vernon,75v,1643-08-25,189 p[ai]d C[aptain] Charles Fleetwood for 14 daies pay for his troop £184 - 16s - -d,"Fleetwood, Charles",Captain,horse,,,,,
1545,V3304,Vernon,78r,1643-10-14,189 p[ai]d C[aptain] Fleetwood for his troop £186 - 11s - 0d,"Fleetwood, Charles",Captain,horse,,,,,
1546,V3510,Vernon,80v,1643-12-01,189 p[ai]d C[aptain] Fleetwood[es] troop the like £141 - 8s - 0d,"Fleetwood, Charles",Captain,horse,,,,,
1547,V3782,Vernon,84r,1644-02-13,189 p[ai]d C[aptain] Fleetwood [th]e like £136 - 3s - -d,"Fleetwood, Charles",Captain,horse,,,,,
1548,V0110,Vernon,8r,1642-08-12,26 p[ai]d Capt[ain] John Fleminge Capt[ain] of a troope of horse for raisinge of his troop £354 - 0s - 0d,"Fleming, John",Captain,horse,,,,,
1549,V0279,Vernon,12v,1642-08-22,26 p[ai]d Capt[ain] John Fleminge for one months pay for himself officers and troop of 60 £349 - 6s - 0d,"Fleming, John",Captain,horse,,,,,
1550,V0280,Vernon,12v,1642-08-22,more for scarff[es] £30 - 0s - 0d,"Fleming, John",Captain,horse,,,,,
1551,V0411,Vernon,16r,1642-08-30,26 p[ai]d Capt[ain] John Fleming for providing 63 great sadles and bitt[es] for the furnishing of his troope at 50s each sadle & bitt £157 - 10s - 0d,"Fleming, John",Captain,horse,,,,,
1552,V0941,Vernon,29v,1642-10-12,26 p[ai]d Captaine John Fleming for arrears of his troop & pay to the end of [Octo]bre £212 - 1s - 6d,"Fleming, John",Captain,horse,,,,,
1553,V1113,Vernon,33v,1642-10-28,26 p[ai]d Capt[ain] John Fleming for on week[es] pay for his troope £87 - 3s - 4d,"Fleming, John",Captain,horse,,,,,
1554,V1217,Vernon,35v,1642-11-10,26 p[ai]d Captaine John Fleming for on whole month for his troop £349 - 6s - -d,"Fleming, John",Captain,horse,,,,,
1555,V1725,Vernon,46r,1642-12-21,17 p[ai]d Sergeant major Pretty toward[es] paym[en]t of that troop wherof latlie Capt[ain] Fleming was Captaine uppon acc[oun]t £100 - 0s - 0d,"Fleming, John",Captain,horse,,,,,
1556,V1726,Vernon,46r,1642-12-21,more for 20 great sadles & furniture for that troop £50 - 0s - 0d,"Fleming, John",Captain,horse,,,,,
1557,V2164,Vernon,55v,1643-03-03,26 p[ai]d Quartermaster Benjamin Blackberry for and toward[es] the payment of the troop of Capt[ain] Jo[hn] Fleming now riding in the troop late under the Comand of major Pretty uppon accompt £40 - -s - -d,"Fleming, John",Captain,horse,,,,,
1558,V2404,Vernon,60v,1643-04-13,26 p[ai]d quartermaster Benjamine Blackberry toward[es] payment of himself on Corporall & 16 troop[er]s of Cap[tain] Fleming troop uppon accompt £40 - -s - -d,"Fleming, John",Captain,horse,,,,,
1559,V2405,Vernon,60v,1643-04-13,26 more p[ai]d him for 1/2 a mo[nths] pay for himself £6 - 6s - -d,"Fleming, John",Captain,horse,,,,,
1560,V3274,Vernon,77v,1643-08-29,17 p[ai]d major w[illia]m Pretty in part of monie by him disbursed for Capt[ain] Fleming[es] troope £50 - -s - -d,"Fleming, John",Captain,horse,,,,,
1561,V2476,Vernon,62r,1643-04-28,"168 p[ai]d unto Edward wollaston, Henry Crossly Richard Hind, Jo[hn] Baldwin, John Symond[es] Thomas Adams, Georg Ewer, George whitledge, Samuel Flesher, Thomas kelsey Thomas Chetwood, John shelby George white gent[lemen] apointed paymasters of the severall Regiment[es] of Foot in the parlim[entes] service the some of 5 pownd[es], to be given 12s to every soldier of the said Regi[men]t[es] by way of reward £5000 - 0s - 0d","Flesher, Samuel",Paymaster,foot,,,,,
1562,F0084,Fenton,98r,1643-06-23,p[ai]d John Fletcher Chirurgeon £60 - 0s - 0d,"Fletcher, John",Surgeon,,,,,,
1563,V3644,Vernon,82v,1643-12-12,216 p[ai]d m[istres]s Grace Flowerden Administratrix to C[aptain] Ja[mes] Pecham in the late Regi[men]t of S[i]r w[illia]m Constable for a mo[nths] pay uppon his arrears £21 - 0s - 0d,"Flowerden, Grace",Administratrix,,,,,,
1564,V2897,Vernon,70v,1643-07-13,187 p[ai]d Major walter Floyd for [th]e officers & 458 soldiers of S[i]r Jo[hn] meldrums Regi[men]t for 14 dayes end[ing] 29 June £429 - 13s - 8d,"Floyd, Walter",Major,foot,,"Meldrum, John, Sir",,,
1565,V3634,Vernon,82v,1643-12-09,p[ai]d the like to Hugh Fluellin & Jo[hn] Peele £0 - 18s - 8d,"Fluellin, Hugh",Soldier,,,,,wounded,
1566,V3413,Vernon,79v,1643-10-23,46 p[ai]d C[aptain] Humphrey Foans for 14 days pay for the under officers & [?225?] sold[ier]s of [th]e Regi[men]t late S[i]r w[illia]m Constables £145 - 16s - 8d,"Foans, Humphrey",Captain,foot,,"Constable, William, Sir",,,
1567,V2644,Vernon,65r,1643-05-25,166 p[ai]d Robert Fogg Chaplaine of [th]e said reg[imen]t for his & his mans pay end[ing] 23 may £35 - 16s - 6d,"Fogg, Robert",Chaplain,dragoons,,"Melve, George, Colonel",,,
1568,F0094,Fenton,98r,1643-06-26,p[ai]d M[aste]r Rob[er]te Fogge £25 - 19s - 6d,"Fogg, Robert",,,,,,,
1569,V3105,Vernon,74v,1643-08-21,195 p[ai]d major Fonteine for 14 days pay for his troope £133 - 14s - -d,"Fonteine, Major",Major,horse,,,,,
1570,V3249,Vernon,77r,1643-08-26,201 p[ai]d Georg Forbes Capt[ain] of a compa[ny] of drago[ons] in Coll[onel] wardlaws Regi[men]t and late prisoner at oxford toward[es] his arrears £28 - -s - -d,"Forbes, George",Captain,dragoons,,"Wardlaw, James",,late prisoner,
1571,V2804,Vernon,68v,1643-06-22,184 p[ai]d Alexander Forbois for 14 dayes pay for [th]e officers & 54 troop[er]s of my lord Peeterborrough[es] troop end[ing] 25 June as by [th]e warr[an]t £145 - 19s - -d,"Forbois, Alexander",,horse,,,"Peterborough, Earl of",,
1572,V0022,Vernon,5v,1642-08-08,8 p[ai]d S[i]r Faithfull fortescue for the advance of half a monthes paye for a troope of horse of 70 harquebusiers besid[es] officers on hundreth ninty l eight s £190 - 8s - -d,"Fortescue, Faithfull, Sir",Captain,horse,,,,,
1573,V0136,Vernon,8v,1642-08-13,8 p[ai]d S[i]r Faithfull Fortescue for another 1/2 monthes pay for his troope £198 - 0s - 0d,"Fortescue, Faithfull, Sir",Captain,horse,,,,,
1574,V0351,Vernon,14v,1642-08-26,"8 p[ai]d Thomas Fortescue leifft[enant] to S[i]r Faithfull Fortescue, who in the Irish service had rec[eive]d 12 & now in this is to have 60l rest[es] £48 - 0s - 0d","Fortescue, Faithfull, Sir",Captain,horse,,,,,
1575,V0352,Vernon,14v,1642-08-26,8 p[ai]d Elias wally Cornet to S[i]r Faithfull fortescue who in the Irish service had rec[eive]d 12 and now in this is to have 50l rest[es] £38 - 0s - 0d,"Fortescue, Faithfull, Sir",Captain,horse,,,,,
1576,V0353,Vernon,14v,1642-08-26,"8 p[ai]d Jo[hn] ven de Gerish quarterm[aste]r to S[i]r Faithfull fortescue who in the Irish service had rec[eived] 12l, and now in this appointed 30l rest[es] £18 - 0s - 0d","Fortescue, Faithfull, Sir",Captain,horse,,,,,
1577,V0394,Vernon,15v,1642-08-29,8 p[ai]d S[i]r Faithfull Fortescue for on mo[nths] pay of his troope of 70 harqueb[usiers] besid[es] officers to beginn from the 27 of this pres[en]t Aug[us]t £384 - 6s - 0d,"Fortescue, Faithfull, Sir",Captain,horse,,,,,
1578,V0395,Vernon,15v,1642-08-29,more for allowance of scarff[es] to his troop of 70 horse £35 - 0s - 0d,"Fortescue, Faithfull, Sir",Captain,horse,,,,,
1579,V3013,Vernon,73r,1643-08-16,154 p[ai]d major Fortescue for 7 dayes pay for the Regi[men]t late Coll[onel] Bulstrood[es] £248 - 0s - 8d,"Fortescue, Richard",Major,foot,,"Bulstrode, Henry",,,
1580,V3202,Vernon,76r,1643-08-25,159 p[ai]d Richard Fortescue major of [th]e Regi[men]t late of Coll[onel] Bulstrood for pay of that Regi[men]t £494 - 7s - 4d,"Fortescue, Richard",Major,foot,,"Bulstrode, Henry",,,
1581,F0312,Fenton,102r,1643-09-11,paid Major Fortescue for Coll[onel] Bolstrods Regim[en]t £81 - 19s - 2d,"Fortescue, Richard",Major,,,"Bulstrode, Henry",,,
1582,F0326,Fenton,102r,1643-09-16,Lent Coll[onel] Bolstrode & Major Fortescue for [th]e pay of [th]e souldiers in [tha]t Regim[en]t £50 - 0s - 0d,"Fortescue, Richard",Major,,,"Bulstrode, Henry",,,
1583,V0351,Vernon,14v,1642-08-26,"8 p[ai]d Thomas Fortescue leifft[enant] to S[i]r Faithfull Fortescue, who in the Irish service had rec[eive]d 12 & now in this is to have 60l rest[es] £48 - 0s - 0d","Fortescue, Thomas",Lieutenant,horse,,,"Fortescue, Faithfull, Sir",,
1584,V2513,Vernon,62v,1643-04-29,p[ai]d Fra[ncis] Foster a wounded troop[er] at keinton £5 - 0s - 0d,"Foster, Francis",Trooper,horse,,,,wounded,
1585,V2010,Vernon,52r,1643-01-24,48 p[ai]d the lord willoughby for soe much by him lent to Coll[onel] Ballard for payment of a monthes advance unto Capt[ain] manly Capt[ain] Bower C[aptain] Cracroft & C[aptain] Fowke 4 leifft[enant]s & 3 ensigns being officers of the reg[imen]t of the said Coll[onel] Ballard £119 - 0s - 0d,"Fowke, Francis",Captain,foot,,"Ballard, Thomas",,,
1586,F0152,Fenton,99r,1643-07-20,p[ai]d Capt[ain] Fran[cis] Fowke £6 - 1s - 4d,"Fowke, Francis",Captain,,,,,,
1587,F0047,Fenton,97v,1643-06-05,p[ai]d Edward Foxe £25 - 0s - 0d,"Foxe, Edward",,,,,,,
1588,F0276,Fenton,101r,1643-09-01,p[ai]d m[aste]r Edw[ard] Foxe £20 - 0s - 0d,"Foxe, Edward",,,,,,,
1589,V1388,Vernon,39r,1642-11-23,38 p[ai]d Capt[ain] will[ia]m Burbz C[aptain] Jo[hn] Francis C[aptain] Richard Beaton & C[aptain] Georg Hurlocke Capt[ains] of severall foot compa[nies] late in [th]e reg[imen]t of Denzill Hollis as well for pay of themselvs 3 other private Captains latelie deseased and other officers contained in the warr[an]tt & sold[ier]s £356 - 8s - 8d,"Francis, John",Captain,foot,,"Holles, Denzil",,,
1590,V2716,Vernon,66v,1643-06-21,183 p[ai]d Jo[hn] Francis major to serg[ean]t major g[e]n[era]ll skippon for soe much by him disborsed for a carriage of Amunition & other necessaries from london to Alisbury £35 - 0s - 0d,"Francis, John",Major,foot,,"Skippon, Philip",,,
1591,F0287,Fenton,101v,1643-09-06,p[ai]d Major Tho[mas] Fraser £200 - 0s - 0d,"Fraser, Thomas",Major,,,,,,
1592,V3440,Vernon,79v,1643-10-27,211 p[ai]d major Thomas Frazer major to my lord denbigh £46 - 4s - -d,"Fraser, Thomas",Major,horse,,"Denbigh, Earl of",,,
1593,V2077,Vernon,53v,1643-02-23,160 p[ai]d Edward Freeman Captaine of a troope of dragooners for [th]e present service of [th]e state £20 - 0s - 0d,"Freeman, Edward",Captain,dragoons,,,,,
1594,V3614,Vernon,82r,1643-12-09,122 p[ai]d Jo[hn] Edgar and Alexander Frizell 2 troop[er]s more of that Regi[men]t taken prisoners £3 - 10s - 0d,"Frizell, Alexander",Trooper,horse,,"Ramsey, James, Sir",,prisoner,
1595,V0992,Vernon,31r,1642-10-17,116 p[ai]d Captaine Henry Rowe Capt[ain] Edward Froadsham & Capt[ain] John Duncan Capt[ain]s of Pioners for leviinge 600 pioners £30 - 0s - 0d,"Frodsham, Edward",Captain,pioneers,,,,,
1596,V1123,Vernon,33v,1642-10-29,116 p[ai]d Captain Edward Frodsham captaine of Pione[er]s for raisinge of pione[er]s £25 - 0s - 0d,"Frodsham, Edward",Captain,pioneers,,,,,
1597,V1270,Vernon,36v,1642-11-11,116 p[ai]d Capt[ain] Edward Frodsham the like £30 - -s - -d,"Frodsham, Edward",Captain,pioneers,,,,,
1598,V1424,Vernon,39v,1642-11-29,116 p[ai]d Captaine Frodsham towards payment of his Pyoners £25 - -s - -d,"Frodsham, Edward",Captain,pioneers,,,,,
1599,V1628,Vernon,44r,1642-12-10,116 p[ai]d Capt[ain] Edward Frodsham Capt[ain] of pion[eer]s toward[es] payment of his compa[ny] uppon acc[oun]tt £30 - -s - -d,"Frodsham, Edward",Captain,pioneers,,,,,
1600,V1802,Vernon,47v,1642-12-27,116 p[ai]d Capt[ain] Edward Frodsham toward[es] payment of his pioneers uppon acc[oun]tt £50 - -s - -d,"Frodsham, Edward",Captain,pioneers,,,,,
1601,V1903,Vernon,49v,1643-01-06,116 p[ai]d Capt[ain] Edward Frodsham capt[ain] of pion[eer]s in full paym[en]t of the remainder of his acc[oun]tt due to his compa[ny] to [th]e 29 [Decem]bre last £27 - 7s - -d,"Frodsham, Edward",Captain,pioneers,,,,,
1602,V2199,Vernon,56r,1643-03-07,116 p[ai]d C[aptain] Frodsham in part of a warr[ant] of 35.10 £20 - 0s - 0d,"Frodsham, Edward",Captain,,,,,,
1603,V2223,Vernon,56v,1643-03-09,116 p[ai]d Capt[ain] Frodsham in full of a warr[an]t of [th]e 27 Febr[uary] £15 - 10s - -d,"Frodsham, Edward",Captain,,,,,,
1604,V2685,Vernon,66r,1643-05-26,116 p[ai]d C[aptain] Henry Roe C[aptain] Richard Hodgson C[aptain] Edward Frodsham & C[aptain] w[illia]m Cheese Capt[ains] of severall compa[nies] of pioneers for a whole mo[nths] pay for 31 pion[eer]s ending 21 June £43 - 8s - 0d,"Frodsham, Edward",Captain,pioneers,,,,,
1605,F0315,Fenton,102r,1643-09-11,p[ai]d Major Frodsham for S[i]r W[illia]m Constables Regim[en]t £101 - 6s - 6d,"Frodsham, Henry",Major,,,"Constable, William, Sir",,,
1606,V3293,Vernon,78r,1643-10-14,46 p[ai]d major Frodsham for [th]e Regi[men]t late S[i]r w[illia]m Constables £361 - 15s - 8d,"Frodsham, Henry",Major,foot,,"Constable, William, Sir",,,
1607,V0150,Vernon,9r,1642-08-13,36 p[ai]d Gwalter frost for severall provisions by him provided and sent to the towne of Hull £961 - 16s - 1d,"Frost, Walter",,,,,,,
1608,V3072,Vernon,74r,1643-08-18,27 p[ai]d Cheyny fuller late prisoner in oxford for who was leifft[enant] of Cap[tain] Hailes troop for a mo[nths] pay uppon accompt of the arrears £25 - 4s - 0d,"Fuller, Cheyney",Lieutenant,horse,,,"Hale, John",late prisoner,
1609,V1369,Vernon,38v,1642-11-21,"131 p[ai]d Captaine Roger Clay Captaine Samuel Turner Capt[ain] Peeter Gale Capt[ain] George more Capt[ain] Ralph Tasker Captain w[illia]m Hamond Capt[ain] mathew Skalticke & Capt[ain] Jams white, 8 capt[ain]s in the Regement of Collonell skippon toward[es] ther pay & entertainm[en]t of themselves officers & sold[ier]s uppon acc[oun]tt £400 - -s - -d","Gale, Peter",Captain,foot,,"Skippon, Philip",,,
1610,V0700,Vernon,24r,1642-09-09,100 Docter Richard Gardiner docter of Phizicke to the army by way of advance £100 - 0s - 0d,"Gardner, Richard, Dr",Physician,,,,,,
1611,V0935,Vernon,29v,1642-10-11,100 p[ai]d Doct[o]r Richard Gardiner phisision of the Army by him to be destributed to the maymed sold[ier]s £50 - 0s - 0d,"Gardner, Richard, Dr",Physician,,,,,,
1612,V0978,Vernon,30v,1642-10-15,100 p[ai]d Docter Richard Gardner to be distributed to sicke & maimed sold[ier]s in wo[rceste]r £30 - 0s - 0d,"Gardner, Richard, Dr",,,,,,,
1613,V1142,Vernon,34r,1642-10-29,100 p[ai]d Docter Gardinter & docter odlinge for releiff of the sicke & mamed sold[ier]s in warwicke £100 - -s - -d,"Gardner, Richard, Dr",,,,,,,
1614,V1639,Vernon,44r,1642-12-10,100 p[ai]d docter Richard Gardiner on of the Phisitions belonging to the Army for 4 mo[nths] & 11 dayes pay at 6 8 p[er] diem to the last [Novem]bre £41 - 0s - 0d,"Gardner, Richard, Dr",Physician,,,,,,
1615,V2238,Vernon,57r,1643-03-09,100 p[ai]d m[aste]r Richard Gardiner another Phisition £30 - -s,"Gardner, Richard, Dr",Physician,,,,,,
1616,V2391,Vernon,60r,1643-04-13,100 p[ai]d Docter Gardiner on of [th]e phisitions of [th]e Army for a mo[nths] pay beginning [th]e 1 march £9 - 6s - 8d,"Gardner, Richard, Dr",Physician,,,,,,
1617,F0020,Fenton,97r,1643-06-01,p[ai]d Do[cto]r Gardiner £71 - 3s - 4d,"Gardner, Richard, Dr",,,,,,,
1618,V1095,Vernon,33r,1642-10-28,141 p[ai]d the mayor of Evesham for monie lent and disburst by him £75 - 0s - 0d,"Gardner, Samuel",Mayor of Evesham,,,,,,
1619,V2647,Vernon,65r,1643-05-25,14 p[ai]d Bartholomew Carnet wago[ner] attending [th]e traine for hier of 6 horses 120 dayes accordinge to [th]e war[ran]t £61 - 19s - 0d,"Garnet, Bartholomew",Wagoner,artillery,,,,,
1620,V1368,Vernon,38v,1642-11-21,130 p[ai]d Captaine John Smith & Captaine Henry Gauler captains of 2 severall foot companies in [th]e Regiment of sergeant major g[enera]ll Skippon £100 - -s - -d,"Gauler, Henry",Captain,foot,,"Skippon, Philip",,,
1621,V1445,Vernon,40r,1642-11-23,135 p[ai]d Capt[ain] mathew scaltike C[aptain] Henry gaule C[aptain] Jo[hn] Smith & C[aptain] Henry [...] 4 Capt[ains] latelie entertained in my lord G[enera]ll[es] reg[imen]t of Foot for advance of a whole monthes pay for themselves leifft[enants] & Ensigns £123 - 4s - -d,"Gauler, Henry",Captain,foot,,"Essex, Earl of",,,
1622,V1446,Vernon,40r,1642-11-23,more p[ai]d them for providing Coll[our]s partizans halbert[es] and drums & wagons £112 - -s - -d,"Gauler, Henry",Captain,foot,,"Essex, Earl of",,,
1623,V1617,Vernon,43v,1642-12-10,144 p[ai]d Capt[ain] Henry Gauler as above for 83 £77 - 9s - 4d,"Gauler, Henry",Captain,foot,,"Essex, Earl of",,,
1624,V1713,Vernon,45v,1642-12-21,144 p[ai]d Capt[ain] Henry Gauler for pay of 2 serg[ean]t[es] 2 drum[mer]s & 3 corporall[es] for 18 days beg[inning] 3 [Decem]bre £7 - 4s - -d,"Gauler, Henry",Captain,,,,,,
1625,V2824,Vernon,69r,1643-01-17,135 p[ai]d Capt[ain] scaltike C[aptain] Gauler Cap[tain] Smith and Capt[ain] Howson by order of his Exc[ellency] signified under m[aste]r Chambers his hand the 17 Janu[ary] w[hi]ch is charged by [th]e Auditor to ther accompt £120 - 0s - 0d,"Gauler, Henry",Captain,,,,,,
1626,V2249,Vernon,57r,1643-03-10,144 p[ai]d C[aptain] Henry Gauler the like £40 - 0s - 0d,"Gauler, Henry",Captain,foot,,"Essex, Earl of",,,
1627,V3615,Vernon,82r,1643-12-09,144 p[ai]d Henry Gauler Capt[ain] of a Foot company in my lord g[e]n[era]ll[es] Regi[men]t for some sould[ier]s absent the last pay £5 - 16s - 8d,"Gauler, Henry",Captain,foot,,"Essex, Earl of",,,
1628,V3891,Vernon,85r,1644-03-04,144 p[ai]d Ca[ptain] Gauler for Recrut[es] £30 - 6s - 8d,"Gauler, Henry",Captain,,,,,,
1629,V0595,Vernon,21r,1642-09-06,90 p[ai]d S[i]r Gilbert Gerrard T[reasur]er of the Army for his entertainm[en]t at 40s p[er] diem from the 1 Aug[us]t to the 31 inclusive £62 - 0s - 0d,"Gerard, Gilbert, Sir",Treasurer,,,,,,
1630,V0596,Vernon,21r,1642-09-06,more for 2 clark[es] at 2s p[er] diem each £6 - 4s - -d,"Gerard, Gilbert, Sir",Treasurer,,,,,,
1631,V0715,Vernon,24v,1642-09-12,101 delivered unto m[aste]r william Jessope by S[i]r Guilbert Gerrerd[es] order £500 - -s - -d,"Gerard, Gilbert, Sir",Treasurer,,,,,,
1632,V0591,Vernon,21r,1642-09-06,89 p[ai]d Capt[ain] Devereux Gibbons for one months pay of 56 sold[ier]s in my lord whartons regiment from the 29 Aug[us]t £52 - 5s - 4d,"Gibbons, Devereux",Captain,foot,,"Wharton, Lord",,,
1633,V2402,Vernon,60v,1643-04-13,89 p[ai]d Capt[ain] devereux Gibbons Captaine of a late compa[ny] in my lord whartons Regi[men]t for an arrear of pay due to him for [th]e offic[er]s and sold[ier]s of his compa[ny] for a whole mo[nth] to [th]e 23 [Octo]bre £52 - 5s - 4d,"Gibbons, Devereux",Captain,foot,,"Wharton, Lord",,,
1634,V2689,Vernon,66r,1643-05-26,181 p[ai]d C[aptain] Richard Gibb[es] late Capt[ain] of a foot compa[ny] in the reg[imen]t of Coll[onel] Grantham for a mo[nths] pay as captaine uppon accompt £21 - -s - -d,"Gibbs, Richard",Captain,foot,,"Grantham, Thomas",,,
1635,F0199,Fenton,100r,1643-08-01,p[ai]d Capt[ain] Edw[ard] Gitting £16 - 16s - 0d,"Gitting, Edward",Captain,,,,,,
1636,F0278,Fenton,101r,1643-09-01,p[ai]d Ensigne Tho[mas] Golledge £13 - 13s - 0d,"Golledge, Thomas",Ensign,,,,,,
1637,V0117,Vernon,8r,1642-08-12,28 p[ai]d Rob[er]t Good Captaine of the pioners goinge for the same place £10 - 0s - 0d,"Good, Robert",Captain,pioneers,,,,,
1638,V0043,Vernon,6r,1642-08-09,15 p[ai]d Collonell Arthur Goodwine for furnishinge of 4 Captaines and ther officers w[i]th horse armes and other necessaries belonginge to his Regiment £1120 - 0s - 0d,"Goodwin, Arthur",Colonel,horse,,,,,
1639,V0212,Vernon,10v,1642-08-17,15 p[ai]d Collonel Arthur Goodwine for on month pay for his troope £349 - 6s - 0d,"Goodwin, Arthur",Colonel,horse,,,,,
1640,V0304,Vernon,13r,1642-08-24,15 p[ai]d Collonell Arthur Goodwine for mountinge 3 corporall[es] 42l. more 2 trumpet[e]rs a farrier & a sadler 32l. / for scarff[es] 30l £104 - 0s - 0d,"Goodwin, Arthur",Colonel,horse,,,,,
1641,V0544,Vernon,19v,1642-09-05,36 p[ai]d Richard Thurston surgeon to Collonel Goodwins reg[imen]t for provision of 3 horses 24 pownd[es] his chest 15 & for his wagon 20 £59 - 0s - 0d,"Goodwin, Arthur",Colonel,horse,,,,,
1642,V0688,Vernon,23v,1642-09-09,15 p[ai]d Richard Thurston surgeon to Coll[onel] Arthur Goodwin for on mo[nths] pay for himself and mates from the 27 aug[us]t last £12 - 12s - -d,"Goodwin, Arthur",Colonel,horse,,,,,
1643,V0862,Vernon,28r,1642-10-05,86 p[ai]d Richard Thurston surgeon to Collonel Goodwins regiment for his and his mates pay endinge the 1 [Octo]bre £21 - 0s - 0d,"Goodwin, Arthur",Colonel,horse,,,,,
1644,V0870,Vernon,28r,1642-10-06,15 p[ai]d Collonell Arthur Goodwin for his pay and entertainm[en]t as Collonell of a reg[imen]t of horse to the 1 [Octo]bre £94 - 10s - 0d,"Goodwin, Arthur",Colonel,horse,,,,,
1645,V0927,Vernon,29v,1642-10-11,15 p[ai]d Collonell Arthur Goodwin in full payment of his troop to the 14 [Octo]bre inclu[sive] besid[es] 300l rec[eive]d of my lord saye £161 - 11s - 6d,"Goodwin, Arthur",Colonel,horse,,,,,
1646,V0928,Vernon,29v,1642-10-11,114 p[ai]d S[i]r Thomas Sannd[er]s for his troop as above of Collonel Goodwins reg[imen]t £161 - 11s - 6d,"Goodwin, Arthur",Colonel,horse,,,,,
1647,V0929,Vernon,29v,1642-10-11,45 p[ai]d Capt[ain] Thomas Tirrel of the same regim[en]t for his troop as above £161 - 11s - 6d,"Goodwin, Arthur",Colonel,horse,,,,,
1648,V0930,Vernon,29v,1642-10-11,61 p[ai]d S[i]r Sigismond Allexand[e]r sergeant major to that reg[imen]t for his troop as above £161 - 11s - 6d,"Goodwin, Arthur",Colonel,horse,,,,,
1649,V0931,Vernon,29v,1642-10-11,44 p[ai]d Capt[ain] Richard Greenvill for his troop in the said reg[imen]t as above £161 - 11s - 6d,"Goodwin, Arthur",Colonel,horse,,,,,
1650,V0932,Vernon,29v,1642-10-11,15 p[ai]d m[aste]r Edward Perkins Chaplaine to [th]e said regiment for furnishing himself w[i]th necessa[ries] £20 - 0s - 0d,"Goodwin, Arthur",Colonel,horse,,,,,
1651,V1025,Vernon,31v,1642-10-18,15 p[ai]d Collonel Arthur Goodwine for 1/2 a mo[nths] pay for his troope to begine the 15 [Octo]bre £174 - 13s - 0d,"Goodwin, Arthur",Colonel,horse,,,,,
1652,V1026,Vernon,31v,1642-10-18,45 p[ai]d Captaine Thomas Tyrrell in the reg[imen]t of Collonel Goodwine for 1/2 a mo[nths] pay for his troope to end the 29 present exclusive £174 - 13s - 0d,"Goodwin, Arthur",Colonel,horse,,,,,
1653,V1238,Vernon,36r,1642-11-11,15 p[ai]d Collonel Arthur Goodwine the like £174 - 13s - 0d,"Goodwin, Arthur",Colonel,horse,,,,,
1654,V1265,Vernon,36v,1642-11-11,15 p[ai]d Richard Thurston surgeon to Collonel Goodwines reg[imen]t for his & his mat[es] pay uppon acc[oun]tt £29 - -s - -d,"Goodwin, Arthur",Colonel,horse,,,,,
1655,V1279,Vernon,36v,1642-11-11,15 p[ai]d Collonel Arthur Goodwine for a whole mo[nths] pay for himself as collonel at 30s p[er] diem £42 - -s - -d,"Goodwin, Arthur",Colonel,horse,,,,,
1656,V1417,Vernon,39v,1642-11-28,61 p[ai]d S[i]r Sigismond Alexander [th]e like £174 - 13s - -d,"Goodwin, Arthur",Colonel,horse,,,,,
1657,V1418,Vernon,39v,1642-11-28,61 more for his pay for 119 dayes as sergeant major to Collonel Goodwins reg[imen]t at 12s p[er] diem ending [th]e 26 [Novem]bre £71 - 8s - -d,"Goodwin, Arthur",Colonel,horse,,,,,
1658,V1469,Vernon,40v,1642-12-03,15 Collonel Goodwin toward[es] the pay of his troope £174 - 13s - 0d,"Goodwin, Arthur",Colonel,horse,,,,,
1659,V1752,Vernon,46v,1642-12-06,15 p[ai]d Collonel Goodwine the dayes above for a fortnight[es] pay for his troope £174 - 13s - -d,"Goodwin, Arthur",Colonel,horse,,,,,
1660,V1634,Vernon,44r,1642-12-10,15 p[ai]d Richard Thurston surgeon to Collonel Goodwins Reg[imen]t of horse for his pay & advance to end the 24 day of december £25 - 4s - -d,"Goodwin, Arthur",Colonel,horse,,,,,
1661,V1737,Vernon,46r,1642-12-22,15 p[ai]d Collonel Goodwine the like £174 - 13s - -d,"Goodwin, Arthur",Colonel,horse,,,,,
1662,V1749,Vernon,46v,1642-12-22,15 p[ai]d m[aste]r Edward Perkins Chaplaine to Coll[onel] Goodwins Regi[men]t for his & his mans pay for 2 mo[nths] £24 - 5s - 4d,"Goodwin, Arthur",Colonel,horse,,,,,
1663,V1856,Vernon,48v,1643-01-06,15 p[ai]d Coll[onel] Arthur Goodwine the like for his troop £174 - 13s - -d,"Goodwin, Arthur",Colonel,horse,,,,,
1664,V1857,Vernon,48v,1643-01-06,more for a mo[nths] pay for himself as collonel uppon acc[oun]tt £42 - -s - -d,"Goodwin, Arthur",Colonel,horse,,,,,
1665,V1981,Vernon,51v,1643-01-23,15 p[ai]d Coll[onel] Goodwine for 1/2 a mo[nths] pay for his troope £174 - 13s - -d,"Goodwin, Arthur",Colonel,horse,,,,,
1666,V2034,Vernon,52v,1643-01-24,25 p[ai]d m[aste]r Edward Perkins Chaplaine of Coll[onel] Goodwins reg[imen]t for 2 mo[nths] pay for himself & servant uppon acc[oun]tt £24 - 1s - 4d,"Goodwin, Arthur",Colonel,horse,,,,,
1667,V2109,Vernon,54r,1643-03-02,15 p[ai]d Coll[onel] Goodwine the like £349 - 6s - 0d,"Goodwin, Arthur",Colonel,horse,,,,,
1668,V2122,Vernon,54v,1643-03-02,15 p[ai]d Richard Thurston surgeon to Coll[onel] Goodwins reg[imen]t for pay for himself 2 mat[es] and allowance of 3 bidet[es] at 12s p[er] diem for 9 week[es] begining [th]e 24 [Decem]bre & ending [th]e 24 Febr[uary] £37 - 16s - -d,"Goodwin, Arthur",Colonel,horse,,,,,
1669,V2320,Vernon,58v,1643-04-12,15 p[ai]d Coll[onel] Goodwine the like £174 - 13s - -d,"Goodwin, Arthur",Colonel,horse,,,,,
1670,V2332,Vernon,59r,1643-04-12,15 p[ai]d m[aste]r Edward Perkins chaplaine to Coll[onel] Goodwins regim[en]t for 2 mo[nths] pay for him & his servant uppon acc[oun]tt £24 - 5s - 4d,"Goodwin, Arthur",Colonel,horse,,,,,
1671,V2411,Vernon,60v,1643-04-13,15 p[ai]d Richard Thurston surgeon to Coll[onel] Goodwin for a whole mo[nths] pay beginning [th]e 25 Febru[ary] £16 - 16s - -d,"Goodwin, Arthur",Colonel,horse,,,,,
1672,V2534,Vernon,63r,1643-05-02,15 p[ai]d C[olone]ll Goodwin the like & 60 troop[er]s £59 - 10s - 0d,"Goodwin, Arthur",Colonel,horse,,,,,
1673,V2669,Vernon,65v,1643-05-26,15 p[ai]d Coll[onel] Goodwine for a mo[nths] pay for [th]e officers & 79 troop[er]s end[ing] [th]e 21 June £415 - 16s - -d,"Goodwin, Arthur",Colonel,horse,,,,,
1674,V2731,Vernon,67r,1643-06-20,15 p[ai]d Richard Thurston surgeon to Coll[onel] Goodwins reg[imen]t uppon his accompt ended 22 maye for himself mate & bidet[es] £35 - 16s - 0d,"Goodwin, Arthur",Colonel,horse,,,,,
1675,V2777,Vernon,68r,1643-06-21,15 p[ai]d m[aste]r Edward Perkins chaplaine of Coll[onel] Goodwins Regi[men]t in part of a warr[an]t of 57l [th]e 26 maye £30 - 0s - 0d,"Goodwin, Arthur",Colonel,horse,,,,,
1676,V2780,Vernon,68r,1643-06-21,106 p[ai]d major Gilbert Blare as late adjutant g[e]n[era]ll of horse & major of Coll[onel] Goodwins Regi[men]t uppon accompt £100 - 0s - 0d,"Goodwin, Arthur",Colonel,horse,,,,,
1677,V2808,Vernon,68v,1643-06-22,15 p[ai]d Coll[onel] Goodewine for his officers & 79 troop[er]s for 14 dayes end[ing] 5 July £207 - 18s - -d,"Goodwin, Arthur",Colonel,horse,,,,,
1678,V2809,Vernon,68v,1643-06-22,more for the pay of 15 troop[er]s from [th]e 1 June to the 15 Julie £65 - 12s - 6d,"Goodwin, Arthur",Colonel,horse,,,,,
1679,V2870,Vernon,70r,1643-07-12,15 p[ai]d Coll[onel] Goodwine for 14 dayes for his officers & 79 troop[er]s end[ing] 19 Julie £273 - 10s - 6d,"Goodwin, Arthur",Colonel,horse,,,,,
1680,V2873,Vernon,70r,1643-07-12,15 p[ai]d m[aste]r Edward Perkins Chaplain to Coll[onel] Goodwins Regi[men]t [th]e remainer of a warr[ant] of [th]e 26 maye £27 - 12s - 6d,"Goodwin, Arthur",Colonel,horse,,,,,
1681,V2942,Vernon,71v,1643-07-13,15 p[ai]d m[aste]r Thurston surgeon to Coll[onel] Goodwins Regi[men]t for 14 dayes pay for himself mates & Bidet[es] £8 - 8s - 0d,"Goodwin, Arthur",Colonel,horse,,,,,
1682,V3002,Vernon,72v,1643-08-16,15 p[ai]d Coll[onel] Goodwine the like for his troope £105 - 14s - -d,"Goodwin, Arthur",Colonel,horse,,,,,
1683,V3073,Vernon,74r,1643-08-18,15 p[ai]d Richard Thurston surgeon of late Coll[onel] Goodwins Regi[men]t for 14 days pay £8 - 8s - 0d,"Goodwin, Arthur",Colonel,horse,,,,,
1684,V3111,Vernon,74v,1643-08-22,15 p[ai]d daniel Lyell provost marshall of [th]e late reg[imen]t of Coll[onel] goodwin for & toward[es] the pay of himself and men uppon acc[oun]tt £30 - -s - -d,"Goodwin, Arthur",Colonel,horse,,,,,
1685,V3178,Vernon,75v,1643-08-25,15 p[ai]d Brice Semple lifft[enant] of late Coll[onel] Goodwins troope for 14 daies for that troop £184 - 4s - -d,"Goodwin, Arthur",Colonel,horse,,,,,
1686,V3224,Vernon,76v,1643-08-26,15 p[ai]d m[aste]r Edward Perkins Chaplaine of the late Regi[men]t of Coll[onel] Goodwine in part of 37.14 deu to him £16 - 0s - 0d,"Goodwin, Arthur",Colonel,horse,,,,,
1687,V0592,Vernon,21r,1642-09-06,89 p[ai]d Robert Goodwine for on mo[nths] pay of his compa[ny] of 64 sold[ier]s in my lord mandevill[es] regim[en]t from the 3 present £59 - 14s - 8d,"Goodwin, Robert",Captain,foot,,"Mandeville, Lord",,,
1688,V0456,Vernon,17v,1642-09-01,72 p[ai]d serg[ean]t major nathaneel Gorden for on mo[nths] pay of a troop of horse under Collonel Brownes reg[imen]t consistinge of 96 dragone[r]s begininge 25 Aug[us]t £201 - 12s - 0d,"Gordon, Nathaniel",Captain,dragoons,,"Browne, John, Colonel",,,
1689,V0132,Vernon,8v,1642-08-13,30 p[ai]d Collonell Grantham for a monthes entertainm[en]t of his regiment of 1200 foot £1244 - 16s - 0d,"Grantham, Thomas",Colonel,foot,,,,,
1690,V0537,Vernon,19v,1642-09-05,30 p[ai]d Collonel Grantham for 11 wagons £440 - 0s - 0d,"Grantham, Thomas",Colonel,foot,,,,,
1691,V0556,Vernon,20r,1642-09-05,30 p[ai]d Collonel Grantham for on mo[nths] pay of the officers of his regiment from [th]e 27 aug[us]t £542 - 16s - 0d,"Grantham, Thomas",Colonel,foot,,,,,
1692,V0635,Vernon,22r,1642-09-07,95 p[ai]d Captain Henry Blundell for on mo[nths] pay of his compa[ny] of 70 soldiers of S[i]r Thomas Grantham[es] regiment to begine from the first present £65 - 6s - 8d,"Grantham, Thomas",Colonel,foot,,,,,
1693,V0687,Vernon,23v,1642-09-09,14 p[ai]d m[aste]r James Nalton Chaplaine to Coll[onel] Grantham for his provision of necessaries 1/2 a mo[nths] pay for him self & a whole for his man £26 - 10s - 8d,"Grantham, Thomas",Colonel,foot,,,,,
1694,V1042,Vernon,32r,1642-10-19,14 p[ai]d Jams nalton Chaplaine of Collonel Granthams reg[imen]t £9 - 11s - 4d,"Grantham, Thomas",Colonel,foot,,,,,
1695,V1117,Vernon,33v,1642-10-28,30 p[ai]d Collonel Grantham for on week[es] pay for his leift[enan]t[es] & other inferior offic[er]s £50 - 8s - 0d,"Grantham, Thomas",Colonel,foot,,,,,
1696,V1256,Vernon,36r,1642-11-11,14 p[ai]d m[aste]r James nalton Chaplaine to Coll[onel] Grantham for a mo[nths] pay £12 - 2s - 8d,"Grantham, Thomas",Colonel,foot,,,,,
1697,V1331,Vernon,37v,1642-11-14,14 p[ai]d m[aste]r James nalton Chaplaine to Coll[onel] Grantham for 14 dayes pay ending [th]e 11 pres[en]t £6 - 1s - 4d,"Grantham, Thomas",Colonel,foot,,,,,
1698,V1375,Vernon,38v,1642-11-23,30 p[ai]d Collonel Grantham for 3 week[es] pay for [th]e officers of his reg[imen]t uppon acc[oun]tt £407 - 2s - -d,"Grantham, Thomas",Colonel,foot,,,,,
1699,V1392,Vernon,39r,1642-11-23,30 p[ai]d Collonel Grantham towards paye of [th]e officers of his Reg[imen]t by imprest £200 - -s - -d,"Grantham, Thomas",Colonel,foot,,,,,
1700,V2241,Vernon,57r,1643-03-09,165 p[ai]d Cap[tain] Thomas Rog[er]s capt[ain] of Foot latlie in [th]e Regi[men]t of C[olone]ll Grantham for pay due to himself and severall other officers uppon acc[oun]tt £50 - 0s - 0d,"Grantham, Thomas",Colonel,foot,,,,,
1701,V2546,Vernon,63r,1643-05-05,165 p[ai]d Capt[ain] Rogers late Cap[tain] of a foot compa[ny] in Coll[onel] Granthams Regi[men]t for and toward[es] his pay as captaine uppon accompt £20 - 0s - 0d,"Grantham, Thomas",Colonel,foot,,,,,
1702,V2689,Vernon,66r,1643-05-26,181 p[ai]d C[aptain] Richard Gibb[es] late Capt[ain] of a foot compa[ny] in the reg[imen]t of Coll[onel] Grantham for a mo[nths] pay as captaine uppon accompt £21 - -s - -d,"Grantham, Thomas",Colonel,foot,,,,,
1703,V3264,Vernon,77v,1643-08-29,165 p[ai]d Capt[ain] Thomas Rogers Capt[ain] of a foot compa[ny] under Coll[onel] Grantham for 14 dayes pay uppon accompt £10 - 10s - -d,"Grantham, Thomas",Colonel,foot,,,,,
1704,V2084,Vernon,53v,1643-02-27,p[ai]d Richard Greeneway & 3 others for spetiall service donn to the state £12 - -s - -d,"Greeneway, Richard",,,,,,,
1705,V3136,Vernon,75r,1643-08-24,196 p[ai]d Rob[er]t Greims lefft[enant] Coll[onel] of [th]e Regi[men]t wherof S[i]r w[illia]m Constable was Coll[onel] for 14 days pay for [th]e Regi[men]t £392 - 7s - -d,"Greims, Robert",Lt-Colonel,foot,,"Constable, William, Sir",,,
1706,V0213,Vernon,10v,1642-08-17,44 p[ai]d Capt[ain] Richard Greenvill for advance of one monthes pay for his troope £349 - 6s - 0d,"Grenville, Richard (sheriff of Bucks)",Captain,horse,,,,,
1707,V0295,Vernon,13r,1642-08-23,"44 p[ai]d Capt[ain] Richard Grenvile for mountinge of 3 corporall[es] 42 more 2 trumpett[es] 1 farrier & 1 sadler, 32 more for scarffs 30l £104 - 0s - 0d","Grenville, Richard (sheriff of Bucks)",Captain,horse,,,,,
1708,V0884,Vernon,28v,1642-10-08,44 p[ai]d Captaine Richard Greenvill for remaine of a mo[nths] pay for himself & officers uppon acc[oun]tt £49 - 6s - -d,"Grenville, Richard (sheriff of Bucks)",Captain,horse,,,,,
1709,V0931,Vernon,29v,1642-10-11,44 p[ai]d Capt[ain] Richard Greenvill for his troop in the said reg[imen]t as above £161 - 11s - 6d,"Grenville, Richard (sheriff of Bucks)",Captain,horse,,"Goodwin, Arthur",,,
1710,V1072,Vernon,32v,1642-10-27,44 p[ai]d Capt[ain] Richard Greenvill for on 1/2 mo[nths] pay for his troop to end the 29 [Octo]bre £174 - 13s - 0d,"Grenville, Richard (sheriff of Bucks)",Captain,horse,,,,,
1711,V1236,Vernon,36r,1642-11-11,44 p[ai]d Captaine Richard Green[^vill^] the like £174 - 13s - 0d,"Grenville, Richard (sheriff of Bucks)",Captain,horse,,,,,
1712,V1517,Vernon,41v,1642-12-03,44 p[ai]d Richard Greenvill for 1/2 a mo[nths] pay for his troope £174 - 13s - -d,"Grenville, Richard (sheriff of Bucks)",Captain,horse,,,,,
1713,V1759,Vernon,46v,1642-12-26,44 p[ai]d Capt[ain] Richard Greenvile [th]e like £174 - 13s - -d,"Grenville, Richard (sheriff of Bucks)",Captain,horse,,,,,
1714,V1853,Vernon,48v,1643-01-06,44 p[ai]d C[aptain] Richard Greenvill the like £174 - 13s - -d,"Grenville, Richard (sheriff of Bucks)",Captain,horse,,,,,
1715,V1989,Vernon,51v,1643-01-23,44 p[ai]d Capt[ain] Ric[hard] Greenvill for 1/2 a mo[nths] pay for his troop uppon acc[oun]tt £174 - 13s - -d,"Grenville, Richard (sheriff of Bucks)",Captain,horse,,,,,
1716,V2108,Vernon,54r,1643-03-02,44 p[ai]d Capt[ain] Richard Greenvill for a mo[nths] pay for his troope uppon accompt £349 - 6s - 0d,"Grenville, Richard (sheriff of Bucks)",Captain,horse,,,,,
1717,V2308,Vernon,58v,1643-04-12,44 p[ai]d Captaine Greenvile the like £174 - 13s - -d,"Grenville, Richard (sheriff of Bucks)",Captain,horse,,,,,
1718,V2493,Vernon,62r,1643-04-29,44 p[ai]d C[aptain] Greenvill [th]e like & for 55 troop[er]s £54 - 1s - 6d,"Grenville, Richard (sheriff of Bucks)",Captain,horse,,,,,
1719,V2601,Vernon,64r,1643-05-25,44 p[ai]d C[aptain] Richard Greenvill the like for his officers and 62 troop[er]s end[ing] 9 June £352 - 2s - -d,"Grenville, Richard (sheriff of Bucks)",Captain,horse,,,,,
1720,V2766,Vernon,67v,1643-06-21,44 p[ai]d C[aptain] Richard Greenvill [th]e like & 62 troop[er]s end[ing] 23 June £176 - 1s - -d,"Grenville, Richard (sheriff of Bucks)",Captain,horse,,,,,
1721,V2855,Vernon,69v,1643-07-12,44 p[ai]d Capt[ain] Richard Greenvill for 14 days for his officers & 62 troop[er]s end[ing] [th]e 7 pres[en]t £176 - 1s - -d,"Grenville, Richard (sheriff of Bucks)",Captain,horse,,,,,
1722,V3063,Vernon,73v,1643-08-18,44 p[ai]d Richard Greenvill for 7 days pay for his troop £82 - 19s - -d,"Grenville, Richard (sheriff of Bucks)",Captain,horse,,,,,
1723,V3272,Vernon,77v,1643-08-29,44 p[ai]d C[aptain] Richard Greenvill for 14 dayes pay for his troop £165 - 18s - -d,"Grenville, Richard (sheriff of Bucks)",Captain,horse,,,,,
1724,V3340,Vernon,78v,1643-10-14,44 p[ai]d C[aptain] Rich[ard] Greenvill for his troop £165 - 18s - 0d,"Grenville, Richard (sheriff of Bucks)",Captain,horse,,,,,
1725,V3535,Vernon,81r,1643-12-01,44 p[ai]d C[aptain] Rich[ard] Greenvill for 14 days for his troop the rest being p[ai]d by C[olone]ll Aldrich £30 - 18s - 0d,"Grenville, Richard (sheriff of Bucks)",Captain,horse,,,,,
1726,V1295,Vernon,37r,1642-11-12,p[ai]d Richard Grevill quartermaster to the said reg[imen]t £3 - 10s - -d,"Grevill, Richard, QM",Quartermaster,dragoons,,"Middleton, John",,,
1727,V1402,Vernon,39r,1642-11-24,125 p[ai]d Richard Grevill quarter m[aste]r of that reg[imen]t for his pay for 14 days at 5s p[er] diem from [th]e 10 present £3 - 10s - -d,"Grevill, Richard, QM",Quartermaster,dragoons,,"Middleton, John",,,
1728,V1591,Vernon,43r,1642-12-05,125 p[ai]d w[illia]m Bickerton wagon m[aste]r to Coll[onel] midletons Reg[imen]t & Richard Grevill q[uar]ter m[aste]r to the said Reg[imen]t for 14 days pay endinge the 14 [Decem]bre £5 - 12s - -d,"Grevill, Richard, QM",Quartermaster,dragoons,,"Middleton, John",,,
1729,V1701,Vernon,45v,1642-12-19,125 p[ai]d Richard Grevill quarter m[aste]r as above £3 - 10s - -d,"Grevill, Richard, QM",Quartermaster,dragoons,,"Middleton, John",,,
1730,V0023,Vernon,5v,1642-08-08,9 p[ai]d my lord Grey of Grooby for the advance of on half monthes pay of a troop of horse of 60 harquebusiers Clxxii l xviii s £172 - 18s - 0d,"Grey of Groby, Lord",Captain,horse,,,,,
1731,V0094,Vernon,7v,1642-08-11,9 p[ai]d my lord Greye for mountinge of 3 corporalls £42 - 0s - 0d,"Grey of Groby, Lord",Captain,horse,,,,,
1732,V0095,Vernon,7v,1642-08-11,9 more for what was dew to him and his officers from the 15th of Julie Inclusive to the 6th of Aug[us]tt exclusive beinge 21 dayes £104 - 9s - 0d,"Grey of Groby, Lord",Captain,horse,,,,,
1733,V0174,Vernon,9v,1642-08-16,9 p[ai]d my lord Grey [^of groby^] for the advance of 1/2 a monthes pay of his troope by imprest £174 - 13s - 0d,"Grey of Groby, Lord",Captain,horse,,,,,
1734,V0175,Vernon,9v,1642-08-16,more for scarff[es] £30 - 0s - 0d,"Grey of Groby, Lord",Captain,horse,,,,,
1735,V2057,Vernon,53r,1642-09-05,9 p[ai]d the lord Gray the like £200 - -s - -d,"Grey of Groby, Lord",,,,,,,
1736,V0739,Vernon,25r,1642-09-27,9 p[ai]d my lord Gray for pay of his officers & troope to the last [Septem]bre 191l.12d & also for on 1/2 mo[nths] pay for his troop to begin the 1 [Octo]bre 174.13. in all £365 - 14s - -d,"Grey of Groby, Lord",Captain,horse,,,,,
1737,V1004,Vernon,31r,1642-10-18,9 p[ai]d my lord Gray for 1/2 mo[nths] pay for his troop ending 28 [Octo]bre £174 - 13s - 0d,"Grey of Groby, Lord",Captain,horse,,,,,
1738,V1122,Vernon,33v,1642-10-29,9 p[ai]d my lord Gray for a week[es] pay for his troope £87 - 3s - 4d,"Grey of Groby, Lord",Captain,horse,,,,,
1739,V1237,Vernon,36r,1642-11-11,9 p[ai]d the Lord Grey the like for his troop £174 - 13s - 0d,"Grey of Groby, Lord",Captain,horse,,,,,
1740,V1531,Vernon,42r,1642-12-05,9 p[ai]d the lord Gray for 1/2 a mo[nths] pay for his [^troop^] £174 - 13s - -d,"Grey of Groby, Lord",Captain,horse,,,,,
1741,V1734,Vernon,46r,1642-12-22,9 p[ai]d my lord Grey the like £174 - 13s - -d,"Grey of Groby, Lord",Captain,horse,,,,,
1742,V3434,Vernon,79v,1643-10-27,9 p[ai]d the lord Gray of Groubby [th]e 20 october for 14 days pay for his troop £227 - 12s - -d,"Grey of Groby, Lord",Captain,horse,,,,,
1743,V3435,Vernon,79v,1643-10-27,209 p[ai]d Ca[ptain] Georg meldrom in my lord Grays Regi[men]t for his troop £157 - 3s - -d,"Grey of Groby, Lord",Colonel,horse,,,,,
1744,V3495,Vernon,80v,1643-11-29,9 p[ai]d [th]e lord Graye of Grooby for paye of his Regi[men]t of horse uppon accompt £500 - 0s - 0d,"Grey of Groby, Lord",Colonel,horse,,,,,
1745,V2778,Vernon,68r,1643-06-21,185 p[ai]d Henry stevans leifft[enant] of my lord Grey of warks troope uppon acc[oun]tt £100 - 0s - 0d,"Grey of Warke, Lord",Captain,horse,,,,,
1746,V3033,Vernon,73r,1643-08-16,189 p[ai]d Henry stevans for 7 days pay for my lord Gray of wark[es] troope £46 - 11s - -d,"Grey of Warke, Lord",Captain,horse,,,,,
1747,V0358,Vernon,14v,1642-08-26,62 p[ai]d Capt[ain] Edward Gray of the Earle of Stamford[es] regim[en]t for on mo[nths] pay of his compa[ny] of 74 sold[ier]s beginning 20 Aug[us]t £69 - 1s - 4d,"Grey, Edward",Captain,foot,,"Stamford, Earl of",,,
1748,V0593,Vernon,21r,1642-09-06,62 p[ai]d Capt[ain] Gray for 1 mo[nths] pay of his compa[ny] of 70 sol[diers] in S[i]r w[illia]m Constables reg[imen]t from the 29 aug[us]t £65 - 6s - 8d,"Grey, James",Captain,foot,,"Constable, William, Sir",,,
1749,V2997,Vernon,72v,1643-08-16,46 p[ai]d C[aptain] James Grey for 7 days pay for [th]e Regi[men]t late S[i]r w[illia]m Constables £198 - 19s - 6d,"Grey, James",Captain,foot,,"Constable, William, Sir",,,
1750,F0233,Fenton,100v,1643-08-10,p[ai]d Major Gray £50 - 0s - 0d,"Grey, Major",Major,,,,,,
1751,V2729,Vernon,67r,1643-06-20,62 p[ai]d liefft[enant] w[illia]m Covell toward[es] payment of the officers & troop[er]s of Ca[ptain] Greys troop uppon acc[oun]tt £200 - 0s - 0d,"Grey, William",Captain,horse,,,,,
1752,V3046,Vernon,73v,1643-08-17,193 p[ai]d C[aptain] w[illia]m Gray the like £83 - 13s - -d,"Grey, William",Captain,horse,,,,,
1753,V3154,Vernon,75v,1643-08-25,193 p[ai]d C[aptain] w[illia]m Greys the like for his troope £126 - 7s - -d,"Grey, William",Captain,horse,,,,,
1754,V0494,Vernon,18v,1642-09-03,79 p[ai]d marke Grime Captaine of a foot compa[ny] in my Lord Robert[es] reg[imen]t of 70 soldiers from the 29 Aug[us]t for 1 mo[nths] pay £65 - 6s - 8d,"Grimes, Mark",Captain,foot,,"Robartes, Lord",,,
1755,V0905,Vernon,29r,1642-10-11,79 p[ai]d Captaine Marke Grimes for arrears of his compa[ny] of 67 sold[ier]s of my lord Robert[es] Reg[imen]t & alsoe for on mo[nths] pay to end [th]e 28 pres[en]t £73 - 14s - 0d,"Grimes, Mark",Captain,foot,,"Robartes, Lord",,,
1756,V1647,Vernon,44r,1642-12-10,79 p[ai]d C[aptain] marke Grimes the like £86 - 15s - 4d,"Grimes, Mark",Captain,foot,,"Robartes, Lord",,,
1757,V1829,Vernon,48r,1643-01-09,79 p[ai]d C[aptain] marke Grime for his compa[ny] in this Regi[men]t £17 - 14s - 8d,"Grimes, Mark",Captain,foot,,"Robartes, Lord",,,
1758,V2131,Vernon,54v,1643-03-02,174 p[ai]d C[aptain] w[illia]m Gualter for paym[en]t of his office[r]s and sold[ier]s in the same reg[imen]t as by [th]e warr[an]t £86 - 4s - 8d,"Gualter, William",Captain,foot,,"Peterborough, Earl of",,,
1759,V0028,Vernon,5v,1642-08-08,11 p[ai]d Captaine John Gunter by 2 warr[anttes] one of the 6 & the other of the 8 present for advance of a monthes pay for a troope of 60 harquebusiers £345 - 16s - 0d,"Gunter, John",Captain,horse,,,,,
1760,V0052,Vernon,6v,1642-08-10,11 p[ai]d Captaine John Gunter for [th]e pay of himse[lf] and his officers from the 15 Julie Inclusive to the 6th of Aug[us]t exclusive being 21 dayes £104 - 9s - 6d,"Gunter, John",Captain,horse,,,,,
1761,V0053,Vernon,6v,1642-08-10,11 more p[ai]d him the some of tenn pound[es] for the sadler and farrier to be defalked of ther pay at 5s the weeke £10 - 0s - 0d,"Gunter, John",Captain,horse,,,,,
1762,V0054,Vernon,6v,1642-08-10,11 more p[ai]d him 26l for the pay of his troope from the 2 of Aug[us]t to the 6th beinge 4 dayes £26 - 0s - 0d,"Gunter, John",Captain,horse,,,,,
1763,V0163,Vernon,9v,1642-08-15,11 p[ai]d Capt[ain] John Gunter for scarfes for his troop £30 - 0s,"Gunter, John",Captain,horse,,,,,
1764,V0728,Vernon,24v,1642-09-26,11 p[ai]d serjant major Gunter for soe much dew to himself officers & troope of harquebusiers to the first of [Octo]bre next wherof 200l was paid [th]e 5 [Septem]bre at northampton & 152.18. hear at worcester £352 - 18s - -d,"Gunter, John",Major,horse,,,,,
1765,V0730,Vernon,24v,1642-09-26,11 p[ai]d serjant major Gunter as major of the gen[era]ll[es] reg[imen]t of horse for his for his pay from the 15 Aug[us]t inclusive to the first [Octo]bre exclusive beinge 47 dayes £28 - 4s - 0d,"Gunter, John",Major,horse,,"Essex, Earl of",,,
1766,V0873,Vernon,28r,1642-10-07,11 p[ai]d Sergeant Major Gunter for on whole monthes pay for his troope to begine [th]e 1 [Octo]bre £349 - 6s - 0d,"Gunter, John",Major,horse,,,,,
1767,V1166,Vernon,34v,1642-11-08,11 p[ai]d serjant major Gunter for 1/2 a mo[nths] pay for his troop & officers £174 - 13s - -d,"Gunter, John",Major,horse,,,,,
1768,V1302,Vernon,37r,1642-11-12,11 p[ai]d sergeant major Gunter for 1/2 a mo[nths] pay of his troope £174 - 10s - -d,"Gunter, John",Major,horse,,,,,
1769,V1303,Vernon,37r,1642-11-12,11 more for on whole month for himself as sergeant major to begine 29 [Octo]bre £16 - 16s - -d,"Gunter, John",Major,horse,,,,,
1770,V1538,Vernon,42r,1642-12-05,11 p[ai]d sergeant major Gunter for 1/2 a mo[nths] pay £174 - 13s,"Gunter, John",Major,horse,,,,,
1771,V1539,Vernon,42r,1642-12-05,more for his pay as sergeant major to the 26 [Novem]bre £16 - 16s - 0d,"Gunter, John",Major,horse,,,,,
1772,V1723,Vernon,46r,1642-12-21,11 p[ai]d Sergeant major gunter for 1/2 a mo[nths] pay for his troop uppon acc[oun]t £174 - 13s - -d,"Gunter, John",Major,horse,,,,,
1773,V1789,Vernon,47r,1642-12-26,11 p[ai]d sergeant major Gunter to buy 2 great sadles & furniture £5 - -s,"Gunter, John",Major,horse,,,,,
1774,V1860,Vernon,48v,1643-01-06,11 p[ai]d sergeant major Gunter for 1/2 a mo[nths] pay for his troop uppon acc[oun]tt £174 - 13s - -d,"Gunter, John",Major,horse,,,,,
1775,V2005,Vernon,52r,1643-01-24,11 p[ai]d Major Gunter for 1/2 a mo[nths] pay for his troope uppon acc[oun]tt £174 - 13s - 0d,"Gunter, John",Major,horse,,,,,
1776,V2152,Vernon,55r,1643-03-03,11 p[ai]d major Gunter in part of a warr[an]t of 349.6. for a mo[nths] pay for his troop £300 - -s - -d,"Gunter, John",Major,horse,,,,,
1777,V2293,Vernon,58r,1643-04-10,11 p[ai]d major Gunter for 1/2 a mo[nths] pay for his troop uppon acc[oun]tt £209 - 13s - -d,"Gunter, John",Major,horse,,,,,
1778,V2512,Vernon,62v,1643-04-29,11 p[ai]d major Gunter the like £77 - 0s - 0d,"Gunter, John",Major,horse,,,,,
1779,V2627,Vernon,64v,1643-05-25,11 p[ai]d major Gunter for a mo[nths] pay for [th]e officers & 80 troop[er]s of his troope end[ing] 18 June £419 - 6s - 0d,"Gunter, John",Major,horse,,,,,
1780,V2709,Vernon,66v,1643-06-21,11 p[ai]d major Gunter for 1/2 a mo[nths] pay for himself officers & 80 troop[er]s ending 2 Julie £209 - 13s - 0d,"Gunter, John",Major,horse,,,,,
1781,V2847,Vernon,69v,1643-07-12,18 p[ai]d Capt[ain] Thomas sheffeild Capt[ain] of that troope w[hi]ch belongd to major Gunter for 14 dayes pay for [th]e officers & 80 troop[er]s end[ing] 16 Julie £209 - 13s - -d,"Gunter, John",Major,horse,,,,,
1782,V3265,Vernon,77v,1643-08-29,11 p[ai]d Robert law a Troop[er] under major Gunter in part of a warr[an]t of 11.17.6. of [th]e 27 Aug[us]t £5 - 0s - 0d,"Gunter, John",Captain,horse,,,,,
1783,V3385,Vernon,79r,1643-10-16,11 p[ai]d Robert law a troop[er] under major Gunter for remainer of a war[ran]t of the 27 Aug[us]t £6 - 17s - 6d,"Gunter, John",Captain,horse,,,,,
1784,F0129,Fenton,98v,1643-07-15,p[ai]d Cornet Archbald Haldan £9 - 9s - 0d,"Haldan, Archibald",Cornet,,,,,,
1785,V0115,Vernon,8r,1642-08-12,27 p[ai]d Captaine John hall for the mountinge of himself & officers £280 - 0s - 0d,"Hale, John",Captain,horse,,,,,
1786,V0263,Vernon,12r,1642-08-20,27 p[ai]d Capt[ain] John hall capt[ain] of a troop of horse for advance of on monthes pay for himself and officers £349 - 6s - 0d,"Hale, John",Captain,horse,,,,,
1787,V0264,Vernon,12r,1642-08-20,more for mountinge 3 corporall[es] 42 & 2 trumpeters a farier and a sadler 32 £74 - 0s - 0d,"Hale, John",Captain,horse,,,,,
1788,V0265,Vernon,12r,1642-08-20,more for scarff[es] £30 - 0s - 0d,"Hale, John",Captain,horse,,,,,
1789,V0404,Vernon,16r,1642-08-30,27 p[ai]d Capt[ain] John Hall Capt[ain] of a troop of 60 harqueb[usiers] for on mo[nths] pay to begin from the 27 Aug[us]t £349 - 6s - 0d,"Hale, John",Captain,horse,,,,,
1790,V0749,Vernon,25r,1642-09-27,83 p[ai]d Capt[ain] Hall the like for severall arreers & 1/2 mo[nths] pay for his troope beginning 1 [Octo]bre £261 - 19s - 0d,"Hale, John",Captain,horse,,,,,
1791,V0891,Vernon,28v,1642-10-10,77 p[ai]d Captaine John Hall for 1/2 a mo[nths] pay for his troop to end the 28 [Octo]bre £174 - 13s - -d,"Hale, John",Captain,horse,,,,,
1792,V1076,Vernon,32v,1642-10-27,27 p[ai]d Capt[ain] John Hall the like £174 - 13s - -d,"Hale, John",Captain,horse,,,,,
1793,V1251,Vernon,36r,1642-11-11,27 p[ai]d Captaine John Halle the like £174 - 13s - -d,"Hale, John",Captain,horse,,,,,
1794,V1676,Vernon,45r,1642-12-19,27 p[ai]d Capt[ain] John Hale for 1/2 a mo[nths] pay for his troop uppon acc[oun]tt £174 - 13s - 0d,"Hale, John",Captain,horse,,,,,
1795,V1855,Vernon,48v,1643-01-06,27 p[ai]d C[aptain] John Hale for 1/2 a mo[nths] pay £174 - 13s - -d,"Hale, John",Captain,horse,,,,,
1796,V1949,Vernon,50v,1643-01-26,27 p[ai]d C[aptain] John Hale the like £349 - 6s - -d,"Hale, John",Captain,horse,,,,,
1797,V2175,Vernon,55v,1643-03-07,27 p[ai]d Captaine John Halle in p[ar]t of a mo[nths] pay of his trope £150 - 0s - 0d,"Hale, John",Captain,horse,,,,,
1798,V2416,Vernon,60v,1643-04-13,27 p[ai]d C[aptain] J[ohn] Hale for 1/2 a mo[nths] pay for his troop uppon acc[oun]t £174 - 13s - -d,"Hale, John",Captain,horse,,,,,
1799,V2481,Vernon,62r,1643-04-29,27 p[ai]d Ca[ptain] Jo[hn] Hale for his und[e]r officers & 58 men £57 - 15s - 0d,"Hale, John",Captain,horse,,,,,
1800,V2589,Vernon,64r,1643-05-24,27 p[ai]d Capt[ain] Jo[hn] Hale [th]e like for officers & 52 troop[er]s ending 12 June £321 - 6s - 0d,"Hale, John",Captain,horse,,,,,
1801,V2714,Vernon,66v,1643-06-21,27 p[ai]d Ca[ptain] John Hale the like & for 53 troop[er]s end[ing] 26 pres[en]t £160 - 13s - -d,"Hale, John",Captain,horse,,,,,
1802,V2849,Vernon,69v,1643-07-12,27 p[ai]d Capt[ain] Hale for 14 dayes pay for his troop being 55 besid[es] officers end[ing] 10 July £160 - 8s - 0d,"Hale, John",Captain,horse,,,,,
1803,V3004,Vernon,72v,1643-08-16,27 p[ai]d C[aptain] John Hale for 7 dayes for his troop £80 - 6s - 0d,"Hale, John",Captain,horse,,,,,
1804,V3072,Vernon,74r,1643-08-18,27 p[ai]d Cheyny fuller late prisoner in oxford for who was leifft[enant] of Cap[tain] Hailes troop for a mo[nths] pay uppon accompt of the arrears £25 - 4s - 0d,"Hale, John",Captain,horse,,,,,
1805,V3165,Vernon,75v,1643-08-25,27 p[ai]d C[aptain] Jo[hn] Hale [th]e like for his troop £160 - 13s - -d,"Hale, John",Captain,horse,,,,,
1806,V3315,Vernon,78r,1643-10-14,27 p[ai]d C[aptain] Jo[hn] Hale for his troope £137 - 18s - 0d,"Hale, John",Captain,horse,,,,,
1807,V3527,Vernon,81r,1643-12-01,27 p[ai]d C[aptain] Hales troop the like £112 - 14s - 0d,"Hale, John",Captain,horse,,,,,
1808,V3810,Vernon,84v,1644-02-13,27 p[ai]d Ca[ptain] Hales the like £114 - 16s - -d,"Hale, John",Captain,horse,,,,,
1809,V0721,Vernon,24v,1642-09-19,22 p[ai]d to John Hallford deputy leifft[enant] to leifftenn[an]t g[enera]ll de Boys for the paym[en]t of wagons gunners & matrosses uppon accompt this monie was p[ai]d the 12 present £100 - 0s - 0d,"Halford, John",Deputy,artillery,,,,,
1810,F0035,Fenton,97r,1643-06-05,p[ai]d Major Nicholas Hallford £100 - 0s - 0d,"Halford, Nicholas",Major,,,,,,
1811,V1724,Vernon,46r,1642-12-21,p[ai]d w[illia]m Hallford for soe much by him disbursed for cariage of severall sort[es] of Ammunition from Kinton feild to warwicke & other places for the use of the Army £15 - 2s - 6d,"Halford, William",,,,,,,
1812,V0534,Vernon,19v,1642-09-05,83 p[ai]d Capt[ain] Fra[ncis] Hall for on mo[nths] pay of his companie of 48 sold[ier]s in Coll[onel] Essex regiment £44 - 16s - 0d,"Hall, Francis",Captain,foot,,"Essex, Charles",,,
1813,V3898,Vernon,85r,1644-03-05,176 p[ai]d Ca[ptain] James Charlot & owen Hal cornet refor[mados] £15 - 0s - 0d,"Hall, Owen",Cornet,,,,,reformado,
1814,V2422,Vernon,61r,1643-04-13,p[ai]d Jo[hn] Hall[es] & Richard webster imployed in the service of the state uppon acc[oun]tt £20 - 0s - 0d,"Halls, John",,,,,,,
1815,F0145,Fenton,99r,1643-07-17,p[ai]d James Hallsall Cornet £48 - 2s - 6d,"Hallsall, James",Cornet,,,,,,
1816,F0304,Fenton,101v,1643-09-11,p[ai]d Major Rob[er]te Hamilton £35 - 14s - 0d,"Hamilton, Robert",Major,,,,,,
1817,V3429,Vernon,79v,1643-10-25,208 p[ai]d m[ajo]r Robert Hamilton for his pay as major of the g[e]n[era]l[es] own Regi[men]t & Capt[ain] of a troop hors £35 - 14s - -d,"Hamilton, Robert",Major,horse,,"Essex, Earl of",,,
1818,V3545,Vernon,81r,1643-12-01,208 p[ai]d major Hamiltons troop the like £165 - 4s - 0d,"Hamilton, Robert",Major,horse,,,,,
1819,V3786,Vernon,84r,1644-02-13,203 p[ai]d Major Hamilton for 14 dais for his troop £172 - 11s - -d,"Hamilton, Robert",Major,horse,,,,,
1820,V0180,Vernon,10r,1642-08-16,41 p[ai]d Capt[ain] John Hamond for advance of on monthes pay for his troope of 60 harqueb[usiers] £349 - 6s - 0d,"Hammond, John",Captain,horse,,,,,
1821,V0181,Vernon,10r,1642-08-16,more for scarff[es] £30 - 0s - 0d,"Hammond, John",Captain,horse,,,,,
1822,V0224,Vernon,11r,1642-08-18,41 p[ai]d Capt[ain] John Hamond for mountinge 3 corporall[es] 42 more 32 for mountinge 2 trumpeters 1 sadler & on farrier £74 - 0s - 0d,"Hammond, John",Captain,horse,,,,,
1823,V0909,Vernon,29r,1642-09-30,41 p[ai]d Capt[ain] John Hamond Captaine of a troope of harquebusiers for himself officers and sold[ier]s to begine from the first [Octo]bre - this was paid the 30 [Septem]bre £329 - 8s - 0d,"Hammond, John",Captain,horse,,,,,
1824,V1078,Vernon,32v,1642-10-27,41 p[ai]d Capt[ain] John Hamond the like £174 - 13s - -d,"Hammond, John",Captain,horse,,,,,
1825,V1188,Vernon,35r,1642-11-09,41 p[ai]d Isaac Cavalier Cornet to Captaine John Hammond for paym[en]t of the troop upon accompt £60 - -s - -d,"Hammond, John",Captain,horse,,,,,
1826,V1432,Vernon,40r,1642-11-23,41 p[ai]d Captaine John Hamon for 1/2 a mo[nths] pay for [th]e officers and soldiers of his troop £174 - 13s - -d,"Hammond, John",Captain,horse,,,,,
1827,V1530,Vernon,42r,1642-12-05,41 p[ai]d C[aptain] John Hamond for 1/2 a mo[nths] pay for his [^troop^] £174 - 13s - -d,"Hammond, John",Captain,horse,,,,,
1828,V1847,Vernon,48v,1643-01-06,41 p[ai]d C[aptain] John Hammond toward[es] the Remainder of his troope uppon accompt £50 - 0s - 0d,"Hammond, John",Captain,horse,,,,,
1829,V2246,Vernon,57r,1643-03-10,41 p[ai]d Capt[ain] Rob[er]t Hammon beinge soe much due to C[aptain] J[oh]n Hammon late capt[ain] of a troope of horse deceased £54 - 0s - 0d,"Hammond, John",Captain,horse,,,,deceased,
1830,V2468,Vernon,61v,1643-04-28,41 p[ai]d leifft[enant] Bruce late leifft[enant] to Capt[ain] Jo[hn] Hammond for his pay for 6 week[es] ending 23 Janu[ary] £48 - 6s - 0d,"Hammond, John",Captain,horse,,,,,
1831,V3783,Vernon,84r,1644-02-13,41 p[ai]d C[aptain] Hamon the like £148 - 15s - 0d,"Hammond, John",Captain,horse,,,,,
1832,V2246,Vernon,57r,1643-03-10,41 p[ai]d Capt[ain] Rob[er]t Hammon beinge soe much due to C[aptain] J[oh]n Hammon late capt[ain] of a troope of horse deceased £54 - 0s - 0d,"Hammond, Robert",Captain,,,,,,
1833,V2671,Vernon,65v,1643-05-26,180 p[ai]d Capt[ain] Robert Hamond for increase of pay for [th]e last 1/2 month beinge allowed as Capt[ain] of Cuirassiers £11 - 18s - -d,"Hammond, Robert",Captain,horse,cuirassiers,,,,
1834,V3432,Vernon,79v,1643-10-27,180 p[ai]d Rob[er]t Hamon Ca[ptain] of my lord[es] leiff guard being soe much undercast in his last pay £8 - 8s - 0d,"Hammond, Robert",Captain,horse,cuirassiers,,,,
1835,V0376,Vernon,15r,1642-08-27,63 p[ai]d Capt[ain] Thomas Hamond for advance of on mo[nths] pay for himself officers & troope of 60 harqueb[usiers] by way of imprest £349 - 6s - 0d,"Hammond, Thomas",Captain,horse,,,,,
1836,V0377,Vernon,15r,1642-08-27,more for mountinge 3 corporall[es] 42 more 2 trumpeters & 1 farrier & sadler 32. more for scarff[es] 30. £104 - 0s - 0d,"Hammond, Thomas",Captain,horse,,,,,
1837,V0447,Vernon,17r,1642-09-01,63 p[ai]d Capt[ain] [^Thomas Hamond^] for provision of great saddles & bitt[es] for his trop £150 - 0s - 0d,"Hammond, Thomas",Captain,horse,,,,,
1838,V0995,Vernon,31r,1642-10-17,63 p[ai]d Captaine [^Thomas Hamond^] for [^24 days^] pay endinge the 28 [Octo]bre of his troope £299 - 8s,"Hammond, Thomas",Captain,horse,,,,,
1839,V1235,Vernon,36r,1642-11-11,63 p[ai]d Captaine Thomas Hamond the like £174 - 13s - 0d,"Hammond, Thomas",Captain,horse,,,,,
1840,V1398,Vernon,39r,1642-11-24,63 p[ai]d Captain Thomas Hamond [th]e 23 pres[en]t the like for sadles & bitt[es] £75 - 0s - 0d,"Hammond, Thomas",Captain,horse,,,,,
1841,V1399,Vernon,39r,1642-11-24,more for guift monie for 18 of his troop that appeard in Chelsey feild[es] £4 - 10s - -d,"Hammond, Thomas",Captain,horse,,,,,
1842,V1606,Vernon,43v,1642-12-09,63 p[ai]d Capt[ain] Thomas Hamond for 1/2 a mo[nths] pay for his troop uppon accompt £174 - 13s - -d,"Hammond, Thomas",Captain,horse,,,,,
1843,V1780,Vernon,47r,1642-12-26,63 p[ai]d Capt[ain] Thomas Hamond for severall payes for his officers and troop as by [th]e warr[an]tt £137 - 3s - -d,"Hammond, Thomas",Captain,horse,,,,,
1844,V1846,Vernon,48v,1643-01-06,63 p[ai]d Capt[ain] Thomas Hamond for his troop uppon acc[oun]tt £100 - 0s - 0d,"Hammond, Thomas",Captain,horse,,,,,
1845,V1991,Vernon,51v,1643-01-23,63 p[ai]d Capt[ain] Thomas Hamond toward[es] paym[en]t of his troop uppon accompt £200 - -s - -d,"Hammond, Thomas",Captain,horse,,,,,
1846,V2186,Vernon,56r,1643-03-07,63 p[ai]d Capt[ain] Thomas Hamond in part of a warr[ant] of 300l for his troope £150 - 0s - 0d,"Hammond, Thomas",Captain,horse,,,,,
1847,V2289,Vernon,58r,1643-04-10,63 p[ai]d Capt[ain] Thomas Hamon for 1/2 a mo[nths] pay for his troop uppon accompt £174 - 13s - -d,"Hammond, Thomas",Captain,horse,,,,,
1848,V2290,Vernon,58r,1643-04-10,more for 1/2 a mo[nths] pay for the officers and sold[ier]s of the troop late in major prettyes Command £107 - 16s,"Hammond, Thomas",Captain,horse,,,,,
1849,V2480,Vernon,62r,1643-04-29,63 p[ai]d C[aptain] Thomas Hamond the like for his troope £123 - 4s - 0d,"Hammond, Thomas",Captain,horse,,,,,
1850,V2569,Vernon,63v,1643-05-24,63 p[ai]d C[aptain] Thomas Hamon for a mo[nths] pay for him self officers & 88 troop[er]s [th]e mo[nth] ending [th]e 11 June £447 - 6s - -d,"Hammond, Thomas",Captain,horse,,,,,
1851,V2570,Vernon,63v,1643-05-24,63 more p[ai]d him for certaine officers of S[i]r John noriches troop and major prettyes troop now riding in his troop for a mo[nths] pay ending 11 June £60 - 4s - -d,"Hammond, Thomas",Captain,horse,,,,,
1852,V2712,Vernon,66v,1643-06-21,63 224 p[ai]d C[aptain] Thomas Hamon the like & for 88 troop[er]s end[ing] 25 June £214 - 18s - 0d,"Hammond, Thomas",Captain,horse,,,,,
1853,V2880,Vernon,70r,1643-07-12,63 p[ai]d Capt[ain] Thomas Hammond for 14 dayes for his officers & 88 troop[er]s end[ing] 9 Julie £223 - 13s - 0d,"Hammond, Thomas",Captain,horse,,,,,
1854,V3038,Vernon,73v,1643-08-17,63 p[ai]d Capt[ain] Thomas Hamon for 7 days pay for his troope £94 - 10s - 6d,"Hammond, Thomas",Captain,horse,,,,,
1855,F0269,Fenton,101r,1643-08-24,p[ai]d Capt[ain] Tho[mas] Ham[m]ond £46 - 12s - 0d,"Hammond, Thomas",Captain,,,,,,
1856,V3143,Vernon,75r,1643-08-24,63 p[ai]d C[aptain] Thom[as] Hamon the like for his troope £183 - 1s - -d,"Hammond, Thomas",Captain,horse,,,,,
1857,V3309,Vernon,78r,1643-10-14,63 p[ai]d C[aptain] Thomas Hamon for his troop £183 - 1s - -d,"Hammond, Thomas",Captain,horse,,,,,
1858,V3548,Vernon,81r,1643-12-01,63 p[ai]d C[aptain] Thom[as] Hamon the like £174 - 13s - 0d,"Hammond, Thomas",Captain,horse,,,,,
1859,V3714,Vernon,83v,1644-01-06,41 p[ai]d leift[enant] Lindsey late leifft[enant] to Ca[ptain] Hamond in part of his arreers £20 - 0s - 0d,"Hammond, Thomas",Captain,,,,,,
1860,V1369,Vernon,38v,1642-11-21,"131 p[ai]d Captaine Roger Clay Captaine Samuel Turner Capt[ain] Peeter Gale Capt[ain] George more Capt[ain] Ralph Tasker Captain w[illia]m Hamond Capt[ain] mathew Skalticke & Capt[ain] Jams white, 8 capt[ain]s in the Regement of Collonell skippon toward[es] ther pay & entertainm[en]t of themselves officers & sold[ier]s uppon acc[oun]tt £400 - -s - -d","Hammond, William",Captain,foot,,"Skippon, Philip",,,
1861,V0036,Vernon,6r,1642-08-09,13 p[ai]d Collonell John Hampden uppon acc[oun]tt of his regiment £2000 - 0s - 0d,"Hampden, John",Colonel,foot,,,,,
1862,V0269,Vernon,12r,1642-08-21,13 p[ai]d Collonell John Hambden by way of imprest the sume of 1500l for the pay of his regiment & other incident charg[es] £1500 - 0s - 0d,"Hampden, John",Colonel,foot,,,,,
1863,V0514,Vernon,19r,1642-09-03,sallery 13 p[ai]d m[aste]r w[illia]m spurstow Chaplaine to Collonel Hamden as above £6 - 10s - 8d,"Hampden, John",Colonel,foot,,,,,
1864,V0515,Vernon,19r,1642-09-03,sallery 13 more for providing necessaryes for his attendance £20 - 0s - 0d,"Hampden, John",Colonel,foot,,,,,
1865,V0536,Vernon,19v,1642-09-05,50 p[ai]d Captaine John Raymon for a mo[nths] pay of 53 soldiers in the regim[en]t of Collonell Hambden from [th]e 29 aug[us]t £49 - 9s - 4d,"Hampden, John",Colonel,foot,,,,,
1866,V0542,Vernon,19v,1642-09-05,13 p[ai]d Collonell John Hambden for 11 wag[ons] £440 - 0s - 0d,"Hampden, John",Colonel,foot,,,,,
1867,V0724,Vernon,24v,1642-09-13,13 p[ai]d Collonell Hambden for the use of his reg[imen]t uppon acc[oun]tt the 13 [Septem]bre £200 - -s,"Hampden, John",Colonel,foot,,,,,
1868,V0729,Vernon,24v,1642-09-26,13 p[ai]d Collonel Hamden by way of imprest £500 - 0s - 0d,"Hampden, John",Colonel,foot,,,,,
1869,V0796,Vernon,26v,1642-10-01,105 p[ai]d Capt[ain] Rob[er]t Farington for 15 daies pay for his compa[ny] of 58 sold[ier]s of Coll[onel] Hamdens reg[imen]t and alsoe for 1/2 a mo[nths] pay endinge 14 [Octo]bre £64 - 1s - 4d,"Hampden, John",Colonel,foot,,,,,
1870,V0797,Vernon,26v,1642-10-01,107 p[ai]d leifft[enant] Coll[onel] wagstaff of the same reg[imen]t for his compa[ny] of 160 sold[ier]s as before £154 - 13s - 4d,"Hampden, John",Colonel,foot,,,,,
1871,V0798,Vernon,26v,1642-10-01,107 p[ai]d Capt[ain] Hercules Arnett of [th]e same reg[imen]t for his compa[ny] of 100 sold[ier]s as before £96 - 13s - 4d,"Hampden, John",Colonel,foot,,,,,
1872,V0799,Vernon,26v,1642-10-01,104 p[ai]d Capt[ain] Nicholl[es] of the same reg[imen]t for his compa[ny] of 98 sold[ier]s as above £94 - 14s - 8d,"Hampden, John",Colonel,foot,,,,,
1873,V0825,Vernon,27r,1642-10-03,108 p[ai]d Capt[ain] Styles for 15 dayes pay of his compa[ny] of 93 sold[ier]s of Coll[onel] Hambdens regim[en]t endinge the last [Septem]bre 46.10. & for 1/2 a monthes pay of the said compa[ny] endinge [th]e 14 [Octo]bre £89 - 18s - 0d,"Hampden, John",Colonel,foot,,,,,
1874,V0843,Vernon,27v,1642-10-05,13 p[ai]d Collonell Hambden for pay & entertainment of himself & officers of his reg[imen]t of 9 compa[nies] from the 16 [Septem]bre to the 14 [Octo]bre £506 - 1s - -d,"Hampden, John",Colonel,foot,,,,,
1875,V0844,Vernon,27v,1642-10-05,more for on 1/2 months paye of 184 sold[ier]s being his owne compa[ny] to begin [th]e 1 [Octo]bre & for the arrears of the said compa[ny] £177 - 17s - 4d,"Hampden, John",Colonel,foot,,,,,
1876,V0868,Vernon,28r,1642-10-06,13 p[ai]d m[aste]r w[illia]m Spurstow chaplaine to Coll[onel] Hampden for his and his servant[es] pay ending 30 [Septem]bre £15 - 3s - 4d,"Hampden, John",Colonel,foot,,,,,
1877,V0886,Vernon,28v,1642-10-08,110 p[ai]d Captaine Richard Ingoldsbye for 29 dayes paye of 100 sold[ier]s in Coll[onel] Hambd[e]ns reg[imen]t to end [th]e 14 [Octo]bre £96 - 13s - 4d,"Hampden, John",Colonel,foot,,,,,
1878,V0980,Vernon,30v,1642-10-15,115 p[ai]d Capt[ain] John Bromhall for arrears & pay of his compa[ny] of 45 sold[ier]s in Coll[onel] Hamdens reg[imen]t to the 28 present £35 - 4s - 8d,"Hampden, John",Colonel,foot,,,,,
1879,V0999,Vernon,31r,1642-10-18,13 p[ai]d Collonel Hamden for on 1/2 mo[nths] pay of his reg[imen]t of 963 sold[ier]s 449.2 & for 1/2 mo[nth] for the officers of 10 compa[nies] to [th]e 28 [Octo]bre 270.18 £720 - 6s - 8d,"Hampden, John",Colonel,foot,,,,,
1880,V1176,Vernon,34v,1642-11-09,13 p[ai]d Collonel Hambden toward[es] the pay of his Regim[en]t uppon accompt £800 - 0s - 0d,"Hampden, John",Colonel,foot,,,,,
1881,V1215,Vernon,35v,1642-11-10,115 p[ai]d Captaine John Bromhall for entertainm[en]t of his officers & sold[ier]s in the Reg[imen]t of Collonel Hampden £123 - 10s - -d,"Hampden, John",Colonel,foot,,,,,
1882,V1352,Vernon,38r,1642-11-16,13 p[ai]d Collonell Hambden for pay of his Regiment uppon acc[oun]tt £800 - 0s - 0d,"Hampden, John",Colonel,foot,,,,,
1883,V1764,Vernon,46v,1642-12-26,13 p[ai]d Collonel Hambden toward[es] pay of his Regiment uppon accompt £1000 - -s - -d,"Hampden, John",Colonel,foot,,,,,
1884,V1941,Vernon,50v,1643-01-26,13 p[ai]d Coll[onel] John Hambden for remains & pay of his officers and soldiers to the 20 Janu[ary] excl[usive] as by [th]e warr[an]tt £1003 - 10s - -d,"Hampden, John",Colonel,foot,,,,,
1885,V2151,Vernon,55r,1643-03-03,13 p[ai]d Coll[onel] Jo[hn] Hambden in part of a warr[an]t of 1334.1.4 for his reg[imen]t £1000 - 0s - 0d,"Hampden, John",Colonel,foot,,,,,
1886,V2346,Vernon,59r,1643-04-12,13 p[ai]d Coll[onel] Hambden for his Regi[men]t £832 - 3s - -d,"Hampden, John",Colonel,foot,,,,,
1887,V2364,Vernon,59v,1643-04-12,166 p[ai]d Capt[ain] Charles ducket Capt[ain] of a a Foat compa[ny] in S[i]r Jo[hn] Hamdens Regi[men]t for several paym[entes] as by [th]e war[rant] £170 - 1s - -d,"Hampden, John",Colonel,foot,,,,,
1888,V2446,Vernon,61v,1643-04-22,13 p[ai]d Coll[onel] Hamdens Regi[men]t the like £270 - 15s - 8d,"Hampden, John",Colonel,foot,,,,,
1889,V2645,Vernon,65r,1643-05-25,13 p[ai]d Coll[onel] Hambden for a mo[nths] pay for [th]e officers & 838 sold[ier]s of his reg[imen]t to end [th]e 1 June as by [th]e warr[an]t £1451 - 10s - 8d,"Hampden, John",Colonel,foot,,,,,
1890,V2786,Vernon,68r,1643-06-21,13 p[ai]d Coll[onel] Hambden for 14 dayes for [th]e offic[er]s & 849 sold[ier]s of his reg[imen]t end[ing] 15 pres[ent] £790 - 14s - 4d,"Hampden, John",Colonel,foot,,,,,
1891,V2932,Vernon,71v,1643-07-13,110 p[ai]d leifft[enant] Coll[onel] Barriff for 14 dayes pay for [th]e Regi[men]t late under Command of Coll[onel] Hambden as by [th]e warr[an]t £705 - 3s - 4d,"Hampden, John",Colonel,foot,,,,,
1892,V3121,Vernon,75r,1643-08-24,50 p[ai]d major Raimond for 14 days paye for [th]e reg[imen]t w[hi]ch was Coll[onel] Hambdens £472 - 5s - 4d,"Hampden, John",Colonel,foot,,,,,
1893,V3298,Vernon,78r,1643-10-14,50 p[ai]d major Raymond for late Coll[onel] Hambdens Regi[men]t £318 - 2s - 0d,"Hampden, John",Colonel,foot,,,,,
1894,V3420,Vernon,79v,1643-10-24,110 p[ai]d leifft[enant] Coll[onel] Ingolsby the like for C[olonel] Hamden[es] Regi[men]t £142 - 11s - 4d,"Hampden, John",Colonel,foot,,,,,
1895,V3267,Vernon,77v,1643-08-29,"49 p[ai]d Theophilus Andrews Jo[hn] vivers Peeter Bland Fra[ncis] Cary Hugh harding Jo[hn] smith, Georg Billot & w[illia]m Phillips gent[lemen] latelie entred in my lord g[e]n[era]ll[es] lieff guard for 14 days pay each at 8s p[er] diem £44 - 16s - -d","Harding, Hugh",Trooper,horse,cuirassiers,,"Stapleton, Philip, Sir",gent of lifeguard,
1896,V2643,Vernon,65r,1643-05-25,159 p[ai]d C[aptain] Rob[er]t Hardye [th]e like for [th]e officers & 88 drag[oons] end[ing] as above £254 - 2s - 0d,"Hardy, Robert",Captain,dragoons,,"Melve, George, Colonel",,,
1897,F0082,Fenton,98r,1643-06-23,p[ai]d Capt[ain] Hardie and Capt[ain] Langrish for [th]e use of Coll[onel] Melves Regim[en]t £319 - 19s - 0d,"Hardy, Robert",Captain,dragoons,,"Melve, George, Colonel",,,
1898,V2894,Vernon,70v,1643-07-13,159 p[ai]d Capt[ain] Robert Hardy for 14 dayes pay for his officers & 86 dragoon[er]s ending 7 Julie £124 - 19s - -d,"Hardy, Robert",Captain,dragoons,,,,,
1899,V3079,Vernon,74r,1643-08-18,159 p[ai]d C[aptain] Rob[er]t Hardy for 7 days for his troop of dragoon[er]s £48 - 16s - 6d,"Hardy, Robert",Captain,dragoons,,,,,
1900,V3131,Vernon,75r,1643-08-24,159 p[ai]d Cap[tain] Hardy for 14 daies for his compa[ny] of dragooners £97 - 13s - 0d,"Hardy, Robert",Captain,dragoons,,,,,
1901,V3341,Vernon,78v,1643-10-14,159 p[ai]d leifft[enant] Boyleston for C[aptain] Hardys troop of dragoon[er]s £42 - 6s - 0d,"Hardy, Robert",Captain,dragoons,,,,,
1902,V3408,Vernon,79v,1643-10-19,159 p[ai]d C[aptain] Robert Hardy C[aptain] of dragooners £26 - 12s - -d,"Hardy, Robert",Captain,dragoons,,,,,
1903,F0108,Fenton,98v,1643-07-03,p[ai]d Capt[ain] Tho[mas] Harrison £174 - 6s - 0d,"Harrison, Thomas",Captain,,,,,,
1904,V2924,Vernon,71r,1643-07-13,189 p[ai]d C[aptain] Harison for 14 dayes pay for his officers & 62 troop[er]s end[ing] 6 Julie £174 - 6s - -d,"Harrison, Thomas",Captain,horse,,,,,
1905,V3047,Vernon,73v,1643-08-17,189 p[ai]d C[aptain] Thomas Harison the like £64 - 4s - -d,"Harrison, Thomas",Captain,horse,,,,,
1906,V3198,Vernon,76r,1643-08-25,18 p[ai]d C[aptain] Tho[mas] Harison for 14 days for his troope £128 - 9s - -d,"Harrison, Thomas",Captain,horse,,,,,
1907,V3310,Vernon,78r,1643-10-14,189 p[ai]d C[aptain] Thomas Harison for his troop £130 - 11s - -d,"Harrison, Thomas",Captain,horse,,,,,
1908,V3511,Vernon,80v,1643-12-01,189 p[ai]d C[aptain] Thomas Harisons troop the like £153 - 13s - 0d,"Harrison, Thomas",Captain,horse,,,,,
1909,V3572,Vernon,81v,1643-12-05,189 p[ai]d C[aptain] Thomas Harison for C[aptain] Fanthams troop £72 - 2s - -d,"Harrison, Thomas",Captain,horse,,,,,
1910,V3775,Vernon,84r,1644-02-13,189 p[ai]d Ca[ptain] Harison [th]e like £145 - 19s - -d,"Harrison, Thomas",Captain,horse,,,,,
1911,V1391,Vernon,39r,1642-11-23,19 p[ai]d w[illia]m Harison wagoner attending the traine of Artigliry for hier of his teame & 4 horses from [th]e 7 [Septem]bre to the 23 [Octo]bre 47 dayes at 14s p[er] diem he havinge rec[eive]d 10l.10s in part £22 - 8s - 0d,"Harrison, William",Wagoner,artillery,,,,,
1912,V0532,Vernon,19v,1642-09-05,82 p[ai]d Captaine Hazelwood for a mo[nths] pay of his compa[ny] of 69 sold[ier]s of the Reg[imen]t of Collonel Essex from [th]e 2 present £64 - 8s - 0d,"Haselwood, John",Captain,foot,,"Essex, Charles",,,
1913,F0153,Fenton,99r,1643-07-20,p[ai]d Capt[ain] Jo[hn] Haslewood £20 - 0s - 0d,"Haselwood, John",Captain,,,,,,
1914,V0119,Vernon,8r,1642-08-12,28 p[ai]d my lord Hastings for advance of one half monthes pay for his troop of 60 harquebusiers £174 - 13s - 0d,"Hastings, Lord",Captain,horse,,,,,
1915,V0120,Vernon,8r,1642-08-12,more for 3 corporall[es] 42l & 2 trumpeters on sadler 32 £74 - 0s - 0d,"Hastings, Lord",Captain,horse,,,,,
1916,V0121,Vernon,8r,1642-08-12,more scarff[es] £30 - 0s - 0d,"Hastings, Lord",Captain,horse,,,,,
1917,V0333,Vernon,14r,1642-08-25,28 p[ai]d the Lord Hastings for advance of another half monthes pay of a troop of 60 harqueb[usiers] £174 - 13s - 0d,"Hastings, Lord",Captain,horse,,,,,
1918,V0636,Vernon,22r,1642-09-07,28 p[ai]d my lord hastings for furnishing his farier & sadler w[i]th necessaries & materiall[es] £10 - 0s - 0d,"Hastings, Lord",Captain,horse,,,,,
1919,V0660,Vernon,23r,1642-09-08,28 p[ai]d my lord hastings for a mo[nths] pay of his troope & offic[er]s £349 - 6s - 0d,"Hastings, Lord",Captain,horse,,,,,
1920,V2054,Vernon,53r,1642-09-26,28 p[ai]d the lord Hastings the 26 [Septem]bre uppon accompt £30 - 7s - -d,"Hastings, Lord",,,,,,,
1921,V0856,Vernon,27v,1642-10-05,28 p[ai]d my lord Hastings for 9 dayes for his troop to end 14 [Octo]bre £112 - 5s - 6d,"Hastings, Lord",Captain,horse,,,,,
1922,V0985,Vernon,30v,1642-10-15,28 p[ai]d the lord Hastings for 1/2 a mo[nths] pay of his troope to end 28. present £174 - 13s - 0d,"Hastings, Lord",Captain,horse,,,,,
1923,V1114,Vernon,33v,1642-10-28,28 p[ai]d the lord Hastings for a week[es] pay for his troope £87 - 3s - 4d,"Hastings, Lord",Captain,horse,,,,,
1924,V1234,Vernon,36r,1642-11-11,28 p[ai]d the lord Hastings the like £174 - 13s - -d,"Hastings, Lord",Captain,horse,,,,,
1925,V0616,Vernon,21v,1642-09-06,94 p[ai]d Capt[ain] Thomas Hatcher captaine of a troope of horse for mounting himself & officers £280 - 0s - 0d,"Hatcher, Thomas",Captain,horse,,,,,
1926,V1360,Vernon,38r,1642-11-19,19 p[ai]d w[illia]m Hatchett as above £23 - 10s - 3d,"Hatchett, William",Wagoner,artillery,,,,,
1927,V2825,Vernon,69r,1643-01-07,152 p[ai]d [th]e 7 Janu[ary] by the like order to Capt[ain] Haynes C[aptain] Rainsborrough C[aptain] [^Henry^] wythers & Capt[ain] Jo[hn] withers w[hi]ch is likewise entred by the auditor Broad £200 - 0s - 0d,"Haynes, Capt",Captain,,,,,,
1928,V2050,Vernon,53r,1642-10-19,159 p[ai]d Captaine George Haward beinge given him as a reward this was p[ai]d [th]e 19 [Octo]bre £20 - -s - -d,"Hayward, George, Capt",Captain,,,,,,
1929,V0977,Vernon,30v,1642-10-15,p[ai]d m[aste]r George Haward who was imployed & wounded in the late service at worcester £20 - -s - -d,"Hayward, George, Mr",,,,,,wounded,
1930,V2041,Vernon,52v,1643-01-24,158 p[ai]d peeter Hayward Capt[ain] of a compa[ny] of drag[oons] in Coll[onel] melvs reg[imen]t toward[es] pay of the said compa[ny] uppon acc[oun]tt £200 - 0s - 0d,"Hayward, Peter",Captain,dragoons,,"Melve, George, Colonel",,,
1931,V2672,Vernon,65v,1643-05-26,27 p[ai]d Nicholas Heath surgeon to Coll[onel] Barklys reg[imen]t for providing his chest £15 - 0s - 0d,"Heath, Nicholas",Surgeon,foot,,"Barclay, Henry",,,
1932,V2287,Vernon,58r,1643-04-10,166 p[ai]d Coll[onel] George Melve to be by him paid to sergeant major heborne beinge soe much by him p[ai]d to some of the officers of the Army now prisoners at Oxford £30 - 0s - 0d,"Heborne, Major",Major,,,,,,
1933,V1306,Vernon,37r,1642-11-12,p[ai]d Henry Hempson for 47 days £18 - 8s - -d,"Hempson, Henry",Wagoner,artillery,,,,,
1934,V3386,Vernon,79r,1643-10-16,19 p[ai]d w[illia]m Henly a Carpenter in the traine £4 - 14s - 6d,"Henley, William",Carpenter,artillery,,,,,
1935,V0648,Vernon,22v,1642-09-08,96 p[ai]d Captaine w[illia]m Henricke Butler for one monthes pay of his compa[ny] of 55 sold[ier]s of Collonel Essex regiment to begine from the 3 present £51 - 6s - 8d,"Henricke Butler, William",Captain,foot,,"Essex, Charles",,,
1936,V0423,Vernon,16v,1642-08-30,66 p[ai]d S[i]r Arthur Hazelrig for advance of on mo[nths] pay of his troope of horse by way of imprest £349 - 6s - 0d,"Hesilrige, Arthur, Sir",Captain,horse,,,,,
1937,V0424,Vernon,16v,1642-08-30,more for advance monie to himself and officers £280 - 0s - 0d,"Hesilrige, Arthur, Sir",Captain,horse,,,,,
1938,V0425,Vernon,16v,1642-08-30,more for mountinge of 3 corporall[es] 42 2 trumpet[e]rs 1 farier 32 & a sadler 32 £74 - 0s - 0d,"Hesilrige, Arthur, Sir",Captain,horse,,,,,
1939,V0854,Vernon,27v,1642-10-05,66 p[ai]d S[i]r Arthur Hazelrige for 1/2 a month pay due to himself officers and troop from the 1 [Octo]bre £174 - 13s - -d,"Hesilrige, Arthur, Sir",Captain,horse,,,,,
1940,V0883,Vernon,28v,1642-10-08,66 p[ai]d S[i]r Arthur Hazelrig for pay of himself officers and troope for 5 dayes endinge the last [Septem]bre £62 - 7s - 6d,"Hesilrige, Arthur, Sir",Captain,horse,,,,,
1941,V1019,Vernon,31v,1642-10-18,66 p[ai]d S[i]r Arthur Hazelrige for 1/2 a mo[nths] pay for his troop to end the 28 [Octo]bre £174 - 13s - -d,"Hesilrige, Arthur, Sir",Captain,horse,,,,,
1942,V1181,Vernon,34v,1642-11-09,66 p[ai]d S[i]r Arthur Hazelrig for 1/2 a mo[nths] pay for his troop £174 - 13s - -d,"Hesilrige, Arthur, Sir",Captain,horse,,,,,
1943,V1320,Vernon,37v,1642-11-14,66 p[ai]d S[i]r Arthur Hazelrige for 1/2 a mo[nths] pay for his troope £174 - 13s - -d,"Hesilrige, Arthur, Sir",Captain,horse,,,,,
1944,V1504,Vernon,41v,1642-12-03,66 p[ai]d S[i]r Arthur Hazelrig the like £174 - 13s - -d,"Hesilrige, Arthur, Sir",Captain,horse,,,,,
1945,V1630,Vernon,44r,1642-12-10,164 p[ai]d Capt[ain] John Hewson for a mo[nths] pay of 74 sold[ier]s in my lord G[enera]ll[es] Reg[imen]t £69 - 0s - 0d,"Hewson, John",Captain,foot,,"Essex, Earl of",,,
1946,V1686,Vernon,45r,1642-12-19,164 p[ai]d Capt[ain] John Hewson for 1 mo[nths] pay of the officers of his compa[ny] begining the 6 decemb[e]r £42 - -s - -d,"Hewson, John",Captain,foot,,,,,
1947,V2824,Vernon,69r,1643-01-17,135 p[ai]d Capt[ain] scaltike C[aptain] Gauler Cap[tain] Smith and Capt[ain] Howson by order of his Exc[ellency] signified under m[aste]r Chambers his hand the 17 Janu[ary] w[hi]ch is charged by [th]e Auditor to ther accompt £120 - 0s - 0d,"Hewson, John",Captain,,,,,,
1948,V2250,Vernon,57r,1643-03-10,164 p[ai]d C[aptain] John Huson [th]e like £50 - 0s - 0d,"Hewson, John",Captain,foot,,"Essex, Earl of",,,
1949,V2158,Vernon,55r,1643-03-03,7 p[ai]d Edward & will[ia]m Browne & will[iam] Heydon Ensigne bearer [^late^] officers of [th]e lord whartons Regi[men]t for [th]e pay due to them for 2 monthes and three week[es] from [th]e 4 of november to [th]e 19 Janu[ary] as by [th]e war[rant] £42 - 7s - -d,"Heydon, William",Ensign,foot,,"Wharton, Lord",,,
1950,V3922,Vernon,85v,1644-03-09,105 p[ai]d Ensign Higgison & Ens[ign] Close of his exc[ellencys] Regi[men]t for 3 week[es] pay £6 - 6s - 0d,"Higgison, Ensign",Ensign,foot,,"Essex, Earl of",,,
1951,V0282,Vernon,12v,1642-08-23,sallery p[ai]d Nathaneel and w[illia]m Hill for apprehending and bringinge up James Barrow and Edward Hudleston who wear raisinge forces in Gloastershire against the parlim[en]t £20 - 0s - 0d,"Hill, Nathaniel",,,,,,,
1952,V0282,Vernon,12v,1642-08-23,sallery p[ai]d Nathaneel and w[illia]m Hill for apprehending and bringinge up James Barrow and Edward Hudleston who wear raisinge forces in Gloastershire against the parlim[en]t £20 - 0s - 0d,"Hill, William",,,,,,,
1953,V2426,Vernon,61r,1643-04-13,"176 p[ai]d Capt[ain] Robert more C[aptain] Jo[hn] Burne C[aptain] Alex[ander] neale, leifft[enant] Jo[hn] Preston leifft[enant] w[illia]m Hill, officers drago[oons] £130 - -s - -d","Hill, William, Lt",Lieutenant,dragoons,,,,,
1954,V3629,Vernon,82v,1643-12-09,p[ai]d John Hilliard and divers other men as by [th]e warr[an]t appears £18 - 4s - 0d,"Hilliard, John",,,,,,,
1955,V3886,Vernon,85r,1644-03-02,p[ai]d Hen[ry] Isham & John Hilliard leift[enant] uppon acc[oun]t £5 - 12s - 0d,"Hilliard, John, Lt",Lieutenant,,,,,,
1956,V1307,Vernon,37r,1642-11-12,19 p[ai]d Robert Helliard wagoner to [th]e traine of Artigliry for part of his pay for 8 week[es] 4 days £38 - 19s - -d,"Hilliard, Robert",Wagoner,artillery,,,,,
1957,V2476,Vernon,62r,1643-04-28,"168 p[ai]d unto Edward wollaston, Henry Crossly Richard Hind, Jo[hn] Baldwin, John Symond[es] Thomas Adams, Georg Ewer, George whitledge, Samuel Flesher, Thomas kelsey Thomas Chetwood, John shelby George white gent[lemen] apointed paymasters of the severall Regiment[es] of Foot in the parlim[entes] service the some of 5 pownd[es], to be given 12s to every soldier of the said Regi[men]t[es] by way of reward £5000 - 0s - 0d","Hind, Richard",Paymaster,foot,,,,,
1958,V3312,Vernon,78r,1643-10-14,148 p[ai]d C[aptain] Francis Hodgson for arrears of pay due to him as by [th]e warr[an]t £121 - 11s - 0d,"Hodgson, Francis",Captain,,,,,,
1959,V1671,Vernon,44v,1642-12-19,148 p[ai]d Capt[ain] Richard Hodgson for paym[en]t of 75 pioneers of his compa[ny] & officers from [th]e 15 [Novem]bre to [th]e 7 december inclus[ive] £70 - 10s - -d,"Hodgson, Richard",Captain,pioneers,,,,,
1960,V1912,Vernon,50r,1643-01-06,148 p[ai]d Capt[ain] Richard Hodgson for 14 days pay of his compa[ny] of pioneers cont[aining] 73 ending [th]e 3 present £58 - 2s - -d,"Hodgson, Richard",Captain,pioneers,,,,,
1961,V2197,Vernon,56r,1643-03-07,148 p[ai]d C[aptain] Richard Hodgson Capt[ain] of a compa[ny] of Pyoners in part of a warr[an]t of 28l £17 - 10s - 0d,"Hodgson, Richard",Captain,pioneers,,,,,
1962,V2382,Vernon,60r,1643-04-13,148 p[ai]d Richard Hodgson C[aptain] of pion[eer]s in ful of a war[rant] of the 16 febr[uary] £10 - 10s - 0d,"Hodgson, Richard",Captain,pioneers,,,,,
1963,V2685,Vernon,66r,1643-05-26,116 p[ai]d C[aptain] Henry Roe C[aptain] Richard Hodgson C[aptain] Edward Frodsham & C[aptain] w[illia]m Cheese Capt[ains] of severall compa[nies] of pioneers for a whole mo[nths] pay for 31 pion[eer]s ending 21 June £43 - 8s - 0d,"Hodgson, Richard",Captain,pioneers,,,,,
1964,F0052,Fenton,97v,1643-06-05,p[ai]d Capt[ain] Rich[ard] Hodgson £10 - 0s - 0d,"Hodgson, Richard",Captain,,,,,,
1965,F0057,Fenton,97v,1643-06-10,paid Capt[ain] Cheese & Capt[ain] Hodgson £20 - 0s - 0d,"Hodgson, Richard",Captain,,,,,,
1966,V2739,Vernon,67r,1643-06-21,149 p[ai]d C[aptain] Chees & C[aptain] Hodson 2 captains of pioneers for 14 days pay for them self[es] & 31 pioneers end[ing] 5 Julie £21 - 14s - 0d,"Hodgson, Richard",Captain,pioneers,,,,,
1967,V2920,Vernon,71r,1643-07-13,149 p[ai]d C[aptain] w[illia]m Cheese & Richard Hodgson cap[tains] of pioners for 14 dayes pay for themselves & 26 menn ending [th]e 11 Julie £18 - 4s - 0d,"Hodgson, Richard",Captain,pioneers,,,,,
1968,F0202,Fenton,100r,1643-08-02,p[ai]d Capt[ain] Hodgson & Capt[ain] Cheese £9 - 2s - 0d,"Hodgson, Richard",Captain,,,,,,
1969,V3011,Vernon,73r,1643-08-16,148 p[ai]d C[aptain] Richard Hodgson & C[aptain] w[illia]m Cheese for 7 dayes pay for the Pioneers £9 - 2s - -d,"Hodgson, Richard",Captain,pioneers,,,,,
1970,V3159,Vernon,75v,1643-08-25,148 p[ai]d C[aptain] Rich[ard] Hodgson & w[illia]m Cheese for 14 daies for pioneers £18 - 4s - -d,"Hodgson, Richard",Captain,pioneers,,,,,
1971,F0318,Fenton,102r,1643-09-14,p[ai]d Capt[ain] Cheese & Capt[ain] Hodgson £5 - 19s - 0d,"Hodgson, Richard",Captain,,,,,,
1972,V3323,Vernon,78v,1643-10-14,148 p[ai]d C[aptain] Richard Hodgson & C[aptain] Cheese Pioneers £15 - 8s - -d,"Hodgson, Richard",Captain,pioneers,,,,,
1973,V3616,Vernon,82r,1643-12-09,148 p[ai]d Richard Hodgson Ca[ptain] of Pioneer[es] for 20 mens pay for 14 days £14 - 0s - 0d,"Hodgson, Richard",Captain,pioneers,,,,,
1974,V3713,Vernon,83v,1644-01-06,148 p[ai]d Ca[ptain] Hodgson and Ca[ptain] Cheese the like for pion[eer]s £7 - 14s - 0d,"Hodgson, Richard",Captain,pioneers,,,,,
1975,V3754,Vernon,84r,1644-02-05,148 p[ai]d Ca[ptain] Hodgson the like for 20 pioneers £14 - 0s - 0d,"Hodgson, Richard",Captain,pioneers,,,,,
1976,V3869,Vernon,85r,1644-02-27,148 p[ai]d Cap[tain] Hodgson for pioneers £11 - 4s - 0d,"Hodgson, Richard",Captain,pioneers,,,,,
1977,V3959,Vernon,86r,1644-03-23,148 p[ai]d Captaine Hodson & Capt[ain] Cheese for Pioneers £13 - 13s - 0d,"Hodgson, Richard",Captain,pioneers,,,,,
1978,V1479,Vernon,41r,1642-12-03,137 p[ai]d Captaine John mead Capt[ain] of a compa[ny] of Foot in the Reg[imen]t of Coll[onel] Holborn for a mo[nths] pay for his officers and compa[ny] to Commenc the 25th of november £42 - -s - -d,"Holborne, James",Colonel,foot,,,,,
1979,V1480,Vernon,41r,1642-12-03,more for levy monie of the said compa[ny] £50 - -s - -d,"Holborne, James",Colonel,foot,,,,,
1980,V1489,Vernon,41r,1642-12-03,137 p[ai]d leifft[enant] Coll[onel] Holborne toward[es] payment of his foot compa[ny] uppon acc[oun]tt £50 - -s - -d,"Holborne, James",Lt-Colonel,foot,,,,,
1981,V1490,Vernon,41r,1642-12-03,more p[ai]d him as Collonel of a Reg[imen]t of Foot and his officers for 1 whole mo[nth] to begin the 26 [Novem]bre £180 - 12s - -d,"Holborne, James",Colonel,foot,,,,,
1982,V1491,Vernon,41r,1642-12-03,more p[ai]d him for leviinge his own compa[ny] his leifft[enant] Coll[onel] sergeant major and 3 other compa[nies] £325 - -s - -d,"Holborne, James",Colonel,foot,,,,,
1983,V1492,Vernon,41r,1642-12-03,138 p[ai]d Capt[ain] Thomas Read for a mo[nths] pay for 97 sold[ier]s of his compa[ny] in [th]e Reg[imen]t above beginning the 25 november £90 - 10s - 8d,"Holborne, James",Colonel,foot,,,,,
1984,V1493,Vernon,41r,1642-12-03,138 p[ai]d w[illia]m Rainborow Capt[ain] of 83 sold[ier]s in the same Reg[imen]t for a mo[nths] pay as above £77 - 9s - -d,"Holborne, James",Colonel,foot,,,,,
1985,V1494,Vernon,41r,1642-12-03,more p[ai]d Capt[ain]s Rainsborro & Read for a mo[nths] pay for ther officers to begin as above £84 - -s - -d,"Holborne, James",Colonel,foot,,,,,
1986,V1563,Vernon,42v,1642-12-05,138 p[ai]d Thomas Read Capt[ain] of a Foot compa[ny] in Coll[onel] Holborns Reg[imen]t for pay of 97 sold[ier]s & 3 corporall[es] belonging to his compa[ny] for 4 days dew to them befor ther muster £13 - 10s - 8d,"Holborne, James",Colonel,foot,,,,,
1987,V1564,Vernon,42v,1642-12-05,138 p[ai]d C[aptain] w[illia]m Rainsborowe the like for 83 sold[ier]s £11 - 13s - 4d,"Holborne, James",Colonel,foot,,,,,
1988,V1684,Vernon,45r,1642-12-19,150 p[ai]d Benjamin wigfall Captaine of a foot compa[ny] in Coll[onel] Holborns Regi[men]t for pay of his compa[ny] & officers as by [th]e warr[an]t £72 - 16s - -d,"Holborne, James",Colonel,foot,,,,,
1989,V1702,Vernon,45v,1642-12-19,151 p[ai]d Capt[ain] Jo[hn] withers for a mo[nths] pay for 97 sold[ier]s in Coll[onel] Holbornes Regi[men]t begining [th]e 2 [Decem]bre £90 - 10s - 8d,"Holborne, James",Colonel,foot,,,,,
1990,V1703,Vernon,45v,1642-12-19,151 p[ai]d C[aptain] Richard [^Henry^] withers for 14 days paye for himself officers & 23 sold[ier]s in the said Regi[men]t beg[inning] 24 november £31 - 14s - 8d,"Holborne, James",Colonel,foot,,,,,
1991,V1743,Vernon,46r,1642-12-22,152 p[ai]d Capt[ain] Hugh [?Fains?] capt[ain] of a Foot compa[ny] in Coll[onel] Holborns Regi[men]t for 1/2 a mo[nths] pay for 102 sold[ier]s begining [th]e 16 dec[ember] £47 - 12s - -d,"Holborne, James",Colonel,foot,,,,,
1992,V1892,Vernon,49v,1643-01-06,139 p[ai]d sergeant major Archibald wooddall for a mo[nths] pay of the officers of his compa[ny] in Coll[onel] Holborns Regi[men]t to begin [th]e 1 [Decem]bre & 14 days pay for 68 soldiers beg[inning] 27 [Decem]bre £73 - 14s - 8d,"Holborne, James",Colonel,foot,,,,,
1993,V1894,Vernon,49v,1643-01-06,137 p[ai]d Capt[ain] John mede for a mo[nths] pay for the officers and sold[ier]s of his compa[ny] in Coll[onel] Holborns reg[imen]t as by [th]e warr[an]t £95 - 13s - 4d,"Holborne, James",Colonel,foot,,,,,
1994,V1905,Vernon,49v,1643-01-06,150 p[ai]d C[aptain] Benjamin wigfall Capt[ain] of a Foot compa[ny] in Coll[onel] Holborns reg[imen]t for pay of his compa[ny] as by the warr[an]tt £52 - 10s - -d,"Holborne, James",Colonel,foot,,,,,
1995,V1917,Vernon,50r,1643-01-10,138 p[ai]d Captaine Read toward[es] payment of his foot compa[ny] in Coll[onel] Holborns reg[imen]t uppon acc[oun]tt £40 - -s - -d,"Holborne, James",Colonel,foot,,,,,
1996,V1924,Vernon,50r,1643-01-14,137 p[ai]d Coll[onel] Holborne toward[es] pay of his Regiment uppon acc[oun]tt £500 - 0s - 0d,"Holborne, James",Colonel,foot,,,,,
1997,V2008,Vernon,52r,1643-01-24,137 p[ai]d Collonel James Holborne the like for his Regi[men]t £600 - 0s - 0d,"Holborne, James",Colonel,foot,,,,,
1998,V2125,Vernon,54v,1643-03-02,137 p[ai]d Collonel Holborne for a mo[nths] pay of the officers & 660 soldiers of his regiment uppon accompt 1167.16. p[ai]d in part £1000 - 0s - 0d,"Holborne, James",Colonel,foot,,,,,
1999,V2335,Vernon,59r,1643-04-12,137 p[ai]d Coll[onel] Holborn for 1/2 a mo[nths] pay for the officers and sold[ier]s of his reg[imen]t uppon accompt £578 - 18s - 0d,"Holborne, James",Colonel,foot,,,,,
2000,V2454,Vernon,61v,1643-04-22,137 p[ai]d Coll[onel] Holborns Regiment the like £183 - 1s - -d,"Holborne, James",Colonel,foot,,,,,
2001,V2461,Vernon,61v,1643-04-25,137 given the soldiers of Coll[onel] Holborns Regi[men]t for workinge in the trenches £20 - 0s - 0d,"Holborne, James",Colonel,foot,,,,,
2002,V2618,Vernon,64v,1643-05-25,137 p[ai]d Coll[onel] Holborne for pay of his officers & soldiers according to the warr[an]t of [th]e 25 present £968 - 19s - 4d,"Holborne, James",Colonel,foot,,,,,
2003,V2791,Vernon,68r,1643-06-21,137 p[ai]d Coll[onel] Jams Holburne for 14 dayes pay for [th]e officers & 473 sold[ier]s of his reg[imen]t end[ing] 15 pres[en]t £501 - 5s - 4d,"Holborne, James",Colonel,foot,,,,,
2004,V2821,Vernon,69r,1643-06-22,185 p[ai]d Capt[ain] Fra[ncis] Squire of Coll[onel] Holborn reg[imen]t for pay for severall officers & 18 sold[ier]s for 14 dayes to end [th]e 15 June £10 - 17s - -d,"Holborne, James",Colonel,foot,,,,,
2005,V2876,Vernon,70r,1643-07-12,137 p[ai]d Coll[onel] Holborn the like for officers & 377 sold[ier]s of his Regi[men]t end[ing] 29 June £445 - 4s - 8d,"Holborne, James",Colonel,foot,,,,,
2006,F0186,Fenton,99v,1643-07-31,p[ai]d Coll[onel] James Holborne £87 - 19s - 4d,"Holborne, James",Colonel,,,,,,
2007,F0222,Fenton,100v,1643-08-05,p[ai]d Coll[onel] James Holbourne £40 - 0s - 0d,"Holborne, James",Colonel,,,,,,
2008,V2989,Vernon,72v,1643-08-16,137 p[ai]d Coll[onel] Holborne for 7 dayes pay for his Regi[men]t £193 - 9s - 10d,"Holborne, James",Colonel,foot,,,,,
2009,V3129,Vernon,75r,1643-08-24,137 p[ai]d Coll[onel] Holborne for 14 dayes for his reg[imen]t £389 - 6s - 4d,"Holborne, James",Colonel,foot,,,,,
2010,F0303,Fenton,101v,1643-09-11,p[ai]d Coll[onel] James Holborne £87 - 0s - 8d,"Holborne, James",Colonel,,,,,,
2011,V3285,Vernon,78r,1643-10-14,135 p[ai]d Coll[onel] Holborne the like for his Regiment £351 - 17s - 4d,"Holborne, James",Colonel,foot,,,,,
2012,V3427,Vernon,79v,1643-10-24,137 p[ai]d Coll[onel] Holborne for his under offic[er]s & regim[en]t £121 - 7s - 6d,"Holborne, James",Colonel,foot,,,,,
2013,V3473,Vernon,80r,1643-11-17,137 p[ai]d for 14 days for Coll[onel] Holborns Regi[men]t £333 - 13s - 4d,"Holborne, James",Colonel,foot,,,,,
2014,V3599,Vernon,82r,1643-12-08,117 p[ai]d the like to Coll[onel] Holborns Regi[men]t £34 - 18s - 10d,"Holborne, James",Colonel,foot,,,,,
2015,V3664,Vernon,83r,1643-12-18,137 p[ai]d the like for Coll[onel] Holborns Regi[men]t £45 - 6s - 6d,"Holborne, James",Colonel,foot,,,,,
2016,V3692,Vernon,83v,1643-12-29,137 p[ai]d Coll[onel] Holborn for 7 days paye for [th]e officers and sold[ier]s of his Regi[men]t £156 - 19s - 6d,"Holborne, James",Colonel,foot,,,,,
2017,V3706,Vernon,83v,1644-01-06,137 p[ai]d Coll[onel] Holborns Regi[men]t the like £52 - 11s - 2d,"Holborne, James",Colonel,foot,,,,,
2018,V3723,Vernon,83v,1644-01-09,137 p[ai]d Coll[onel] Holborns Regi[men]t the like £55 - 7s - 2d,"Holborne, James",Colonel,foot,,,,,
2019,V3744,Vernon,84r,1644-02-05,137 p[ai]d Coll[onel] Holborn[es] Regi[men]t the like £319 - 4s - -d,"Holborne, James",Colonel,foot,,,,,
2020,V3866,Vernon,85r,1644-02-27,137 p[ai]d Coll[onel] Holborns Regi[men]t [th]e like £63 - 17s - 6d,"Holborne, James",Colonel,foot,,,,,
2021,V3873,Vernon,85r,1644-02-27,218 p[ai]d John Crookskancke chap[lain] to Coll[onel] holborns Regi[men]t £6 - 1s - 4d,"Holborne, James",Colonel,foot,,,,,
2022,V3911,Vernon,85v,1644-03-09,137 p[ai]d Coll[onel] Holborns Regi[men]t for a week[es] pay for [th]e sold[ier]s & [th]e officers from [th]e leifft[enant] downward[es] £86 - 19s - 6d,"Holborne, James",Colonel,foot,,,,,
2023,V3948,Vernon,85v,1644-03-23,137 p[ai]d Coll[onel] Holborns Regi[men]t [th]e like £101 - 10s - -d,"Holborne, James",Colonel,foot,,,,,
2024,F0116,Fenton,98v,1643-07-??,"p[ai]d Coll[onel] Holborne for his waggonm[aste]r, Quarter M[aste]r & 15 souldiers £23 - 6s - 0d","Holborne, James",Colonel,foot,,,,,
2025,V0158,Vernon,9r,1642-08-15,38 p[ai]d Collonell Hollis for his provost marshall 7 & for his surgeons chest 15l £22 - -s - -d,"Holles, Denzil",Colonel,foot,,,,,
2026,V0276,Vernon,12v,1642-08-22,50 p[ai]d Henry Billingsley leifftenn[an]t Coll[onel] to Denzill Hollis the some of 42l for on monthes intertainm[en]t by way of imprest £42 - 0s - 0d,"Holles, Denzil",Colonel,foot,,,,,
2027,V0341,Vernon,14r,1642-08-26,p[ai]d Obedia Sedgqicke Chaplain to denzill hollis by advance to provid necessaries £20 - 0s - 0d,"Holles, Denzil",Colonel,foot,,,,,
2028,V0477,Vernon,18r,1642-09-02,sallery 5 p[ai]d Thomas willis for 6 hired wagons to cary provision for Collonel Hollis reg[imen]t from Acton to Coventry £38 - 0s - 0d,"Holles, Denzil",Colonel,foot,,,,,
2029,V0512,Vernon,19r,1642-09-03,sallery 5 p[ai]d m[aste]r Obediah sedgwicke chaplain to Denzill Hollis as above £6 - 10s - 8d,"Holles, Denzil",Colonel,foot,,,,,
2030,V0543,Vernon,19v,1642-09-05,38 p[ai]d Collonel Hollis for 11 wagons £440 - 0s - 0d,"Holles, Denzil",Colonel,foot,,,,,
2031,V0722,Vernon,24v,1642-09-12,38 p[ai]d Collonel Hollis at northampton the 5 & 12 [Septem]bre at northampton for on 1/2 monthes pay for his officers and soldiers £829 - 10s - -d,"Holles, Denzil",Colonel,foot,,,,,
2032,V0740,Vernon,25r,1642-09-27,38 p[ai]d Collonel Hollis for on 1/2 months pay for the officers and soldiers of his regiment £829 - 10s - -d,"Holles, Denzil",Colonel,foot,,,,,
2033,V0831,Vernon,27r,1642-10-04,58 p[ai]d Collonell Hollis for the arrears and halff a mo[nths] pay for his reg[imen]t of 1130 men as by the warr[an]tt £1024 - 12s - 6d,"Holles, Denzil",Colonel,foot,,,,,
2034,V0842,Vernon,27v,1642-10-05,5 p[ai]d obediah sedgwicke chaplaine to Collonell Hollis for his & his mans pay to the last [Septem]bre £8 - 3s - 4d,"Holles, Denzil",Colonel,foot,,,,,
2035,V1007,Vernon,31r,1642-10-18,38 p[ai]d Collonell Hollis for 1/2 a mo[nths] pay for the officers and sold[ier]s of his reg[imen]t from the 15 present £796 - 19s - 2d,"Holles, Denzil",Colonel,foot,,,,,
2036,V1121,Vernon,33v,1642-10-29,38 p[ai]d Collonel Hollis for a week[es] pay for his reg[imen]t & inferior officers £368 - 2s - 6d,"Holles, Denzil",Colonel,foot,,,,,
2037,V1147,Vernon,34r,1642-11-01,133 p[ai]d Captaine Georg Hurlocke toward[es] the payment of his compa[ny] of Foot in Col[onel] Hollis reg[imen]t £30 - 0s - 0d,"Holles, Denzil",Colonel,foot,,,,,
2038,V1388,Vernon,39r,1642-11-23,38 p[ai]d Capt[ain] will[ia]m Burbz C[aptain] Jo[hn] Francis C[aptain] Richard Beaton & C[aptain] Georg Hurlocke Capt[ains] of severall foot compa[nies] late in [th]e reg[imen]t of Denzill Hollis as well for pay of themselvs 3 other private Captains latelie deseased and other officers contained in the warr[an]tt & sold[ier]s £356 - 8s - 8d,"Holles, Denzil",Colonel,foot,,,,,
2039,V1389,Vernon,39r,1642-11-23,38 p[ai]d Thomas Egerton quartermaster to Coll[onel] Hollis for his pay for 5 week[es] at 5s a daye £8 - 15s - -d,"Holles, Denzil",Colonel,foot,,,,,
2040,V1584,Vernon,43r,1642-12-05,142 p[ai]d Capt[ain] w[illia]m [?Burly?] late captaine of a companie of Foot in Collonell Hollis Regiment for an arrear of pay of severall officers in the said Reg[imen]t for on weeke ending 22 [Novem]bre £36 - 15s - 0d,"Holles, Denzil",Colonel,foot,,,,,
2041,V1716,Vernon,45v,1642-12-21,5 p[ai]d Thomas Jenck[es] provost marshall to [th]e late reg[imen]t of Collonel Hollis for 1 mo[nths] pay ending [th]e 26 [Novem]bre at 5s p[er] diem £7 - -s - -d,"Holles, Denzil",Colonel,foot,,,,,
2042,V1911,Vernon,50r,1643-01-06,142 p[ai]d John Castle late leifften[an]t to L[ieutenant] C[olone]ll Burlz late capt[ain] of a Foot compa[ny] in Coll[onel] Hollis reg[imen]t for his pay at 4s p[er] diem for 7 week[es] begining 19 [Novem]bre £9 - 16s - 0d,"Holles, Denzil",Colonel,foot,,,,,
2043,V2060,Vernon,53r,1643-01-17,38 p[ai]d Collonell Hollis uppon accompt of his Regiment; the warr[an]t [^dated 9 [Novem]bre^] miscarried in the hand of his Clarke but the acknowledgm[en]t I have [th]e 17 Janu[ary] £600 - 0s - 0d,"Holles, Denzil",Colonel,,,,,,
2044,V1374,Vernon,38v,1642-11-23,131 p[ai]d leifft[enant] Coll[onel] Holman for a monthes pay advance as leifft[enant] Coll[onel] of a reg[imen]t in [th]e County of yorke £42 - -s - -d,"Holman, John",Lt-Colonel,foot,,,,,
2045,V2102,Vernon,54r,1643-02-20,132 p[ai]d Collonel Holmsted the 20 February In london w[hi]ch was taken out of the mony sent me uppon accompt of the Regi[men]t £200 - 0s,"Holmstead, John",Colonel,foot,,,,,
2046,V2155,Vernon,55r,1643-03-03,132 p[ai]d Coll[onel] Holmstead for a mo[nths] pay for for [th]e officers & 774 sold[ier]s to [th]e 4 march £1264 - 4s - -d,"Holmstead, John",Colonel,foot,,,,,
2047,V2338,Vernon,59r,1643-04-12,132 p[ai]d Coll[onel] Holmstead the like for his Regi[men]t £632 - 2s - -d,"Holmstead, John",Colonel,foot,,,,,
2048,V2459,Vernon,61v,1643-04-25,132 p[ai]d Collonel Holmstead the like £145 - 14s - 4d,"Holmstead, John",Colonel,foot,,,,,
2049,V2690,Vernon,66r,1643-05-26,132 p[ai]d Coll[onel] Holmsteed in part of a warr[an]t of 975.14.8 for his reg[imen]t dated this daye £500 - -s - -d,"Holmstead, John",Colonel,foot,,,,,
2050,F0034,Fenton,97r,1643-06-05,p[ai]d Coll[onel] John Holmsteed £379 - 2s - 8d,"Holmstead, John",Colonel,foot,,,,,
2051,F0061,Fenton,97v,1643-06-12,p[ai]d Coll[onel] Holmsteed £30 - 0s - 0d,"Holmstead, John",Colonel,foot,,,,,
2052,V2753,Vernon,67v,1643-06-21,132 p[ai]d Coll[onel] Holmstead for 14 dayes pay for [th]e officers & 444 sold[ier]s of his Regi[men]t to end [th]e 15 June £466 - 5s - -d,"Holmstead, John",Colonel,foot,,,,,
2053,V2805,Vernon,68v,1643-06-22,139 p[ai]d Thomas wood leifft[enant] Coll[onel] in Coll[onel] Holmstead[es] reg[imen]t for 42 dayes pay end[ing] 15 pres[en]t £63 - -s - -d,"Holmstead, John",Colonel,foot,,,,,
2054,V2879,Vernon,70r,1643-07-12,132 p[ai]d Coll[onel] Holmstead for 14 dayes pay for [th]e officers & 462 sold[ier]s of his Regi[men]t end[ing] 29 June £477 - 18s - 0d,"Holmstead, John",Colonel,foot,,,,,
2055,F0181,Fenton,99v,1643-07-30,p[ai]d Coll[onel] Holmsteed £107 - 16s - 0d,"Holmstead, John",Colonel,,,,,,
2056,V3022,Vernon,73r,1643-08-16,132 p[ai]d for 7 days pay for Coll[onel] Holmsted[es] Regi[men]t £227 - 6s - 6d,"Holmstead, John",Colonel,foot,,,,,
2057,V3123,Vernon,75r,1643-08-24,132 p[ai]d Coll[onel] Holmsted for his Regi[men]t £463 - 3s - 8d,"Holmstead, John",Colonel,foot,,,,,
2058,V3299,Vernon,78r,1643-10-14,132 p[ai]d Coll[onel] Holmstead[es] Regi[men]t £414 - 19s - 4d,"Holmstead, John",Colonel,foot,,,,,
2059,V3423,Vernon,79v,1643-10-24,132 p[ai]d Coll[onel] Holmstead the like for his Regi[men]t £157 - 0s - 8d,"Holmstead, John",Colonel,foot,,,,,
2060,V3464,Vernon,80r,1643-11-17,132 p[ai]d for 14 dayes for Coll[onel] Holmsteed[es] Regi[men]t £399 - 6s - 4d,"Holmstead, John",Colonel,foot,,,,,
2061,V3602,Vernon,82r,1643-12-08,132 p[ai]d the like to Coll[onel] Holmstead[es] Regi[men]t £33 - 10s - 10d,"Holmstead, John",Colonel,foot,,,,,
2062,V3667,Vernon,83r,1643-12-18,132 p[ai]d the like for Coll[onel] Holmsted[es] Regi[men]t £33 - 10s - 10d,"Holmstead, John",Colonel,foot,,,,,
2063,V3685,Vernon,83r,1643-12-29,132 p[ai]d Coll[onel] Holmstead[es] Regi[men]t [th]e like £196 - 17s - 4d,"Holmstead, John",Colonel,foot,,,,,
2064,V3709,Vernon,83v,1644-01-06,132 p[ai]d Coll[onel] Holmstead[es] Regi[men]t the like £33 - 9s - 8d,"Holmstead, John",Colonel,foot,,,,,
2065,V3725,Vernon,83v,1644-01-09,133 p[ai]d Coll[onel] Holmstead[es] Regi[men]t the like £43 - 18s - 6d,"Holmstead, John",Colonel,foot,,,,,
2066,V3752,Vernon,84r,1644-02-05,132 p[ai]d Coll[onel] Holmstead[es] Regi[men]t the like £316 - 10s - 4d,"Holmstead, John",Colonel,foot,,,,,
2067,V3840,Vernon,84v,1644-02-19,132 p[ai]d in Coll[onel] Holmstead[es] Regi[men]t the like £14 - 14s - -d,"Holmstead, John",Colonel,foot,,,,,
2068,V3864,Vernon,85r,1644-02-27,132 p[ai]d Coll[onel] Holmstead[es] Regi[men]t [th]e like £67 - 19s - 2d,"Holmstead, John",Colonel,foot,,,,,
2069,V3915,Vernon,85v,1644-03-09,132 p[ai]d Coll[onel] Holmsted[es] Regi[men]t [th]e like £93 - 17s - 2d,"Holmstead, John",Colonel,foot,,,,,
2070,V3950,Vernon,85v,1644-03-23,132 p[ai]d Coll[onel] Holmstead[es] Regi[men]t [th]e like £93 - 17s - 2d,"Holmstead, John",Colonel,foot,,,,,
2071,F0117,Fenton,98v,1643-07-??,p[ai]d Coll[onel] Holmsteed £37 - 16s - 0d,"Holmstead, John",Colonel,foot,,,,,
2072,V2935,Vernon,71v,1643-07-13,"190 p[ai]d Capt[ain] w[illia]m Butler C[aptain] John wheler C[aptain] Thomas weelin L[ieutenan]t Thomas Apleby l[ieutenan]t Humphrey Caroll Ens[ign] Fra[ncis] Carey Ens[ign] Fra[ncis] lister, Ens[ign] Henry Cony Ens[ign] mathew williams Ens[ign] James llewellen & Ens[ign] Jo[hn] Holt officers in the late Regi[men]t of S[i]r Henry Cholmlie for ther pay for 14 dayes uppon accompt £49 - 14s - -d","Holt, John",Ensign,foot,,"Cholmley, Henry, Sir",,,
2073,V1028,Vernon,31v,1642-10-19,117 p[ai]d C[aptain] Benjamin Hooke for arrears of his compa[ny] of 60 sold[ier]s in my lord Rochford reg[imen]t for [th]e 10 octob[er] & for 19 dayes pay for 70 sold[ier]s to [th]e 28 [Octo]bre £70 - 6s - 8d,"Hooke, Benjamin",Captain,foot,,"Rochford, Lord",,,
2074,V1309,Vernon,37r,1642-11-12,p[ai]d Henry horn besid[es] 15l.10s by him rec[eive]d for 41 daies pay £25 - 20s - -d,"Horn, Henry",Wagoner,artillery,,,,,
2075,V3225,Vernon,76v,1643-08-26,150 p[ai]d C[aptain] Jo[hn] Horsey in [th]e Regi[men]t of C[olone]ll Terril for 4 sicke sold[ier]s £1 - 17s - 4d,"Horsey, John",Captain,foot,,"Tyrrell, Thomas",,,
2076,V0338,Vernon,14r,1642-08-26,60 p[ai]d m[aste]r durand Hotham to be imployed by S[i]r John Hotham in paym[en]t of the garison of hull £2000 - 0s - 0d,"Hotham, Durand",,,,,,,
2077,V0056,Vernon,6v,1642-08-10,17 p[ai]d Capt[ain] John Hotham for mounting himself and his officers beinge Capt[ain] of a troop of horse £354 - 0s - 0d,"Hotham, John, Capt",Captain,horse,,,,,
2078,V0338,Vernon,14r,1642-08-26,60 p[ai]d m[aste]r durand Hotham to be imployed by S[i]r John Hotham in paym[en]t of the garison of hull £2000 - 0s - 0d,"Hotham, John, Sir",,,,,,,
2079,V2816,Vernon,68v,1643-06-22,184 p[ai]d Ca[ptain] Fra[ncis] Hudson for 14 days pay for [th]e officers & 76 soldiers of his compa[ny] end[ing] [th]e 15 June £56 - 9s - 4d,"Hudson, Francis",Captain,foot,,,,,
2080,V1712,Vernon,45v,1642-12-21,20 p[ai]d Alexander hughs surgeon to major g[enera]ll skippon for soe much advanct for his chest £15 - 0s - 0d,"Hughes, Alexander",Surgeon,foot,,"Skippon, Philip",,,
2081,V2024,Vernon,52r,1643-01-24,7 p[ai]d Robert Hughes Ensigne [^In^] the Regi[men]t of my lord wharton toward[es] curing his wound[es] & for 2 mo[nths] & 3 week[es] pay to [th]e 19 Ja[nuary] £24 - 11s - -d,"Hughes, Robert",Ensign,foot,,"Wharton, Lord",,,
2082,V2271,Vernon,57v,1643-03-18,7 p[ai]d Robert Hughs late ensigne to a foot compa[ny] in my lord whartons reg[imen]t for his pay as ensigne from [th]e 19 Janu[ary] to [th]e 17 march being 57 dayes £8 - 11s - -d,"Hughes, Robert",Ensign,foot,,"Wharton, Lord",,,
2083,F0256,Fenton,101r,1643-08-19,p[ai]d Susanna Hull £2 - 0s - 0d,"Hull, Susanna",,,,,,,
2084,V2013,Vernon,52r,1643-01-24,John Hume leif[tenan]t of horse 25.4.0,"Hume, John",Lieutenant,horse,,,,reformado,
2085,V2425,Vernon,61r,1643-04-13,"176 p[ai]d more to Capt[ain] James Barkley Cap[tain] James Boswell, leifft[enan]t Jo[hn] Home & liefften[an]t Georg Inglis scot[es] officers as above £200 - 0s - 0d","Hume, John",Lieutenant,,,,,reformado,
2086,V2017,Vernon,52r,1643-01-24,"176 p[ai]d Capt[ain] Kennywood, C[aptain] Rotherford Capt[ain] Abernaithy C[aptain] Rob[er]t Hunter & C[aptain] david Hunter Capt[ain] Reformados on foot for the severall pays for 1 mo[nth] uppon acc[oun]tt £105 - 0s - 0d","Hunter, David",Captain,foot,,,,reformado,
2087,V2267,Vernon,57v,1643-03-17,176 p[ai]d Capt[ain] david Kininmont C[aptain] Robert Rotherford C[aptain] david Hunter C[aptain] Robert Hunter & capt[ain] w[illia]m Abernethy reformado captains of Foot for ther severall paies for a mo[nths] uppon acc[oun]t at 21l each £105 - 0s - 0d,"Hunter, David",Captain,foot,,,,reformado,
2088,V2424,Vernon,61r,1643-04-13,176 p[ai]d Capt[ain] Ja[mes] douglas C[aptain] Robert Rutherford C[aptain] david Kennimonth C[aptain] david Hunter C[aptain] w[illia]m Abernethy C[aptain] w[illia]m Blare & leifft[enan]t Arthur sinclair Scot[es] reformados attending this present service toward[es] ther entertain[men]t upp[on] a[ccount] £235 - -s - -d,"Hunter, David",Captain,,,,,reformado,
2089,V2681,Vernon,66r,1643-05-26,176 p[ai]d Capt[ain] Robert Rutherford C[aptain] david Hunter C[aptain] w[illia]m Abernethy C[aptain] Robert Hunter C[aptain] Alexander [?Chyny?] cap[tain] reformados on foot for a mo[nths] pay uppon accompt £105 - -s - -d,"Hunter, David",Captain,foot,,,,reformado,
2090,V2950,Vernon,72r,1643-07-13,176 p[ai]d Capt[ain] Rutherford C[aptain] david Hunter capt[ain] Abernaithy and C[aptain] Rob[er]t Hunter 4 C[aptain] reformados of foot for 14 days pay ending 16 June £42 - 0s - 0d,"Hunter, David",Captain,foot,,,,reformado,
2091,V2017,Vernon,52r,1643-01-24,"176 p[ai]d Capt[ain] Kennywood, C[aptain] Rotherford Capt[ain] Abernaithy C[aptain] Rob[er]t Hunter & C[aptain] david Hunter Capt[ain] Reformados on foot for the severall pays for 1 mo[nth] uppon acc[oun]tt £105 - 0s - 0d","Hunter, Robert",Captain,foot,,,,reformado,
2092,V2267,Vernon,57v,1643-03-17,176 p[ai]d Capt[ain] david Kininmont C[aptain] Robert Rotherford C[aptain] david Hunter C[aptain] Robert Hunter & capt[ain] w[illia]m Abernethy reformado captains of Foot for ther severall paies for a mo[nths] uppon acc[oun]t at 21l each £105 - 0s - 0d,"Hunter, Robert",Captain,foot,,,,reformado,
2093,V2681,Vernon,66r,1643-05-26,176 p[ai]d Capt[ain] Robert Rutherford C[aptain] david Hunter C[aptain] w[illia]m Abernethy C[aptain] Robert Hunter C[aptain] Alexander [?Chyny?] cap[tain] reformados on foot for a mo[nths] pay uppon accompt £105 - -s - -d,"Hunter, Robert",Captain,foot,,,,reformado,
2094,V2950,Vernon,72r,1643-07-13,176 p[ai]d Capt[ain] Rutherford C[aptain] david Hunter capt[ain] Abernaithy and C[aptain] Rob[er]t Hunter 4 C[aptain] reformados of foot for 14 days pay ending 16 June £42 - 0s - 0d,"Hunter, Robert",Captain,foot,,,,reformado,
2095,V0918,Vernon,29r,1642-10-11,113 p[ai]d leifft[enant] Collonel will[ia]m Hunter of the same reg[imen]t for arrears & 21 dayes pay for 59 sold[ier]s endinge the 28 [Octo]bre £42 - 4s - -d,"Hunter, William",Lt-Colonel,foot,,"Robartes, Lord",,,
2096,V1642,Vernon,44r,1642-12-10,146 p[ai]d w[illia]m Hunter Capt[ain] of a compa[ny] in the said Regi[men]t as above £49 - 10s - -d,"Hunter, William",Captain,foot,,"Robartes, Lord",,,
2097,V1821,Vernon,48r,1643-01-09,113 p[ai]d w[illia]m Hunter leifften[ant] Collonel of that Regi[men]t for pay of his compa[ny] as by [th]e warr[ant] £29 - 1s - -d,"Hunter, William",Lt-Colonel,foot,,"Robartes, Lord",,,
2098,V1147,Vernon,34r,1642-11-01,133 p[ai]d Captaine Georg Hurlocke toward[es] the payment of his compa[ny] of Foot in Col[onel] Hollis reg[imen]t £30 - 0s - 0d,"Hurlocke, George",Captain,foot,,"Holles, Denzil",,,
2099,V1388,Vernon,39r,1642-11-23,38 p[ai]d Capt[ain] will[ia]m Burbz C[aptain] Jo[hn] Francis C[aptain] Richard Beaton & C[aptain] Georg Hurlocke Capt[ains] of severall foot compa[nies] late in [th]e reg[imen]t of Denzill Hollis as well for pay of themselvs 3 other private Captains latelie deseased and other officers contained in the warr[an]tt & sold[ier]s £356 - 8s - 8d,"Hurlocke, George",Captain,foot,,"Holles, Denzil",,,
2100,V3759,Vernon,84r,1644-02-05,p[ai]d Adjutant Inglish the like £21 - 0s - 0d,"Inglis, Adjutant",Adjutant,,,,,,
2101,V3122,Vernon,75r,1643-08-24,110 p[ai]d leifft[enant] Coll[onel] Inglish late leifft[enant] Coll[onel] of Coll[onel] Cholmlies Regi[men]t for 7 days £10 - 10s - 0d,"Inglis, David",Lt-Colonel,foot,,"Cholmley, Henry, Sir",,,
2102,F0273,Fenton,101r,1643-08-30,p[ai]d L[ieutenan]t Coll[onel] David English £21 - 0s - 0d,"Inglis, David",Lt-Colonel,,,,,,
2103,V3337,Vernon,78v,1643-10-14,176 p[ai]d David Inglis leifft[enant] Coll[onel] reformado £21 - 0s - 0d,"Inglis, David",Lt-Colonel,,,,,reformado,
2104,V3488,Vernon,80v,1643-11-20,176 p[ai]d david Ingles leifft[enant] Coll[onel] Reformado for 14 days uppon accompt £21 - -s - -d,"Inglis, David",Lt-Colonel,,,,,reformado,
2105,V2425,Vernon,61r,1643-04-13,"176 p[ai]d more to Capt[ain] James Barkley Cap[tain] James Boswell, leifft[enan]t Jo[hn] Home & liefften[an]t Georg Inglis scot[es] officers as above £200 - 0s - 0d","Inglis, George",Lieutenant,,,,,reformado,
2106,V2322,Vernon,58v,1643-04-12,110 p[ai]d Capt[ain] Fra[ncis] Ingoldesby the like £137 - 4s - -d,"Ingoldsby, Francis",Captain,horse,,,,,
2107,V2610,Vernon,64v,1643-05-25,110 p[ai]d C[aptain] Fra[ncis] Ingoldesby the like for [th]e officers & 43 troop[er]s ended 17 present £274 - 8s - -d,"Ingoldsby, Francis",Captain,horse,,,,,
2108,V2793,Vernon,68r,1643-06-21,110 p[ai]d C[aptain] Fra[ncis] Ingoldesbys officers & 43 troop[er]s for 14 dayes end[ing] last may £137 - 3s - -d,"Ingoldsby, Francis",Captain,horse,,,,,
2109,V2842,Vernon,69v,1643-07-12,110 p[ai]d Capt[ain] Francis Ingoldesby for 14 dayes pay for himself officers & 43 troop[er]s end[ing] [th]e 14 June £137 - 4s - 0d,"Ingoldsby, Francis",Captain,horse,,,,,
2110,V3048,Vernon,73v,1643-08-17,110 p[ai]d C[aptain] Fra[ncis] Ingoldesby the like £73 - 7s - -d,"Ingoldsby, Francis",Captain,horse,,,,,
2111,V3200,Vernon,76r,1643-08-25,110 p[ai]d C[aptain] Fra[ncis] Ingolsby [th]e like for his troope £146 - 14s - -d,"Ingoldsby, Francis",Captain,horse,,,,,
2112,V3291,Vernon,78r,1643-10-14,110 p[ai]d C[aptain] Fra[ncis] Ingolsby the like for his troop £144 - 11s - 0d,"Ingoldsby, Francis",Captain,horse,,,,,
2113,V3555,Vernon,81r,1643-12-04,110 p[ai]d Ca[ptain] Ingoldbyes troop the like £114 - 9s - 0d,"Ingoldsby, Francis",Captain,horse,,,,,
2114,V3814,Vernon,84v,1644-02-13,110 p[ai]d Capt[ain] Ingoldesby the like £104 - 6s - -d,"Ingoldsby, Francis",Captain,horse,,,,,
2115,V0886,Vernon,28v,1642-10-08,110 p[ai]d Captaine Richard Ingoldsbye for 29 dayes paye of 100 sold[ier]s in Coll[onel] Hambd[e]ns reg[imen]t to end [th]e 14 [Octo]bre £96 - 13s - 4d,"Ingoldsby, Richard",Captain,foot,,"Hampden, John",,,
2116,V3420,Vernon,79v,1643-10-24,110 p[ai]d leifft[enant] Coll[onel] Ingolsby the like for C[olonel] Hamden[es] Regi[men]t £142 - 11s - 4d,"Ingoldsby, Richard",Lt-Colonel,foot,,"Hampden, John",,,
2117,F0096,Fenton,98r,1643-06-26,p[ai]d Capt[ain] James Innis £27 - 6s - 0d,"Innes, James",Captain,,,,,,
2118,V2865,Vernon,70r,1643-07-12,180 p[ai]d Capt[ain] James Innes for 14 dayes pay for his officers & 54 troop[er]s end[ing] [th]e 9 pres[ent] £152 - 19s - -d,"Innes, James",Captain,horse,,,,,
2119,V2912,Vernon,71r,1643-07-13,186 p[ai]d Captaine Jams Innes cap[tain] of a troope of horse wounded for 14 dayes pay uppon accompt £27 - 6s - -d,"Innes, James",Captain,horse,,,,wounded,
2120,V3086,Vernon,74r,1643-08-18,186 p[ai]d C[aptain] James Innes for 7 dayes pay for his troope £73 - 6s - 6d,"Innes, James",Captain,horse,,,,,
2121,V3141,Vernon,75r,1643-08-24,186 p[ai]d C[aptain] James Innes the like for his troop £146 - 13s - 0d,"Innes, James",Captain,horse,,,,,
2122,V3303,Vernon,78r,1643-10-14,186 p[ai]d C[aptain] James Innes for his troop £139 - 13s - 0d,"Innes, James",Captain,horse,,,,,
2123,V3499,Vernon,80v,1643-11-30,186 p[ai]d C[aptain] James Innes the like for his troope £155 - 15s - 0d,"Innes, James",Captain,horse,,,,,
2124,V3643,Vernon,82v,1643-12-12,186 p[ai]d C[aptain] Jam[es] Innes wounded for 14 days pay uppon his arrear[es] £27 - 6s - 0d,"Innes, James",Captain,horse,,,,wounded,
2125,V3784,Vernon,84r,1644-02-13,186 p[ai]d C[aptain] Ja[mes] Innes the like £153 - 6s - 0d,"Innes, James",Captain,horse,,,,,
2126,V3929,Vernon,85v,1644-03-20,186 p[ai]d James Innes for a mo[nths] pay uppon his arrears as Ca[ptain] of horse £54 - 12s - -d,"Innes, James",Captain,horse,,,,,
2127,V3638,Vernon,82v,1643-12-11,186 p[ai]d leifft[enant] Coll[onel] Innes in part of his arrer[es] £42 - 0s - 0d,"Innes, John",Lt-Colonel,,,,,,
2128,V1767,Vernon,46v,1642-12-26,153 p[ai]d Capt[ain] John Inwood for pay of himself officers & 45 drago[ons] in Coll[onel] Fanes Regi[men]t beg[inning] 18 [Novem]bre inclusive £160 - 6s - 0d,"Inwood, John",Captain,dragoons,,"Vane, Colonel",,,
2129,V0210,Vernon,10v,1642-08-17,44 p[ai]d Captaine Henry Ireton for mounting 3 corporall[es] 42 more for 2 trumpeters 1 farier & 1 sadler 32 £74 - 0s - 0d,"Ireton, Henry",Captain,horse,,,,,
2130,V0211,Vernon,10v,1642-08-17,more for scarfes for his troope £30 - 0s - 0d,"Ireton, Henry",Captain,horse,,,,,
2131,V0758,Vernon,25v,1642-09-29,44 p[ai]d Capt[ain] Henry Ireton for entertainm[en]t of him self and other officers of his troop for 2 whole monthes and 7 dayes endinge the 1 [Octo]bre next £313 - 8s - 6d,"Ireton, Henry",Captain,horse,,,,,
2132,V0789,Vernon,26r,1642-10-01,44 p[ai]d Capt[ain] Henry Ireton for on mo[nths] paye for his troope of 60 harqueb[usiers] by way of imprest £349 - 6s - 0d,"Ireton, Henry",Captain,horse,,,,,
2133,V1111,Vernon,33v,1642-10-28,44 p[ai]d Capt[ain] Henry Irton for on 1/2 mo[nths] pay of his troope uppon acc[oun]tt £174 - 13s - -d,"Ireton, Henry",Captain,horse,,,,,
2134,V1200,Vernon,35r,1642-11-09,44 p[ai]d Captaine Henrye Ireton for a months pay of his troop uppon [^acc[oun]t^] £349 - 6s - -d,"Ireton, Henry",Captain,horse,,,,,
2135,V1738,Vernon,46r,1642-12-22,44 p[ai]d Capt[ain] Ireton the like £174 - 13s - -d,"Ireton, Henry",Captain,horse,,,,,
2136,V1786,Vernon,47r,1642-12-26,44 p[ai]d Capt[ain] Henry Ireton for 14 days pay of his troop uppon acc[oun]t £174 - 13s - -d,"Ireton, Henry",Captain,horse,,,,,
2137,V1850,Vernon,48v,1643-01-06,44 p[ai]d Capt[ain] Ireton the like £100 - -s - -d,"Ireton, Henry",Captain,horse,,,,,
2138,V1997,Vernon,51v,1643-01-24,44 p[ai]d C[aptain] Henry Ireton the like £349 - 6s - -d,"Ireton, Henry",Captain,horse,,,,,
2139,V3886,Vernon,85r,1644-03-02,p[ai]d Hen[ry] Isham & John Hilliard leift[enant] uppon acc[oun]t £5 - 12s - 0d,"Isham, Henry",Lieutenant,,,,,,
2140,V2022,Vernon,52r,1643-01-24,176 p[ai]d Capt[ain] James dowglas & C[aptain] Andrew Andrew Jackson Capt[ain] reformados of horse for a mo[nths] pay uppon acc[oun]tt £109 - 4s - 0d,"Jackson, Andrew",Captain,horse,,,,reformado,
2141,V2471,Vernon,61v,1643-04-28,167 p[ai]d Capt[ain] Andrew Jackson reformado attending this present service for 2 whole month[es] pay as Captaine of horse uppon acc[oun]tt £109 - 4s - -d,"Jackson, Andrew",Captain,horse,,,,reformado,
2142,F0054,Fenton,97v,1643-06-08,p[ai]d Capt[ain] Andr[ew] Jackson £40 - 0s - 0d,"Jackson, Andrew",Captain,,,,,,
2143,V0638,Vernon,22r,1642-09-07,sallery p[ai]d m[aste]r Thomas Jackson chaplaine to S[i]r w[illia]m waler for his provision of necessaries for his attendance on the reg[imen]t £20 - 0s - 0d,"Jackson, Thomas (chaplain)",Chaplain,horse,,"Waller, William, Sir",,,
2144,V1998,Vernon,51v,1643-01-24,158 p[ai]d Capt[ain] Thomas Jackson toward[es] paym[en]t of the officers & sold[ier]s of his compa[ny] in Coll[onel] langhams Regi[men]t £120 - 0s - 0d,"Jackson, Thomas, Capt",Captain,foot,,"Langham, George",,,
2145,F0313,Fenton,102r,1643-09-11,p[ai]d Capt[ain] Jackson for Coll[onel] Langhams Regim[en]t £81 - 12s - 2d,"Jackson, Thomas, Capt",Captain,,,"Langham, George",,,
2146,V1716,Vernon,45v,1642-12-21,5 p[ai]d Thomas Jenck[es] provost marshall to [th]e late reg[imen]t of Collonel Hollis for 1 mo[nths] pay ending [th]e 26 [Novem]bre at 5s p[er] diem £7 - -s - -d,"Jenckes, Thomas",Provost Marshall,foot,,"Holles, Denzil",,,
2147,V1717,Vernon,45v,1642-12-21,more as provost marshal to C[ollone]ll Skippons Regi[men]t for Irons & 1/2 a wagon £27 - -s - -d,"Jenckes, Thomas",Provost Marshall,foot,,"Skippon, Philip",,,
2148,V0473,Vernon,18r,1642-09-02,74 p[ai]d Captaine John Jenkins for a months pay of his company of 50 soldiers under Collonel Essex reg[imen]t from 24 aug[us]t £46 - 13s - 0d,"Jenkins, John",Captain,foot,,"Essex, Charles",,,
2149,V3032,Vernon,73r,1643-08-16,191 p[ai]d C[aptain] Rob[er]t Jermy for 7 days pay for his troop £78 - 8s - 0d,"Jermyn, Robert",Captain,horse,,,,,
2150,V3133,Vernon,75r,1643-08-24,191 p[ai]d C[aptain] Jermy for 14 dayes pay for his troop £156 - 16s - 0d,"Jermyn, Robert",Captain,horse,,,,,
2151,V3290,Vernon,78r,1643-10-14,191 p[ai]d C[aptain] Rob[er]t Jermine the like for his troope £156 - 16s - 0d,"Jermyn, Robert",Captain,horse,,,,,
2152,V0715,Vernon,24v,1642-09-12,101 delivered unto m[aste]r william Jessope by S[i]r Guilbert Gerrerd[es] order £500 - -s - -d,"Jessop, William",Treasurer,,,,,,
2153,V0716,Vernon,24v,1642-09-12,Rec[eived] this 500l p[er] me Will[iam] Jessop,"Jessop, William",Treasurer,,,,,,
2154,V0717,Vernon,24v,1642-09-12,101 more for him to accompt for 100l p[ai]d to Captaine Bradly uppon a warr[an]t of more monie £100 - -s - -d,"Jessop, William",Treasurer,,,,,,
2155,V0718,Vernon,24v,1642-09-12,Will[iam] Jessop,"Jessop, William",Treasurer,,,,,,
2156,V1357,Vernon,38r,1642-11-09,101 p[ai]d m[aste]r Jessope w[hi]ch he is to charge to his acc[oun]tt [th]e 9 present £100 - 0s - 0d,"Jessop, William",Treasurer,,,,,,
2157,V2390,Vernon,60r,1643-04-13,120 this warr[an]t was d[elivere]d to m[aste]r Jessope to pay the rest p[ai]d S[i]r John norrich in part of a war[ran]t of 1938.16.6 of [th]e 7 march £200 - 0s - 0d,"Jessop, William",Treasurer,,,,,,
2158,V3889,Vernon,85r,1644-03-03,176 p[ai]d Henry Johnson Ca[ptain] reformado for 14 days £7 - -s - -d,"Johnson, Henry",Captain,,,,,reformado,
2159,V3605,Vernon,82r,1643-12-08,190 p[ai]d C[aptain] william Butler C[aptain] Hugh Phillips and C[aptain] Jo[hn] Johnson £28 - 0s - 0d,"Johnson, John",Captain,,,,,,
2160,V1314,Vernon,37v,1642-11-12,p[ai]d Richard Johnson Carter for his teame & 4 horses for 9 dayes £5 - 8s - -d,"Johnson, Richard",Wagoner,artillery,,,,,
2161,V2239,Vernon,57r,1643-03-09,p[ai]d Rober Jones a wounded troop[er] in part of a warr[ant] of 9 pres[en]t of 15 £10 - 0s - 0d,"Jones, Robert",Trooper,horse,,,,wounded,
2162,V2476,Vernon,62r,1643-04-28,"168 p[ai]d unto Edward wollaston, Henry Crossly Richard Hind, Jo[hn] Baldwin, John Symond[es] Thomas Adams, Georg Ewer, George whitledge, Samuel Flesher, Thomas kelsey Thomas Chetwood, John shelby George white gent[lemen] apointed paymasters of the severall Regiment[es] of Foot in the parlim[entes] service the some of 5 pownd[es], to be given 12s to every soldier of the said Regi[men]t[es] by way of reward £5000 - 0s - 0d","Kelsey, Thomas",Paymaster,foot,,,,,
2163,V3877,Vernon,85r,1644-02-27,176 p[ai]d Adolf kenan capt[ain] reformado for 14 days £14 - -s - -d,"Kenan, Adolf",Captain,,,,,reformado,
2164,V2236,Vernon,57r,1643-03-09,60 p[ai]d nicholas Trowgood & John Kendale 2 sergeant[es] of that compa[ny] of dragoones wherof Capt[ain] Tindall was capt[ain] in part of a warr[an]t of [th]e 9 march of 28l £20 - 0s - 0d,"Kendale, John",Sergeant,dragoons,,,"Tindall, Ambrose",,
2165,V2017,Vernon,52r,1643-01-24,"176 p[ai]d Capt[ain] Kennywood, C[aptain] Rotherford Capt[ain] Abernaithy C[aptain] Rob[er]t Hunter & C[aptain] david Hunter Capt[ain] Reformados on foot for the severall pays for 1 mo[nth] uppon acc[oun]tt £105 - 0s - 0d","Kennywood, Capt",Captain,foot,,,,reformado,
2166,V1315,Vernon,37v,1642-11-12,"p[ai]d John Bruce, Thomas Robert[es] & John Kent Carters for hier of ther severall teams 21 days each £26 - 7s - -d","Kent, John",Wagoner,artillery,,,,,
2167,V3388,Vernon,79r,1643-10-16,19 p[ai]d phillip Kett for 14 days pay for 6 draft [^horses^] £10 - 10s - -d,"Kett, Philip",Wagoner,artillery,,,,,
2168,V3767,Vernon,84r,1644-02-05,p[ai]d Phillip Kett wagoner £10 - 10s - -d,"Kett, Philip",Wagoner,artillery,,,,,
2169,V3937,Vernon,85v,1644-03-22,p[ai]d Thomas Kett wagoner £5 - 5s - -d,"Kett, Thomas",Wagoner,artillery,,,,,
2170,V2204,Vernon,56r,1643-03-07,156 p[ai]d Jo[hn] Keynon anoth[e]r troop[e]r in p[ar]t of a war[rant] of 17.12.6 £10 - 0s - 0d,"Keynon, John",Trooper,horse,,,,,
2171,V0148,Vernon,9r,1642-08-13,35 more p[ai]d Capt[ain] Edward Kyehtly the like all thease 3 in on warr[an]t £74 - -s - -d,"Kightly, Edward",Captain,horse,,,,,
2172,V0187,Vernon,10r,1642-08-16,35 p[ai]d Capt[ain] Keightly for a monthes advance of his troope £349 - 6s - 0d,"Kightly, Edward",Captain,horse,,,,,
2173,V0188,Vernon,10r,1642-08-16,more for scarff[es] £30 - 0s - 0d,"Kightly, Edward",Captain,horse,,,,,
2174,V0892,Vernon,28v,1642-10-10,35 p[ai]d Captaine Keightley for 8 dayes pay of his troop to the 14 [Octo]bre £99 - 16s - -d,"Kightly, Edward",Captain,horse,,,,,
2175,V1001,Vernon,31r,1642-10-18,35 p[ai]d Captaine Keightly his troop as above £174 - 13s - -d,"Kightly, Edward",Captain,horse,,,,,
2176,V1197,Vernon,35r,1642-11-09,35 p[ai]d Captaine Edward Keightly for 1/2 a mo[nths] pay for his troop uppon acc[oun]t £174 - 13s - -d,"Kightly, Edward",Captain,horse,,,,,
2177,V1532,Vernon,42r,1642-12-05,35 p[ai]d C[aptain] Edward Keightly for 1/2 a mo[nths] pay for his troop uppon acc[oun]tt £174 - 13s - 0d,"Kightly, Edward",Captain,horse,,,,,
2178,V1533,Vernon,42r,1642-12-05,35 more p[ai]d him for another 1/2 month £174 - 13s - 0d,"Kightly, Edward",Captain,horse,,,,,
2179,V1534,Vernon,42r,1642-12-05,more p[ai]d him for 20 great saddles & furniture £50 - 0s - 0d,"Kightly, Edward",Captain,horse,,,,,
2180,V2267,Vernon,57v,1643-03-17,176 p[ai]d Capt[ain] david Kininmont C[aptain] Robert Rotherford C[aptain] david Hunter C[aptain] Robert Hunter & capt[ain] w[illia]m Abernethy reformado captains of Foot for ther severall paies for a mo[nths] uppon acc[oun]t at 21l each £105 - 0s - 0d,"Kininmont, David",Captain,foot,,,,reformado,
2181,V2424,Vernon,61r,1643-04-13,176 p[ai]d Capt[ain] Ja[mes] douglas C[aptain] Robert Rutherford C[aptain] david Kennimonth C[aptain] david Hunter C[aptain] w[illia]m Abernethy C[aptain] w[illia]m Blare & leifft[enan]t Arthur sinclair Scot[es] reformados attending this present service toward[es] ther entertain[men]t upp[on] a[ccount] £235 - -s - -d,"Kininmont, David",Captain,,,,,reformado,
2182,V2957,Vernon,72r,1643-07-13,Capt[ain] Peeter kirkady C[aptain] of foot 10.10,"Kirkady, Peter",Captain,foot,,,,,
2183,V2262,Vernon,57v,1643-03-17,49 p[ai]d Thomas Pudsey for soe much disbursed by Jams Kirle Esquire receaver of my lord g[e]n[era]ll[es] Rent[es] in Herefordshir toward[es] payment of his Regi[men]t & troope of horse £280 - -s - -d,"Kirle, James",Receiver,,,,,,
2184,V0246,Vernon,11v,1642-08-19,47 p[ai]d Captaine Robert Kirle Capt[ain] of a troope of horse for mountinge him self and his officers £280 - 0s - 0d,"Kirle, Robert",Captain,horse,,,,,
2185,V1155,Vernon,34r,1642-11-04,47 p[ai]d Capt[ain] Kerle in woster for a mo[nths] pay for himself officers & troop of 56 to begin 19 [Octo]bre £335 - 6s - 0d,"Kirle, Robert",Captain,horse,,,,,
2186,V0429,Vernon,16v,1642-08-30,68 p[ai]d M[aste]r John Knight w[hi]ch monie is to be Issued for the publicke service of the state £100 - 0s - 0d,"Knight, John",,,,,,,
2187,V1547,Vernon,42r,1642-12-05,140 Coll[onel] Georg Langham for 1/2 a mo[nths] pay for himself and the officers of his reg[imen]t endinge the 12 present inclusive £249 - 18s - 0d,"Langham, George",Colonel,foot,,,,,
2188,V1679,Vernon,45r,1642-12-19,140 p[ai]d Coll[onel] Langham for 14 dayes pay of 688 sold[ier]s of his Regi[men]t beginning [th]e 22 of november £321 - 1s - 4d,"Langham, George",Colonel,foot,,,,,
2189,V1879,Vernon,49r,1643-01-06,140 p[ai]d Collonel Georg Langham uppon acc[oun]tt of his reg[imen]t £600 - 0s - 0d,"Langham, George",Colonel,foot,,,,,
2190,V1985,Vernon,51v,1643-01-23,157 p[ai]d Capt[ain] Robert Thomson C[aptain] of a foot compa[ny] in Coll[onel] Langhams Regi[men]t toward[es] pay of the officers and soldiers of his compa[ny] uppon acc[oun]tt £120 - 0s - 0d,"Langham, George",Colonel,foot,,,,,
2191,V1998,Vernon,51v,1643-01-24,158 p[ai]d Capt[ain] Thomas Jackson toward[es] paym[en]t of the officers & sold[ier]s of his compa[ny] in Coll[onel] langhams Regi[men]t £120 - 0s - 0d,"Langham, George",Colonel,foot,,,,,
2192,V2007,Vernon,52r,1643-01-24,140 p[ai]d Collonel Georg Langham toward[es] payment of the officers and soldiers of his Regi[men]t uppon accompt £900 - 0s - 0d,"Langham, George",Colonel,foot,,,,,
2193,V2142,Vernon,55r,1643-03-02,140 p[ai]d Coll[onel] Langham for a mo[nths] pay for [th]e officers & 908 sold[ier]s of his Regi[men]t from [th]e 10th Janu[ary] to the vith Feb[ruary] 1389.5.4 p[ai]d of this in part £1200 - 0s - 0d,"Langham, George",Colonel,foot,,,,,
2194,V2341,Vernon,59r,1643-04-12,140 p[ai]d Collonel langham the like for his Regi[men]t £694 - 12s - 8d,"Langham, George",Colonel,foot,,,,,
2195,V2444,Vernon,61v,1643-04-22,[...] p[ai]d Coll[onel] langham for 7 days pay for [th]e sergeant[es] drum[mer]s Corporall[es] & sold[ier]s of his Regi[men]t uppon accompt £192 - 7s - 8d,"Langham, George",Colonel,foot,,,,,
2196,V2552,Vernon,63r,1643-05-10,140 p[ai]d Coll[onel] langham for a reward to [th]e Common soldiers of his reg[imen]t for digginge in the trenches befor Redding £20 - 0s - 0d,"Langham, George",Colonel,foot,,,,,
2197,V2616,Vernon,64v,1643-05-25,140 p[ai]d Coll[onel] Langham for a mo[nths] pay for [th]e officers & 634 sold[ier]s of his reg[imen]t end [th]e 1 June £1126 - 10s - 8d,"Langham, George",Colonel,foot,,,,,
2198,V2743,Vernon,67r,1643-06-21,140 p[ai]d Coll[onel] Langham for pay of his officers & sold[ier]s of his reg[imen]t as by [th]e warr[an]t £564 - 9s,"Langham, George",Colonel,foot,,,,,
2199,V2919,Vernon,71r,1643-07-13,140 p[ai]d Coll[onel] Langham for 14 dayes pay for his Regiment as by [th]e warr[an]t £535 - 8s - 10d,"Langham, George",Colonel,foot,,,,,
2200,F0180,Fenton,99v,1643-07-30,p[ai]d L[ieutenan]t Coll[onel] Carlton for [th]e Regim[en]t late Coll[onel] Langhams £127 - 17s - 4d,"Langham, George",Colonel,,,,,,
2201,V3137,Vernon,75r,1643-08-24,193 p[ai]d samuell Carlton leifft[enant] Coll[onel] of [th]e reg[imen]t wherof Georg Langham was Coll[onel] for 14 daies for [th]e reg[imen]t £427 - 10s - 4d,"Langham, George",Colonel,foot,,,,,
2202,F0313,Fenton,102r,1643-09-11,p[ai]d Capt[ain] Jackson for Coll[onel] Langhams Regim[en]t £81 - 12s - 2d,"Langham, George",Colonel,,,,,,
2203,V3314,Vernon,78r,1643-10-14,140 p[ai]d C[aptain] Hen[ry] langham for 14 days for [th]e reg[imen]t late Coll[onel] langhams £318 - 19s - 4d,"Langham, George",Colonel,foot,,,,,
2204,V3421,Vernon,79v,1643-10-24,56 p[ai]d major Clark [th]e like for langhams Regi[men]t £105 - 11s - 8d,"Langham, George",Colonel,foot,,,,,
2205,V3470,Vernon,80r,1643-11-17,140 p[ai]d the like for Coll[onel] Langhams Regi[men]t £348 - 5s - -d,"Langham, George",Colonel,foot,,,,,
2206,V3597,Vernon,82r,1643-12-08,140 p[ai]d a week[es] pay to the under officers & soldiers of [th]e Regi[men]t late Coll[onel] langhams £29 - 3s - 4d,"Langham, George",Colonel,foot,,,,,
2207,V3665,Vernon,83r,1643-12-18,140 p[ai]d the like for [th]e Regi[men]t late Coll[onel] langham[es] £29 - 3s - 4d,"Langham, George",Colonel,foot,,,,,
2208,V3686,Vernon,83r,1643-12-29,190 p[ai]d Coll[onel] Langhams Regi[men]t £174 - 2s - 6d,"Langham, George",Colonel,foot,,,,,
2209,V3710,Vernon,83v,1644-01-06,140 p[ai]d Coll[onel] Langhams Regi[men]t the like £31 - 4s - 2d,"Langham, George",Colonel,foot,,,,,
2210,V3728,Vernon,83v,1644-01-09,140 p[ai]d Coll[onel] Langhams Regi[men]t [th]e like £18 - 18s - 8d,"Langham, George",Colonel,foot,,,,,
2211,V3745,Vernon,84r,1644-02-05,140 p[ai]d Coll[onel] langhams Regi[men]t the like £268 - 11s - 4d,"Langham, George",Colonel,foot,,,,,
2212,V3862,Vernon,85r,1644-02-27,140 p[ai]d Coll[onel] Langhams Regi[men]t [th]e like £49 - 15s - 2d,"Langham, George",Colonel,foot,,,,,
2213,V3880,Vernon,85r,1644-02-27,p[ai]d Jo[hn] Carlton wagoner to late Coll[onel] langham £2 - 2s - -d,"Langham, George",Colonel,foot,,,,,
2214,V3903,Vernon,85r,1644-03-09,140 p[ai]d Coll[onel] langhams Regi[men]t the like £79 - 12s - 6d,"Langham, George",Colonel,foot,,,,,
2215,V3946,Vernon,85v,1644-03-23,140 p[ai]d Coll[onel] Langhams Regi[men]t [th]e like £73 - 18s - 2d,"Langham, George",Colonel,foot,,,,,
2216,V3314,Vernon,78r,1643-10-14,140 p[ai]d C[aptain] Hen[ry] langham for 14 days for [th]e reg[imen]t late Coll[onel] langhams £318 - 19s - 4d,"Langham, Henry",Captain,foot,,"Langham, George",,,
2217,V2032,Vernon,52v,1643-01-24,7 p[ai]d Timothy langly surgeon for his Cost and charges expended about the embalming the bodie of Coll[onel] charles Essex £36 - -s - -d,"Langley, Timothy",Surgeon,,,,,,
2218,V0109,Vernon,8r,1642-08-12,25 p[ai]d Captaine Hercules Langrish for providinge himself and officers as above £280 - 0s - 0d,"Langrish, Hercules",Captain,horse,,,,,
2219,V0239,Vernon,11v,1642-08-19,25 p[ai]d Capt[ain] Langrish for mounting 3 corporall[es] 42l more 32l for 2 trumpeters 1 farier & 1 sadler £74 - 0s - 0d,"Langrish, Hercules",Captain,horse,,,,,
2220,V0240,Vernon,11v,1642-08-19,mor Scarff[es] for his troope £30 - 0s - 0d,"Langrish, Hercules",Captain,horse,,,,,
2221,V0371,Vernon,15r,1642-08-27,25 p[ai]d Captaine Hercules Langrish for on months pay for his troop of 60 harqueb[usiers] to begin from the 28 day of Aug[us]t £349 - 6s - 0d,"Langrish, Hercules",Captain,horse,,,,,
2222,V0970,Vernon,30v,1642-10-14,25 p[ai]d Captaine Hercules Langrish for pay of his troope for on mo[nth] to end the 11 [Novem]bre £349 - 6s - -d,"Langrish, Hercules",Captain,horse,,,,,
2223,V1318,Vernon,37v,1642-11-14,25 p[ai]d Captaine Langreish for 1/2 a mo[nths] pay for his troope £174 - 13s - -d,"Langrish, Hercules",Captain,horse,,,,,
2224,V1663,Vernon,44v,1642-12-17,25 p[ai]d Captain  [^langresh^] for 1/2 a mo[nths] pay for his troop uppon acc[oun]tt £174 - 13s - -d,"Langrish, Hercules",Captain,horse,,,,,
2225,V1756,Vernon,46v,1642-12-26,25 p[ai]d Capt[ain] Langreish for 1/2 a mo[nths] pay for his trop upon acc[oun]tt £174 - 13s - -d,"Langrish, Hercules",Captain,horse,,,,,
2226,V1869,Vernon,49r,1643-01-06,25 p[ai]d C[aptain] Hercules Langrish toward[es] payment of his troop uppon acc[oun]tt £100 - 0s - 0d,"Langrish, Hercules",Captain,horse,,,,,
2227,V2648,Vernon,65r,1643-05-25,25 p[ai]d C[aptain] Hercules Langreish capt[ain] of a troop of drag[oons] in Coll[onel] melv[es] Regi[men]t for a mo[nths] pay for [th]e officers & 33 drag[oons] end[ing] 9 June £133 - -s - -d,"Langrish, Hercules",Captain,dragoons,,"Melve, George, Colonel",,,
2228,F0082,Fenton,98r,1643-06-23,p[ai]d Capt[ain] Hardie and Capt[ain] Langrish for [th]e use of Coll[onel] Melves Regim[en]t £319 - 19s - 0d,"Langrish, Hercules",Captain,dragoons,,"Melve, George, Colonel",,,
2229,V2960,Vernon,72r,1643-07-13,175 p[ai]d C[aptain] Fra[ncis] midleton & C[aptain] Hercules langrish Captains of 2 compa[nies] of dragoon[er]s for ther paye for 14 dayes end[ing] 7 Julie £126 - 10s - -d,"Langrish, Hercules",Captain,dragoons,,,,,
2230,V2983,Vernon,72v,1643-08-16,25 p[ai]d C[aptain] Hercules langrish the like for his troop of dragoon[er]s £28 - 10s - 6d,"Langrish, Hercules",Captain,dragoons,,,,,
2231,V3144,Vernon,75r,1643-08-24,25 p[ai]d C[aptain] Hercules Langreshe the like for his troope of dragooners £57 - 12s - -d,"Langrish, Hercules",Captain,dragoons,,,,,
2232,V3343,Vernon,78v,1643-10-14,25 p[ai]d C[aptain] langrish for his troop of dragon[er]s £56 - 2s - -d,"Langrish, Hercules",Captain,dragoons,,,,,
2233,V3518,Vernon,80v,1643-12-01,25 p[ai]d C[aptain] langresh for his compa[ny] of dragon[er]s £54 - 9s - -d,"Langrish, Hercules",Captain,horse,,,,,
2234,V3811,Vernon,84v,1644-02-13,25 p[ai]d Capt[ain] langrish dragoon[er]s £44 - 13s - 8d,"Langrish, Hercules",Captain,dragoons,,,,,
2235,V3265,Vernon,77v,1643-08-29,11 p[ai]d Robert law a Troop[er] under major Gunter in part of a warr[an]t of 11.17.6. of [th]e 27 Aug[us]t £5 - 0s - 0d,"Law, Robert",Trooper,horse,,,"Gunter, John",,
2236,V3385,Vernon,79r,1643-10-16,11 p[ai]d Robert law a troop[er] under major Gunter for remainer of a war[ran]t of the 27 Aug[us]t £6 - 17s - 6d,"Law, Robert",Trooper,horse,,,"Gunter, John",,
2237,F0156,Fenton,99r,1643-07-20,p[ai]d Capt[ain] Thomas Lawrance £10 - 10s - 0d,"Lawrence, Thomas, Capt",Captain,,,,,,
2238,V1272,Vernon,36v,1642-11-11,67 p[ai]d leifften[an]t Thomas lawrence [^for^] pay of severall officers in a compa[ny] of dragoon[er]s under Captain devoreux £16 - 16s - -d,"Lawrence, Thomas, Lt",Lieutenant,dragoons,,,"Devereux, Nicholas",,
2239,V0975,Vernon,30v,1642-10-15,115 p[ai]d Captaine Jude leigh for pay of his compa[ny] of Foot in the lord whartons reg[imen]t uppon acc[oun]tt £30 - -s - -d,"Leigh, Jude",Captain,foot,,"Wharton, Lord",,,
2240,V0366,Vernon,15r,1642-08-26,62 p[ai]d Captaine Titus leighton for a monthes pay of his compa[ny] of 67 soldiers in S[i]r w[illia]m Fairfax reg[imen]t beginning 21 present £69 - 10s - 8d,"Leighton, Titus",Captain,foot,,"Fairfax, William, Sir",,,
2241,V0455,Vernon,17v,1642-09-01,72 p[ai]d Capt[ain] Edward Levendorff for on mo[nths] pay for 87 soldiers of the g[enera]lls reg[imen]t beginning 22 aug[us]t £81 - 4s - 0d,"Levendorff, Edward",Captain,foot,,"Essex, Earl of",,,
2242,V0776,Vernon,26r,1642-09-30,72 p[ai]d Captaine leventhorpe for arrears of his compa[ny] of 83 soldiers of the g[enera]ll[es] regim[en]t & for on half mo[nths] pay to end the 14 [Octo]bre £90 - 4s - 8d,"Leventhorp, Thomas",Captain,foot,,"Essex, Earl of",,,
2243,V1920,Vernon,50r,1643-01-13,55 p[ai]d Captaine ward & Capt[ain] Leventhorp two capt[ains] of my lord g[e]n[era]ll[es] reg[imen]t uppon accompt toward[es] recrewing their compa[nies] £40 - 0s - 0d,"Leventhorp, Thomas",Captain,foot,,"Essex, Earl of",,,
2244,V2103,Vernon,54r,1643-02-20,161 p[ai]d Captaine Thomas Leventhorp & Capt[ain] ward Captains of 2 severall compa[ny] in my lord g[e]n[era]ll[es] owne Regi[men]t for leviinge of menn to recrute the comp[anie]s p[ai]d in london by w[illia]m Jessop as above £100 - 0s - 0d,"Leventhorp, Thomas",Captain,foot,,"Essex, Earl of",,,
2245,V0006,Vernon,5r,1642-08-05,4 p[ai]d Richard Lewis assigne of S[i]r william Lewis on thowsand pownd[es] to be imployed for the defence of hampshire £1000 - 0s - 0d,"Lewis, Richard",,,,,,,
2246,V0006,Vernon,5r,1642-08-05,4 p[ai]d Richard Lewis assigne of S[i]r william Lewis on thowsand pownd[es] to be imployed for the defence of hampshire £1000 - 0s - 0d,"Lewis, William, Sir",,,,,,,
2247,V0569,Vernon,20v,1642-09-05,4 p[ai]d S[i]r w[illia]m Lewis by way of imprest for the service of Portsmouth £2000 - 0s - 0d,"Lewis, William, Sir",,,,,,,
2248,V0702,Vernon,24r,1642-09-10,101 p[ai]d Captaine Thomas Lidcot for on mo[nths] entertainm[en]t for himself officers and whole troop by way of imprest £349 - 6s - -d,"Lidcot, Thomas",Captain,horse,,,,,
2249,V0745,Vernon,25r,1642-09-27,101 p[ai]d Captaine Lidcott for 1 mo[nths] pay of his troope to beginn uppon [th]e 1 [Octo]bre £349 - 6s - 0d,"Lidcot, Thomas",Captain,horse,,,,,
2250,V1137,Vernon,34r,1642-10-29,101 p[ai]d Capt[ain] Thomas lidcot toward[es] paym[en]t of his officers & troop £100 - -s - -d,"Lidcot, Thomas",Captain,horse,,,,,
2251,V1241,Vernon,36r,1642-11-11,101 p[ai]d Captaine Thomas lidcott the like £174 - 13s - 0d,"Lidcot, Thomas",Captain,horse,,,,,
2252,V1507,Vernon,41v,1642-12-03,101 p[ai]d Captaine Lidcot the 29 november upp[on] accompt £100 - -s - -d,"Lidcot, Thomas",Captain,,,,,,
2253,V1708,Vernon,45v,1642-12-20,101 p[ai]d Capt[ain] Thomas Lidcot for his troop uppon Acc[oun]tt £100 - -s - -d,"Lidcot, Thomas",Captain,horse,,,,,
2254,V1872,Vernon,49r,1643-01-06,101 p[ai]d Thomas Lydcott for his troop uppon acc[oun]tt £60 - 0s - 0d,"Lidcot, Thomas",Captain,horse,,,,,
2255,V2191,Vernon,56r,1643-03-07,101 p[ai]d Capt[ain] Lidcot in part of a warr[ant] of 200l £100 - 0s - 0d,"Lidcot, Thomas",,,,,,,
2256,V2388,Vernon,60r,1643-04-13,101 p[ai]d Capt[ain] Lidcot for a paym[en]t of his troop uppo acc[oun]t £100 - 0s - 0d,"Lidcot, Thomas",Captain,horse,,,,,
2257,V0312,Vernon,13v,1642-08-24,56 p[ai]d Captaine John Lilborne for a monthes pay of his companie of 97 menn in the regiment of my lord Brooke musterd the 18 present £90 - 10s - 8d,"Lilburne, John",Captain,foot,,"Brooke, Lord",,,
2258,F0205,Fenton,100r,1643-08-02,p[ai]d L[ieutenan]t Lindsey £114 - 4s - 0d,"Lindsey, John",Lieutenant,,,,,,
2259,V3714,Vernon,83v,1644-01-06,41 p[ai]d leift[enant] Lindsey late leifft[enant] to Ca[ptain] Hamond in part of his arreers £20 - 0s - 0d,"Lindsey, John",Lieutenant,,,,"Hammond, Thomas",,
2260,V0173,Vernon,9v,1642-08-16,40 p[ai]d John Lisle Esq[uire] 2000 to be imployed for the present service by [th]e direction and apointment of the Committee nominated by both howses or anie 3 of them for the countye of southampt[on] £2000 - 0s - 0d,"Lisle, John",,,,,,,
2261,V2935,Vernon,71v,1643-07-13,"190 p[ai]d Capt[ain] w[illia]m Butler C[aptain] John wheler C[aptain] Thomas weelin L[ieutenan]t Thomas Apleby l[ieutenan]t Humphrey Caroll Ens[ign] Fra[ncis] Carey Ens[ign] Fra[ncis] lister, Ens[ign] Henry Cony Ens[ign] mathew williams Ens[ign] James llewellen & Ens[ign] Jo[hn] Holt officers in the late Regi[men]t of S[i]r Henry Cholmlie for ther pay for 14 dayes uppon accompt £49 - 14s - -d","Lister, Francis",Ensign,foot,,"Cholmley, Henry, Sir",,,
2262,V1308,Vernon,37r,1642-11-12,p[ai]d John Little page Carter for part of his pay for 9 week[es] 2 days for his cart & horses £26 - 19s,"Littlepage, John",Wagoner,artillery,,,,,
2263,V2599,Vernon,64r,1643-05-25,19 p[ai]d Jo[hn] Littlepage & Tho[mas] Scot wagon[er]s attending [th]e traine for hier of 12 horses for [?100?] dayes from [th]e 31 [Decem]bre to [th]e 16 Aprill as by a warr[ant] - [th]e wagoners war[rantes] ar at the end of the bundell £133 - 1s - 6d,"Littlepage, John",Wagoner,artillery,,,,,
2264,V2935,Vernon,71v,1643-07-13,"190 p[ai]d Capt[ain] w[illia]m Butler C[aptain] John wheler C[aptain] Thomas weelin L[ieutenan]t Thomas Apleby l[ieutenan]t Humphrey Caroll Ens[ign] Fra[ncis] Carey Ens[ign] Fra[ncis] lister, Ens[ign] Henry Cony Ens[ign] mathew williams Ens[ign] James llewellen & Ens[ign] Jo[hn] Holt officers in the late Regi[men]t of S[i]r Henry Cholmlie for ther pay for 14 dayes uppon accompt £49 - 14s - -d","Llewellen, James",Ensign,foot,,"Cholmley, Henry, Sir",,,
2265,V0559,Vernon,20r,1642-09-05,p[ai]d Thomas Lloyd comissarie as above for his entertainm[en]t from the 17 June last inclusive to the 11 Aug[us]t inclusive beinge 56 dayes £28 - 0s - 0d,"Lloyd, Thomas",Commissary,,,,,,
2266,F0017,Fenton,97r,1643-05-30,p[ai]d Major Long £200 - 0s - 0d,"Long, Major",Major,,,,,,
2267,V0467,Vernon,17v,1642-09-02,74 p[ai]d Capt[ain] Robert longe Capt[ain] of a Compa[ny] of 70 sold[ier]s in my lord whartons reg[imen]t for on mo[nths] pay beg[innin]g 23 Aug[us]t £65 - 6s - 0d,"Long, Robert",Captain,foot,,"Wharton, Lord",,,
2268,V1116,Vernon,33v,1642-10-28,7 p[ai]d Robert Longe for a week[es] pay for the inferior officers and sold[ier]s of my Lord whartons reg[imen]t £215 - 3s - 4d,"Long, Robert",,foot,,"Wharton, Lord",,,
2269,V1599,Vernon,43v,1642-12-06,143 p[ai]d Robert longe Captaine of a foat compa[ny] late in my lord whartons Reg[imen]t for 1 mo[nths] pay for himself & sergeant ended the 2 [Decem]bre £23 - 2s - -d,"Long, Robert",Captain,foot,,"Wharton, Lord",,,
2270,V0278,Vernon,12v,1642-08-22,51 p[ai]d Captaine walter Longe captaine of a troope of horse for mounting himself and his officers £280 - -s - -d,"Long, Walter",Captain,horse,,,,,
2271,V0298,Vernon,13r,1642-08-23,51 p[ai]d Capt[ain] walter Longe for mountinge his 3 corporall[es] 42l more 2 trumpeters 1 sadler & farier 32l more for scarff[es] 30l £104 - 0s - 0d,"Long, Walter",Captain,horse,,,,,
2272,V0355,Vernon,14v,1642-08-26,51 p[ai]d Capt[ain] walter longe for on monthes pay of 60 harqueb[usiers] to begine the 20 Aug[us]t £349 - 6s - 0d,"Long, Walter",Captain,horse,,,,,
2273,V0662,Vernon,23r,1642-09-08,51 p[ai]d Capt[ain] walter Longe for 8 dayes pay for himself & officers of his troop from the 13 aug[us]t Inclusive to the 20 exclusive & 45 horses of his troope £84 - 16s - 0d,"Long, Walter",Captain,horse,,,,,
2274,V0663,Vernon,23r,1642-09-08,more for an arrear of pay due to himself & officers from the 29 Julie inclusive on w[hi]ch day his com[issi]on bears date unto the 13 of Aug[us]t exclusive on w[hi]ch day the troop was mustered £74 - 12s - -d,"Long, Walter",Captain,horse,,,,,
2275,V0738,Vernon,25r,1642-09-27,51 p[ai]d Captaine walter longe for on mo[nths] paye for himself officers and troope to begine the 17 of this instant [Septem]bre inclusive £349 - 6s - -d,"Long, Walter",Captain,horse,,,,,
2276,V1065,Vernon,32v,1642-10-27,51 p[ai]d Captaine walter longe for 1/2 a mo[nths] pay for his troope uppon accompt £174 - 13s - -d,"Long, Walter",Captain,horse,,,,,
2277,V1179,Vernon,34v,1642-11-09,51 p[ai]d Capt[ain] walter long for 1/2 a mo[nths] pay for his troop £174 - 6s - 0d,"Long, Walter",Captain,horse,,,,,
2278,V1233,Vernon,36r,1642-11-11,51 p[ai]d Captaine walter longe for 1/2 a mo[nths] pay for his troop uppon acc[oun]tt £174 - 13s - 0d,"Long, Walter",Captain,horse,,,,,
2279,V1601,Vernon,43v,1642-12-08,51 p[ai]d Captaine walter long for 1/2 mo[nths] pay for his troop £174 - 13s - -d,"Long, Walter",Captain,horse,,,,,
2280,V1757,Vernon,46v,1642-12-26,51 p[ai]d Capt[ain] walter long the like £174 - 13s - -d,"Long, Walter",Captain,horse,,,,,
2281,V1948,Vernon,50v,1643-01-26,51 p[ai]d Ca[ptain] walter long for a mo[nths] pay for his troop £349 - 6s - -d,"Long, Walter",Captain,horse,,,,,
2282,V2724,Vernon,67r,1643-06-20,51 p[ai]d Coll[onel] walter longe for his officers & 80 troop[er]s for 14 dayes end[ing] [th]e 21 June £180 - 5s - 0d,"Long, Walter",Captain,horse,,,,,
2283,V2916,Vernon,71r,1643-07-13,51 p[ai]d Coll[onel] walter Long for 14 dayes pay for [th]e officers & 80 troop[er]s end[ing] [th]e 5 July £180 - 5s - 0d,"Long, Walter",Captain,horse,,,,,
2284,V3024,Vernon,73r,1643-08-16,51 p[ai]d Coll[onel] walter long for 7 dayes paye for his troope £97 - 16s - 6d,"Long, Walter",Colonel,,,,,,
2285,V3142,Vernon,75r,1643-08-24,51 p[ai]d Coll[onel] walter longe [th]e like for his troop £195 - 13s - 0d,"Long, Walter",Captain,horse,,,,,
2286,V3400,Vernon,79r,1643-10-19,51 p[ai]d Coll[onel] walter long for his troop £182 - 14s - 0d,"Long, Walter",Captain,horse,,,,,
2287,V3568,Vernon,81v,1643-12-04,51 p[ai]d Coll[onel] long[es] troop the like £130 - 4s - 0d,"Long, Walter",Captain,horse,,,,,
2288,V3822,Vernon,84v,1644-02-13,51 p[ai]d Coll[onel] longe for his troop £127 - 1s - -d,"Long, Walter",Captain,horse,,,,,
2289,V0405,Vernon,16r,1642-08-30,80 p[ai]d Lawrence Loe surgeon to my Lord G[enera]ll and his traine for on months pay for him self and 2 mates to beginn from the 30 of Julie [?since?] £28 - 0s - 0d,"Low, Lawrence",Surgeon,,,,,,
2290,V0503,Vernon,18v,1642-09-03,80 p[ai]d Lawrence Loe surgeon to my Lord g[enera]ll[es] person & traine for his provision of phisicall & chirurgicall medicam[entes] & other necessaries £150 - 0s - 0d,"Low, Lawrence",Surgeon,,,,,,
2291,V0690,Vernon,23v,1642-09-09,30 p[ai]d lawrence Loe surgeon to his exelence for on mo[nths] pay from the [?27?] aug[us]t last £28 - -s - -d,"Low, Lawrence",Surgeon,,,,,,
2292,V0771,Vernon,25v,1642-09-30,80 p[ai]d Lawrence Loe surgeon for the g[eneralles] p[er]son for 1 mo[nths] pay for himself and mates beginning the 27 aug[us]t last £28 - 0s - 0d,"Low, Lawrence",Surgeon,,,,,,
2293,V0869,Vernon,28r,1642-10-06,80 p[ai]d Lawrence Loe my lord g[enera]ll[es] surgeon for maintenance of his bidett[es] 2 mo[nths] 7 day £14 - 14s - 0d,"Low, Lawrence",Surgeon,,,,,,
2294,V1037,Vernon,32r,1642-10-19,80 p[ai]d Lawrence Loe my lord g[enera]ll[es] surgeon toward[es] the payment of the cures of divers maimed sold[ier]s left in the Cittie £40 - 0s - 0d,"Low, Lawrence",Surgeon,,,,,,
2295,V1455,Vernon,40v,1642-11-30,80 Paid lawrence loe surgeon for monies by him expended for the sicke and wounded soldiers in Coventry & for his owne charges and supply of his chest £100 - -s - -d,"Low, Lawrence",Surgeon,,,,,,
2296,V1565,Vernon,42v,1642-12-05,80 p[ai]d Lawrence Loe surgeon to my lord G[enera]ll[es] p[er]son for pay and entertainm[en]t of himself & mates for 2 mo[nths] begining from [th]e 23 [Septem]bre last & his bidet[es] according to the warr[ant] £68 - 16s - -d,"Low, Lawrence",Surgeon,,,,,,
2297,V1898,Vernon,49v,1643-01-06,80 p[ai]d Lawrence Lowe surgeon to his Exce[llency] for pay of himself mates & bidet[es] for a mo[nth] £34 - 16s - -d,"Low, Lawrence",Surgeon,,,,,,
2298,V2469,Vernon,61v,1643-04-28,80 p[ai]d lawrence lowe surgeon uppon a war[rant] of the 2 febr[uary] £94 - 19s - 4d,"Low, Lawrence",Surgeon,,,,,,
2299,F0064,Fenton,97v,1643-06-12,p[ai]d M[aste]r Loe Chirurgion £50 - 0s - 0d,"Low, Lawrence",Surgeon,,,,,,
2300,V3177,Vernon,75v,1643-08-25,80 p[ai]d lawrenc lowe surgeon to [th]e g[e]n[era]ll[es] owne p[er]son uppon acc[oun]tt £30 - 0s - 0d,"Low, Lawrence",Surgeon,,,,,,
2301,F0080,Fenton,98r,1643-06-23,p[ai]d M[aste]r Semple Minester & M[aste]r Lugge Chirurgion £12 - 7s - 4d,"Lugg, Thomas",Surgeon,,,,,,
2302,V3026,Vernon,73r,1643-08-16,23 p[ai]d Thomas lugg surgeon [^to^] the said Regi[men]t £3 - 10s - -d,"Lugg, Thomas",Surgeon,horse,,"Meldrum, John, Colonel",,,
2303,V3218,Vernon,76v,1643-08-26,23 p[ai]d Thomas lugg surgeon of that Regi[men]t for 14 days £6 - 6s - 0d,"Lugg, Thomas",Surgeon,horse,,"Meldrum, John, Colonel",,,
2304,V0242,Vernon,11v,1642-08-19,"12 more 300l to be by his L[ordshi]p delivered unto S[i]r Oliver Luke, S[i]r Samuell Luke S[i]r Thomas Alston & S[i]r Thomas Rolt dep[uty] leifft[enants] of Bedford or anie 2 of them to be p[ai]d unto the soldiers when they ar mustered w[hi]ch monie is to be Issued to the said lord uppon acc[oun]tt £300 - 0s - 0d","Luke, Oliver, Sir",Deputy Lt Of Beds,,,,,,
2305,V0242,Vernon,11v,1642-08-19,"12 more 300l to be by his L[ordshi]p delivered unto S[i]r Oliver Luke, S[i]r Samuell Luke S[i]r Thomas Alston & S[i]r Thomas Rolt dep[uty] leifft[enants] of Bedford or anie 2 of them to be p[ai]d unto the soldiers when they ar mustered w[hi]ch monie is to be Issued to the said lord uppon acc[oun]tt £300 - 0s - 0d","Luke, Samuel, Sir",Deputy Lt Of Beds,,,,,,
2306,V0600,Vernon,21r,1642-09-06,92 p[ai]d S[i]r Samuel luke Captaine of a troop of harquebusiers for mountinge himself and officers £280 - 0s - 0d,"Luke, Samuel, Sir",Captain,horse,,,,,
2307,V0949,Vernon,30r,1642-10-12,92 p[ai]d S[i]r Samuell Luke for pay of the officers and soldiers of his troop to the 28 daye of october £212 - 1s - 6d,"Luke, Samuel, Sir",Captain,horse,,,,,
2308,V1098,Vernon,33r,1642-10-28,92 p[ai]d S[i]r Samuel luke for soe much lent my lord St John uppon acc[oun]t of his reg[imen]t in worster £200 - 0s - 0d,"Luke, Samuel, Sir",,,,,,,
2309,V1350,Vernon,38r,1642-11-16,92 p[ai]d S[i]r Samuel luke for 1/2 a mo[nths] pay to end the 12 [Novem]bre for his troope £174 - 13s,"Luke, Samuel, Sir",Captain,horse,,,,,
2310,V1503,Vernon,41v,1642-12-03,92 p[ai]d S[i]r Samuel luke for 1/2 a mo[nths] pay for his troope uppon acc[oun]tt £174 - 13s - -d,"Luke, Samuel, Sir",Captain,horse,,,,,
2311,V1693,Vernon,45r,1642-12-19,92 p[ai]d S[i]r Samuel luke for 1/2 a mo[nths] pay for his troop uppon acc[oun]tt £174 - 13s - -d,"Luke, Samuel, Sir",Captain,horse,,,,,
2312,V1854,Vernon,48v,1643-01-06,92 p[ai]d S[i]r Samuell luke [th]e like £174 - 13s - -d,"Luke, Samuel, Sir",Captain,horse,,,,,
2313,V1987,Vernon,51v,1643-01-23,92 p[ai]d S[i]r samuell luke for a whole mo[nths] pay for his troop uppon accompt £349 - 6s - -d,"Luke, Samuel, Sir",Captain,horse,,,,,
2314,V2069,Vernon,53r,1643-02-21,92 p[ai]d S[i]r Samuel luke Scoutmaster g[enera]ll for monie to be imployed in that service £150 - 0s - 0d,"Luke, Samuel, Sir",Scoutmaster General,scouts,,,,,
2315,V2195,Vernon,56r,1643-03-07,92 p[ai]d S[i]r Samuell luke in part of a warr[ant] of 349.6.0 for a mo[nths] pay for his troope £200 - 0s - 0d,"Luke, Samuel, Sir",Captain,horse,,,,,
2316,V2214,Vernon,56v,1643-03-08,92 p[ai]d S[i]r Samuell luke to be expended for [th]e service of the state £100 - -s - -d,"Luke, Samuel, Sir",,,,,,,
2317,V2315,Vernon,58v,1643-04-12,92 p[ai]d S[i]r Samuel luke the like £209 - 13s - -d,"Luke, Samuel, Sir",Captain,horse,,,,,
2318,V2380,Vernon,60r,1643-04-13,92 p[ai]d S[i]r Samuel luke toward[es] his pay as Scout m[aste]r generall uppon accompt £200 - 0s - 0d,"Luke, Samuel, Sir",Scoutmaster General,scouts,,,,,
2319,V2470,Vernon,61v,1643-04-28,92 p[ai]d S[i]r samuel luke to be imployed uppon the service uppon accompt £100 - 0s - 0d,"Luke, Samuel, Sir",,,,,,,
2320,V2507,Vernon,62v,1643-04-29,92 p[ai]d S[i]r samuel luke [th]e like & for 83 troop[er]s £79 - 12s - 6d,"Luke, Samuel, Sir",Captain,horse,,,,,
2321,V2551,Vernon,63r,1643-05-10,92 p[ai]d S[i]r samuel luke skoutmaster g[e]n[era]ll to be by him imployed for [th]e service of [th]e state uppon accompt £50 - 0s - 0d,"Luke, Samuel, Sir",Scoutmaster General,scouts,,,,,
2322,V2594,Vernon,64r,1643-05-24,92 p[ai]d S[i]r sam[ue]ll luke scout m[aste]r g[e]n[era]ll uppon acc[oun]t £50 - -s - -d,"Luke, Samuel, Sir",Scoutmaster General,scouts,,,,,
2323,V2658,Vernon,65v,1643-05-26,92 p[ai]d S[i]r Samuel luke for a mo[nths] pay for [th]e officers & 81 troop[er]s end[ing] 12 June £422 - 16s - -d,"Luke, Samuel, Sir",Captain,horse,,,,,
2324,F0014,Fenton,97r,1643-05-27,p[ai]d S[i]r Sam[uel] Luke £100 - 0s - 0d,"Luke, Samuel, Sir",,,,,,,
2325,F0050,Fenton,97v,1643-06-05,p[ai]d S[i]r Sam[uel] Luke £50 - 0s - 0d,"Luke, Samuel, Sir",,,,,,,
2326,V2744,Vernon,67r,1643-06-21,92 p[ai]d S[i]r samuel luke for 14 days pay for his officers & 81 troop[er]s end[ing] 26 present £211 - 8s - [...],"Luke, Samuel, Sir",Captain,horse,,,,,
2327,F0087,Fenton,98r,1643-06-23,p[ai]d S[i]r Sam[uel] Luke for [th]e use of his Regim[en]t of Dragoones £200 - 0s - 0d,"Luke, Samuel, Sir",Colonel,dragoons,,,,,
2328,F0105,Fenton,98v,1643-07-01,p[ai]d S[i]r Sam[uel] Luke £100 - 0s - 0d,"Luke, Samuel, Sir",,,,,,,
2329,V2878,Vernon,70r,1643-07-12,92 p[ai]d S[i]r samuell luke toward[es] defrayinge of Charges for scout[es] £200 - 0s - 0d,"Luke, Samuel, Sir",Scoutmaster General,scouts,,,,,
2330,V2913,Vernon,71r,1643-07-13,92 p[ai]d S[i]r Sam[ue]ll luke for 14 dayes pay for his officers & 81 troop[er]s end[ing] 10 July £211 - 8s - 0d,"Luke, Samuel, Sir",Captain,horse,,,,,
2331,F0127,Fenton,98v,1643-07-15,p[ai]d S[i]r Sam[uel] Luke £200 - 0s - 0d,"Luke, Samuel, Sir",,,,,,,
2332,F0215,Fenton,100r,1643-08-04,p[ai]d S[i]r Sam[uel] Luke £100 - 0s - 0d,"Luke, Samuel, Sir",,,,,,,
2333,V3050,Vernon,73v,1643-08-17,92 p[ai]d S[i]r sam[ue]ll luke [th]e like for his troope £100 - 9s - -d,"Luke, Samuel, Sir",Captain,horse,,,,,
2334,V3108,Vernon,74v,1643-08-22,92 p[ai]d S[i]r samuel Luke uppon accompt £100 - -s - -d,"Luke, Samuel, Sir",,,,,,,
2335,V3151,Vernon,75v,1643-08-25,92 S[i]r Samuell Luke for soe much allowed him by [th]e councell of warr for post[es] & other extraordinaries £154 - 0s - 0d,"Luke, Samuel, Sir",,,,,,,
2336,V3199,Vernon,76r,1643-08-25,92 p[ai]d S[i]r sam[ue]l luke [th]e like for his troop £200 - 18s - 0d,"Luke, Samuel, Sir",Captain,horse,,,,,
2337,V3328,Vernon,78v,1643-10-14,92 p[ai]d S[i]r samuell luke uppon accompt £200 - 0s - 0d,"Luke, Samuel, Sir",,,,,,,
2338,V3338,Vernon,78v,1643-10-14,92 p[ai]d S[i]r samuel luke for his troope £185 - 3s - -d,"Luke, Samuel, Sir",Captain,horse,,,,,
2339,V3463,Vernon,80r,1643-11-17,92 p[ai]d S[i]r Samuel luke uppon accompt £100 - 0s - 0d,"Luke, Samuel, Sir",,,,,,,
2340,V3497,Vernon,80v,1643-11-30,92 p[ai]d S[i]r Samuel luke Scoutm[aste]r for extraord[inary] charges £82 - 7s - 10d,"Luke, Samuel, Sir",Scoutmaster General,scouts,,,,,
2341,V3529,Vernon,81r,1643-12-01,92 p[ai]d S[i]r samuell luk[es] troop the like £182 - 7s - 0d,"Luke, Samuel, Sir",Captain,horse,,,,,
2342,V3717,Vernon,83v,1644-01-08,92 p[ai]d S[i]r samuell Luke scout m[aste]r uppon acc[oun]tt £50 - 0s - 0d,"Luke, Samuel, Sir",Scoutmaster General,scouts,,,,,
2343,V3755,Vernon,84r,1644-02-05,92 p[ai]d S[i]r samuel luke for himself and scout[es] £112 - 0s - 0d,"Luke, Samuel, Sir",Scoutmaster General,scouts,,,,,
2344,V3785,Vernon,84r,1644-02-13,92 p[ai]d S[i]r samuel luke for scout[es] uppon accompt £50 - 0s - 0d,"Luke, Samuel, Sir",Scoutmaster General,scouts,,,,,
2345,V3807,Vernon,84v,1644-02-13,92 p[ai]d S[i]r samuel luke [th]e like £183 - 15s - -d,"Luke, Samuel, Sir",Captain,horse,,,,,
2346,V3842,Vernon,84v,1644-02-19,92 p[ai]d S[i]r samuel luke uppon accompt £50 - 0s - 0d,"Luke, Samuel, Sir",,,,,,,
2347,V3878,Vernon,85r,1644-02-27,92 p[ai]d S[i]r samuel luke for scout[es] uppon acc[oun]tt £100 - 0s - 0d,"Luke, Samuel, Sir",Scoutmaster General,scouts,,,,,
2348,V3961,Vernon,86r,1644-03-23,92 p[ai]d Samuel Bedford for S[i]r samuell luke for scout[es] £56 - 0s - -d,"Luke, Samuel, Sir",Scoutmaster General,scouts,,,,,
2349,V3853,Vernon,85r,1644-02-24,p[ai]d Capta[in] Lukeman for 14 days pay for his troop £118 - 6s - 0d,"Lukeman, Capt",Captain,horse,,,,,
2350,V3111,Vernon,74v,1643-08-22,15 p[ai]d daniel Lyell provost marshall of [th]e late reg[imen]t of Coll[onel] goodwin for & toward[es] the pay of himself and men uppon acc[oun]tt £30 - -s - -d,"Lyall, Daniel",Provost Marshall,horse,,"Goodwin, Arthur",,,
2351,V2227,Vernon,56v,1643-03-09,89 p[ai]d Anthony Macham liefft[enant] to Capt[ain] Gibbons in my lord whartons Regi[men]t for a mo[nths] pay uppon accompt £5 - 12s - -d,"Macham, Anthony",Lieutenant,foot,,"Wharton, Lord","Gibbons, Devereux",,
2352,V3613,Vernon,82r,1643-12-09,122 p[ai]d malcom mackery a trooper of S[i]r Jeams Ramsies Regi[men]t £1 - 15s - 0d,"Mackery, Malcolm",Trooper,horse,,"Ramsey, James, Sir",,,
2353,V2822,Vernon,69r,1643-06-22,186 p[ai]d liefft[enant] Coll[onel] mackany for 11 dayes pay of 15 sold[ier]s of his compa[ny] to end [th]e 15 June £5 - 10s - -d,"Mackinnie, George",Lt-Colonel,foot,,,,,
2354,V0461,Vernon,17v,1642-09-01,73 p[ai]d Capt[ain] Rob[er]t Maine for a troope of 75 drago[ons] of the reg[imen]t above £157 - 10s,"Maine, Robert",Captain,dragoons,,"Browne, John, Colonel",,,
2355,V0803,Vernon,26v,1642-10-01,73 p[ai]d Capt[ain] Robert Mayne capt[ain] of a troop drago[ons] consistinge of 75 for ther arre[ar]s and 1/2 a monthes pay as before £117 - 17s - 6d,"Maine, Robert",Captain,dragoons,,,,,
2356,V0010,Vernon,5r,1642-08-06,5 p[ai]d Captaine Paule watt[es] of the regiment of my Lord Mandevill for a months advance of his intertainm[en]t £21 - 0s - 0d,"Mandeville, Lord",Colonel,foot,,,,,
2357,V0149,Vernon,9r,1642-08-13,35 p[ai]d the Lord viscount mandevill Coll[onel] of a regiment of 1200 Foot for on monthes entertainm[en]t for his self and his officers by way of imprest £1244 - 16s - 4d,"Mandeville, Lord",Colonel,foot,,,,,
2358,V0418,Vernon,16v,1642-08-30,65 p[ai]d leifften[an]t Collonel Parkinson of my lord mandevill[es] reg[imen]t for one mo[nths] pay of his company of 83 sol[diers] begininge 22 day of Aug[us]t £77 - 9s - 4d,"Mandeville, Lord",Colonel,foot,,,,,
2359,V0483,Vernon,18r,1642-09-02,77 p[ai]d Capt[ain] Henry Somersters for a mo[nths] pay of his compa[ny] of 60 sold[ier]s under my lord mandevill[es] regiment from 27 aug[us]t £56 - 0s - [...] d,"Mandeville, Lord",Colonel,foot,,,,,
2360,V0493,Vernon,18v,1642-09-03,78 p[ai]d Captaine Francis wilson for on monthes pay of his compa[ny] of 50 sold[ier]s in my lord mandevill[es] regiment from the 1 [Septem]bre present £46 - 13s - 4d,"Mandeville, Lord",Colonel,foot,,,,,
2361,V0573,Vernon,20v,1642-09-05,87 p[ai]d Capt[ain] [...] [^Osmond williams^] for on mo[nths] pay of 69 sold[ier]s of my lord mandevill[es] reg[imen]t from the 1 [Septem]bre £64 - 8s - -d,"Mandeville, Lord",Colonel,foot,,,,,
2362,V0582,Vernon,20v,1642-09-06,88 p[ai]d Captain Robert Palmer for i m[onths] pay of 70 sold[ier]s part of my lord mandevil[es] reg[imen]t from the 27 aug[us]t £65 - 6s - 8d,"Mandeville, Lord",Colonel,foot,,,,,
2363,V0584,Vernon,20v,1642-09-06,11 p[ai]d m[aste]r Symon Ash Chaplaine to my lord Mandevill for on mo[nths] advance £20 - 0s - 0d,"Mandeville, Lord",Colonel,foot,,,,,
2364,V0592,Vernon,21r,1642-09-06,89 p[ai]d Robert Goodwine for on mo[nths] pay of his compa[ny] of 64 sold[ier]s in my lord mandevill[es] regim[en]t from the 3 present £59 - 14s - 8d,"Mandeville, Lord",Colonel,foot,,,,,
2365,V0612,Vernon,21v,1642-09-06,93 p[ai]d Captain Edward wat[es] Captaine of a compa[ny] of 70 sold[ier]s in my lord mandivel[es] reg[imen]t from the 1 present £65 - 6s - 8d,"Mandeville, Lord",Colonel,foot,,,,,
2366,V0632,Vernon,22r,1642-09-07,35 p[ai]d my lord mandevill for on mo[nths] pay for the officers of his regiment from the 27 aug[us]t £542 - 16s - 0d,"Mandeville, Lord",Colonel,foot,,,,,
2367,V0633,Vernon,22r,1642-09-07,more for 11 wagons for his regim[en]t £440 - 0s - 0d,"Mandeville, Lord",Colonel,foot,,,,,
2368,V0691,Vernon,23v,1642-09-09,99 p[ai]d Capt[ain] John Drake for 1 mo[nths] pay of his companie of 55 sold[ier]s in my lord mandevill[es] reg[imen]t from [th]e 1 present £51 - 6s - 8d,"Mandeville, Lord",Colonel,foot,,,,,
2369,V0777,Vernon,26r,1642-09-30,35 p[ai]d my lord Mandevill for pay to himself officers and regiment accordinge to the warr[an]t & for an whole mo[nth] to begine 1 [Octo]bre £1005 - 3s - 4d,"Mandeville, Lord",Colonel,foot,,,,,
2370,V0852,Vernon,27v,1642-10-05,11 p[ai]d simeon Ash Champlaine to my lord mandevill[es] Regim[en]t for his pay & his servant[es] to the last [Septem]bre £14 - 14s - 0d,"Mandeville, Lord",Colonel,foot,,,,,
2371,V0950,Vernon,30r,1642-10-12,65 Paid leifftenn[an]t Collonel Parkinson for soe much due & to be due to the 14 of this instant [Octo]bre for the pay of 479 sold[ier]s in the reg[imen]t of my lord Mandevill belonginge to severall Captaines mentioned in the warr[an]tt the pay to end the 11 november next £454 - 14s - 0d,"Mandeville, Lord",Colonel,foot,,,,,
2372,V0993,Vernon,31r,1642-10-17,116 p[ai]d Capt[ain] Daniell Redman for arrears of his compa[ny] of 66 soldiers of my lord Mandevill[es] regiment & for a mo[nths] pay to [th]e 11 [Novem]bre £107 - 16s - -d,"Mandeville, Lord",Colonel,foot,,,,,
2373,V0994,Vernon,31r,1642-10-17,88 p[ai]d Robert Palmer as above for his compa[ny] of 72 sold[ier]s of the same reg[imen]t £117 - 12s - 0d,"Mandeville, Lord",Colonel,foot,,,,,
2374,V1020,Vernon,31v,1642-10-18,35 p[ai]d my lord Mandevill as captaine of a foot compa[ny] of 85 sold[ier]s for arreers and alsoe for a mo[nths] pay of the said sold[ier]s to end [th]e 11 [Novem]bre £110 - -s - -d,"Mandeville, Lord",Colonel,foot,,,,,
2375,V1332,Vernon,37v,1642-11-14,11 p[ai]d m[aste]r Symon Ash Chaplaine to the lord Mandevill for a mo[nths] pay 12.12.0 £12 - 12s - -d,"Mandeville, Lord",Colonel,foot,,,,,
2376,V1341,Vernon,38r,1642-11-14,88 p[ai]d Captaine Robert Palmer for pay of 63 sold[ier]s of his compa[ny] in my lord monchest[er]s reg[imen]t for on mo[nths] pay from the 5 [Novem]bre when the compa[ny] was mustered £58 - 16s - 0d,"Mandeville, Lord",Colonel,foot,,,,,
2377,V1342,Vernon,38r,1642-11-14,129 p[ai]d Capt[ain] Daniel Redman the like £58 - 16s - -d,"Mandeville, Lord",Colonel,foot,,,,,
2378,V1343,Vernon,38r,1642-11-14,129 p[ai]d Capt[ain] Fra[ncis] Sawyer the like for 52 sol[diers] £48 - 10s - 8d,"Mandeville, Lord",Colonel,foot,,,,,
2379,V1559,Vernon,42v,1642-12-05,140 p[ai]d the Earle of manchester for 6 week[es] pay for the officers of his reg[imen]t uppon accompt £744 - 9s - -d,"Mandeville, Lord",Colonel,foot,,,,,
2380,V2010,Vernon,52r,1643-01-24,48 p[ai]d the lord willoughby for soe much by him lent to Coll[onel] Ballard for payment of a monthes advance unto Capt[ain] manly Capt[ain] Bower C[aptain] Cracroft & C[aptain] Fowke 4 leifft[enant]s & 3 ensigns being officers of the reg[imen]t of the said Coll[onel] Ballard £119 - 0s - 0d,"Manley, Capt",Captain,foot,,"Ballard, Thomas",,,
2381,V2394,Vernon,60r,1643-04-13,p[ai]d Cornet Jo[hn] mansell for a reward for taking [th]e kings coll[our]s at hopton heath £20 - 0s - 0d,"Mansell, John",Cornet,horse,,,,,
2382,V2541,Vernon,63r,1643-05-04,68 p[ai]d leifft[enant] Euseb[us] Marbury leifft[enant] of that compa[ny] of dragon[er]s wherof Robert Turnur was Capt[ain] for an arrear of pay due to him & as a reward of his service £20 - 0s - 0d,"Marbury, Eusebus",Lieutenant,dragoons,,,"Turner, Robert",,
2383,F0079,Fenton,98r,1643-06-23,p[ai]d Capt[ain] Peter Marrow £67 - 0s - 0d,"Marrow, Peter",Captain,,,,,,
2384,V0042,Vernon,6r,1642-08-09,to S[i]r Geo[rge] Chudly 80 p[ai]d Lewis Marshall leifftennent to S[i]r Georg Chudleigh by way of imprest uppon accompt £20 - 0s - 0d,"Marshall, Lewis",Lieutenant,,,,"Chudleigh, George, Sir",,
2385,V0436,Vernon,17r,1642-09-01,sallery 5 p[ai]d m[aste]r Stephen marshall chaplaine to my lord g[enera]lls reg[imen]t for his provision and other necessaries £20 - 0s - 0d,"Marshall, Stephen",Chaplain,foot,,"Essex, Earl of",,,
2386,V0829,Vernon,27r,1642-10-04,5 p[ai]d Stephen marshall Chaplaine to my Lord G[enera]ll for himself and servant £16 - 2s - 0d,"Marshall, Stephen",Chaplain,foot,,"Essex, Earl of",,,
2387,V1264,Vernon,36v,1642-11-11,5 p[ai]d m[aste]r Marshall Chaplaine to his excell[ency] for 6 week[es] pay for himself & his mann £18 - 4s - -d,"Marshall, Stephen",Chaplain,foot,,"Essex, Earl of",,,
2388,V0093,Vernon,7v,1642-08-11,23 p[ai]d M[aste]r Henry Martine for the charge of raisinge 2000 menn whereof on thowsand for Hull uppon acc[oun]tt £2000 - 0s - 0d,"Marten, Henry",,,,,,,
2389,V0409,Vernon,16r,1642-08-30,23 p[ai]d to m[aste]r Henry Martine by way of imprest for the service of hull £70 - 0s - 0d,"Marten, Henry",,,,,,,
2390,V0629,Vernon,22r,1642-09-07,23 p[ai]d Collonel Henry Martin for leviinge 1200 men to serve in his reg[imen]t £600 - 0s - 0d,"Marten, Henry",Colonel,foot,,,,,
2391,V1274,Vernon,36v,1642-11-11,123 p[ai]d Francis martin sergeant major G[enera]ll of a brigade for 32 days pay ending the 11 present at 10s p[er] diem £16 - 0s - 0d,"Martin, Francis",Major-General of Brigade,,,,,,
2392,V3168,Vernon,75v,1643-08-25,197 p[ai]d serg[ean]t major Browne in [th]e Regi[men]t late under Coll[onel] Ballard & now Coll[onel] martins for 14 dayes pay for that Regi[men]t £334 - 7s - 4d,"Martin, Francis",Colonel,foot,,,,,
2393,F0314,Fenton,102r,1643-09-11,p[ai]d Coll[onel] Fran[cis] Martin £83 - 18s - 10d,"Martin, Francis",Colonel,,,,,,
2394,V3322,Vernon,78v,1643-10-14,123 p[ai]d Coll[onel] Fra[ncis] martine for 14 dayes for his Regi[men]t £375 - 8s - 8d,"Martin, Francis",Colonel,foot,,,,,
2395,V3465,Vernon,80r,1643-11-17,123 p[ai]d the like for Coll[onel] martins Regi[men]t £296 - 1s - [...]d,"Martin, Francis",Colonel,foot,,,,,
2396,V3601,Vernon,82r,1643-12-08,123 p[ai]d the like to Coll[onel] martins Regi[men]t £32 - 15s - 8d,"Martin, Francis",Colonel,foot,,,,,
2397,V3620,Vernon,82r,1643-12-09,123 more that day for Coll[onel] martins Regi[men]t by 3 severall accquitances £88 - 10s - 8d,"Martin, Francis",Colonel,foot,,,,,
2398,V3666,Vernon,83r,1643-12-18,123 p[ai]d the like for Coll[onel] martins Regi[men]t £32 - 15s - 8d,"Martin, Francis",Colonel,foot,,,,,
2399,V3683,Vernon,83r,1643-12-29,123 p[ai]d Coll[onel] Martins Regi[men]t [th]e like £148 - 0s - 9d,"Martin, Francis",Colonel,foot,,,,,
2400,V3707,Vernon,83v,1644-01-06,122 p[ai]d Coll[onel] Martins Regi[men]t the like £32 - 15s - 8d,"Martin, Francis",Colonel,foot,,,,,
2401,V3729,Vernon,83v,1644-01-09,123 p[ai]d Coll[onel] Martins Regi[men]t [th]e like £32 - 15s - 8d,"Martin, Francis",Colonel,foot,,,,,
2402,V3750,Vernon,84r,1644-02-05,123 p[ai]d Coll[onel] Martins Regi[men]t the like £274 - 3s - 4d,"Martin, Francis",Colonel,foot,,,,,
2403,V3860,Vernon,85r,1644-02-27,123 p[ai]d Coll[onel] Martins Regi[men]t [th]e like £49 - 18s - 8d,"Martin, Francis",Colonel,foot,,,,,
2404,V3913,Vernon,85v,1644-03-09,123 p[ai]d Coll[onel] Martins Regi[men]t the like £74 - 8s - 8d,"Martin, Francis",Colonel,foot,,,,,
2405,V3920,Vernon,85v,1644-03-09,123 for a week[es] pay for 3 sold[ier]s of Coll[onel] martins Reg[iment] £0 - 14s - -d,"Martin, Francis",Colonel,foot,,,,,
2406,V3921,Vernon,85v,1644-03-09,123 p[ai]d the provost marshall for a week[es] pay £13 - 9s - 6d,"Martin, Francis",Provost Marshall,,,,,,
2407,V3945,Vernon,85v,1644-03-23,123 p[ai]d Coll[onel] Martins Regi[men]t the like £79 - 6s - 8d,"Martin, Francis",Colonel,foot,,,,,
2408,V2740,Vernon,67r,1643-06-21,182 p[ai]d Samuell Pattison liefft[enant] of a troope of horse under S[i]r Tho[mas] Martine for & toward[es] the pay of himself officers & sold[ier]s uppon accompt £100 - 0s - 0d,"Martin, Thomas, Sir",Captain,horse,,,,,
2409,V1807,Vernon,47v,1642-12-27,155 p[ai]d Capt[ain] Bestney Mason toward[es] pay of his compa[ny] of dragoon[er]s in S[i]r Jo[hn] seton reg[imen]t £100 - 0s - 0d,"Mason, Bestney",Captain,dragoons,,"Seaton, John, Sir",,,
2410,V0320,Vernon,13v,1642-08-25,58 p[ai]d Capt[ain] Edward Massey for on months pay of 113 sold[ie]rs of the same regiment theas 3 comp[anies] beginin the 18 august £105 - 9s - 4d,"Massey, Edward",Captain,foot,,"Stamford, Earl of",,,
2411,F0296,Fenton,101v,1643-09-09,p[ai]d Coll[onel] Massey £11 - 11s - 0d,"Massey, Edward",Colonel,,,,,,
2412,F0309,Fenton,102r,1643-09-11,p[ai]d Coll[onel] Edw[ard] Massey £100 - 0s - 0d,"Massey, Edward",Colonel,,,,,,
2413,V2014,Vernon,52r,1643-01-24,w[illia]m master quarterm[aste]r of horse 12.12.0,"Master, William",Quartermaster,horse,,,,reformado,
2414,V0454,Vernon,17v,1642-09-01,71 p[ai]d Capt[ain] Cristopher mathews for on mo[nths] pay of his compa[ny] of 35 sold[ie]rs of the g[enera]lls regiment begine 22 aug[us]t £32 - 15s - 0d,"Matthews, Christopher",Captain,foot,,"Essex, Earl of",,,
2415,V0767,Vernon,25v,1642-09-30,71 p[ai]d Captaine Mathews for the arrers of his compa[ny] of 69 soldiers & alsoe for 1 1/2 months pay to end the 14 [Octo]bre £61 - 9s - 6d,"Matthews, Christopher",Captain,foot,,,,,
2416,V3461,Vernon,80r,1643-11-17,105 p[ai]d [^ma[jor] mathewes^] the like for my lord g[e]n[era]ll[es] Regiment £626 - 9s - 0d,"Matthews, Christopher",Major,foot,,"Essex, Earl of",,,
2417,V3589,Vernon,81v,1643-12-08,105 p[ai]d the like for my lord g[e]n[era]ll[es] Regi[men]t - suppose Ma[jor] Mathewes: Coll[onel] Bottell[ers] warrant £79 - 17s - 2d,"Matthews, Christopher",Major,foot,,"Essex, Earl of",,,
2418,V3649,Vernon,82v,1643-12-15,118 p[ai]d major Mathews the like for soldiers missing in my lord g[e]n[era]ll[es] Regi[men]t £13 - 16s - 6d,"Matthews, Christopher",Major,foot,,"Essex, Earl of",,,
2419,V3835,Vernon,84v,1644-02-19,118 p[ai]d major mathews for certaine sold[ier]s absent of my lord g[e]n[era]ll[es] Regi[men]t for 7 daies pay £9 - 2s - -d,"Matthews, Christopher",Major,foot,,"Essex, Earl of",,,
2420,V1036,Vernon,32r,1642-10-19,118 p[ai]d Capt[ain] Symon mathew captaine of drag[oons] uppon acc[oun]tt £70 - 0s - 0d,"Matthews, Simon",Captain,dragoons,,,,,
2421,V1423,Vernon,39v,1642-11-29,118 p[ai]d Captain Symon mathewes for 1/2 a mo[nths] paye for 30 dragoon[er]s to begin 12 [Novem]bre inclusive £64 - 8s - -d,"Matthews, Simon",Captain,dragoons,,,,,
2422,V1472,Vernon,40v,1642-12-03,118 p[ai]d Capt[ain] Symon Mathewes toward[es] payment of 32 soldiers dragone[er]s of his troop £68 - 12s - -d,"Matthews, Simon",Captain,dragoons,,,,,
2423,V1897,Vernon,49v,1643-01-06,118 p[ai]d Capt[ain] Symon Mathews for 3 weeks pay for himself officers & 44 dragoon[er]s ending [th]e 18 [Decem]bre exclusive £118 - 13s - 0d,"Matthews, Simon",Captain,dragoons,,,,,
2424,V1942,Vernon,50v,1643-01-26,118 p[ai]d Symon mathews Capt[ain] of a compa[ny] of drago[ons] for on mo[nths] pay for the officers & 44 drago[ons] begining the 18 [Decem]bre £158 - 4s - 0d,"Matthews, Simon",Captain,dragoons,,,,,
2425,V2240,Vernon,57r,1643-03-09,118 p[ai]d Capt[ain] Symon Mathewes uppon acc[oun]tt for his troop of dragoon[er]s £60 - 0s - 0d,"Matthews, Simon",Captain,dragoons,,,,,
2426,V2464,Vernon,61v,1643-04-26,118 60.18 p[ai]d Capt[ain] mathewes for [th]e under officers & 48 dragon[er]s of his troop for 14 days pay £60 - -s - -d,"Matthews, Simon",Captain,dragoons,,,,,
2427,V2538,Vernon,63r,1643-05-03,118 p[ai]d Capt[ain] mathews for 7  days for [th]e officers & 40 dragoon[er]s of his troop £26 - 5s - -d,"Matthews, Simon",Captain,dragoons,,,,,
2428,V2637,Vernon,65r,1643-05-25,118 p[ai]d C[aptain] Symond mathews for a mo[nths] pay for [th]e officers & 44 drago[ons] of his troope end[ing] 9 June £158 - 4s - 0d,"Matthews, Simon",Captain,dragoons,,,,,
2429,V0118,Vernon,8r,1642-08-12,p[ai]d Thomas Mathew and 6 other of his companions for intelligence out of Portsmouth £14 - 0s - 0d,"Matthews, Thomas",,,,,,,
2430,V2104,Vernon,54r,1643-03-02,161 p[ai]d Captaine Maynard for and toward payment of his troop of dragooners uppon accompt £100 - 0s - 0d,"Maynard, Thomas",Captain,dragoons,,,,,
2431,V2642,Vernon,65r,1643-05-25,161 p[ai]d C[aptain] maynard [th]e like for [th]e officers & 36 soldiers end[ing] as above £134 - 8s - 0d,"Maynard, Thomas",Captain,dragoons,,"Melve, George, Colonel",,,
2432,V2867,Vernon,70r,1643-07-12,161 p[ai]d C[aptain] Thomas maynard for 14 dayes for his officers & 36 dragoon[er]s end[ing] 7 July £67 - 4s - 0d,"Maynard, Thomas",Captain,dragoons,,,,,
2433,F0134,Fenton,99r,1643-07-15,p[ai]d Capt[ain] Tho[mas] Mainard £32 - 0s - 0d,"Maynard, Thomas",Captain,,,,,,
2434,V2984,Vernon,72v,1643-08-16,161 p[ai]d C[aptain] Thomas mainard the like £48 - 6s - 0d,"Maynard, Thomas",Captain,dragoons,,,,,
2435,V3167,Vernon,75v,1643-08-25,161 p[ai]d C[aptain] Tho[mas] maynard the like £96 - 12s - -d,"Maynard, Thomas",Captain,dragoons,,,,,
2436,V3377,Vernon,79r,1643-10-16,161 p[ai]d C[aptain] maynard for his compa[ny] of drago[ons] £75 - 18s - 0d,"Maynard, Thomas",Captain,dragoons,,,,,
2437,V3505,Vernon,80v,1643-11-30,161 p[ai]d C[aptain] Thomas maynard the like £71 - 8s - -d,"Maynard, Thomas",Captain,,,,,,
2438,V3821,Vernon,84v,1644-02-13,161 p[ai]d Ca[ptain] maynard drago[ons] £61 - 5s - -d,"Maynard, Thomas",Captain,dragoons,,,,,
2439,V1479,Vernon,41r,1642-12-03,137 p[ai]d Captaine John mead Capt[ain] of a compa[ny] of Foot in the Reg[imen]t of Coll[onel] Holborn for a mo[nths] pay for his officers and compa[ny] to Commenc the 25th of november £42 - -s - -d,"Mead, John",Captain,foot,,"Holborne, James",,,
2440,V1480,Vernon,41r,1642-12-03,more for levy monie of the said compa[ny] £50 - -s - -d,"Mead, John",Captain,foot,,"Holborne, James",,,
2441,V1894,Vernon,49v,1643-01-06,137 p[ai]d Capt[ain] John mede for a mo[nths] pay for the officers and sold[ier]s of his compa[ny] in Coll[onel] Holborns reg[imen]t as by [th]e warr[an]t £95 - 13s - 4d,"Mead, John",Captain,foot,,"Holborne, James",,,
2442,V3435,Vernon,79v,1643-10-27,209 p[ai]d Ca[ptain] Georg meldrom in my lord Grays Regi[men]t for his troop £157 - 3s - -d,"Meldrum, George",Captain,horse,,"Grey of Groby, Lord",,,
2443,V1580,Vernon,43r,1642-12-05,75 p[ai]d John Meldrom Capt[ain] of a troope of harqueb[usiers] uppon accompt £100 - 0s - 0d,"Meldrum, John, Colonel",Captain,horse,,,,,
2444,V1581,Vernon,43r,1642-12-05,more for 20 great sadles & furniture £50 - 0s - 0d,"Meldrum, John, Colonel",Captain,horse,,,,,
2445,V1742,Vernon,46r,1642-12-22,152 p[ai]d major John Meldrom Major to S[i]r w[illia]m Balfours reg[imen]t of horse for his pay & 25 menn of his troop to [th]e 8 present £121 - 16s - 0d,"Meldrum, John, Colonel",Major,horse,,"Balfour, William, Sir",,,
2446,V1886,Vernon,49r,1643-01-06,152 p[ai]d sergeant major John meldrom for pay of himself officers & 25 troopers for 18 days from the 9 [Decem]bre to [th]e 27 £145 - 6s - 0d,"Meldrum, John, Colonel",Major,horse,,,,,
2447,V1962,Vernon,51r,1643-01-23,152 p[ai]d major Jo[hn] Meldrom for pay of himself officers & 49 troopers for a mo[nth] begining the 29 [Decem]bre £282 - 16s - -d,"Meldrum, John, Colonel",Major,horse,,,,,
2448,V2135,Vernon,54v,1643-03-02,152 p[ai]d major meldrom for a mo[nths] pay for a mo[nths] pay for himself officers & 49 troopers begining 24 Janu[ary] £282 - 16s - -d,"Meldrum, John, Colonel",Major,horse,,,,,
2449,V2826,Vernon,69r,1643-04-10,152 p[ai]d [th]e 10 Aprill by the same order to major John meldrom to be defalked in his accompt entred by [th]e Aud[itor] £100 - -s - -d,"Meldrum, John, Colonel",Major,horse,,,,,
2450,V2387,Vernon,60r,1643-04-13,152 p[ai]d major Meldrom for 1/2 a mo[nths] pay for his troop £141 - 8s - 0d,"Meldrum, John, Colonel",Major,horse,,,,,
2451,V2482,Vernon,62r,1643-04-29,75 p[ai]d Coll[onel] Jo[hn] meldrom the like & 49 troop[er]s £48 - 16s - 0d,"Meldrum, John, Colonel",Colonel,horse,,,,,
2452,V2762,Vernon,67v,1643-06-21,75 p[ai]d John meldrum for severall payes for himself as by [th]e warr[an]t £122 - 8s - 0d,"Meldrum, John, Colonel",,,,,,,
2453,V2768,Vernon,67v,1643-06-21,75 p[ai]d Coll[onel] Jo[hn] meldrum for 14 dayes pay for himself officers & 60 troop[er]s ending [th]e 26 present £172 - 11s - -d,"Meldrum, John, Colonel",Colonel,horse,,,,,
2454,V2769,Vernon,67v,1643-06-21,23 p[ai]d m[aste]r Rob[er]t semple Chaplain of Coll[onel] Jo[hn] meldroms reg[imen]t for a mo[nths] pay for himself & servant end[ing] 12 June £12 - 2s - 8d,"Meldrum, John, Colonel",Colonel,horse,,,,,
2455,V2851,Vernon,69v,1643-07-12,75 p[ai]d Coll[onel] Jo[hn] meldrom [th]e like for his troop of 60 troop[er]s end[ing] 10 Julie £172 - 11s - -d,"Meldrum, John, Colonel",Colonel,horse,,,,,
2456,V2944,Vernon,71v,1643-07-13,23 p[ai]d m[aste]r Robert semple Champlaine to Coll[onel] Jo[hn] meldroms Regi[men]t for 14 dayes for him & his servant ending [th]e 10 Julie £6 - 1s - 4d,"Meldrum, John, Colonel",Colonel,horse,,,,,
2457,F0136,Fenton,99r,1643-07-15,p[ai]d Coll[onel] John Meldrum £21 - 0s - 0d,"Meldrum, John, Colonel",Colonel,,,,,,
2458,V3019,Vernon,73r,1643-08-16,75 p[ai]d Coll[onel] Jo[hn] meldrom for 7 daies pay for his troope £74 - 14s - 6d,"Meldrum, John, Colonel",Colonel,horse,,,,,
2459,V3025,Vernon,73r,1643-08-16,23 p[ai]d mathew miller provost marshall of Coll[onel] meldroms Regi[men]t for 7 days pay £3 - 10s - -d,"Meldrum, John, Colonel",Colonel,horse,,,,,
2460,V3026,Vernon,73r,1643-08-16,23 p[ai]d Thomas lugg surgeon [^to^] the said Regi[men]t £3 - 10s - -d,"Meldrum, John, Colonel",Colonel,horse,,,,,
2461,V3066,Vernon,73v,1643-08-18,23 p[ai]d m[aste]r Rob[er]t semple Chaplaine of S[i]r John meldroms Regi[men]t for 7 days £3 - 0s - 8d,"Meldrum, John, Colonel",Colonel,foot,,,,,Assumed Sir is error
2462,V3088,Vernon,74r,1643-08-18,75 p[ai]d Coll[onel] John meldrom for his troop & officers of his Regi[men]t £182 - 17s - -d,"Meldrum, John, Colonel",Colonel,horse,,,,,
2463,V3140,Vernon,75r,1643-08-24,75 p[ai]d Coll[onel] Jo[hn] meldrom for 14 daies for his troop £149 - 9s - -d,"Meldrum, John, Colonel",Colonel,horse,,,,,
2464,V3217,Vernon,76v,1643-08-26,23 p[ai]d mathew miller pro[vost] marsh[a]ll of Coll[onel] meldroms Regi[men]t for 14 daies pay £7 - -s - -d,"Meldrum, John, Colonel",Colonel,horse,,,,,
2465,V3218,Vernon,76v,1643-08-26,23 p[ai]d Thomas lugg surgeon of that Regi[men]t for 14 days £6 - 6s - 0d,"Meldrum, John, Colonel",Colonel,horse,,,,,
2466,V3248,Vernon,77r,1643-08-26,23 p[ai]d m[aste]r Rob[er]t semple Chaplaine to Coll[onel] meldroms Regi[men]t for 14 days £6 - 1s - 4d,"Meldrum, John, Colonel",Colonel,horse,,,,,
2467,V3391,Vernon,79r,1643-10-18,75 p[ai]d Coll[onel] John meldrom for his troop £204 - 10s - 4d,"Meldrum, John, Colonel",Colonel,horse,,,,,
2468,V3500,Vernon,80v,1643-11-30,75 p[ai]d Coll[onel] meldrom the like for his troop £200 - 13s - 4d,"Meldrum, John, Colonel",Colonel,horse,,,,,
2469,V3801,Vernon,84v,1644-02-13,75 p[ai]d Coll[onel] meldrom [th]e like £189 - 14s - -d,"Meldrum, John, Colonel",Colonel,horse,,,,,
2470,V0478,Vernon,18r,1642-09-02,75 p[ai]d S[i]r John Meldrum Commander in cheif of the forces befor Portsmouth for on months entertainm[en]t at 40s p[er] diem commencing 15 aug[us]t last £56 - 0s - 0d,"Meldrum, John, Sir",Commander in Chief at Portsmouth,,,,,,
2471,V0889,Vernon,28v,1642-10-09,75 p[ai]d S[i]r John meldrome for his paye and entertainm[en]t at 40s p[er] diem for 29 days to [th]e 1 [Octo]bre exclu[sive] £38 - -s - -d,"Meldrum, John, Sir",,,,,,,
2472,V0893,Vernon,28v,1642-10-10,24 S[i]r J[oh]n Meld[rums] regem[en]t p[ai]d the Lord Say for entertainm[en]t of himself officers & reg[imen]t of 658 sold[ier]s for on 1/2 mo[nth] to end the 28 [Octo]bre £535 - 19s - 4d,"Meldrum, John, Sir",Colonel,foot,,,,,
2473,V0936,Vernon,29v,1642-10-11,24 S[i]r J[oh]n Meldr[ums] regem[en]t p[ai]d the lord saye & seale for 14 dayes paye of 2 capt[ain]s and ther offic[er]s belonging to his Reg[imen]t to end the 28 pre[sen]t & alsoe for the pay of 141 sold[ier]s for [th]e same time £107 - 16s - 0d,"Meldrum, John, Sir",Colonel,foot,,,,,
2474,V0968,Vernon,30v,1642-10-13,75 p[ai]d S[i]r John Meldrome for 12 dayes pay to him as Collonel at 40s p[er] diem £24 - -s - -d,"Meldrum, John, Sir",Colonel,foot,,,,,
2475,V1054,Vernon,32r,1642-10-23,75 p[ai]d S[i]r John Meldrom Collonel of a regim[en]t of foot for paym[en]t of the said regiment by way of imprest £200 - -s - -d,"Meldrum, John, Sir",Colonel,foot,,,,,
2476,V1080,Vernon,32v,1642-10-27,75 p[ai]d S[i]r John Meldrom for his pay as collonel of a brigad at 40s p[er] diem at 40s p[er] diem and as collonel of a reg[imen]t at 45s for on whole mo[nth] endinge [th]e 28 [Octo]bre £119 - 0s - 0d,"Meldrum, John, Sir",Colonel,foot,,,,,
2477,V1092,Vernon,33r,1642-10-28,75 p[ai]d S[i]r John meldrom for 20 dayes pay for his whole regiment of Foot from [th]e 22 [Octo]bre to the xith november exclusive £667 - 11s - 6d,"Meldrum, John, Sir",Colonel,foot,,,,,
2478,V1219,Vernon,35v,1642-11-10,75 p[ai]d S[i]r John Meldrome for wagons allowed him as Collonell £32 - 11s - -d,"Meldrum, John, Sir",Colonel,foot,,,,,
2479,V1267,Vernon,36v,1642-11-11,75 p[ai]d S[i]r John Meldrom Collonel of a reg[imen]t of foot uppon acc[oun]t by way of imprest £400 - -s - -d,"Meldrum, John, Sir",Colonel,foot,,,,,
2480,V1293,Vernon,37r,1642-11-12,75 p[ai]d S[i]r John meldrom for guift monie of 400 sold[ier]s of his reg[imen]t £50 - 0s - 0d,"Meldrum, John, Sir",Colonel,foot,,,,,
2481,V1407,Vernon,39v,1642-11-24,75 p[ai]d S[i]r John meldrom Collonel as well for arears of himself & officers as for his pay as collonel as by [th]e warr[an]t £71 - 9s - -d,"Meldrum, John, Sir",Colonel,foot,,,,,
2482,V1505,Vernon,41v,1642-12-03,75 p[ai]d S[i]r Jo[hn] Meldrom toward[es] payment of himself officers and reg[imen]t uppon acc[oun]tt £600 - -s - -d,"Meldrum, John, Sir",Colonel,foot,,,,,
2483,V1511,Vernon,41v,1642-12-03,75 p[ai]d S[i]r John Meldrom for pay on mo[nth] uppon accompt as Coll[onel] of a reg[imen]t Coll[onel] of a brigade 119 & for maintenance of his wagons the same time at 11s.4d p[er] diem 16.4. £135 - 4s - -d,"Meldrum, John, Sir",Colonel,foot,,,,,
2484,V1680,Vernon,45r,1642-12-19,75 p[ai]d S[i]r John Meldrom for severall pays of his regim[en]t as by the warr[an]t £189 - 17s - 4d,"Meldrum, John, Sir",Colonel,foot,,,,,
2485,V1681,Vernon,45r,1642-12-19,more for an arrer to make up his last mo[nths] pay for his reg[imen]t £70 - 2s - -d,"Meldrum, John, Sir",Colonel,foot,,,,,
2486,V1883,Vernon,49r,1643-01-06,75 p[ai]d S[i]r John meldrom toward[es] paym[en]t of the officers and soldiers of his reg[imen]t £300 - 0s - 0d,"Meldrum, John, Sir",Colonel,foot,,,,,
2487,V1916,Vernon,50r,1643-01-10,75 p[ai]d S[i]r John meldrom to be given by way of reward to them that made the work[es] at Ockingham £20 - 0s - 0d,"Meldrum, John, Sir",,,,,,,
2488,V2033,Vernon,52v,1643-01-24,75 p[ai]d S[i]r Jo[hn] Meldrom for a mo[nths] pay for himself as Collonel of a brigade & coll[onel] of a reg[imen]t & Capt[ain] of a compa[ny] & for maintenance of 2 wagons & 1/2 he having formerlie rec[eive]d the some of 59.10 £75 - 16s - -d,"Meldrum, John, Sir",Colonel and Colonel of Brigade,foot,,,,,
2489,V2091,Vernon,53v,1643-03-01,75 p[ai]d [^S[i]r John^] meldrom toward[es] the charg of the worke at ockingham £30 - -s - -d,"Meldrum, John, Sir",,,,,,,
2490,V2117,Vernon,54r,1643-03-02,75 p[ai]d S[i]r John meldrom for a mo[nths] pay for the officers & 478 soldiers of his reg[imen]t £919 - 11s - -d,"Meldrum, John, Sir",Colonel,foot,,,,,
2491,V2217,Vernon,56v,1643-03-08,23 p[ai]d m[aste]r Bowles Chaplain to S[i]r John meldroms Regiment for 2 mo[nths] & a half pay from [th]e 15 [Decem]bre to the 22 Febr[uary] £28 - -s - -d,"Meldrum, John, Sir",Colonel,foot,,,,,
2492,V2265,Vernon,57v,1643-03-17,75 p[ai]d S[i]r Jo[hn] Meldrom for 1/2 a mo[nths] pay for him in severall offices £67 - 13s - 4d,"Meldrum, John, Sir",,,,,,,
2493,V2342,Vernon,59r,1643-04-12,75 p[ai]d S[i]r Jo[hn] Meldrom  the like for his Regi[men]t £529 - 1s - -d,"Meldrum, John, Sir",Colonel,foot,,,,,
2494,V2439,Vernon,61r,1643-04-22,75 p[ai]d S[i]r Jo[hn] Meldrom by way of reward for sold[ier]s workinge in [th]e aproches at Reddinge £10 - 0s - 0d,"Meldrum, John, Sir",,,,,,,
2495,V2445,Vernon,61v,1643-04-22,75 p[ai]d S[i]r Jo[hn] meldroms Regi[men]t the like £136 - 7s - 8d,"Meldrum, John, Sir",Colonel,foot,,,,,
2496,V2576,Vernon,63v,1643-05-24,75 p[ai]d S[i]r Jo[hn] meldrom for his offic[er]s & 60 troop[er]s ending 12 June £345 - 2s - -d,"Meldrum, John, Sir",Captain,horse,,,,,
2497,V2694,Vernon,66r,1643-05-25,75 p[ai]d S[i]r Jo[hn] meldrome for his owne severall pays as by the warr[an]t to [th]e 1 June. this warrent was p[ai]d in london & charged to my acc[oun]t by his Exc[ellencies] l[ette]re £465 - 2s - -d,"Meldrum, John, Sir",,,,,,,
2498,V2651,Vernon,65r,1643-05-26,75 p[ai]d S[i]r Jo[hn] Meldrom [th]e like for his officers & 318 sold[ier]s end[ing] 1 June £778 - 1s - 4d,"Meldrum, John, Sir",Colonel,foot,,,,,
2499,V2751,Vernon,67v,1643-06-21,75 p[ai]d S[i]r Jo[hn] meldrum for 14 dayes pay for [th]e officers & 318 sol[diers] of his reg[imen]t to [th]e 15 June £474 - 13s - -d,"Meldrum, John, Sir",Colonel,foot,,,,,
2500,V2897,Vernon,70v,1643-07-13,187 p[ai]d Major walter Floyd for [th]e officers & 458 soldiers of S[i]r Jo[hn] meldrums Regi[men]t for 14 dayes end[ing] 29 June £429 - 13s - 8d,"Meldrum, John, Sir",Colonel,foot,,,,,
2501,V2995,Vernon,72v,1643-08-16,147 p[ai]d Coll[onel] Aldrich for 7 days pay for the Regi[men]t that was S[i]r Jo[hn] meldroms £212 - 13s - 8d,"Meldrum, John, Sir",Colonel,foot,,,,,
2502,V3058,Vernon,73v,1643-08-18,194 p[ai]d C[aptain] Bussy Basset for 45 soldiers in S[i]r Jo[hn] meldroms Regi[men]t £7 - 10s - -d,"Meldrum, John, Sir",Colonel,foot,,,,,
2503,V2040,Vernon,52v,1643-01-24,160 p[ai]d Georg melvin Capt[ain] of a compa[ny] of drag[oons] toward[es] pay of the compa[ny] upon acc[oun]t £60 - -s - -d,"Melve, George, Capt",Captain,dragoons,,,,,
2504,V2086,Vernon,53v,1643-02-28,160 p[ai]d George Melvill Capt[ain] of a troop of dragooners of 100 men for a mo[nths] pay for himself officers & soldiers from [th]e 3 Janu[ary] £275 - 16s - -d,"Melve, George, Capt",Captain,dragoons,,,,,
2505,V2542,Vernon,63r,1643-05-04,160 p[ai]d C George melvill for 7 days pay for his under officers & 50 dragooners £31 - 10s - -d,"Melve, George, Capt",Captain,dragoons,,,,,
2506,V2625,Vernon,64v,1643-05-25,160 p[ai]d C Georg melvill for [th]e officers & 50 drago[ons] end[ing] 31 maye £168 - 0s - 0d,"Melve, George, Capt",Captain,dragoons,,,,,
2507,V2752,Vernon,67v,1643-06-21,160 p[ai]d C George melvine for 14 dayes paye for his officers & 50 dragon[er]s end[ing] 14 pres[en]t £84 - -s - -d,"Melve, George, Capt",Captain,dragoons,,,,,
2508,F0120,Fenton,98v,1643-07-14,p[ai]d Capt[ain] Geo[rge] Melvin £71 - 15s - 0d,"Melve, George, Capt",Captain,,,,,,
2509,V1296,Vernon,37r,1642-11-12,125 p[ai]d Collonel Georg mill for pay and entertainm[en]t as Collonel of a reg[imen]t of Foot to commence the 1 [Octo]bre last £42 - -s - -d,"Melve, George, Colonel",Colonel,foot,,,,,
2510,V2041,Vernon,52v,1643-01-24,158 p[ai]d peeter Hayward Capt[ain] of a compa[ny] of drag[oons] in Coll[onel] melvs reg[imen]t toward[es] pay of the said compa[ny] uppon acc[oun]tt £200 - 0s - 0d,"Melve, George, Colonel",Colonel,dragoons,,,,,
2511,V2287,Vernon,58r,1643-04-10,166 p[ai]d Coll[onel] George Melve to be by him paid to sergeant major heborne beinge soe much by him p[ai]d to some of the officers of the Army now prisoners at Oxford £30 - 0s - 0d,"Melve, George, Colonel",Colonel,,,,,,
2512,V2344,Vernon,59r,1643-04-12,166 p[ai]d Coll[onel] Melve the like for his Regi[men]t £774 - 18s - 0d,"Melve, George, Colonel",Colonel,,,,,,
2513,V2372,Vernon,59v,1643-04-12,166 p[ai]d major Bains in part of severall warent[es] for the officers of [th]e said Regi[men]t now under Collonel melves  Comand £1050 - -s - -d,"Melve, George, Colonel",Colonel,dragoons,,,,,
2514,V2429,Vernon,61r,1643-04-13,166 p[ai]d Georg melve Coll[onel] of a reg[imen]t of dragoon[er]s toward[es] his pay uppon acc[oun]tt £100 - -s - -d,"Melve, George, Colonel",Colonel,dragoons,,,,,
2515,V2503,Vernon,62v,1643-04-29,166 p[ai]d Coll[onel] Georg melve for [th]e under offic[er]s & 397 dragon[er]s of his Regi[men]t 7 days £245 - 7s - -d,"Melve, George, Colonel",Colonel,dragoons,,,,,
2516,V2638,Vernon,65r,1643-05-25,166 p[ai]d Coll[onel] George melve Coll[onel] of a reg[imen]t of drag[oons] for a mo[nths] pay for [th]e officers & 57 drag[oons] of his compa[ny] end[ing] 9 June £188 - 6s - 0d,"Melve, George, Colonel",Colonel,dragoons,,,,,
2517,V2639,Vernon,65r,1643-05-25,174 p[ai]d Jerymie Bayns major of that reg[imen]t for [th]e offic[er]s & 75 drag[oons] end[ing] as above £226 - 16s - 0d,"Melve, George, Colonel",Colonel,dragoons,,,,,
2518,V2640,Vernon,65r,1643-05-25,174 p[ai]d Thomas melve a Cap[tain] of that reg[imen]t for [th]e officers & 60 drag[oons] end[ing] as above £195 - 6s - 0d,"Melve, George, Colonel",Colonel,dragoons,,,,,
2519,V2641,Vernon,65r,1643-05-25,175 p[ai]d Fra[ncis] Midleton another Capt[ain] for [th]e officers & 27 drag[oons] end[ing] as above £120 - 8s - 0d,"Melve, George, Colonel",Colonel,dragoons,,,,,
2520,V2642,Vernon,65r,1643-05-25,161 p[ai]d C[aptain] maynard [th]e like for [th]e officers & 36 soldiers end[ing] as above £134 - 8s - 0d,"Melve, George, Colonel",Colonel,dragoons,,,,,
2521,V2643,Vernon,65r,1643-05-25,159 p[ai]d C[aptain] Rob[er]t Hardye [th]e like for [th]e officers & 88 drag[oons] end[ing] as above £254 - 2s - 0d,"Melve, George, Colonel",Colonel,dragoons,,,,,
2522,V2644,Vernon,65r,1643-05-25,166 p[ai]d Robert Fogg Chaplaine of [th]e said reg[imen]t for his & his mans pay end[ing] 23 may £35 - 16s - 6d,"Melve, George, Colonel",Colonel,dragoons,,,,,
2523,V2648,Vernon,65r,1643-05-25,25 p[ai]d C[aptain] Hercules Langreish capt[ain] of a troop of drag[oons] in Coll[onel] melv[es] Regi[men]t for a mo[nths] pay for [th]e officers & 33 drag[oons] end[ing] 9 June £133 - -s - -d,"Melve, George, Colonel",Colonel,dragoons,,,,,
2524,F0036,Fenton,97r,1643-06-05,p[ai]d Coll[onel] Geo[rge] Melve £42 - 0s - 0d,"Melve, George, Colonel",Colonel,,,,,,
2525,V2799,Vernon,68v,1643-06-22,166 p[ai]d Coll[onel] Georg melve for 14 dayes pay for the officers & 57 drago[ons] of his compa[ny] end[ing] 23 June £94 - 3s - -d,"Melve, George, Colonel",Colonel,dragoons,,,,,
2526,V2812,Vernon,68v,1643-06-22,174 p[ai]d major Baynes for 14 dayes pay of [th]e officers & 75 drago[ons] in Coll[onel] melves Regi[men]t end[ing] 23 June £113 - 8s - -d,"Melve, George, Colonel",Colonel,dragoons,,,,,
2527,F0082,Fenton,98r,1643-06-23,p[ai]d Capt[ain] Hardie and Capt[ain] Langrish for [th]e use of Coll[onel] Melves Regim[en]t £319 - 19s - 0d,"Melve, George, Colonel",Colonel,dragoons,,,,,
2528,V3246,Vernon,77r,1643-08-26,166 p[ai]d Coll[onel] Georg Melve toward[es] his arrears £100 - 0s - 0d,"Melve, George, Colonel",Colonel,dragoons,,,,,
2529,V3875,Vernon,85r,1644-02-27,125 p[ai]d Georg Mill Coll[onel] reformado £21 - 0s - 0d,"Melve, George, Colonel",Colonel,,,,,reformado,
2530,V2640,Vernon,65r,1643-05-25,174 p[ai]d Thomas melve a Cap[tain] of that reg[imen]t for [th]e officers & 60 drag[oons] end[ing] as above £195 - 6s - 0d,"Melve, Thomas",Captain,dragoons,,"Melve, George, Colonel",,,
2531,V2800,Vernon,68v,1643-06-22,174 p[ai]d Capt[ain] Thomas melve the like for officers 60 drago[ons] end[ing] 23 June £97 - 13s - -d,"Melve, Thomas",Captain,dragoons,,,,,
2532,V2936,Vernon,71v,1643-07-13,174 p[ai]d Capt[ain] Thomas Melve for 14 dayes pay for his officers & 60 dragoon[er]s to end the 7 Julie £97 - 13s - -d,"Melve, Thomas",Captain,dragoons,,,,,
2533,V3018,Vernon,73r,1643-08-16,174 p[ai]d Ca[ptain] Thomas melve for 7 days pay for his compa[ny] of dragoon[er]s £42 - 10s - 6d,"Melve, Thomas",Captain,dragoons,,,,,
2534,V3166,Vernon,75v,1643-08-25,174 p[ai]d C[aptain] Tho[mas] melve for 14 daies for his compa[ny] of dragooners £85 - 12s - -d,"Melve, Thomas",Captain,dragoons,,,,,
2535,V3378,Vernon,79r,1643-10-16,174 p[ai]d C[aptain] Tho[mas] melve for his compa[ny] of drago[ons] £75 - 12s - 0d,"Melve, Thomas",Captain,dragoons,,,,,
2536,V3551,Vernon,81r,1643-12-04,174 p[ai]d Capt[ain] Thomas milve for 14 days for his company of dragooners £70 - 7s - 0d,"Melve, Thomas",Captain,dragoons,,,,,
2537,V3808,Vernon,84v,1644-02-13,174 p[ai]d Ca[ptain] Melvs for his troop of dragooners £64 - 17s - 4d,"Melve, Thomas",Captain,dragoons,,,,,
2538,V2166,Vernon,55v,1643-03-04,162 p[ai]d Captaine daniell welky & Captaine Robert melvill captains of foot compa[nies] for on mo[nths] pay uppon acc[oun]tt being presentlie to be imployed in the service in North hampton shir £42 - -s - -d,"Melvill, Robert",Captain,foot,,,,,
2539,V2369,Vernon,59v,1643-04-12,123 p[ai]d Capt[ain] melvine for 1 / 2 a mo[nths] pay for his officers & dragon[er]s £100 - -s - -d,"Melvin, Capt",Captain,dragoons,,,,,
2540,V3812,Vernon,84v,1644-02-13,123 p[ai]d Capt[ain] Melvin for his troop £106 - 1s - 0d,"Melvin, Capt",Captain,dragoons,,,,,
2541,V1255,Vernon,36r,1642-11-11,123 p[ai]d sergeant major Melvian sergeant major of horse beinge on of the scot[es] offic[er]s latelie intertaind in the service for one mo[nths] pay as sergeant major & captaine £71 - 8s - 0d,"Melvin, David",Major,horse,,,,,
2542,V1509,Vernon,41v,1642-12-03,123 p[ai]d sergeant major melvine for on mo[nths] pay as sergeant major & Capt[ain] reformado endinge [th]e 28 [Novem]bre £71 - 8s - -d,"Melvin, David",Major,,,,,reformado,
2543,V2498,Vernon,62r,1643-04-29,123 p[ai]d major david melvin reformado for 2 mo[nths] pay as major & Capt[ain] of horse £142 - 16s - 0d,"Melvin, David",Major,horse,,,,reformado,
2544,V3252,Vernon,77r,1643-08-27,202 p[ai]d major david melve for 14 day for his troop £169 - 10s - 6d,"Melvin, David",Major,dragoons,,,,,
2545,V3401,Vernon,79r,1643-10-19,123 p[ai]d major Melvin for his troop £152 - 19s - 0d,"Melvin, David",Major,dragoons,,,,,
2546,V3498,Vernon,80v,1643-11-30,123 p[ai]d major melvin for 14 days pay for his troop £115 - 17s - 0d,"Melvin, David",Major,dragoons,,,,,
2547,V0915,Vernon,29r,1642-10-11,112 p[ai]d Capt[ain] John Mercer of the same reg[imen]t for 42 sold[ier]s 14 dayes to end the 28 pres[en]t £19 - 12s - 0d,"Mercer, John",Captain,foot,,"Robartes, Lord",,,
2548,V0336,Vernon,14r,1642-08-25,4 p[ai]d W[illia]m Mercer leiff[tenan]te to Captain urry who was formerlie listed in the Irish service & rec[eived] 12l & now doth attend this service for whose mountinge he was ordred 60l abatinge 12 rest £48 - 0s - 0d,"Mercer, William",Lieutenant,horse,,,"Urry, John, Sir",,
2549,F0143,Fenton,99r,1643-07-17,p[ai]d Capt[ain] Edw[ard] Miridith £50 - 0s - 0d,"Meredith, Edward",Captain,,,,,,
2550,V0011,Vernon,5r,1642-08-06,6 p[ai]d Captaine Peeter Merford of the regiment of Collonell Ballard for a months advance of his intertainment £21 - -s - -d,"Merford, Peter",Captain,foot,,"Ballard, Thomas",,,
2551,V0171,Vernon,9v,1642-08-16,40 p[ai]d S[i]r John mericke Collonel of 1200 menn for advance of one 1/2 months pay 829.10./ for the surgeons chest 15 marshall Irons 7l £851 - 10s - 0d,"Meyrick, John, Sir",Colonel,foot,,,,,
2552,V0172,Vernon,9v,1642-08-16,more for provision of wagons by way of imprest £30 - 0s - 0d,"Meyrick, John, Sir",Colonel,foot,,,,,
2553,V0403,Vernon,16r,1642-08-30,40 p[ai]d S[i]r John Merricke for his pay of sergeant Major G[enera]ll of the army for on mo[nths] pay vizt from the 30 of Julie inclusive to the 28th of Aug[us]t Exclusive beinge 1 month of 28 dayes 56l & for his pay due to him as president of [th]e councell of warr the same time 21l £77 - 0s - 0d,"Meyrick, John, Sir",Major-General and President of Council of War,foot,,,,,
2554,V0538,Vernon,19v,1642-09-05,40 p[ai]d Collonell Merricke for 11 wagons £440 - 0s - 0d,"Meyrick, John, Sir",Colonel,foot,,,,,
2555,V0539,Vernon,19v,1642-09-05,40 more p[ai]d him for on mo[nths] pay for himself & certaine officers £74 - 4s - 0d,"Meyrick, John, Sir",Colonel,foot,,,,,
2556,V0617,Vernon,21v,1642-09-06,40 p[ai]d S[i]r John merricke for 2 wagons as sergant major G[enera]ll £80 - 0s - 0d,"Meyrick, John, Sir",Major-General,foot,,,,,
2557,V0818,Vernon,27r,1642-10-03,40 p[ai]d S[i]r John merricke for 35 dayes pay as sergeant major gen[era]ll of the Army at 40s p[er] diem and for his pay as president of the councell of warr In all £96 - 5s - 0d,"Meyrick, John, Sir",Major-General and President of Council of War,foot,,,,,
2558,V0819,Vernon,27r,1642-10-03,"more as collonell of a regim[en]t, & captaine of a compa[ny] &c. £18 - 11s - 0d","Meyrick, John, Sir",Colonel,foot,,,,,
2559,V1154,Vernon,34r,1642-11-04,40 p[ai]d to the companies of S[i]r John merrick[es] Reg[imen]t in woster by [th]e governer Essex order £750 - 0s - 0d,"Meyrick, John, Sir",Colonel,foot,,,,,
2560,V1210,Vernon,35v,1642-11-10,40 p[ai]d sergeant major g[enera]ll Mericke for his owne severall payes & other officers £151 - 4s - -d,"Meyrick, John, Sir",Major-General,foot,,,,,
2561,V1396,Vernon,39r,1642-11-24,40 p[ai]d S[i]r John merricke for his severall pays as by [th]e warr[an]t £55 - 0s - 0d,"Meyrick, John, Sir",,,,,,,
2562,V1658,Vernon,44v,1642-12-12,40 p[ai]d S[i]r John Merricke for a whole mo[nths] pay as coll[onel] of a Regi[men]t & other paym[entes] as by [th]e war[rant] £74 - 4s - -d,"Meyrick, John, Sir",Colonel,foot,,,,,
2563,V1831,Vernon,48r,1643-01-09,40 p[ai]d S[i]r John Merricke for a mo[nths] pay beginning the 18 [Novem]bre at 5l p[er] diem as gennerall of the ordinance £140 - 0s - 0d,"Meyrick, John, Sir",General,artillery,,,,,
2564,V1832,Vernon,48r,1643-01-09,more for other severall pays as by [th]e warr[an]tt £74 - 4s - 0d,"Meyrick, John, Sir",,,,,,,
2565,V2272,Vernon,57v,1643-03-18,40 p[ai]d S[i]r Jo[hn] merricke for severall payes belonging to him self as by [th]e warr[an]t £214 - 4s - 0d,"Meyrick, John, Sir",,,,,,,
2566,F0073,Fenton,98r,1643-06-19,p[ai]d S[i]r John Merricke kn[igh]t £140 - 0s - 0d,"Meyrick, John, Sir",,,,,,,
2567,V2898,Vernon,70v,1643-07-13,40 p[ai]d S[i]r John merricke for 14 dayes pay as gennerall of the ordinance end[ing] 23 febr[uary] £70 - -s - -d,"Meyrick, John, Sir",General,artillery,,,,,
2568,V2899,Vernon,70v,1643-07-13,40 more as Coll[onel] & captaine of a of a Regi[men]t & compa[ny] of foot for 14 dayes pay to beginn [th]e 21 Janu[ary] £31 - 10s - -d,"Meyrick, John, Sir",Colonel,foot,,,,,
2569,V3099,Vernon,74v,1643-08-21,40 p[ai]d S[i]r Jo[hn] merricke G[e]n[era]ll off the ordinance for 7 dayes entertainm[en]t uppon acc[oun]tt £35 - 0s - 0d,"Meyrick, John, Sir",General,artillery,,,,,
2570,V3253,Vernon,77r,1643-08-27,40 p[ai]d S[i]r Jo[hn] merrick for his severall payes for 14 dayes £101 - 10s - 0d,"Meyrick, John, Sir",,,,,,,
2571,V3254,Vernon,77r,1643-08-27,more for 7 dayes as Coll[onel] & Capt[ain] of a reg[imen]t of [^foot^] £15 - 15s - -d,"Meyrick, John, Sir",Colonel,foot,,,,,
2572,V3355,Vernon,78v,1643-10-16,40 p[ai]d S[i]r Jo[hn] merricke for severall paies £101 - 10s - -d,"Meyrick, John, Sir",,,,,,,
2573,V3481,Vernon,80r,1643-11-20,40 p[ai]d S[i]r Jo[hn] merricke for 14 days severall pays £101 - 10s - -d,"Meyrick, John, Sir",,,,,,,
2574,V3761,Vernon,84r,1644-02-05,40 p[ai]d S[i]r John merrick [th]e like £70 - 0s - 0d,"Meyrick, John, Sir",,,,,,,
2575,V2427,Vernon,61r,1643-04-13,176 p[ai]d Cornet david midleton for pay due to him as a reformado Cornet of horse uppon acc[oun]tt £30 - 0s - 0d,"Middleton, David, Cornet",Cornet,horse,,,,reformado,
2576,V2680,Vernon,66r,1643-05-26,176 p[ai]d Capt[ain] James Berkcley C[aptain] Robert more C[aptain] Jams Boswell Reformado captains of horse Capt[ain] david midleton Cornet of horse & Capt[ain] Robert [?prime?] Cap[tain] of Foat for & toward[es] the pay due unto them uppon accompt £200 - -s - -d,"Middleton, David, Cornet",Cornet,horse,,,,,
2577,V1627,Vernon,44r,1642-12-10,176 p[ai]d Capt[ain] David Traile Capt[ain] w[illia]m Abernethy C[aptain] Robert Rutherford Ensigne w[illia]m blare Ensigne Georg Borthick & Ensigne David midleton latelie entertaind as reformados in this exp[edition] for a whol mo[nths] pay uppon acc[oun]tt £75 - 12s - -d,"Middleton, David, Ensign",Ensign,foot,,,,reformado,
2578,V2020,Vernon,52r,1643-01-24,Capt[ain] Francis midleton 21.0.0,"Middleton, Francis",Captain,foot,,,,reformado,
2579,V2641,Vernon,65r,1643-05-25,175 p[ai]d Fra[ncis] Midleton another Capt[ain] for [th]e officers & 27 drag[oons] end[ing] as above £120 - 8s - 0d,"Middleton, Francis",Captain,dragoons,,"Melve, George, Colonel",,,
2580,V2960,Vernon,72r,1643-07-13,175 p[ai]d C[aptain] Fra[ncis] midleton & C[aptain] Hercules langrish Captains of 2 compa[nies] of dragoon[er]s for ther paye for 14 dayes end[ing] 7 Julie £126 - 10s - -d,"Middleton, Francis",Captain,dragoons,,,,,
2581,F0137,Fenton,99r,1643-07-15,p[ai]d Capt[ain] Fran[cis] Middleton £21 - 0s - 0d,"Middleton, Francis",Captain,,,,,,
2582,V2992,Vernon,72v,1643-08-16,175 p[ai]d C[aptain] Fra[ncis] midleton for 7 days for his compa[ny] of dragoon[er]s £36 - 4s - 4d,"Middleton, Francis",Captain,dragoons,,,,,
2583,V3174,Vernon,75v,1643-08-25,175 p[ai]d C[aptain] Fra[ncis] Midleton for 14 daies pay for his compa[ny] of dragooners £72 - 9s - -d,"Middleton, Francis",Captain,dragoons,,,,,
2584,V3376,Vernon,79r,1643-10-16,125 p[ai]d Coll[onel] Jo[hn] midleton for pay of a compa[ny] of dragoon[er]s late under pay of C[aptain] Fra[ncis] midleton £66 - 17s - 0d,"Middleton, Francis",Captain,dragoons,,,,,
2585,V3639,Vernon,82v,1643-12-11,125 p[ai]d Thomas Crowther Cornet to C midleton for pay of himself and on dragoner £4 - 11s - 0d,"Middleton, Francis",Captain,dragoons,,,,,
2586,V3670,Vernon,83r,1643-12-18,125 p[ai]d Thomas Crowther Cornet to late C[aptain] midletons compa[ny] of dragoners for pay of certaine dragoners of that troop £7 - 18s - 0d,"Middleton, Francis",Captain,dragoons,,,,,
2587,V1035,Vernon,32r,1642-10-19,60 p[ai]d Captain Ambrose Tindall for 15 days pay for his compa[ny] of 60 drag[oons] in Collonel Midletons reg[imen]t to end [th]e 28 [Octo]bre £67 - 0s - 0d,"Middleton, John",Colonel,dragoons,,,,,
2588,V1039,Vernon,32r,1642-10-19,18 p[ai]d James Cooke surgeon to Collonel Midleton for soe much advanced to furnish his chest himself & mates £27 - 0s - 0d,"Middleton, John",Colonel,dragoons,,,,,
2589,V1126,Vernon,33v,1642-10-29,60 p[ai]d Capt[ain] Ambrose Tindall captain of a troop of dragon[er]s in Coll[onel] midletons reg[imen]t for 15 days to [th]e 29 [Octo]bre £35 - 5s - 0d,"Middleton, John",Colonel,dragoons,,,,,
2590,V1127,Vernon,33v,1642-10-29,68 p[ai]d Capt[ain] Robert Turner as above £35 - 5s - 0d,"Middleton, John",Colonel,dragoons,,,,,
2591,V1128,Vernon,33v,1642-10-29,67 p[ai]d Capt[ain] Nicholas Devoreux as above £35 - 5s - 0d,"Middleton, John",Colonel,dragoons,,,,,
2592,V1136,Vernon,34r,1642-10-29,125 p[ai]d Collonel midleton Collonel of a reg[imen]t of dragon[er]s for 15 dayes pay for officers & sold[ier]s the collonel excepted & 90 sol[dier]s belonginge to his owne troope £198 - 4s - 6d,"Middleton, John",Colonel,dragoons,,,,,
2593,V1146,Vernon,34r,1642-11-01,125 p[ai]d Collonel John midleton toward[es] paym[en]t of his troope of 80 harq[uebusiers] £100 - 0s - 0d,"Middleton, John",Captain,horse,,,,,
2594,V1294,Vernon,37r,1642-11-12,125 p[ai]d Phillip Cotton provost marshall to Coll[onel] midletons reg[imen]t of dragooners for pay £3 - 10s - -d,"Middleton, John",Colonel,dragoons,,,,,
2595,V1295,Vernon,37r,1642-11-12,p[ai]d Richard Grevill quartermaster to the said reg[imen]t £3 - 10s - -d,"Middleton, John",Colonel,dragoons,,,,,
2596,V1298,Vernon,37r,1642-11-12,125 p[ai]d S[i]r John midleton by way of imprest for that Reg[imen]t that was my lord Fildings £200 - 0s - 0d,"Middleton, John",Colonel,horse,,,,,Assumed Sir is error
2597,V1386,Vernon,39r,1642-11-23,125 p[ai]d w[illia]m Bickerton wagon m[aste]r to Collonel midletons Reg[imen]t of dragooners for his hier of his team & six horses as by his warr[an]t appears 60 wherof he rec[eive]d 20 rest[es] £40 - 2s - 3d,"Middleton, John",Colonel,dragoons,,,,,
2598,V1400,Vernon,39r,1642-11-24,125 p[ai]d Collonel John midleton for his pay wagons & other things contained in the warr[an]t £340 - -s - -d,"Middleton, John",Colonel,,,,,,
2599,V1401,Vernon,39r,1642-11-24,125 p[ai]d w[illia]m Bickerton for his pay as wagon m[aste]r to Collonel midletons reg[imen]t of drag[oon]s by 2 warr[an]ts £4 - 4s - -d,"Middleton, John",Colonel,dragoons,,,,,
2600,V1402,Vernon,39r,1642-11-24,125 p[ai]d Richard Grevill quarter m[aste]r of that reg[imen]t for his pay for 14 days at 5s p[er] diem from [th]e 10 present £3 - 10s - -d,"Middleton, John",Colonel,dragoons,,,,,
2601,V1500,Vernon,41v,1642-12-03,125 p[ai]d Coll[onel] Midleton for on mo[nths] pay for his troop of 70 harquebusiers uppon acc[oun]tt £384 - 6s - -d,"Middleton, John",Colonel,horse,,,,,
2602,V1501,Vernon,41v,1642-12-03,more for 20 great saddles & furniture £50 - -s - -d,"Middleton, John",Colonel,horse,,,,,
2603,V1548,Vernon,42r,1642-12-05,125 p[ai]d m[aste]r John Symond[es] chaplaine to Coll[onel] Middletons Reg[imen]t for his provision of necessaries £20 - -s - -d,"Middleton, John",Colonel,horse,,,,,
2604,V1576,Vernon,43r,1642-12-05,60 p[ai]d Ambrose Tindall late Captaine of a compa[ny] of dragooners in Coll[onel] midletons reg[imen]t for his pay for 37 days to [th]e 4 [Decem]bre £37 - -s - -d,"Middleton, John",Colonel,dragoons,,,,,
2605,V1591,Vernon,43r,1642-12-05,125 p[ai]d w[illia]m Bickerton wagon m[aste]r to Coll[onel] midletons Reg[imen]t & Richard Grevill q[uar]ter m[aste]r to the said Reg[imen]t for 14 days pay endinge the 14 [Decem]bre £5 - 12s - -d,"Middleton, John",Colonel,dragoons,,,,,
2606,V1700,Vernon,45v,1642-12-19,125 p[ai]d Phillip Cotton provost marshall to Coll[onel] midletons Regi[men]t of dragoon[er]s for a mo[nths] pay beg[inning] 11 [Novem]bre £7 - -s - -d,"Middleton, John",Colonel,dragoons,,,,,
2607,V1701,Vernon,45v,1642-12-19,125 p[ai]d Richard Grevill quarter m[aste]r as above £3 - 10s - -d,"Middleton, John",Colonel,dragoons,,,,,
2608,V1761,Vernon,46v,1642-12-26,125 84 p[ai]d John midleton for two whole mo[nths] pay as Collonel & 7 dayes from [th]e 24 [Octo]bre to [th]e 26 [Decem]bre exclusive at 30s p[er] diem £94 - 10s - -d,"Middleton, John",Colonel,,,,,,
2609,V1762,Vernon,46v,1642-12-26,more for 1/2 a mo[nths] pay for [th]e officers and 67 troopers £186 - 18s - -d,"Middleton, John",Captain,horse,,,,,
2610,V1881,Vernon,49r,1643-01-06,125 p[ai]d Collonel John midleton for 1/2 a mo[nths] pay for his owne troop of 67 harg[ebusiers] £186 - 16s - 0d,"Middleton, John",Colonel,horse,,,,,
2611,V1986,Vernon,51v,1643-01-23,125 p[ai]d C[olone]ll midleton for a whole mo[nths] pay for his troop of 67 harg[ebusiers] uppon accompt £373 - 12s,"Middleton, John",Colonel,horse,,,,,
2612,V1946,Vernon,50v,1643-01-26,18 p[ai]d m[aste]r John Symond[es] Chaplaine to Coll[onel] Midletons Regi[men]t for his and his mans pay for 3 mo[nths] ending the 15 Janu[ary] inclu[sive] £36 - 18s - 0d,"Middleton, John",Colonel,horse,,,,,
2613,V2148,Vernon,55r,1643-03-03,125 p[ai]d Coll[onel] midleton in part of a warr[an]t of three hundreth seventy three pownd[es] 12s for his troop £300 - 0s - 0d,"Middleton, John",Colonel,horse,,,,,
2614,V2232,Vernon,57r,1643-03-09,125 p[ai]d Collonell midleton [th]e remainer of a war[ran]t of the 28 Febr[uary] of 373.12 £73 - 12s - -d,"Middleton, John",Colonel,,,,,,
2615,V2233,Vernon,57r,1643-03-09,125 more p[ai]d him for 2 whole monthes due to him as Collonell from [th]e Janu[ary] to [th]e 26 Fe[bruary] at 30s p[er] diem £84 - 0s - 0d,"Middleton, John",Colonel,,,,,,
2616,V2292,Vernon,58r,1643-04-10,125 p[ai]d Coll[onel] midleton for 1/2 a months pay for his troop uppon acc[oun]tt £186 - 16s - 0d,"Middleton, John",Colonel,horse,,,,,
2617,V2348,Vernon,59r,1643-04-12,18 p[ai]d m[aste]r symond[es] Chaplain to Coll[onel] midletons reg[imen]t for a mo[nths] pay for him & s[e]rvant £12 - 2s - 8d,"Middleton, John",Colonel,horse,,,,,
2618,V2428,Vernon,61r,1643-04-13,125 p[ai]d Coll[onel] Jo[hn] midleton toward[es] his pay as Coll[onel] of a reg[imen]t of horse uppon acc[oun]tt £100 - 0s - 0d,"Middleton, John",Colonel,horse,,,,,
2619,V2520,Vernon,62v,1643-04-30,125 p[ai]d Coll[onel] midleton [th]e like & 60 troop[er]s £58 - 9s - -d,"Middleton, John",Colonel,horse,,,,,
2620,V2587,Vernon,64r,1643-05-24,125 p[ai]d Coll[onel] Jo[hn] midleton for a mo[nths] pay for [th]e officers and 65 troop[er]s ending 12 June £366 - 16s - -d,"Middleton, John",Colonel,horse,,,,,
2621,V2621,Vernon,64v,1643-05-25,18 p[ai]d m[aste]r Jo[hn] Symond[es] Chaplaine to Coll[onel] midletons Regi[men]t in part of a warr[an]t of 37l.12s of [th]e 25 pr[esen]t £20 - -s - -d,"Middleton, John",Colonel,horse,,,,,
2622,V2807,Vernon,68v,1643-06-22,125 p[ai]d Coll[onel] John midleton for his officers & 65 troop[er]s end[ing] 26 present £183 - 8s - -d,"Middleton, John",Colonel,horse,,,,,
2623,F0083,Fenton,98r,1643-06-23,p[ai]d Coll[onel] John Middleton £63 - 0s - 0d,"Middleton, John",Colonel,,,,,,
2624,V2843,Vernon,69v,1643-07-12,125 p[ai]d Coll[onel] John midleton the like for his troop & 65 troop[er]s end[ing] 10 Julie £184 - 8s - -d,"Middleton, John",Colonel,horse,,,,,
2625,V2941,Vernon,71v,1643-07-13,18 p[ai]d m[aste]r symond[es] Chaplaine to Coll[onel] midletons Regi[men]t for 14 dayes pay for himself & servant £6 - 0s - 8d,"Middleton, John",Colonel,horse,,,,,
2626,F0128,Fenton,98v,1643-07-15,p[ai]d Coll[onel] Middleton £32 - 18s - 0d,"Middleton, John",Colonel,,,,,,
2627,V3010,Vernon,73r,1643-08-16,125 p[ai]d Coll[onel] midleton [th]e like for his troope £96 - 1s - 6d,"Middleton, John",Colonel,horse,,,,,
2628,V3064,Vernon,73v,1643-08-18,18 p[ai]d m[aste]r John symond[es] Chaplaine to Coll[onel] midletons Regi[men]t for 7 days £3 - 12s - 8d,"Middleton, John",Colonel,horse,,,,,
2629,V3074,Vernon,74r,1643-08-18,18 p[ai]d Isaac smith Chirurgion & lawrence southerne provost marshall of Coll[onel] Jo[hn] midletons Regi[men]t for 7 days £7 - 14s - 0d,"Middleton, John",Colonel,,,,,,
2630,V3157,Vernon,75v,1643-08-25,125 p[ai]d Coll[onel] Jo[hn] midleton for 14 daies for his troop £192 - 3s - -d,"Middleton, John",Colonel,horse,,,,,
2631,V3229,Vernon,76v,1643-08-26,18 p[ai]d Isaac smith surgeon to Coll[onel] midletons Regi[men]t of horse for 14 days for himself & men £15 - 8s - 0d,"Middleton, John",Colonel,horse,,,,,
2632,V3333,Vernon,78v,1643-10-14,125 p[ai]d Coll[onel] midleton for his troop £231 - 2s - 4d,"Middleton, John",Colonel,horse,,,,,
2633,V3376,Vernon,79r,1643-10-16,125 p[ai]d Coll[onel] Jo[hn] midleton for pay of a compa[ny] of dragoon[er]s late under pay of C[aptain] Fra[ncis] midleton £66 - 17s - 0d,"Middleton, John",Colonel,,,,,,
2634,V3491,Vernon,80v,1643-11-23,125 p[ai]d Coll[onel] midleton in part of his arrears uppon accompt £100 - 0s - 0d,"Middleton, John",Colonel,horse,,,,,
2635,V3516,Vernon,80v,1643-12-01,125 p[ai]d Coll[onel] midletons troop the like £200 - 18s - 0d,"Middleton, John",Colonel,horse,,,,,
2636,V3585,Vernon,81v,1643-12-07,18 p[ai]d m[aste]r symond[es] Chaplaine of Coll[onel] midletons Regi[men]t & divers other under offic[er]s of [th]e same £21 - 9s - 4d,"Middleton, John",Colonel,horse,,,,,
2637,V3870,Vernon,85r,1644-02-27,125 p[ai]d Coll[onel] midleton for a fortnight[es] pay for his troop £178 - 12s - 4d,"Middleton, John",Colonel,horse,,,,,
2638,V0147,Vernon,9r,1642-08-13,34 more p[ai]d Capt[ain] Anthony Mildmay the like £74 - -s - -d,"Mildmay, Anthony",Captain,horse,,,,,
2639,V0183,Vernon,10r,1642-08-16,34 p[ai]d Capt[ain] Anthony Mildmaye for on monthes pay for his troope of 60 harquebusiers £349 - 6s - 0d,"Mildmay, Anthony",Captain,horse,,,,,
2640,V0184,Vernon,10r,1642-08-16,more for scarff[es] £30 - 0s - 0d,"Mildmay, Anthony",Captain,horse,,,,,
2641,V1041,Vernon,32r,1642-10-19,34 p[ai]d Capt[ain] Anthonie Mildmay for of officers and sold[ier]s of his troop to [th]e 28 [Octo]bre £127 - 7s - -d,"Mildmay, Anthony",Captain,horse,,,,,
2642,V1089,Vernon,33r,1642-10-27,34 p[ai]d Capt[ain] Anto[ny] mildmay for 1/2 a mo[nths] paye £174 - 13s - 0d,"Mildmay, Anthony",Captain,,,,,,
2643,V1249,Vernon,36r,1642-11-11,34 p[ai]d Captaine Anthony mildmay the like £174 - 13s - 0d,"Mildmay, Anthony",Captain,horse,,,,,
2644,V1608,Vernon,43v,1642-12-09,34 p[ai]d Capt[ain] Anto[ny] Mildmay for buying 45 great sadeles and furniture £112 - 10s - -d,"Mildmay, Anthony",Captain,horse,,,,,
2645,V0200,Vernon,10v,1642-08-16,42 p[ai]d Capt[ain] Henry Mildmay for mountinge himself and officers in a troop of 60 horse £280 - 0s - 0d,"Mildmay, Henry",Captain,horse,,,,,
2646,V0287,Vernon,12v,1642-08-23,42 p[ai]d Capt[ain] Henry Mildmay for advance of on months pay for his troop of 60 harquebus[ier]s £349 - 6s - 0d,"Mildmay, Henry",Captain,horse,,,,,
2647,V0288,Vernon,12v,1642-08-23,more for mountinge 3 corporall[es] 42l & for 2 trumpet[er]s a farrier & a sadler 32l £74 - 0s - 0d,"Mildmay, Henry",Captain,horse,,,,,
2648,V0914,Vernon,29r,1642-10-11,111 p[ai]d Captaine John mill in my lord Robert[es] Reg[imen]t for paye of his compa[ny] of 65 sould[ier]s to end the 28 [Octo]bre £66 - 10s - 0d,"Mill, John",Captain,foot,,"Robartes, Lord",,,
2649,V1645,Vernon,44r,1642-12-10,111 p[ai]d Capt[ain] John mill as above £55 - 18s - -d,"Mill, John",Captain,foot,,"Robartes, Lord",,,
2650,V1824,Vernon,48r,1643-01-09,111 p[ai]d Capt[ain] John mill for pay of his compa[ny] in the same Regi[men]t £20 - 15s - 4d,"Mill, John",Captain,foot,,"Robartes, Lord",,,
2651,V3657,Vernon,83r,1643-12-18,49 p[ai]d C[aptain] Jo[hn] mill for absent sold[ier]s of my lord Rob[er]t[es] Regi[men]t £4 - 15s - 8d,"Mill, John",Captain,foot,,"Robartes, Lord",,,
2652,V3025,Vernon,73r,1643-08-16,23 p[ai]d mathew miller provost marshall of Coll[onel] meldroms Regi[men]t for 7 days pay £3 - 10s - -d,"Miller, Matthew",Provost Marshall,horse,,"Meldrum, John, Colonel",,,
2653,V3217,Vernon,76v,1643-08-26,23 p[ai]d mathew miller pro[vost] marsh[a]ll of Coll[onel] meldroms Regi[men]t for 14 daies pay £7 - -s - -d,"Miller, Matthew",Provost Marshall,horse,,"Meldrum, John, Colonel",,,
2654,V0704,Vernon,24r,1642-09-10,64 p[ai]d m[aste]r George Milward for a bill of exchange directed from my lord of Bedford about the busines in som[m]ersetshir £100 - -s - -d,"Milward, George",,,,,,,
2655,V2023,Vernon,52r,1643-01-24,176 p[ai]d Capt[ain] w[illia]m Carr Capt[ain] reformado of horse for a mo[nths] pay for himself & his leiftennent Robert Monorgan uppon acc[oun]tt £79 - 16s - 0d,"Monorgan, Robert",Lieutenant,horse,,,"Carr, William, Capt",reformado,
2656,V1843,Vernon,48v,1643-01-06,156 p[ai]d the lord mordent the like to beg[in] the 1 december £349 - 6s - -d,"Mordaunt, Lord",Captain,horse,,,,,
2657,V1963,Vernon,51r,1643-01-23,156 p[ai]d the lord mordent for a whole mo[nths] pay for his troope £349 - 6s - -d,"Mordaunt, Lord",Captain,horse,,,,,
2658,V2173,Vernon,55v,1643-03-06,156 p[ai]d [th]e lord mordent for a mo[nths] pay for his troop uppon accompt £349 - 6s - 0d,"Mordaunt, Lord",Captain,horse,,,,,
2659,V2305,Vernon,58v,1643-04-12,156 p[ai]d the lord mordent for 1/2 a month for his troop £174 - 13s - -d,"Mordaunt, Lord",Captain,horse,,,,,
2660,F0261,Fenton,101r,1643-08-22,p[ai]d Marie Morden £5 - 0s - 0d,"Morden, Mary",,,,,,,
2661,V1369,Vernon,38v,1642-11-21,"131 p[ai]d Captaine Roger Clay Captaine Samuel Turner Capt[ain] Peeter Gale Capt[ain] George more Capt[ain] Ralph Tasker Captain w[illia]m Hamond Capt[ain] mathew Skalticke & Capt[ain] Jams white, 8 capt[ain]s in the Regement of Collonell skippon toward[es] ther pay & entertainm[en]t of themselves officers & sold[ier]s uppon acc[oun]tt £400 - -s - -d","More, George",Captain,foot,,"Skippon, Philip",,,
2662,V3633,Vernon,82v,1643-12-09,p[ai]d Jo[hn] Armstrong & John more woundded soldiers £0 - 18s - 8d,"More, John",Soldier,,,,,wounded,
2663,F0027,Fenton,97r,1643-06-02,p[ai]d Major More £33 - 12s - 0d,"More, Major",Major,,,,,,
2664,V0460,Vernon,17v,1642-09-01,73 p[ai]d Capt[ain] Robert More for 81 drag[oons] as above £170 - 2s,"More, Robert",Captain,dragoons,,"Browne, John, Colonel",,,
2665,V0804,Vernon,26v,1642-10-01,73 p[ai]d Capt[ain] Robert More capt[ain] of a compa[ny] of 81 dragoners for ther arre[ar]s & 1/2 a mo[nths] pay as before £127 - 11s - 6d,"More, Robert",Captain,dragoons,,,,,
2666,V2426,Vernon,61r,1643-04-13,"176 p[ai]d Capt[ain] Robert more C[aptain] Jo[hn] Burne C[aptain] Alex[ander] neale, leifft[enant] Jo[hn] Preston leifft[enant] w[illia]m Hill, officers drago[oons] £130 - -s - -d","More, Robert",Captain,dragoons,,,,,
2667,V2680,Vernon,66r,1643-05-26,176 p[ai]d Capt[ain] James Berkcley C[aptain] Robert more C[aptain] Jams Boswell Reformado captains of horse Capt[ain] david midleton Cornet of horse & Capt[ain] Robert [?prime?] Cap[tain] of Foat for & toward[es] the pay due unto them uppon accompt £200 - -s - -d,"More, Robert",Captain,horse,,,,reformado,
2668,V2952,Vernon,72r,1643-07-13,p[ai]d Robert more Capt[ain] of horse 27.6.0,"More, Robert",Captain,horse,,,,,
2669,V2682,Vernon,66r,1643-05-26,19 p[ai]d w[illia]m morris wagoner attendinge [th]e traine for hier of 6 horses from [th]e 12 January to the 26 may 135 days £85 - 5s - -d,"Morris, William",Wagoner,artillery,,,,,
2670,V1609,Vernon,43v,1642-12-09,17 p[ai]d m[aste]r william morton Chaplaine to S[i]r w[illia]m Balfour for provision of necessaries £20 - -s - -d,"Morton, William",Chaplain,horse,,"Balfour, William, Sir",,,
2671,V1610,Vernon,43v,1642-12-09,17 more for pay of himself and servant for 2 whole monthes & 25 days £30 - 15s - -d,"Morton, William",Chaplain,horse,,"Balfour, William, Sir",,,
2672,V2150,Vernon,55r,1643-03-03,17 p[ai]d m[aste]r w[illia]m Morton Chaplaine to S[i]r w[illia]m Balfour reg[imen]t for his and his servant[es] pay to the 25 Janu[ary] £24 - 5s - 4d,"Morton, William",Chaplain,horse,,"Balfour, William, Sir",,,
2673,F0077,Fenton,98r,1643-06-23,p[ai]d M[aste]r Moorton Minester £40 - 0s - 0d,"Morton, William",Minister,,,,,,
2674,F0093,Fenton,98r,1643-06-26,p[ai]d L[ieutenan]t Coll[onel] Mosely for the use of Coll[onel] Tirrills Regim[en]t £586 - 12s - 8d,"Mosely, Lt-Col",Lt-Colonel,foot,,"Tyrrell, Thomas",,,
2675,V0687,Vernon,23v,1642-09-09,14 p[ai]d m[aste]r James Nalton Chaplaine to Coll[onel] Grantham for his provision of necessaries 1/2 a mo[nths] pay for him self & a whole for his man £26 - 10s - 8d,"Nalton, James",Chaplain,foot,,"Grantham, Thomas",,,
2676,V1042,Vernon,32r,1642-10-19,14 p[ai]d Jams nalton Chaplaine of Collonel Granthams reg[imen]t £9 - 11s - 4d,"Nalton, James",Chaplain,foot,,"Grantham, Thomas",,,
2677,V1256,Vernon,36r,1642-11-11,14 p[ai]d m[aste]r James nalton Chaplaine to Coll[onel] Grantham for a mo[nths] pay £12 - 2s - 8d,"Nalton, James",Chaplain,foot,,"Grantham, Thomas",,,
2678,V1331,Vernon,37v,1642-11-14,14 p[ai]d m[aste]r James nalton Chaplaine to Coll[onel] Grantham for 14 dayes pay ending [th]e 11 pres[en]t £6 - 1s - 4d,"Nalton, James",Chaplain,foot,,"Grantham, Thomas",,,
2679,V0154,Vernon,9r,1642-08-15,37 p[ai]d Capt[ain] John Neal for providinge himself and officers w[i]th horse and armes & other necessaries £280 - 0s - 0d,"Neale, John",Captain,horse,,,,,
2680,V1034,Vernon,32r,1642-10-19,37 p[ai]d Captaine John neal for 1/2 mo[nths] pay for his troop uppon acc[oun]tt £174 - 13s - 0d,"Neale, John",Captain,horse,,,,,
2681,V1245,Vernon,36r,1642-11-11,37 p[ai]d Captaine John neal the like £174 - 13s - -d,"Neale, John",Captain,horse,,,,,
2682,V1779,Vernon,47r,1642-12-26,37 p[ai]d Capt[ain] John Neal for a fornight pay for his troop uppon acc[oun]t £174 - 13s - -d,"Neale, John",Captain,horse,,,,,
2683,V1292,Vernon,37r,1642-11-12,124 p[ai]d Sergeant major neal for an arrear of pay due to himself £61 - 1s - 4d,"Neale, Major",Major,,,,,,
2684,V0013,Vernon,5r,1642-08-06,7 p[ai]d Captaine Alexander Nerne 190l.8s.0 for advance of half a monthes paye of a troop of horse of 70 besides officers £190 - 8s - 0d,"Nearne, Alexander",Captain,horse,,,,,
2685,F0182,Fenton,99v,1643-07-30,p[ai]d Capt[ain] Needham for S[i]r W[illia]m Constables Regim[en]t £108 - 19s - 4d,"Needham, Capt (Simon?)",Captain,foot,,"Constable, William, Sir",,,
2686,V0367,Vernon,15r,1642-08-26,63 p[ai]d Captaine John Needham by way of advance toward[es] the pay of 70 soldiers under his owne Command £100 - 0s - 0d,"Needham, John",Captain,foot,,,,,
2687,V0826,Vernon,27r,1642-10-03,63 p[ai]d Captaine John needham for pay of his foot compa[ny] as by [th]e warr[an]t - this monie was paid the 29 [Septem]bre £38 - 14s - 0d,"Needham, John",Captain,foot,,,,,
2688,V1091,Vernon,33r,1642-10-28,63 p[ai]d Captaine John needham for arrears of his compa[ny] & 1/2 a mo[nths] pay advance to beginn the 29 [Octo]bre £208 - 14s - 6d,"Needham, John",Captain,foot,,,,,
2689,V2426,Vernon,61r,1643-04-13,"176 p[ai]d Capt[ain] Robert more C[aptain] Jo[hn] Burne C[aptain] Alex[ander] neale, leifft[enant] Jo[hn] Preston leifft[enant] w[illia]m Hill, officers drago[oons] £130 - -s - -d","Neile, Alexander",Captain,dragoons,,,,,
2690,F0028,Fenton,97r,1643-06-02,p[ai]d Capt[ain] Allex[ander] Neile £28 - 0s - 0d,"Neile, Alexander",Captain,,,,,,
2691,F0091,Fenton,98r,1643-06-26,p[ai]d Capt[ain] Allixand[e]r Neil £14 - 0s - 0d,"Neile, Alexander",Captain,,,,,,
2692,F0130,Fenton,98v,1643-07-15,p[ai]d Capt[ain] Allex[ander] Neile £14 - 0s - 0d,"Neile, Alexander",Captain,,,,,,
2693,F0274,Fenton,101r,1643-08-30,p[ai]d Capt[ain] Allex[ander] Neile £15 - 15s - 0d,"Neile, Alexander",Captain,,,,,,
2694,F0004,Fenton,97r,1643-05-06,paid by virtue of his Excellen[cies] warr[an]t to Capt[ain] Nelson and Capt[ain] Barnardiston £100 - 0s - 0d,"Nelson, Robert",Captain,,,,,,
2695,V2754,Vernon,67v,1643-06-21,182 p[ai]d C[aptain] Rob[er]t nelson for a mo[nths] pay for the officers & 62 of his troope end[ing] 22 June £348 - 12s - -d,"Nelson, Robert",Captain,horse,,,,,
2696,V1049,Vernon,32r,1642-10-19,p[ai]d Francis nevill d[octo]r of Phizicke by way of imprest £30 - -s - -d,"Nevill, Francis",Physician,,,,,,
2697,V2237,Vernon,57r,1643-03-09,p[ai]d docter Nevill on of Phisitions of the Army toward[es] his entertainm[en]t uppon acc[oun]tt £30 - 0s - 0d,"Nevill, Francis",Physician,,,,,,
2698,V2392,Vernon,60r,1643-04-13,p[ai]d Docter nevill [th]e like uppon acc[oun]tt £9 - 6s - 8d,"Nevill, Francis",Physician,,,,,,
2699,V2666,Vernon,65v,1643-05-26,p[ai]d docter Nevill on of [th]e Phisitions of [th]e Army for arrear of pay due to him uppon his accompt end [th]e 30 Aprill £68 - 3s - 4d,"Nevill, Francis",Physician,,,,,,
2700,F0025,Fenton,97r,1643-06-02,p[ai]d M[ist]r[es]s Nevile wife of do[cto]r Nevile £16 - 0s - 0d,"Nevill, Francis",,,,,,,
2701,F0025,Fenton,97r,1643-06-02,p[ai]d M[ist]r[es]s Nevile wife of do[cto]r Nevile £16 - 0s - 0d,"Nevill, Mrs",Wife,,,,,,
2702,V0166,Vernon,9v,1642-08-15,sallery p[ai]d Ant[hony] Niccol[es] for conveying of severall packet[es] into severall counties & other reward[es] given £39 - 10s - 0d,"Nicholls, Anthony",,,,,,,
2703,V0322,Vernon,13v,1642-08-25,sallery p[ai]d Anthony Niccol[es] for reward[es] to severall persons for seasinge of armes postinge to & from severall part[es] of the kingdome & other charges by him expended £76 - 15s - 0d,"Nicholls, Anthony",,,,,,,
2704,V0799,Vernon,26v,1642-10-01,104 p[ai]d Capt[ain] Nicholl[es] of the same reg[imen]t for his compa[ny] of 98 sold[ier]s as above £94 - 14s - 8d,"Nicholls, Ralph, Capt",Captain,foot,,"Hampden, John",,,
2705,V1381,Vernon,38v,1642-11-24,p[ai]d Ralph nicholson on of the surgeons apointed to attend the army for his advance monie & 14 dayes paye £21 - 6s - 0d,"Nicholson, Ralph (surgeon)",Surgeon,,,,,,
2706,V1899,Vernon,49v,1643-01-06,p[ai]d Ralph nicholson surgeon of the army for a mo[nths] pay for himself & mates £12 - 12s - -d,"Nicholson, Ralph (surgeon)",Surgeon,,,,,,
2707,V1063,Vernon,32v,1642-10-26,120 p[ai]d S[i]r John norwich toward[es] the paym[en]t of his troope of 70 harquebusiers uppon acc[oun]tt £200 - -s - -d,"Norwich, John, Sir",Captain,horse,,,,,
2708,V1189,Vernon,35r,1642-11-09,120 p[ai]d S[i]r John norrich Collonel of a regiment of dragooners for paym[en]t of his officers and sold[ier]s uppon acc[oun]tt £400 - -s - -d,"Norwich, John, Sir",Colonel,dragoons,,,,,
2709,V1280,Vernon,36v,1642-11-11,120 p[ai]d S[i]r John norwich by way of imprest for his troop 200. & toward[es] the pay of 3 compa[ny] of dragoon[er]s wherof he is Collonell 200 £400 - -s - -d,"Norwich, John, Sir",Colonel,dragoons,,,,,
2710,V1410,Vernon,39v,1642-11-26,120 p[ai]d S[i]r John norwich Collonel of a regiment of dragooners [th]e 23 & 26 november £400 - -s - -d,"Norwich, John, Sir",Colonel,dragoons,,,,,
2711,V1512,Vernon,41v,1642-12-03,120 p[ai]d Coll[onel] norwich for pay of his self officers and troop uppon accompt £140 - -s - -d,"Norwich, John, Sir",Colonel,,,,,,
2712,V1848,Vernon,48v,1643-01-06,120 p[ai]d S[i]r John norwich for a mo[nths] pay for his troop uppon acc[oun]tt £349 - 6s - -d,"Norwich, John, Sir",Captain,horse,,,,,
2713,V1893,Vernon,49v,1643-01-06,20 p[ai]d Samuel Ventris provost marshall to S[i]r John Norwich reg[imen]t of dragoon[er]s for Irons £7 - -s,"Norwich, John, Sir",Colonel,dragoons,,,,,
2714,V2038,Vernon,52v,1643-01-24,120 p[ai]d S[i]r John norrwich toward[es] paym[en]t of his troop uppon acc[oun]tt £100 - 0s - 0d,"Norwich, John, Sir",Captain,horse,,,,,
2715,V2189,Vernon,56r,1643-03-07,120 p[ai]d S[i]r John norrich toward[es] payment of his troope uppon accompt £100 - 0s - 0d,"Norwich, John, Sir",Captain,horse,,,,,
2716,V2360,Vernon,59v,1643-04-12,120 p[ai]d S[i]r Jo[hn] norrich for 1/2 a mo[nths] pay for [th]e officers & 26 troop[er]s of his troope £83 - 13s - -d,"Norwich, John, Sir",Captain,horse,,,,,
2717,V2390,Vernon,60r,1643-04-13,120 this warr[an]t was d[elivere]d to m[aste]r Jessope to pay the rest p[ai]d S[i]r John norrich in part of a war[ran]t of 1938.16.6 of [th]e 7 march £200 - 0s - 0d,"Norwich, John, Sir",,,,,,,
2718,V2570,Vernon,63v,1643-05-24,63 more p[ai]d him for certaine officers of S[i]r John noriches troop and major prettyes troop now riding in his troop for a mo[nths] pay ending 11 June £60 - 4s - -d,"Norwich, John, Sir",Captain,horse,,,,,
2719,F0006,Fenton,97r,1643-05-09,p[ai]d M[istres]s Nultie £57 - 6s - 0d,"Nultie, Mrs",,,,,,,
2720,V0294,Vernon,13r,1642-08-23,53 p[ai]d Capt[ain] Edward Odingsell[es] for on m[onth] pay of 70 soldiers in the same regiment beginning as above £64 - 18s - 8d,"Odingselles, Edward",Captain,foot,,"Fairfax, William, Sir",,,
2721,V0940,Vernon,29v,1642-10-12,p[ai]d Doct[o]r odlinge phisition for soe much allowed him for his service & expences in the army from [th]e 30 Julie to [th]e first [Octo]bre £21 - 0s - 0d,"Odlinge, Dr",Physician,,,,,,
2722,V1142,Vernon,34r,1642-10-29,100 p[ai]d Docter Gardinter & docter odlinge for releiff of the sicke & mamed sold[ier]s in warwicke £100 - -s - -d,"Odlinge, Dr",,,,,,,
2723,V2216,Vernon,56v,1643-03-08,p[ai]d docter Odlinge on of the phisitions of the Army for 3 mo[nths] pay from [th]e 1 december to the 28 Febr[uary] at 6s.8d p[er] diem £28 - -s - -d,"Odlinge, Dr",Physician,,,,,,
2724,V2683,Vernon,66r,1643-05-26,p[ai]d Docter odlinge on of [th]e phisitions of [th]e Army for pay due to him uppon his accompt endinge [th]e 30 Aprill £68 - 3s - 4d,"Odlinge, Dr",Physician,,,,,,
2725,V3577,Vernon,81v,1643-12-05,p[ai]d docter Odlinge uppon accompt on of the phisitions of [th]e army £20 - 0s - 0d,"Odlinge, Dr",Physician,,,,,,
2726,V3765,Vernon,84r,1644-02-05,p[ai]d Docter Odlinge £7 - 0s - 0d,"Odlinge, Dr",,,,,,,
2727,V3882,Vernon,85r,1644-02-27,219 p[ai]d Coll[onel] ogleby the like £21 - 0s - 0d,"Ogleby, Colonel",Colonel,,,,,,
2728,V2566,Vernon,63v,1643-05-24,66 p[ai]d leifft[enant] Treaver oliver leifft[enant] of Capt[ain] Sandersons foot compa[ny] for an arrear of pay dew to him for 98 days £19 - 12s - -d,"Oliver, Trevor",Lieutenant,foot,,,"Sanderson, Anthony",,
2729,V3075,Vernon,74r,1643-08-18,p[ai]d Jo[hn] overton dragon[er] late prisoner in Oxford uppon accompt of his arrears £2 - 2s - -d,"Overton, John",Dragoon,dragoons,,,,late prisoner,
2730,F0197,Fenton,100r,1643-08-01,p[ai]d Nicholas [?Owets?] £12 - 13s - 8d,"Owets, Nicholas",,,,,,,
2731,V1557,Vernon,42v,1642-12-05,[...] p[ai]d m[aste]r John oxenbrige Chaplaine to S[i]r James Ramseis Reg[imen]t for provision of necessaries £20 - -s - -d,"Oxenbridge, John",Chaplain,horse,,"Ramsey, James, Sir",,,
2732,V1558,Vernon,42v,1642-12-05,122 more for his pay and his servant[es] for 2 mo[nths] and 15 dayes to [th]e 1 decemb[e]r £30 - 15s - 4d,"Oxenbridge, John",Chaplain,horse,,"Ramsey, James, Sir",,,
2733,V1994,Vernon,51v,1643-01-24,122 p[ai]d m[aste]r John oxenbrige Chaplaine of S[i]r James Ramsies Regi[men]t for a mo[nths] pay for himself and his servant beg[inning] 1 [Decem]bre incl[usive] £12 - 6s - 8d,"Oxenbridge, John",Chaplain,horse,,"Ramsey, James, Sir",,,
2734,V2333,Vernon,59r,1643-04-12,122 p[ai]d m[aste]r John Oxenbrig Chaplaine to S[i]r James Ramseis reg[imen]t the like £24 - 5s - 4d,"Oxenbridge, John",Chaplain,horse,,"Ramsey, James, Sir",,,
2735,F0038,Fenton,97r,1643-06-05,p[ai]d M[aste]r John oxenbridge £15 - 0s - 0d,"Oxenbridge, John",,,,,,,
2736,F0252,Fenton,101r,1643-08-16,p[ai]d Rob[er]te Pabla Capt[ain] £10 - 10s - 0d,"Pabla, Robert",Captain,,,,,,
2737,V0577,Vernon,20v,1642-09-06,9 p[ai]d m[aste]r John Page Captaine to my lord Rochford for on mo[nths] pay from the 30 July last & for a mo[nths] pay for his servant at 4s.8d the weeke £12 - 2s - 8d,"Page, John",Chaplain,foot,,"Rochford, Lord",,,Assumed captain is error for chaplain
2738,V0578,Vernon,20v,1642-09-06,more to provid necessaries for his attendance £20 - -s - -d,"Page, John",Chaplain,foot,,"Rochford, Lord",,,Assumed captain is error for chaplain
2739,V1561,Vernon,42v,1642-12-05,9 p[ai]d m[aste]r John Page Chaplaine to my lord Rochford[es] Reg[imen]t for his and his servant[es] pay to the 3 dec[ember] £18 - 4s - -d,"Page, John",Chaplain,foot,,"Rochford, Lord",,,
2740,V1959,Vernon,51r,1643-01-23,9 p[ai]d m[aste]r Jo[hn] Page Chaplaine to my lord Rochford[es] reg[imen]t for pay of him and his servant for 7 week[es] to [th]e 21 Janu[ary] £21 - 4s - 8d,"Page, John",Chaplain,foot,,"Rochford, Lord",,,
2741,V2264,Vernon,57v,1643-03-17,9 p[ai]d m[aste]r Jo[hn] Page chaplaine to my lord Rochford[es] Regi[men]t for his & his servant[es] pay for 2 mo[nths] endinge [th]e 18 march £24 - 5s - 4d,"Page, John",Chaplain,foot,,"Rochford, Lord",,,
2742,V2668,Vernon,65v,1643-05-26,9 p[ai]d m[aste]r Jo[hn] Page Chaplaine of my lord Rochford Regi[men]t for soe much due to him uppon accompt £30 - 6s - 8d,"Page, John",Chaplain,foot,,"Rochford, Lord",,,
2743,V2909,Vernon,71r,1643-07-13,188 p[ai]d leifft[enant] Coll[onel] Palleologus in part of arrears due unt[o] him uppon accompt as major & capt[ain] of Foot in Coll[onel] Thomas Essex Regi[men]t £100 - 0s - 0d,"Paleologus, Theophilus",Lt-Colonel,foot,,,,,
2744,V3925,Vernon,85v,1644-03-14,43 p[ai]d Coll[onel] Tomson for his lieft[enant] Coll[onel] palleologus being very sicke uppon his arrears £20 - 0s - 0d,"Paleologus, Theophilus",Lt-Colonel,foot,,"Thomson, Francis",,sick,
2745,V0582,Vernon,20v,1642-09-06,88 p[ai]d Captain Robert Palmer for i m[onths] pay of 70 sold[ier]s part of my lord mandevil[es] reg[imen]t from the 27 aug[us]t £65 - 6s - 8d,"Palmer, Robert",Captain,foot,,"Mandeville, Lord",,,
2746,V0994,Vernon,31r,1642-10-17,88 p[ai]d Robert Palmer as above for his compa[ny] of 72 sold[ier]s of the same reg[imen]t £117 - 12s - 0d,"Palmer, Robert",Captain,foot,,"Mandeville, Lord",,,
2747,V1341,Vernon,38r,1642-11-14,88 p[ai]d Captaine Robert Palmer for pay of 63 sold[ier]s of his compa[ny] in my lord monchest[er]s reg[imen]t for on mo[nths] pay from the 5 [Novem]bre when the compa[ny] was mustered £58 - 16s - 0d,"Palmer, Robert",Captain,foot,,"Mandeville, Lord",,,
2748,V1466,Vernon,40v,1642-12-03,48 p[ai]d w[illia]m Parker Chaplaine to my lord willougbyes Reg[imen]t for his and his mans pay to the 3 [Decem]bre £21 - 12s - 8d,"Parker, William",Chaplain,horse,,"Willoughby of Parham, Lord",,,
2749,V0418,Vernon,16v,1642-08-30,65 p[ai]d leifften[an]t Collonel Parkinson of my lord mandevill[es] reg[imen]t for one mo[nths] pay of his company of 83 sol[diers] begininge 22 day of Aug[us]t £77 - 9s - 4d,"Parkinson, John",Lt-Colonel,foot,,"Mandeville, Lord",,,
2750,V0950,Vernon,30r,1642-10-12,65 Paid leifftenn[an]t Collonel Parkinson for soe much due & to be due to the 14 of this instant [Octo]bre for the pay of 479 sold[ier]s in the reg[imen]t of my lord Mandevill belonginge to severall Captaines mentioned in the warr[an]tt the pay to end the 11 november next £454 - 14s - 0d,"Parkinson, John",Lt-Colonel,foot,,"Mandeville, Lord",,,
2751,V2740,Vernon,67r,1643-06-21,182 p[ai]d Samuell Pattison liefft[enant] of a troope of horse under S[i]r Tho[mas] Martine for & toward[es] the pay of himself officers & sold[ier]s uppon accompt £100 - 0s - 0d,"Pattison, Samuel",Lieutenant,horse,,,"Martin, Thomas, Sir",,
2752,V0651,Vernon,22v,1642-09-08,96 paid unto m[aste]r Geo[rge] Paylor & m[aste]r Jo[hn] Falkoner officers of the armory in the tower by way of imprest for repayringe certaine defective arms & musket[es] in the tower for this service £100 - 0s - 0d,"Paylor, George",,,,,,,
2753,V3644,Vernon,82v,1643-12-12,216 p[ai]d m[istres]s Grace Flowerden Administratrix to C[aptain] Ja[mes] Pecham in the late Regi[men]t of S[i]r w[illia]m Constable for a mo[nths] pay uppon his arrears £21 - 0s - 0d,"Pecham, James",Captain,foot,,"Constable, William, Sir",,deceased,
2754,V3634,Vernon,82v,1643-12-09,p[ai]d the like to Hugh Fluellin & Jo[hn] Peele £0 - 18s - 8d,"Peele, John",Soldier,,,,,wounded,
2755,V0932,Vernon,29v,1642-10-11,15 p[ai]d m[aste]r Edward Perkins Chaplaine to [th]e said regiment for furnishing himself w[i]th necessa[ries] £20 - 0s - 0d,"Perkins, Edward",Chaplain,horse,,"Goodwin, Arthur",,,
2756,V1749,Vernon,46v,1642-12-22,15 p[ai]d m[aste]r Edward Perkins Chaplaine to Coll[onel] Goodwins Regi[men]t for his & his mans pay for 2 mo[nths] £24 - 5s - 4d,"Perkins, Edward",Chaplain,horse,,"Goodwin, Arthur",,,
2757,V2034,Vernon,52v,1643-01-24,25 p[ai]d m[aste]r Edward Perkins Chaplaine of Coll[onel] Goodwins reg[imen]t for 2 mo[nths] pay for himself & servant uppon acc[oun]tt £24 - 1s - 4d,"Perkins, Edward",Chaplain,horse,,"Goodwin, Arthur",,,
2758,V2332,Vernon,59r,1643-04-12,15 p[ai]d m[aste]r Edward Perkins chaplaine to Coll[onel] Goodwins regim[en]t for 2 mo[nths] pay for him & his servant uppon acc[oun]tt £24 - 5s - 4d,"Perkins, Edward",Chaplain,horse,,"Goodwin, Arthur",,,
2759,V2777,Vernon,68r,1643-06-21,15 p[ai]d m[aste]r Edward Perkins chaplaine of Coll[onel] Goodwins Regi[men]t in part of a warr[an]t of 57l [th]e 26 maye £30 - 0s - 0d,"Perkins, Edward",Chaplain,horse,,"Goodwin, Arthur",,,
2760,V2873,Vernon,70r,1643-07-12,15 p[ai]d m[aste]r Edward Perkins Chaplain to Coll[onel] Goodwins Regi[men]t [th]e remainer of a warr[ant] of [th]e 26 maye £27 - 12s - 6d,"Perkins, Edward",Chaplain,horse,,"Goodwin, Arthur",,,
2761,V3224,Vernon,76v,1643-08-26,15 p[ai]d m[aste]r Edward Perkins Chaplaine of the late Regi[men]t of Coll[onel] Goodwine in part of 37.14 deu to him £16 - 0s - 0d,"Perkins, Edward",Chaplain,horse,,"Goodwin, Arthur",,,
2762,V1186,Vernon,35r,1642-11-09,4 p[ai]d John Perne who beinge listed in the Irish service & rec[eive]d 12l is now quartermaster to Capt[ain] J[ohn] urrye & receaves 18l the remainer of 30l £18 - 0s - 0d,"Perne, John",Quartermaster,horse,,,"Urry, John, Sir",,
2763,V0438,Vernon,17r,1642-09-01,69 p[ai]d the Earle of Peterborrough coll[onel] of a reg[imen]t of 800 men for on mo[nths] entertainm[en]t of himself & officers from the 30 Julie to the 26 Aug[us]t & for levy monye 400l £1044 - 16s - 0d,"Peterborough, Earl of",Colonel,foot,,,,,
2764,V0509,Vernon,19r,1642-09-03,69 p[ai]d the Earle of Peterborrough for 11 wagons allowed to his reg[imen]t at 40l a pece £440 - 0s - 0d,"Peterborough, Earl of",Colonel,foot,,,,,
2765,V0560,Vernon,20r,1642-09-05,69 p[ai]d the Earle of Peterborrough g[enara]ll of the ordinance for on months entertainm[en]t from the 30 July last £140 - 0s - 0d,"Peterborough, Earl of",General,artillery,,,,,
2766,V0561,Vernon,20r,1642-09-05,more p[ai]d him as captaine of a troope of of horse for mounting 3 corporall[es] 42 more 2 trumpeters 1 farrier & sadler 32l more for scarff[es] 30 £104 - 0s - 0d,"Peterborough, Earl of",Captain,horse,,,,,
2767,V0562,Vernon,20r,1642-09-05,more p[ai]d him for providinge horses for his troope of 60 harqueb[usiers] besid[es] offic[er]s £1030 - 0s - 0d,"Peterborough, Earl of",Captain,horse,,,,,
2768,V0563,Vernon,20r,1642-09-05,more for on mo[nths] pay for the officers of his troope to begin from the 30 of Julie last £139 - 6s - 0d,"Peterborough, Earl of",Captain,horse,,,,,
2769,V0634,Vernon,22r,1642-09-07,69 p[ai]d the Earle of Peeterborrough Gen[era]ll of the Ordinance for the pay and entertainm[en]t of himself and the rest of the officers of the traine of Artiglirie to begine from the 27 aug[us]t last £2420 - 2s - 8d,"Peterborough, Earl of",General,artillery,,,,,
2770,V0997,Vernon,31r,1642-10-17,69 p[ai]d my lord of Peeterburrough as Captaine of a troope of 60 harqueb[usiers] for pay of his troop to [th]e 28 [Octo]bre £136 - 0s - 0d,"Peterborough, Earl of",Captain,horse,,,,,
2771,V1141,Vernon,34r,1642-10-29,69 p[ai]d the Earle of Peeterborrogh toward[es] the pay of his troop uppon acc[oun]tt £100 - 0s - 0d,"Peterborough, Earl of",Captain,horse,,,,,
2772,V1209,Vernon,35v,1642-11-10,69 p[ai]d the Earle of Peeterborrough for payment of his officers of his troop & reg[imen]t as by the warr[an]t £550 - 13s - -d,"Peterborough, Earl of",Captain,horse,,,,,
2773,V1261,Vernon,36v,1642-11-11,69 p[ai]d the Earle of Peeterborrough for entertainm[en]t of his troope of 60 harque[busiers] for 14 days from [th]e 10 present £105 - -s - -d,"Peterborough, Earl of",Captain,horse,,,,,
2774,V1262,Vernon,36v,1642-11-11,69 more for levy monie of 600 fierlock[es] 300l & for drums halbert[es] colours & partisans £340 - -s - -d,"Peterborough, Earl of",Colonel,foot,firelocks,,,,
2775,V1263,Vernon,36v,1642-11-11,69 more for 2 chaplains of the traine of Artiglery £40 - -s - -d,"Peterborough, Earl of",General,artillery,,,,,
2776,V1367,Vernon,38v,1642-11-21,130 p[ai]d Sergeant major Botteler for pay of his compa[ny] of 100 sold[ier]s in my lord peterborrough[es] regiment to beginne the 15 [Novem]bre £93 - 6s - 8d,"Peterborough, Earl of",Colonel,foot,,,,,
2777,V1372,Vernon,38v,1642-11-22,69 p[ai]d Capt[ain] John Duncan Captaine leifftenn[an]t of my lord of Peeterborroughs compa[ny] of fierlock[es] for on mo[nths] pay for the said compa[ny] from the 15 present 93 6 8 & for on mo[nths] pay for the officers from the 9th 46.4. in all £139 - 10s - 8d,"Peterborough, Earl of",Captain,foot,firelocks,,,,
2778,V1441,Vernon,40r,1642-11-23,69 p[ai]d my lord of Peeterborrough for a months pay for himself and officers of his regiment of Fierlock[es] to begine from the 9 present £374 - 14s - 8d,"Peterborough, Earl of",Colonel,foot,firelocks,,,,
2779,V1447,Vernon,40r,1642-11-23,135 p[ai]d Captaine Bevill Predieux for a mo[nths] pay of 91 sold[ier]s in my lord Peterborros reg[imen]t to begin [th]e 21 present £84 - 18s - 8d,"Peterborough, Earl of",Colonel,,,,,,
2780,V1448,Vernon,40r,1642-11-23,136 p[ai]d leifft[enant] Coll[onel] Francis Farfax [th]e like £84 - 18s - 8d,"Peterborough, Earl of",Colonel,,,,,,
2781,V1450,Vernon,40r,1642-11-23,127 p[ai]d S[i]r Edward Peyton Captaine of a compa[ny] of 92 fierlock[es] in my lord Peeterborroughs reg[imen]t for a mo[nth] £85 - 17s - 4d,"Peterborough, Earl of",Colonel,foot,firelocks,,,,
2782,V1515,Vernon,41v,1642-12-03,69 p[ai]d to the Earle of Peeterborrow the like £174 - 13s - -d,"Peterborough, Earl of",Captain,horse,,,,,
2783,V1569,Vernon,42v,1642-12-05,130 p[ai]d John Botteler sergeant major to my Lord Peeterborroughs Reg[imen]t for levy monie for 200 menn 100l. for coll[our]s halbert[es] and drums 40l. surgeons chest 15l marshall[es] Irons 7l in all £162 - -s - -d,"Peterborough, Earl of",Colonel,,,,,,
2784,V1637,Vernon,44r,1642-12-10,145 p[ai]d Capt[ain] Georg Blunt Capt[ain] of a Foot compa[ny] in my lord of Peeterborroughs Reg[imen]t for a mo[nths] pay to begine the 21 novemb[er] £92 - 8s - -d,"Peterborough, Earl of",Colonel,foot,,,,,
2785,V1666,Vernon,44v,1642-12-18,130 p[ai]d Sergeant major Botteler captaine of a foot compa[ny] in my lord Peeterborrough[es] reg[imen]t for on mo[nths] pay of 100 soldiers from the 13 [Decem]bre £93 - 6s - 8d,"Peterborough, Earl of",Colonel,foot,,,,,
2786,V1754,Vernon,46v,1642-12-26,153 p[ai]d Capt[ain] Georg Rouse for 14 dayes pay for 100 sold[ier]s in my of Peterboroughs Regi[men]t begining [th]e 16 present £46 - 13s - 4d,"Peterborough, Earl of",Colonel,foot,,,,,
2787,V1755,Vernon,46v,1642-12-26,127 p[ai]d S[i]r Edward Peyten for 92 sold[ier]s in [th]e same Regi[men]t beg[inning] 17 d[i]tto £42 - 18s - 8d,"Peterborough, Earl of",Colonel,foot,,,,,
2788,V1765,Vernon,46v,1642-12-26,69 p[ai]d the Earle of Peeterborrough for 30 dayes pay as marshall g[e]n[era]ll of the feild beg[inning] 18 [Novem]bre at 6l p[er] diem £180 - -s - -d,"Peterborough, Earl of",Field Marshall,,,,,,
2789,V1783,Vernon,47r,1642-12-26,145 p[ai]d Capt[ain] Blunt for pay of 99 sold[ier]s in [th]e my L[ord] Peeterborroughs Regi[men]t for 14 dayes beg[inning] 19 dec[ember] inclusive £46 - 4s - -d,"Peterborough, Earl of",Colonel,foot,,,,,
2790,V1787,Vernon,47r,1642-12-26,69 p[ai]d the Earle of Peeterborrough for a mo[nths] pay of 100 sold[ier]s of his owne compa[ny] beg[inning] 13 [Decem]b[er] £93 - 6s - 8d,"Peterborough, Earl of",Colonel,foot,,,,,
2791,V1788,Vernon,47r,1642-12-26,21 l[ieutenant] Coll[onel] Fairfax capt[ain] of a compa[ny] in the s[ai]d Regi[men]t for 14 days for 91 sold[ier]s fro[m] [th]e 16 [Decem]bre £42 - 9s - 4d,"Peterborough, Earl of",Colonel,foot,,,,,
2792,V1901,Vernon,49v,1643-01-06,145 p[ai]d Capt[ain] Georg Blunt for 14 days paye for [?93?] sold[ier]s in my peeterborrows regiment from [th]e 2 Janu[ary] £46 - 4s - -d,"Peterborough, Earl of",Colonel,foot,,,,,
2793,V2370,Vernon,59v,1643-01-06,69 p[ai]d my lord of Peeterborrow [th]e 6 Janu[ary] in part of a warr[an]t of [th]e 3 [Decem]bre for wagons £200 - 0s - 0d,"Peterborough, Earl of",,,,,,,
2794,V1833,Vernon,48r,1643-01-09,69 p[ai]d the Earle of Peeterborrow for a mo[nths] pay of himself Feild officers and 4 captains of his Regi[men]t beginning [th]e 7 [Decem]bre £415 - 16s - 0d,"Peterborough, Earl of",Colonel,foot,,,,,
2795,V1964,Vernon,51r,1643-01-23,130 p[ai]d major Botteler Capt[ain] of a foot compa[ny] in my lord Peeterborroes reg[imen]t for 14 days pay for 100 soldiers beg[inning] 11 Janu[ary] incl[usive] £46 - 13s - 4d,"Peterborough, Earl of",Colonel,foot,,,,,
2796,V1975,Vernon,51r,1643-01-23,69 p[ai]d the lord Peeterborrough capt[ain] of a foot compa[ny] in his owne Regi[men]t for a mo[nths] pay of 100 soldiers beg[inning] 11 Janu[ary] incl[usive] £93 - 6s - 8d,"Peterborough, Earl of",Colonel,foot,,,,,
2797,V1939,Vernon,50v,1643-01-26,145 p[ai]d George Blunt captaine of a foot compa[ny] in my lord Peeterborroughs reg[imen]t for 14 dayes pay for 99 soldiers beg[inning] [th]e 16 Janu[ary] £46 - 4s - 0d,"Peterborough, Earl of",Colonel,foot,,,,,
2798,V1950,Vernon,50v,1643-01-26,136 p[ai]d l[ieutenant] C[olone]ll Francis Fairfax captaine of a foot compa[ny] in my lord Peeterborroughs reg[imen]t for pay of 92 soldiers for 3 week[es] ending the 19 present £63 - 13s - -d,"Peterborough, Earl of",Colonel,foot,,,,,
2799,V2092,Vernon,53v,1643-03-01,153 p[ai]d Capt[ain] George Rowle Capt[ain] of a foot compa[ny] in my lord Peeterborrows reg[imen]t for 3 week[es] pay of 100 soldiers beg[inning] 30 [Decem]bre £69 - 19s - 6d,"Peterborough, Earl of",Colonel,foot,,,,,
2800,V2126,Vernon,54v,1643-03-02,69 p[ai]d the Earle of Peeterborrow for a mo[nths] pay for the officers of his reg[imen]t consisting of 8 compa[nies] from [th]e 4 January £457 - 16s - -d,"Peterborough, Earl of",Colonel,foot,,,,,
2801,V2127,Vernon,54v,1643-03-02,135 p[ai]d C[aptain] Bevill Predieux for a mo[nths] pay of 90 soldiers of his reg[imen]t uppon accompt in [th]e Regi[men]t of my lord of Peeterborrough £84 - 18s - 8d,"Peterborough, Earl of",Colonel,foot,,,,,
2802,V2128,Vernon,54v,1643-03-02,69 p[ai]d for my lord of Peeterborrowes owne companie of [?103?] soldiers for a mo[nths] paye from [th]e 8 February ending the 7 march £93 - 6s - 8d,"Peterborough, Earl of",Colonel,foot,,,,,
2803,V2129,Vernon,54v,1643-03-02,136 p[ai]d Francis Fairfax leifft[enant] Collonel of the same Regi[men]t for a mo[nths] pay of his compa[ny] of 91 soldiers ending [th]e 16 Febr[uary] £84 - 18s - 8d,"Peterborough, Earl of",Colonel,foot,,,,,
2804,V2130,Vernon,54v,1643-03-02,153 p[ai]d C[aptain] George Rowse for a mo[nths] pay of 100 sold[ier]s of the same reg[imen]t uppon accompt £93 - 6s - 8d,"Peterborough, Earl of",Colonel,foot,,,,,
2805,V2131,Vernon,54v,1643-03-02,174 p[ai]d C[aptain] w[illia]m Gualter for paym[en]t of his office[r]s and sold[ier]s in the same reg[imen]t as by [th]e warr[an]t £86 - 4s - 8d,"Peterborough, Earl of",Colonel,foot,,,,,
2806,V2132,Vernon,54v,1643-03-02,145 p[ai]d C[aptain] Georg Blunt for a mo[nths] pay of 99 sold[ier]s of his compa[ny] in the same Regi[men]t endinge the 12 Febr[uary] £92 - 8s - -d,"Peterborough, Earl of",Colonel,foot,,,,,
2807,V2133,Vernon,54v,1643-03-02,130 p[ai]d major Jo[hn] Botteler for a mo[nths] pay of his compa[ny] of 100 sold[ier]s in the same Regi[men]t endinge [th]e 21 febr[uary] £93 - 6s - 8d,"Peterborough, Earl of",Colonel,foot,,,,,
2808,V2134,Vernon,54v,1643-03-02,127 p[ai]d S[i]r Edward Peyton for a mo[nths] entertainm[en]t of 92 sold[ier]s in the s[ai]d reg[imen]t ending [th]e 27 Janu[ary] £85 - 17s - -d,"Peterborough, Earl of",Colonel,foot,,,,,
2809,V2336,Vernon,59r,1643-04-12,69 p[ai]d the Earle of Peterborrough the like for his Regi[men]t £586 - 2s - -d,"Peterborough, Earl of",Colonel,foot,,,,,
2810,V2350,Vernon,59r,1643-04-12,136 p[ai]d Capt[ain] Bevil Predieux Capt[ain] of a foot compa[ny] in my lord Peterborrough[es] Regi[men]t for a mo[nths] pay for 91 sold[ier]s upo[n] acc[oun]tt £84 - 18s - 8d,"Peterborough, Earl of",Colonel,foot,,,,,
2811,V2378,Vernon,60r,1643-04-13,69 p[ai]d my lord of Peeterborrough toward[es] his entertainm[en]t as marshall of the feild uppon accompt £200 - 0s - 0d,"Peterborough, Earl of",Field Marshall,,,,,,
2812,V2451,Vernon,61v,1643-04-22,69 p[ai]d my lord Peeterborroughs Regi[men]t the like £93 - 9s - -d,"Peterborough, Earl of",Colonel,foot,,,,,
2813,V2489,Vernon,62r,1643-04-29,69 p[ai]d the Earle of Peeterborrough the like for his und[e]r officers & 36 troop[er]s £38 - 10s - 0d,"Peterborough, Earl of",Captain,horse,,,,,
2814,V2583,Vernon,64r,1643-05-24,69 p[ai]d the Earle of Peeterbo[rough] for [th]e officers & 56 troop[er]s for a mo[nth] ending 11 June £312 - 18s - -d,"Peterborough, Earl of",Captain,horse,,,,,
2815,V2584,Vernon,64r,1643-05-24,69 more p[ai]d him for a months pay for [th]e officers & 248 sold[ier]s of his Regi[men]t ending [th]e 1 June £739 - 4s - 4d,"Peterborough, Earl of",Colonel,foot,,,,,
2816,V2686,Vernon,66r,1643-05-26,69 p[ai]d The Earle of Peeterborrow marsh[a]ll g[e]n[era]ll of [th]e feild for a whole mo[nths] pay uppon accompt £168 - -s - -d,"Peterborough, Earl of",Field Marshall,,,,,,
2817,V2737,Vernon,67r,1643-06-20,69 p[ai]d my lord Peeterborrough for paym[en]t [th]e of the officers & 248 sold[ier]s of his reg[imen]t as by [th]e warr[an]t £206 - 9s - 8d,"Peterborough, Earl of",Colonel,foot,,,,,
2818,V2804,Vernon,68v,1643-06-22,184 p[ai]d Alexander Forbois for 14 dayes pay for [th]e officers & 54 troop[er]s of my lord Peeterborrough[es] troop end[ing] 25 June as by [th]e warr[an]t £145 - 19s - -d,"Peterborough, Earl of",Captain,horse,,,,,
2819,V3110,Vernon,74v,1643-08-22,130 p[ai]d John Botteler late sergeant major to my lord Peeterborroughs regiment uppon accompt of his arrears £161 - 12s - -d,"Peterborough, Earl of",Colonel,foot,,,,,
2820,V2304,Vernon,58v,1643-04-12,25 p[ai]d liefft[enant] maximilian Petty for 1/2 a months pay for himself officers and 35 troop[er]s of C[aptain] scroops troop £99 - 15s - -d,"Petty, Maximilian",Lieutenant,horse,,,"Scroope, Adrian",,
2821,V0426,Vernon,16v,1642-08-30,67 Sent to to be imployed for the use of the army quarteringe in and about Coventry this monie is to be d[elivere]d to sergant major Ballard S[i]r Henry cholmlie & S[i]r Edward Peto £8000 - 0s - 0d,"Peyto, Edward, Sir",,,,,,,
2822,V2051,Vernon,53r,1642-10-23,127 p[ai]d S[i]r Edward Peto toward[es] payment of Cariages in the traine of Artigliry this was p[ai]d the 21 & 23 [Octo]bre £300 - 0s - 0d,"Peyto, Edward, Sir",,artillery,,,,,
2823,V1100,Vernon,33r,1642-10-28,127 p[ai]d S[i]r Edward Peyto leifften[an]t g[enera]ll of the Artigliry for 1/2 a mo[nths] pay for [th]e traine of Artigliry to [th]e 29 [Octo]bre £724 - 14s - 8d,"Peyto, Edward, Sir",Lt-General,artillery,,,,,
2824,V1329,Vernon,37v,1642-11-14,127 p[ai]d S[i]r Edward Peto for pay of himself and officers of the traine of Artiglirye for 14 days endinge [th]e 11 present £724 - 7s - 8d,"Peyto, Edward, Sir",Lt-General,artillery,,,,,
2825,V1450,Vernon,40r,1642-11-23,127 p[ai]d S[i]r Edward Peyton Captaine of a compa[ny] of 92 fierlock[es] in my lord Peeterborroughs reg[imen]t for a mo[nth] £85 - 17s - 4d,"Peyto, Edward, Sir",Captain,foot,firelocks,"Peterborough, Earl of",,,
2826,V1459,Vernon,40v,1642-12-01,126 p[ai]d m[aste]r John Copley for provision of 100 dozen of arrowes & quivers and other necessaries to be by him delivered to S[i]r Edward Peto £32 - 10s - -d,"Peyto, Edward, Sir",,,,,,,
2827,V1468,Vernon,40v,1642-12-03,127 p[ai]d S[i]r Edward Peyto for 1/2 a mo[nths] pay for the traine of Artigliry uppon acc[oun]tt £724 - 15s - 8d,"Peyto, Edward, Sir",,artillery,,,,,
2828,V1471,Vernon,40v,1642-12-03,127 p[ai]d S[i]r Edward Peyto for a whole mo[nths] pay for 74 Fierlock[es] of his compa[ny] to begin [th]e 23 [Novem]bre £69 - 1s - 4d,"Peyto, Edward, Sir",Captain,foot,firelocks,,,,
2829,V1662,Vernon,44v,1642-12-17,127 p[ai]d S[i]r Edward Peito toward[es] making the fortification in & about windsor £200 - -s - -d,"Peyto, Edward, Sir",,,,,,,
2830,V1710,Vernon,45v,1642-12-21,127 p[ai]d S[i]r Edward Peyto for 1/2 a mo[nths] pay for the officers of the traine of Artigliry beg[inning] 25 [Novem]bre £724 - 15s - 8d,"Peyto, Edward, Sir",,artillery,,,,,
2831,V1755,Vernon,46v,1642-12-26,127 p[ai]d S[i]r Edward Peyten for 92 sold[ier]s in [th]e same Regi[men]t beg[inning] 17 d[i]tto £42 - 18s - 8d,"Peyto, Edward, Sir",Captain,foot,,"Peterborough, Earl of",,,
2832,V1794,Vernon,47v,1642-12-27,127 p[ai]d S[i]r Edward peto for 14 days pay of 74 fierlock[es] of his compa[ny] beg[inning] 21 dec[ember] £34 - 6s - 8d,"Peyto, Edward, Sir",Captain,foot,firelocks,,,,
2833,V1795,Vernon,47v,1642-12-27,more for pay of himself & officers as by the warr[an]tt £44 - 2s,"Peyto, Edward, Sir",Captain,foot,firelocks,,,,
2834,V1877,Vernon,49r,1643-01-06,127 p[ai]d S[i]r Edward Peyto toward[es] payment of the traine of Artigliry £400 - 0s - 0d,"Peyto, Edward, Sir",,artillery,,,,,
2835,V1922,Vernon,50r,1643-01-13,127 p[ai]d S[i]r Edward Peyto toward[es] charges of the Trenches about windsor £100 - 0s - 0d,"Peyto, Edward, Sir",,,,,,,
2836,V2062,Vernon,53r,1643-02-04,127 p[ai]d S[i]r Edward Peto toward[es] payment of the traine of Artigliry uppon acc[oun]tt £1000 - 0s - 0d,"Peyto, Edward, Sir",,artillery,,,,,
2837,V2093,Vernon,53v,1643-03-01,127 p[ai]d S[i]r Edward Peyto for a whole mo[nths] pay for the traine of Artigliry £1449 - 11s - 4d,"Peyto, Edward, Sir",,artillery,,,,,
2838,V2134,Vernon,54v,1643-03-02,127 p[ai]d S[i]r Edward Peyton for a mo[nths] entertainm[en]t of 92 sold[ier]s in the s[ai]d reg[imen]t ending [th]e 27 Janu[ary] £85 - 17s - -d,"Peyto, Edward, Sir",Captain,foot,,"Peterborough, Earl of",,,
2839,V2163,Vernon,55v,1643-03-03,127 p[ai]d S[i]r Edward Peto for paym[en]t of his officers & soldiers of his compa[ny] of fierlock[es] as by [th]e warr[an]te £113 - 3s - 4d,"Peyto, Edward, Sir",Captain,foot,firelocks,,,,
2840,V2301,Vernon,58v,1643-04-12,127 p[ai]d S[i]r Edward Peyto uppon accompt of the traine of Artigliry in part of a warr[an]t of 1449.11.4 £1000 - -s - -d,"Peyto, Edward, Sir",,artillery,,,,,
2841,V2331,Vernon,59r,1643-04-12,127 p[ai]d S[i]r Edward Peyto for 1/2 a mo[nths] pay for him self officers & 74 Fier lock[es] of his compa[ny] £56 - 6s - 0d,"Peyto, Edward, Sir",Captain,foot,firelocks,,,,
2842,V2456,Vernon,61v,1643-04-22,127 p[ai]d S[i]r Edward Peyto in full of a warr[an]t of 1449.11.4.  of [th]e 4 Aprill £449 - 11s - 4d,"Peyto, Edward, Sir",,,,,,,
2843,V2460,Vernon,61v,1643-04-25,127 p[ai]d S[i]r Edward Peyto the like for his compa[ny] of Fierlock[es] £17 - 11s - 2d,"Peyto, Edward, Sir",Captain,foot,firelocks,,,,
2844,V2539,Vernon,63r,1643-05-03,127 p[ai]d S[i]r Edward Peyto for provision of Clout[es] nayles and other necessaries belonginge to [th]e traine of Artigliry £20 - 0s - 0d,"Peyto, Edward, Sir",,artillery,,,,,
2845,F0010,Fenton,97r,1643-05-22,p[ai]d S[i]r Edw[ard] peto for [th]e Traine £320 - 0s - 0d,"Peyto, Edward, Sir",,artillery,,,,,
2846,V2611,Vernon,64v,1643-05-25,127 p[ai]d S[i]r Edward Peyto for a mo[nths] pay for the officers & 60 soldiers of his company of fierlock[es] end[ing] [th]e 1 June £100 - 2s - -d,"Peyto, Edward, Sir",Captain,foot,firelocks,,,,
2847,V2665,Vernon,65v,1643-05-26,127 p[ai]d S[i]r Edward Peyto for a mo[nths] pay for [th]e officers of the traine of Artigliry uppon ac[coun]t £1449 - 9s - 4d,"Peyto, Edward, Sir",,artillery,,,,,
2848,V2705,Vernon,66v,1643-06-20,127 p[ai]d S[i]r Edward Peyto for reparation of wagons & other necessaries about [th]e traine uppon acc[oun]tt £50 - -s - -d,"Peyto, Edward, Sir",,artillery,,,,,
2849,V2758,Vernon,67v,1643-06-21,127 p[ai]d S[i]r Edward Peyto for 14 dayes pay for [th]e officers & 60 fierlock[es] of his compa[ny] end[ing] 15 June £50 - 1s - -d,"Peyto, Edward, Sir",Captain,foot,firelocks,,,,
2850,V2767,Vernon,67v,1643-06-21,127 p[ai]d S[i]r Edward Peto toward[es] the pay of the traine of Artigliry uppon acc[oun]tt £779 - -s - -d,"Peyto, Edward, Sir",,artillery,,,,,
2851,V2890,Vernon,70v,1643-07-12,127 p[ai]d S[i]r Edward Peyto for 14 dayes pay for his compa[ny] of Fierlock[es] end[ing] 29 June £43 - 1s - -d,"Peyto, Edward, Sir",Captain,foot,firelocks,,,,
2852,V2921,Vernon,71r,1643-07-13,127 p[ai]d S[i]r Edward Peyt[o] for 1/2 a mo[nths] pay for [th]e traine of Artigliry uppon accompt £724 - 15s - 8d,"Peyto, Edward, Sir",,artillery,,,,,
2853,F0194,Fenton,100r,1643-07-31,p[ai]d S[i]r Edw[ard] peto for [th]e Firelockes £10 - 10s - 0d,"Peyto, Edward, Sir",,foot,firelocks,,,,
2854,F0226,Fenton,100v,1643-08-07,p[ai]d S[i]r Edw[ard] peto £120 - 0s - 0d,"Peyto, Edward, Sir",,,,,,,
2855,V2985,Vernon,72v,1643-08-16,127 p[ai]d S[i]r Edward Peto for 7 dayes for [th]e traine of Artigliry uppon accompt £362 - 7s - 6d,"Peyto, Edward, Sir",,artillery,,,,,
2856,V2988,Vernon,72v,1643-08-16,127 p[ai]d S[i]r Edward Peto for his compa[ny] of fierlock[es] from [th]e 29 June to [th]e 6 Julie £21 - 10s - 6d,"Peyto, Edward, Sir",Captain,foot,firelocks,,,,
2857,V3128,Vernon,75r,1643-08-24,127 p[ai]d S[i]r Edward Peto for 14 dayes for his compa[ny] of Fierlock[es] £43 - 1s - 0d,"Peyto, Edward, Sir",Captain,foot,firelocks,,,,
2858,F0272,Fenton,101r,1643-08-30,p[ai]d S[i]r Edw[ard] peto £50 - 0s - 0d,"Peyto, Edward, Sir",,,,,,,
2859,F0113,Fenton,98v,1643-07-05,"p[ai]d Capt[ain] Phillipps, Capt[ain] Wheeler Capt[ain] Andrewes & Ens[ign] Williams £33 - 12s - 0d","Phillips, Hugh",Captain,,,,,,
2860,V2891,Vernon,70v,1643-07-12,188 p[ai]d Capt[ain] Hugh Phillips on of the Capt[ain]s of S[i]r henry Cholmlies Regi[men]t for 14 days pay for himself as Capt[ain] £10 - 10s - -d,"Phillips, Hugh",Captain,foot,,"Cholmley, Henry, Sir",,,
2861,V3087,Vernon,74r,1643-08-18,"187 p[ai]d Cap[tain] Hugh Phillips, w[illia]m Botteler & Tho[mas] wolling 3 capt[ains] of Coll[onel] Cholmlies Regi[men]t for 7 days pay £15 - 15s - 0d","Phillips, Hugh",Captain,foot,,"Cholmley, Henry, Sir",,,
2862,V3216,Vernon,76v,1643-08-26,187 p[ai]d C[aptain] Hugh phillips C[aptain] w[illia]m Butler & C[aptain] Tho[mas] weelin late Capt[ains] in Coll[onel] Cholmlies Regi[men]t for 14 dayes pay £31 - 10s - -d,"Phillips, Hugh",Captain,foot,,"Cholmley, Henry, Sir",,,
2863,V3430,Vernon,79v,1643-10-25,190 p[ai]d C[aptain] william Botteler & C[aptain] Hugh Philips late Ca[ptains] of S[i]r Henry Cholmlys Regi[men]t £21 - -s - -d,"Phillips, Hugh",Captain,foot,,"Cholmley, Henry, Sir",,,
2864,V3605,Vernon,82r,1643-12-08,190 p[ai]d C[aptain] william Butler C[aptain] Hugh Phillips and C[aptain] Jo[hn] Johnson £28 - 0s - 0d,"Phillips, Hugh",Captain,,,,,,
2865,V3896,Vernon,85r,1644-03-05,187 p[ai]d Hugh Phillips for 14 days pay as Capt[ain] of a foot compa[ny] £10 - 10s - -d,"Phillips, Hugh",Captain,foot,,,,,
2866,V3267,Vernon,77v,1643-08-29,"49 p[ai]d Theophilus Andrews Jo[hn] vivers Peeter Bland Fra[ncis] Cary Hugh harding Jo[hn] smith, Georg Billot & w[illia]m Phillips gent[lemen] latelie entred in my lord g[e]n[era]ll[es] lieff guard for 14 days pay each at 8s p[er] diem £44 - 16s - -d","Phillips, William",Trooper,horse,cuirassiers,,"Stapleton, Philip, Sir",gent of lifeguard,
2867,V2954,Vernon,72r,1643-07-13,p[ai]d Capt[ain] Rob[er]t phinn C[aptain] of drag[oons] 14.0.0,"Phinn, Robert",Captain,dragoons,,,,,
2868,F0228,Fenton,100v,1643-08-09,p[ai]d Capt[ain] Edm[ond] Phippes £50 - 0s - 0d,"Phipps, Edward",Captain,,,,,,
2869,V3226,Vernon,76v,1643-08-26,198 p[ai]d C[aptain] Edward Phipps for 21 daies pay for his compa[ny] of drago[ons] uppon accompt £86 - 2s - -d,"Phipps, Edward",Captain,dragoons,,,,,
2870,V3382,Vernon,79r,1643-10-16,198 p[ai]d C[aptain] Edmond Phipps for his compa[ny] of drago[ons] £94 - 17s - -d,"Phipps, Edward",Captain,dragoons,,,,,
2871,V0007,Vernon,5r,1642-08-05,sellery p[ai]d M[aste]r Edward Pickeringe by a warr[an]tt for charges of post horses in the service of the parliament £50 - 0s - 0d,"Pickering, Edward",,,,,,,
2872,V0164,Vernon,9v,1642-08-15,38 p[ai]d S[i]r Guilbert Pickeringe & John Crew for payment of such forces as ar at this present imployed for the defence of the countye & towne of northampton by the apointm[en]t of such deputye leifft[enants] as shalbe in the said towne or the greater number of £500 - 0s - 0d,"Pickering, Gilbert, Sir",,,,,,,
2873,V2219,Vernon,56v,1643-03-08,179 p[ai]d m[aste]r w[illia]m Pickering on of the gentlemen of my lord g[e]n[era]ll[es] lieffguard for soe much laid out by him for raising of dragoon horses £26 - 10s,"Pickering, William",Trooper,horse,cuirassiers,,"Essex, Earl of",gent of lifeguard,
2874,F0049,Fenton,97v,1643-06-05,p[ai]d S[i]r Tho[mas] Piggot kn[igh]t £42 - 0s - 0d,"Piggot, Thomas, Sir",,,,,,,
2875,V1048,Vernon,32r,1642-10-19,119 p[ai]d Edward Pilkington for part of the pay of himself & other gun smiths sent from lond[on] £50 - 0s - 0d,"Pilkington, Edward",Gunsmith,,,,,,
2876,V1323,Vernon,37v,1642-11-14,176 p[ai]d Michael Barke Edward Pilkinton & 8 other Gunsmiths apointed for his present service £18 - 4s - -d,"Pilkington, Edward",Gunsmith,,,,,,
2877,V1706,Vernon,45v,1642-12-20,119 p[ai]d Edward Pilkinton for divers working tooles belonging to gunsmiths w[hi]ch wear lost in the service and by him repared £3 - 19s - -d,"Pilkington, Edward",,,,,,,
2878,V1715,Vernon,45v,1642-12-21,176 p[ai]d michael Barke Pilkenton and the rest of the gunsmith for 3 week[es] pay ending [th]e 21 [Decem]bre £27 - 6s - -d,"Pilkington, Edward",Gunsmith,,,,,,
2879,V2170,Vernon,55v,1643-03-06,176 p[ai]d michael Barke Edward Pilkinton & & 5 other m[aste]r gunsmithes for pay for 9 week[es] at 7l p[er] weeke & for 3 servant[es] at 42s a weeke endinge [th]e 22 Feb[ruary] £81 - 18s - -d,"Pilkington, Edward",Gunsmith,,,,,,
2880,F0051,Fenton,97v,1643-06-05,p[ai]d Michaell Barke and Edward Pilkinton £27 - 6s - 0d,"Pilkington, Edward",,,,,,,
2881,F0148,Fenton,99r,1643-07-18,p[ai]d Mich[ael] Barke & Edw[ard] Pilkinton Gunsmiths £30 - 0s - 0d,"Pilkington, Edward",Gunsmith,,,,,,
2882,V2965,Vernon,72r,1643-07-13,169 p[ai]d John Pinade Cornet to Capt[ain] Carr uppon accompt £10 - 0s - 0d,"Pinade, John",Cornet,horse,,,"Carr, Gilbert",,
2883,V1230,Vernon,36r,1642-11-11,177 p[ai]d m[aste]r w[illia]m Ponier marchant for a brige planck[es] & other necessaries to [th]e same £60 - 0s - 0d,"Ponier, William",,,,,,,
2884,V1321,Vernon,37v,1642-11-14,127 p[ai]d Henry Poole Cittizen to be imployed in [th]e publicke service £100 - -s - -d,"Poole, Henry",,,,,,,
2885,V0541,Vernon,19v,1642-09-05,"85 p[ai]d Thomas Symond[es] for monies disbursed by the hand[es] of Ric[hard] Touy of Bristoll for armes and Amunition by him provided and bought by order of m[aste]r Allexand[e]r Popham, m[aste]r strood & m[aste]r Ash £172 - 4s - 4d","Popham, Alexander",,,,,,,
2886,V1070,Vernon,32v,1642-10-27,48 p[ai]d william Porker Chaplaine of that regiment for his pay being 2 mo[nths] & 21 dayes £30 - 16s - 0d,"Porker, William",Chaplain,horse,,"Willoughby of Parham, Lord",,,
2887,V3243,Vernon,77r,1643-08-26,26 p[ai]d Jo[hn] Potter for [th]e use of m[istres]s Austin late wiff of C[aptain] Austin desceased £100 - -s - -d,"Potter, John",,,,,,,
2888,V1447,Vernon,40r,1642-11-23,135 p[ai]d Captaine Bevill Predieux for a mo[nths] pay of 91 sold[ier]s in my lord Peterborros reg[imen]t to begin [th]e 21 present £84 - 18s - 8d,"Predieux, Bevill",Captain,,,"Peterborough, Earl of",,,
2889,V2127,Vernon,54v,1643-03-02,135 p[ai]d C[aptain] Bevill Predieux for a mo[nths] pay of 90 soldiers of his reg[imen]t uppon accompt in [th]e Regi[men]t of my lord of Peeterborrough £84 - 18s - 8d,"Predieux, Bevill",Captain,foot,,"Peterborough, Earl of",,,
2890,V2350,Vernon,59r,1643-04-12,136 p[ai]d Capt[ain] Bevil Predieux Capt[ain] of a foot compa[ny] in my lord Peterborrough[es] Regi[men]t for a mo[nths] pay for 91 sold[ier]s upo[n] acc[oun]tt £84 - 18s - 8d,"Predieux, Bevill",Captain,foot,,"Peterborough, Earl of",,,
2891,V2203,Vernon,56r,1643-03-07,156 p[ai]d daniel Prescot anoth[e]r trooper in part of 15.2.6 £10 - 0s - 0d,"Prescot, Daniel",Trooper,horse,,,,,
2892,V3083,Vernon,74r,1643-08-18,p[ai]d daniell Prescot in full part of a warr[an]t of 15.2.6. dat[ed] 6 march 1642 £5 - 2s - 6d,"Prescot, Daniel",,,,,,,
2893,V2426,Vernon,61r,1643-04-13,"176 p[ai]d Capt[ain] Robert more C[aptain] Jo[hn] Burne C[aptain] Alex[ander] neale, leifft[enant] Jo[hn] Preston leifft[enant] w[illia]m Hill, officers drago[oons] £130 - -s - -d","Preston, John",Lieutenant,dragoons,,,,,
2894,V0057,Vernon,6v,1642-08-10,17 p[ai]d Capt[ain] w[illia]m Prettye for the advance of on monthes pay of of a troupe of 60 harquebusiers the some of by Imprest £349 - 16s - -d,"Pretty, William (horse)",Captain,horse,,,,,
2895,V0058,Vernon,6v,1642-08-10,more p[ai]d him for padd[es] bridles and bitt[es] for the 2 trumpeters farrier and sadler £6 - 0s - 0d,"Pretty, William (horse)",Captain,horse,,,,,
2896,V0059,Vernon,6v,1642-08-10,more for his sadler and farrier to be defalked out of ther pay at 5s a weeke delivered him by way of imprest £10 - 0s - 0d,"Pretty, William (horse)",Captain,horse,,,,,
2897,V0060,Vernon,6v,1642-08-10,more p[ai]d him for the pay of himself and officers from the 15th of Julie Inclusive to the 6th of August exclusive being 21 daies by way of imprest £104 - 9s - 6d,"Pretty, William (horse)",Captain,horse,,,,,
2898,V0099,Vernon,7v,1642-08-12,17 p[ai]d Capt[ain] Pretty for allowance made to him for scarff[es] for his troope £30 - 0s - 0d,"Pretty, William (horse)",Captain,horse,,,,,
2899,V1008,Vernon,31r,1642-10-18,17 p[ai]d Captaine pretty for arrears of his trop to [th]e 29 [Octo]bre £137 - 4s - 6d,"Pretty, William (horse)",Captain,horse,,,,,
2900,V1073,Vernon,32v,1642-10-27,17 p[ai]d Sargeant major Prettye for 1/2 mo[nths] pay of his troope uppon acc[oun]t £174 - 13s - 0d,"Pretty, William (horse)",Major,horse,,,,,
2901,V1246,Vernon,36r,1642-11-11,17 p[ai]d Sergeant major pretty the like £174 - 13s - 0d,"Pretty, William (horse)",Major,horse,,,,,
2902,V1247,Vernon,36r,1642-11-11,25.4.0 more for his pay as Sergeant major £29 - 4s - 0d,"Pretty, William (horse)",Major,horse,,,,,
2903,V1354,Vernon,38r,1642-11-16,17 p[ai]d sergeant major Pretty for buyinge 15 great sadles & other furniture for recrutinge his troope £37 - 10s,"Pretty, William (horse)",Major,horse,,,,,
2904,V1355,Vernon,38r,1642-11-16,more for on mo[nth] & 16 dayes pay for a gunsmith allowed his troope at 2s.6d p[er] diem £5 - 10s,"Pretty, William (horse)",Major,horse,,,,,
2905,V1612,Vernon,43v,1642-12-10,17 p[ai]d sergeant major Pretty for 1/2 a mo[nths] pay for his troop 174.13 more for his gunsmith 1.15 £176 - 8s - -d,"Pretty, William (horse)",Major,horse,,,,,
2906,V1613,Vernon,43v,1642-12-10,more for 4 saddles & furniture £10 - -s - -d,"Pretty, William (horse)",Major,horse,,,,,
2907,V1614,Vernon,43v,1642-12-10,more for 1/2 a mo[nths] pay as sergent major £8 - 8s - 0d,"Pretty, William (horse)",Major,horse,,,,,
2908,V1725,Vernon,46r,1642-12-21,17 p[ai]d Sergeant major Pretty toward[es] paym[en]t of that troop wherof latlie Capt[ain] Fleming was Captaine uppon acc[oun]t £100 - 0s - 0d,"Pretty, William (horse)",Major,horse,,,,,
2909,V1726,Vernon,46r,1642-12-21,more for 20 great sadles & furniture for that troop £50 - 0s - 0d,"Pretty, William (horse)",Major,horse,,,,,
2910,V1729,Vernon,46r,1642-12-22,17 p[ai]d S[e]rgeant major Prettye for 1/2 a mo[nths] pay for his troop & gunsmith £176 - 8s - 0d,"Pretty, William (horse)",Major,horse,,,,,
2911,V2039,Vernon,52v,1643-01-24,17 p[ai]d Sergeant major Pretty for a mo[nths] pay for his troope & 3.10 for his gunsmith £352 - 16s - -d,"Pretty, William (horse)",Major,horse,,,,,
2912,V2164,Vernon,55v,1643-03-03,26 p[ai]d Quartermaster Benjamin Blackberry for and toward[es] the payment of the troop of Capt[ain] Jo[hn] Fleming now riding in the troop late under the Comand of major Pretty uppon accompt £40 - -s - -d,"Pretty, William (horse)",Captain,horse,,,,,
2913,V2244,Vernon,57r,1643-03-09,17 p[ai]d Major w[illia]m Pretty in part of a war[rant] dated [th]e 28 Febr[uary] of 352.16. £250 - 0s - 0d,"Pretty, William (horse)",Major,,,,,,
2914,V2290,Vernon,58r,1643-04-10,more for 1/2 a mo[nths] pay for the officers and sold[ier]s of the troop late in major prettyes Command £107 - 16s,"Pretty, William (horse)",Major,horse,,,,,
2915,V2570,Vernon,63v,1643-05-24,63 more p[ai]d him for certaine officers of S[i]r John noriches troop and major prettyes troop now riding in his troop for a mo[nths] pay ending 11 June £60 - 4s - -d,"Pretty, William (horse)",Major,horse,,,,,
2916,V3274,Vernon,77v,1643-08-29,17 p[ai]d major w[illia]m Pretty in part of monie by him disbursed for Capt[ain] Fleming[es] troope £50 - -s - -d,"Pretty, William (horse)",Major,horse,,,,,
2917,V3477,Vernon,80r,1643-11-17,212 p[ai]d leifft[enant] Pretty for 21 days for Pioneers £21 - -s - -d,"Pretty, William, Lt (pioneers)",Lieutenant,pioneers,,,,,
2918,V3631,Vernon,82v,1643-12-09,212 p[ai]d leifft[enant] Pretty for 11 pioneers £3 - 17s - 0d,"Pretty, William, Lt (pioneers)",Lieutenant,pioneers,,,,,
2919,V3237,Vernon,77r,1643-08-26,199 p[ai]d Judeth Price wiffe to the late Anthony Price Comissarie of victual[es] for pay deu to him £27 - 14s - -d,"Price, Anthony",Commissary,,,,,deceased,
2920,V2220,Vernon,56v,1643-03-08,p[ai]d Hister Price widdow for monies by her expended in provisions for sick & maimed soldiers at warwicke £5 - -s - -d,"Price, Hester",Widow,,,,,,
2921,V3237,Vernon,77r,1643-08-26,199 p[ai]d Judeth Price wiffe to the late Anthony Price Comissarie of victual[es] for pay deu to him £27 - 14s - -d,"Price, Judith",Widow,,,,,,
2922,V2410,Vernon,60v,1643-04-13,122 p[ai]d Lewellin price surgeon to S[i]r Jam[es] Ramsies Regiment for 1/2 a mo[nths] pay for himself & mates uppon accoun[tt] £8 - 8s - -d,"Price, Llewellin",Surgeon,horse,,"Ramsey, James, Sir",,,
2923,V2823,Vernon,69r,1643-06-22,122 p[ai]d llewellin price surgeon to S[i]r James Ramsey for pay of himself mat[es] & bidett[es] for a mo[nths] pay ending [th]e 18 June £16 - 16s - -d,"Price, Llewellin",Surgeon,horse,,"Ramsey, James, Sir",,,
2924,F0159,Fenton,99r,1643-07-20,p[ai]d Fluellin Price £8 - 8s - 0d,"Price, Llewellin",,,,,,,
2925,V2680,Vernon,66r,1643-05-26,176 p[ai]d Capt[ain] James Berkcley C[aptain] Robert more C[aptain] Jams Boswell Reformado captains of horse Capt[ain] david midleton Cornet of horse & Capt[ain] Robert [?prime?] Cap[tain] of Foat for & toward[es] the pay due unto them uppon accompt £200 - -s - -d,"Prime, Robert",Captain,foot,,,,,
2926,V2045,Vernon,52v,1643-01-24,178 p[ai]d Elizabeth Primrose wiff of Edward Primrose capt[ain] of a foot compa[ny] in the reg[imen]t of Coll[onel] Ballard for 49 days as capt[ain] begining the 19 [Novem]bre at 15s p[er] diem £36 - 15s - 0d,"Primrose, Edward",Captain,foot,,"Ballard, Thomas",,,
2927,V2423,Vernon,61r,1643-04-13,178 p[ai]d m[istres]s Primrose toward[es] her husband Capt[ain] Primrose pay now a prison[e]r in oxford £20 - 0s - 0d,"Primrose, Edward",Captain,,,,,prisoner,
2928,V2662,Vernon,65v,1643-05-26,178 p[ai]d C[aptain] Edward Primrose capt[ain] of a foot compa[ny] in Coll[onel] Ballard[es] reg[imen]t for a mo[nths] pay for himself officers & 27 sold[ier]s end[ing] 1 June £61 - 12s - -d,"Primrose, Edward",Captain,foot,,"Ballard, Thomas",,,
2929,V3112,Vernon,74v,1643-08-22,178 p[ai]d C[aptain] Edward primrose late Captaine of a foot compa[ny] under Coll[onel] Ballard latelie released out of prison uppon accompt £21 - -s - -d,"Primrose, Edward",Captain,foot,,"Ballard, Thomas",,late prisoner,
2930,V2045,Vernon,52v,1643-01-24,178 p[ai]d Elizabeth Primrose wiff of Edward Primrose capt[ain] of a foot compa[ny] in the reg[imen]t of Coll[onel] Ballard for 49 days as capt[ain] begining the 19 [Novem]bre at 15s p[er] diem £36 - 15s - 0d,"Primrose, Elizabeth",Wife,,,,,,
2931,V2423,Vernon,61r,1643-04-13,178 p[ai]d m[istres]s Primrose toward[es] her husband Capt[ain] Primrose pay now a prison[e]r in oxford £20 - 0s - 0d,"Primrose, Elizabeth",Wife,,,,,,
2932,V0328,Vernon,14r,1642-08-25,sallery p[ai]d m[aste]r Thomas Pudsey for the like some lent and disbursed by him in the service of kent £100 - 0s - 0d,"Pudsey, Thomas",,,,,,,
2933,V0374,Vernon,15r,1642-08-27,49 p[ai]d Thomas Pudsey from my Lord G[enera]lls entertainm[en]t as G[enera]ll of the Army at xl p[er] diem from the 15 July inclusive to the 27 Aug[us]t exclusive 43 daies £430 - 0s - 0d,"Pudsey, Thomas",,,,,,,
2934,V0510,Vernon,19r,1642-09-03,49 p[ai]d my Thomas Pudsey toward[es] the provision of Armes for my lord g[enera]ll[es] owne troope as by the warr[an]t £186 - 0s - 0d,"Pudsey, Thomas",,,,,"Essex, Earl of",,
2935,V0654,Vernon,22v,1642-09-08,49 p[ai]d Captain Thomas Pudsey captaine of the g[enera]ll[es] guard of harberdiers for on mo[nths] pay at 20s p[er] diem to comence from the 30th of Julie Inclusive to the 28 aug[us]t exclusive 28l more for the advance of on mo[nths] pay 28 as also for an allowance made to him by way of advance for a wagon 40 In all £96 - 0s - 0d,"Pudsey, Thomas",Captain,foot,halberdiers,,,,
2936,V0655,Vernon,22v,1642-09-08,more for furnishinge 30 sword[es] for 30 halberdiers at 30s a peece £45 - 0s - 0d,"Pudsey, Thomas",Captain,foot,halberdiers,,,,
2937,V0706,Vernon,24r,1642-09-10,49 p[ai]d Captaine Thomas Pudsey for 30 halbert[es] for my lord g[enera]ll[es] guard - a mo[nths] advance at 18d p[er] diem £63 - 0s - 0d,"Pudsey, Thomas",Captain,foot,halberdiers,,,,
2938,V0847,Vernon,27v,1642-10-05,49 p[ai]d Captain Pudsey for a mo[nths] pay of 30 halberdiers and 18d p[er] diem £63 - 0s - 0d,"Pudsey, Thomas",Captain,foot,halberdiers,,,,
2939,V0848,Vernon,27v,1642-10-05,more p[ai]d him for his owne entertainm[en]t as Capt[ain] of the said guard for his arreers and a mo[nths] pay begininge the 1 [Octo]bre £34 - -s - -d,"Pudsey, Thomas",Captain,foot,halberdiers,,,,
2940,V1139,Vernon,34r,1642-10-29,49 p[ai]d Captain Pudsey captaine of my lord[es] guard of harberdiers for his & ther payment upon acc[oun]tt £50 - 0s - 0d,"Pudsey, Thomas",Captain,foot,halberdiers,,,,
2941,V1322,Vernon,37v,1642-11-14,49 p[ai]d Capt[ain] Thomas Pudsey for on mo[nths] pay for him self as captaine of my lord[es] guard of Halberdiers & for 30 halberdiers £91 - -s - -d,"Pudsey, Thomas",Captain,foot,halberdiers,,,,
2942,V1566,Vernon,42v,1642-12-05,49 p[ai]d C[aptain] Thomas Pudsey for my lord G[enera]ll[es] pay and entertainm[en]t as G[enera]ll of the Army for 2 whole mo[nths] beginning the 1 [Octo]bre to the 26 [Novem]bre exclusive £560 - -s - -d,"Pudsey, Thomas",Captain,foot,halberdiers,,,,
2943,V1567,Vernon,42v,1642-12-05,49 more p[ai]d him for a mo[nths] pay for himself as Captaine of my lo[rd] G[enera]ll[es] guard of holberdiers at 20s p[er] diem 28l as also for pay of his 30 menn for a mo[nths] a 18d p[er] diem a peece 63l in all £91 - 0s - 0d,"Pudsey, Thomas",Captain,foot,halberdiers,,,,
2944,V1887,Vernon,49r,1643-01-06,49 p[ai]d Capt[ain] Pudsey capt[ain] of my lord[es] guard of halberdiers for a whole mo[nths] pay for himself & 30 menn uppon acc[oun]tt £[...] - 0s - 0d,"Pudsey, Thomas",Captain,foot,halberdiers,,,,
2945,V2009,Vernon,52r,1643-01-24,49 p[ai]d Capt[ain] Thomas Pudsey for a whole mo[nths] pay for himself & 30 men of my lord[es] guard £91 - 0s - 0d,"Pudsey, Thomas",Captain,foot,,,,,
2946,V2079,Vernon,53v,1643-02-24,49 p[ai]d C[aptain] Thomas Pudsey being soe much expended by Collonel Barker according to my lord g[enera]ll[es] order for releiff of mained sold[ier]s at Coventree £200 - 0s - 0d,"Pudsey, Thomas",Captain,,,,,,
2947,V2262,Vernon,57v,1643-03-17,49 p[ai]d Thomas Pudsey for soe much disbursed by Jams Kirle Esquire receaver of my lord g[e]n[era]ll[es] Rent[es] in Herefordshir toward[es] payment of his Regi[men]t & troope of horse £280 - -s - -d,"Pudsey, Thomas",,,,,,,
2948,V2300,Vernon,58v,1643-04-12,49 p[ai]d Capt[ain] Pudsey for a whole mo[nths] pay for himself & 30 of my lord[es] guard of harbediers uppon accompt £91 - -s - -d,"Pudsey, Thomas",Captain,foot,halberdiers,,,,
2949,V2659,Vernon,65v,1643-05-26,49 p[ai]d C[aptain] Pudsey for a mo[nths] pay for himself & 30 halberdiers of my lord[es] guard £91 - -s - -d,"Pudsey, Thomas",Captain,foot,halberdiers,,,,
2950,V2790,Vernon,68r,1643-06-21,49 p[ai]d Cap[tain] Pudsey for 14 dayes pay for himself & 30 halberdiers of my lord[es] guard uppon accompt £45 - 10s - -d,"Pudsey, Thomas",Captain,foot,halberdiers,,,,
2951,V2939,Vernon,71v,1643-07-13,49 p[ai]d Capt[ain] Pudsey for 1/2 a mo[nths] pay for himself & 30 halberdiers of my lord[es] guard £45 - 10s - -d,"Pudsey, Thomas",Captain,foot,halberdiers,,,,
2952,V3003,Vernon,72v,1643-08-16,49 p[ai]d C[aptain] Pudsey the like for my lord g[e]n[era]ll[es] halberdiers £22 - 15s - -d,"Pudsey, Thomas",Captain,foot,halberdiers,,,,
2953,V3207,Vernon,76r,1643-08-25,49 p[ai]d C[aptain] Thomas Pudsey for 14 dayes for my lord g[enera]ll[es] guard of halberdiers £45 - 10s - -d,"Pudsey, Thomas",Captain,foot,halberdiers,,,,
2954,V3353,Vernon,78v,1643-10-16,49 p[ai]d C[aptain] Pudsey for 14 days pay for his Ex[cellencys] guard of Halberdiers £45 - 10s - -d,"Pudsey, Thomas",Captain,foot,halberdiers,,,,
2955,V3476,Vernon,80r,1643-11-17,49 p[ai]d C[aptain] Pudsey for 14 days for his halberdiers £45 - 10s - -d,"Pudsey, Thomas",Captain,foot,halberdiers,,,,
2956,V3687,Vernon,83r,1643-12-29,49 p[ai]d C[aptain] Pudsey for 7 days pay for halberd[ier]s £17 - 10s - 0d,"Pudsey, Thomas",Captain,foot,halberdiers,,,,
2957,V3762,Vernon,84r,1644-02-05,49 p[ai]d C[aptain] Pudsey for 14 days for my lord[es] guard halb[erdiers] £35 - 0s - 0d,"Pudsey, Thomas",Captain,foot,halberdiers,,,,
2958,V3933,Vernon,85v,1644-03-21,49 p[ai]d Ca[ptain] Pudsey for a months pay for 20 halberdiers uppon ther arrear £42 - -s - -d,"Pudsey, Thomas",Captain,foot,halberdiers,,,,
2959,V0761,Vernon,25v,1642-09-29,104 p[ai]d w[illia]m Purfroy leifft[enant] Collonel of a regim[en]t of Foat to be raised in this service after the rate of 20s p[er] diem from the 30 Julie to the 1 [Octo]bre being 2 mo[nths] 7 dayes £63 - 0s - 0d,"Purefoy, William",Lt-Colonel,foot,,,,,
2960,V1333,Vernon,37v,1642-11-14,104 p[ai]d w[illia]m purfroy for his pay as lefftenn[an]t Coll[onel] from [th]e 1 [Octo]bre to the 12 present £43 - -s - -d,"Purefoy, William",Lt-Colonel,foot,,,,,
2961,V2172,Vernon,55v,1643-03-06,104 p[ai]d leifft[enant] Collonel Purfroy for his pay as leifft[enant] Coll[onel] for 60 daies from the 1 Janu[ary] to the 6 of march £60 - 0s - 0d,"Purefoy, William",Lt-Colonel,foot,,,,,
2962,V0153,Vernon,9r,1642-08-15,36 p[ai]d S[i]r Robert Pye Capt[ain] of a troope of 60 harquebusiers by waye of advance £280 - 0s - 0d,"Pye, Robert, Sir",Captain,horse,,,,,
2963,V1777,Vernon,47r,1642-12-26,36 p[ai]d Capt[ain] Robert Pye toward[es] payment of his troope uppon accompt £70 - 0s - 0d,"Pye, Robert, Sir",Captain,horse,,,,,
2964,V1858,Vernon,48v,1643-01-06,36 p[ai]d C[aptain] Robert Pye toward[es] paym[en]t of his troope uppon acc[oun]tt £104 - 13s - -d,"Pye, Robert, Sir",Captain,horse,,,,,
2965,V1958,Vernon,51r,1643-01-23,36 p[ai]d S[i]r Robert Pye for a whole mo[nths] pay for his troop £349 - 6s - 0d,"Pye, Robert, Sir",Captain,horse,,,,,
2966,V2111,Vernon,54r,1643-03-02,36 p[ai]d S[i]r Robert Pye [th]e like for his troop £349 - 6s - 0d,"Pye, Robert, Sir",Captain,horse,,,,,
2967,V2318,Vernon,58v,1643-04-12,36 p[ai]d S[i]r Robert Py the like £174 - 13s - -d,"Pye, Robert, Sir",Captain,horse,,,,,
2968,V2519,Vernon,62v,1643-04-30,36 p[ai]d S[i]r Robert Py for 7 daies for his under officers & 70 troop[er]s £68 - 5s - -d,"Pye, Robert, Sir",Captain,horse,,,,,
2969,V2634,Vernon,65r,1643-05-25,36 p[ai]d S[i]r Robert Pye [th]e like for [th]e offic[er]s & 68 troop[er]s end[ing] 8 June £381 - 10s - 0d,"Pye, Robert, Sir",Captain,horse,,,,,
2970,V2749,Vernon,67v,1643-06-21,36 p[ai]d S[i]r Rob[er]t Pye for 14 dayes pay for his officers & 68 troop[er]s end[ing] 22 June £190 - 15s - -d,"Pye, Robert, Sir",Captain,horse,,,,,
2971,V2750,Vernon,67v,1643-06-21,more for 20 great sadles & furniture £30 - -s - -d,"Pye, Robert, Sir",Captain,horse,,,,,
2972,V2872,Vernon,70r,1643-07-12,36 p[ai]d S[i]r Robert Pye [th]e like & 68 troop[er]s £190 - 15s - 0d,"Pye, Robert, Sir",Captain,horse,,,,,
2973,V2990,Vernon,72v,1643-08-16,36 p[ai]d C[aptain] Rob[er]t Pye for 7 dayes pay for his troope £93 - 12s - 6d,"Pye, Robert, Sir",Captain,horse,,,,,
2974,V3206,Vernon,76r,1643-08-25,36 p[ai]d S[i]r Rob[er]t Py for 14 dayes for his troop £187 - 5s - -d,"Pye, Robert, Sir",Captain,horse,,,,,
2975,V3215,Vernon,76v,1643-08-26,36 p[ai]d S[i]r Rob[er]t Pye for 20 great sadles to furnish his troope £30 - 0s - 0d,"Pye, Robert, Sir",Captain,horse,,,,,
2976,V3366,Vernon,79r,1643-10-16,36 p[ai]d S[i]r Robert Py for his troop £187 - 5s - -d,"Pye, Robert, Sir",Captain,horse,,,,,
2977,V3451,Vernon,80r,1643-10-30,36 p[ai]d S[i]r Rob[er]t Pye for a monthes pay as Captaine of a troop of horse £54 - 12s - -d,"Pye, Robert, Sir",Captain,horse,,,,,
2978,V3540,Vernon,81r,1643-12-01,36 p[ai]d S[i]r Robert Pyes troop the like £120 - 0s - 0d,"Pye, Robert, Sir",Captain,horse,,,,,
2979,V3609,Vernon,82r,1643-12-08,36 p[ai]d S[i]r Robert Pye for a remainer of 14 dayes for his troope £67 - 5s - -d,"Pye, Robert, Sir",Captain,horse,,,,,
2980,V3789,Vernon,84r,1644-02-13,36 p[ai]d S[i]r Rob[er]t Py the like £247 - 2s - -d,"Pye, Robert, Sir",Captain,horse,,,,,
2981,V3574,Vernon,81v,1643-12-05,215 p[ai]d C[aptain] Piles troop for 14 dayes £127 - 1s - -d,"Pyle, Seymour",Captain,horse,,,,,
2982,V3804,Vernon,84v,1644-02-13,215 p[ai]d C[aptain] pile [th]e like £123 - 11s - 0d,"Pyle, Seymour",Captain,horse,,,,,
2983,V0101,Vernon,7v,1642-08-12,"23 p[ai]d Capt[ain] Allexander Pim for mountinge 3 corporall[es] 42, more for mountinge 2 trumpeters 1 sadler and on farrier 32 £74 - 0s - 0d","Pym, Alexander",Captain,horse,,,,,
2984,V0277,Vernon,12v,1642-08-22,23 p[ai]d Capt[ain] Allexand[e]r Pime for scarff[es] for his troope £30 - 0s - 0d,"Pym, Alexander",Captain,horse,,,,,
2985,V0329,Vernon,14r,1642-08-25,23 p[ai]d Captaine Allexand[e]r Pime for on monthes pay advance for his troop of 60 harqueb[usiers] £349 - 6s - 0d,"Pym, Alexander",Captain,horse,,,,,
2986,V3845,Vernon,84v,1644-02-22,23 p[ai]d Ca[ptain] Pim for 14 days for his troope £170 - 16s - 0d,"Pym, Alexander",Captain,horse,,,,,
2987,V2588,Vernon,64r,1643-05-24,172 p[ai]d C[aptain] Charles Pim for a whole mo[nths] pay for officers & 36 troop[er]s end 8 June £234 - 2s - -d,"Pym, Charles",Captain,horse,,,,,
2988,V2730,Vernon,67r,1643-06-20,172 p[ai]d Capt[ain] Charles Pim for 14 dayes pay for himself officers & 36 troop[er]s end[ing] 22 June £127 - 1s - -d,"Pym, Charles",Captain,horse,,,,,
2989,V2784,Vernon,68r,1643-06-21,172 p[ai]d James Browne late leifft[enant] to Capt[ain] Charles Pime for a mo[nths] pay as leifft[enant] of horse £25 - 4s - -d,"Pym, Charles",Captain,horse,,,,,
2990,V2866,Vernon,70r,1643-07-12,172 p[ai]d Capt[ain] Charles Pime for 14 dayes for his officers & 63 troop[er]s end[ing] [th]e 6 Julie £178 - 3s - 0d,"Pym, Charles",Captain,horse,,,,,
2991,V3057,Vernon,73v,1643-08-18,172 p[ai]d C[aptain] Charles Pimm the like £98 - 14s - 0d,"Pym, Charles",Captain,horse,,,,,
2992,V3158,Vernon,75v,1643-08-25,172 p[ai]d C[aptain] Charls Pim the like for his troop £197 - 8s - -d,"Pym, Charles",Captain,horse,,,,,
2993,V3396,Vernon,79r,1643-10-19,172 p[ai]d C[aptain] Charles Pym for his troop £190 - 8s - 0d,"Pym, Charles",Captain,horse,,,,,
2994,V3562,Vernon,81v,1643-12-03,172 p[ai]d C[aptain] Charles Pym for 14 dayes for his [^troop^] £169 - 1s - -d,"Pym, Charles",Captain,horse,,,,,
2995,V1493,Vernon,41r,1642-12-03,138 p[ai]d w[illia]m Rainborow Capt[ain] of 83 sold[ier]s in the same Reg[imen]t for a mo[nths] pay as above £77 - 9s - -d,"Rainborow, William",Captain,foot,,"Holborne, James",,,
2996,V1494,Vernon,41r,1642-12-03,more p[ai]d Capt[ain]s Rainsborro & Read for a mo[nths] pay for ther officers to begin as above £84 - -s - -d,"Rainborow, William",Captain,foot,,"Holborne, James",,,
2997,V1564,Vernon,42v,1642-12-05,138 p[ai]d C[aptain] w[illia]m Rainsborowe the like for 83 sold[ier]s £11 - 13s - 4d,"Rainborow, William",Captain,foot,,"Holborne, James",,,
2998,V2825,Vernon,69r,1643-01-07,152 p[ai]d [th]e 7 Janu[ary] by the like order to Capt[ain] Haynes C[aptain] Rainsborrough C[aptain] [^Henry^] wythers & Capt[ain] Jo[hn] withers w[hi]ch is likewise entred by the auditor Broad £200 - 0s - 0d,"Rainborow, William",Captain,,,,,,
2999,V3818,Vernon,84v,1644-02-13,138 p[ai]d Ca[ptain] Rainsborrough [th]e like £174 - 13s - -d,"Rainborow, William",Captain,horse,,,,,
3000,V3530,Vernon,81r,1643-12-01,213 p[ai]d C[aptain] Alexand[e]r Ramsies troop the like £170 - 2s - 0d,"Ramsey, Alexander",Captain,horse,,,,,
3001,V3876,Vernon,85r,1644-02-27,218 p[ai]d George Ramsey a capt[ain] in Coll[onel] Barkleys Regi[men]t £10 - 3s - -d,"Ramsey, George",Captain,foot,,"Barclay, Henry",,,
3002,V1140,Vernon,34r,1642-10-29,122 p[ai]d leifftenn[an]t John farmer leifft[enan]t to S[i]r James Ramseys troop uppon acc[oun]tt £50 - 0s - 0d,"Ramsey, James, Sir",Captain,horse,,,,,
3003,V1216,Vernon,35v,1642-11-10,122 p[ai]d S[i]r James Ramsey for his trope uppon accompt £174 - 13s - -d,"Ramsey, James, Sir",Captain,horse,,,,,
3004,V1339,Vernon,38r,1642-11-14,122 p[ai]d S[i]r James Ramsey collonel of a Regiment of horse & Commissary genn[era]ll toward[es] his pay & entertainm[en]t uppon accompt £400 - -s - -d,"Ramsey, James, Sir",Colonel and Commissary General,horse,,,,,
3005,V1557,Vernon,42v,1642-12-05,[...] p[ai]d m[aste]r John oxenbrige Chaplaine to S[i]r James Ramseis Reg[imen]t for provision of necessaries £20 - -s - -d,"Ramsey, James, Sir",Colonel,horse,,,,,
3006,V1558,Vernon,42v,1642-12-05,122 more for his pay and his servant[es] for 2 mo[nths] and 15 dayes to [th]e 1 decemb[e]r £30 - 15s - 4d,"Ramsey, James, Sir",Colonel,horse,,,,,
3007,V1806,Vernon,47v,1642-12-27,122 p[ai]d S[i]r James Ramsey for his owne pay for 3 monthes & pay of himself & pay for his troop £899 - 5s - -d,"Ramsey, James, Sir",Captain,horse,,,,,
3008,V1994,Vernon,51v,1643-01-24,122 p[ai]d m[aste]r John oxenbrige Chaplaine of S[i]r James Ramsies Regi[men]t for a mo[nths] pay for himself and his servant beg[inning] 1 [Decem]bre incl[usive] £12 - 6s - 8d,"Ramsey, James, Sir",Colonel,horse,,,,,
3009,V1996,Vernon,51v,1643-01-24,122 p[ai]d S[i]r James Ramey for a whole mo[nths] pay for his troop £349 - 6s - -d,"Ramsey, James, Sir",Captain,horse,,,,,
3010,V2176,Vernon,55v,1643-03-07,122 p[ai]d S[i]r James Ramsey the like £150 - 0s - 0d,"Ramsey, James, Sir",Captain,horse,,,,,
3011,V2311,Vernon,58v,1643-04-12,122 p[ai]d S[i]r James Ramsey the like £174 - 13s,"Ramsey, James, Sir",Captain,horse,,,,,
3012,V2333,Vernon,59r,1643-04-12,122 p[ai]d m[aste]r John Oxenbrig Chaplaine to S[i]r James Ramseis reg[imen]t the like £24 - 5s - 4d,"Ramsey, James, Sir",Colonel,horse,,,,,
3013,V2410,Vernon,60v,1643-04-13,122 p[ai]d Lewellin price surgeon to S[i]r Jam[es] Ramsies Regiment for 1/2 a mo[nths] pay for himself & mates uppon accoun[tt] £8 - 8s - -d,"Ramsey, James, Sir",Colonel,horse,,,,,
3014,V2515,Vernon,62v,1643-04-29,122 p[ai]d S[i]r James Ramsey for 7 daies for his under office[r]s & 45 troop[er]s £45 - 6s - 6d,"Ramsey, James, Sir",Captain,horse,,,,,
3015,V2620,Vernon,64v,1643-05-25,122 p[ai]d S[i]r Jams Ramsey [th]e like for his officers & 44 troop[er]s ending 18 June £289 - 2s - -d,"Ramsey, James, Sir",Captain,horse,,,,,
3016,V2801,Vernon,68v,1643-06-22,122 p[ai]d S[i]r James Ramseyes officers & 49 of his troope for 14 dayes end[ing] 2 Julie £153 - 6s - -d,"Ramsey, James, Sir",Captain,horse,,,,,
3017,V2823,Vernon,69r,1643-06-22,122 p[ai]d llewellin price surgeon to S[i]r James Ramsey for pay of himself mat[es] & bidett[es] for a mo[nths] pay ending [th]e 18 June £16 - 16s - -d,"Ramsey, James, Sir",Colonel,horse,,,,,
3018,V2882,Vernon,70r,1643-07-12,122 p[ai]d Coll[onel] James Ramsey the like & for 49 troop[er]s end[ing] 16 present £153 - 6s - 0d,"Ramsey, James, Sir",Colonel,horse,,,,,
3019,V2914,Vernon,71r,1643-07-13,122 p[ai]d S[i]r James Ramsey for allowance of 5 troop[er]s as by [th]e warr[an]t £17 - 10s - 0d,"Ramsey, James, Sir",Captain,horse,,,,,
3020,F0236,Fenton,100v,1643-08-11,p[ai]d Tho[mas] Ramson for [th]e use of S[i]r James Ramsey £100 - 0s - 0d,"Ramsey, James, Sir",,,,,,,
3021,V3040,Vernon,73v,1643-08-17,122 p[ai]d S[i]r James Ramsey the like £74 - 0s - 6d,"Ramsey, James, Sir",Captain,horse,,,,,
3022,V3130,Vernon,75r,1643-08-24,122 p[ai]d S[i]r James Ramsey for 14 daies for his trope £148 - 1s - -d,"Ramsey, James, Sir",Captain,horse,,,,,
3023,V3197,Vernon,76r,1643-08-25,122 p[ai]d S[i]r James Ramsey for pay of 40 sold[ier]s brought out of scotland to recrute his troop £70 - 0s - 0d,"Ramsey, James, Sir",Captain,horse,,,,,
3024,V3336,Vernon,78v,1643-10-14,122 p[ai]d S[i]r Jams Ramsey for his troop £204 - 1s - -d,"Ramsey, James, Sir",Captain,horse,,,,,
3025,V3387,Vernon,79r,1643-10-16,122 p[ai]d S[i]r Ja[mes] Ramsey for his owne pay £21 - -s - -d,"Ramsey, James, Sir",,,,,,,
3026,V3613,Vernon,82r,1643-12-09,122 p[ai]d malcom mackery a trooper of S[i]r Jeams Ramsies Regi[men]t £1 - 15s - 0d,"Ramsey, James, Sir",Colonel,horse,,,,,
3027,V3614,Vernon,82r,1643-12-09,122 p[ai]d Jo[hn] Edgar and Alexander Frizell 2 troop[er]s more of that Regi[men]t taken prisoners £3 - 10s - 0d,"Ramsey, James, Sir",Colonel,horse,,,,,
3028,V3250,Vernon,77r,1643-08-26,201 p[ai]d sergeant major Rob[er]t Ramsey for a mo[nths] pay uppon accompt £33 - 12s - -d,"Ramsey, Robert",Major,,,,,,
3029,V3819,Vernon,84v,1644-02-13,201 p[ai]d Ca[ptain] Ramsey [th]e like £161 - 14s - -d,"Ramsey, Robert",Captain,horse,,,,,
3030,F0236,Fenton,100v,1643-08-11,p[ai]d Tho[mas] Ramson for [th]e use of S[i]r James Ramsey £100 - 0s - 0d,"Ramson, Thomas",,,,,,,
3031,V3289,Vernon,78r,1643-10-14,204 p[ai]d C[aptain] Tho[mas] Rawlins for 14 dayes for his troop £167 - 6s - 0d,"Rawlins, Thomas",Captain,horse,,,,,
3032,V3557,Vernon,81r,1643-12-04,204 p[ai]d C[aptain] Tho[mas] Rawlins troop the like £132 - 6s - 0d,"Rawlins, Thomas",Captain,horse,,,,,
3033,V3790,Vernon,84r,1644-02-13,204 p[ai]d Ca[ptain] Rawlins the like £110 - 5s - -d,"Rawlins, Thomas",Captain,horse,,,,,
3034,V1648,Vernon,44r,1642-12-10,6 p[ai]d w[illia]m Rawlins quarter m[aste]r & Humphrey Tremouth provost marshall of the said Regi[men]t £28 - 0s - 0d,"Rawlins, William",Quartermaster,foot,,"Robartes, Lord",,,
3035,V2660,Vernon,65v,1643-05-26,6 p[ai]d w[illia]m Rawlin & humphrey Trenouth quarterm[aste]r & provost marshall to my lord Robert[es] Regi[men]t by pay & [^arrear^] due to them as by [th]e warrent £31 - 10s - -d,"Rawlins, William",Quartermaster,foot,,"Robartes, Lord",,,
3036,V0262,Vernon,12r,1642-08-20,50 p[ai]d Capt[ain] John Raymond for leviinge a companie of 100 foot £50 - 0s - 0d,"Raymond, John",Captain,foot,,,,,
3037,V0536,Vernon,19v,1642-09-05,50 p[ai]d Captaine John Raymon for a mo[nths] pay of 53 soldiers in the regim[en]t of Collonell Hambden from [th]e 29 aug[us]t £49 - 9s - 4d,"Raymond, John",Captain,foot,,"Hampden, John",,,
3038,V0765,Vernon,25v,1642-09-30,50 p[ai]d Capt[ain] John Raymond for arreers of his companie of 70 soldiers & for a 1/2 mo[nths] pay to begine from the 1 [Octo]bre £45 - 6s - 8d,"Raymond, John",Captain,foot,,,,,
3039,V1965,Vernon,51r,1643-01-23,50 p[ai]d C[aptain] John Raymond for severall pay[ments] to his compa[ny] of foot brought from Ipswich as by the warr[an]t £32 - 10s - 8d,"Raymond, John",Captain,foot,,,,,
3040,V3121,Vernon,75r,1643-08-24,50 p[ai]d major Raimond for 14 days paye for [th]e reg[imen]t w[hi]ch was Coll[onel] Hambdens £472 - 5s - 4d,"Raymond, John",Major,foot,,"Hampden, John",,,
3041,F0298,Fenton,101v,1643-09-11,p[ai]d Major John Raymond £95 - 5s - 2d,"Raymond, John",Major,,,,,,
3042,V3298,Vernon,78r,1643-10-14,50 p[ai]d major Raymond for late Coll[onel] Hambdens Regi[men]t £318 - 2s - 0d,"Raymond, John",Major,foot,,"Hampden, John",,,
3043,V3625,Vernon,82v,1643-12-09,p[ai]d Docter Read on of the phizitions of [th]e Army for a mo[nths] pay £14 - 0s - 0d,"Read, Dr",Physician,,,,,,
3044,V3763,Vernon,84r,1644-02-05,"p[ai]d Docter striall & docter Read, & m[aste]r web Apo[thecary] £24 - 10s - -d","Read, Dr",,,,,,,
3045,V1492,Vernon,41r,1642-12-03,138 p[ai]d Capt[ain] Thomas Read for a mo[nths] pay for 97 sold[ier]s of his compa[ny] in [th]e Reg[imen]t above beginning the 25 november £90 - 10s - 8d,"Read, Thomas, Capt",Captain,foot,,"Holborne, James",,,
3046,V1494,Vernon,41r,1642-12-03,more p[ai]d Capt[ain]s Rainsborro & Read for a mo[nths] pay for ther officers to begin as above £84 - -s - -d,"Read, Thomas, Capt",Captain,foot,,"Holborne, James",,,
3047,V1563,Vernon,42v,1642-12-05,138 p[ai]d Thomas Read Capt[ain] of a Foot compa[ny] in Coll[onel] Holborns Reg[imen]t for pay of 97 sold[ier]s & 3 corporall[es] belonging to his compa[ny] for 4 days dew to them befor ther muster £13 - 10s - 8d,"Read, Thomas, Capt",Captain,foot,,"Holborne, James",,,
3048,V1917,Vernon,50r,1643-01-10,138 p[ai]d Captaine Read toward[es] payment of his foot compa[ny] in Coll[onel] Holborns reg[imen]t uppon acc[oun]tt £40 - -s - -d,"Read, Thomas, Capt",Captain,foot,,"Holborne, James",,,
3049,F0012,Fenton,97r,1643-05-25,p[ai]d [th]e Maior of Reading for woode for [th]e Court[es] of Guard £21 - 15s - 7d,"Reading, Mayor of",,,,,,,
3050,V0993,Vernon,31r,1642-10-17,116 p[ai]d Capt[ain] Daniell Redman for arrears of his compa[ny] of 66 soldiers of my lord Mandevill[es] regiment & for a mo[nths] pay to [th]e 11 [Novem]bre £107 - 16s - -d,"Redman, Daniel",Captain,foot,,"Mandeville, Lord",,,
3051,V1342,Vernon,38r,1642-11-14,129 p[ai]d Capt[ain] Daniel Redman the like £58 - 16s - -d,"Redman, Daniel",Captain,foot,,"Mandeville, Lord",,,
3052,V3231,Vernon,76v,1643-08-26,17 p[ai]d Joseph Reev provost marshall of S[i]r w[illia]m Balfours Regi[men]t of horse for pay for himself & menn £10 - 10s - -d,"Reeve, Joseph",Provost Marshall,horse,,"Balfour, William, Sir",,,
3053,V0096,Vernon,7v,1642-08-11,sallery p[ai]d John Sharpe & John Richardson for ther travaile and charge of bringinge up severall french menn from Canterbury £30 - 0s - 0d,"Richardson, John",,,,,,,
3054,V0496,Vernon,18v,1642-09-03,79 p[ai]d Thomas Richardson Comissary and register for valuinge & inrowlinge horses and armes for on mo[nths] entertainm[en]t from the 11 Aug[us]t exclusive £21 - 0s - 0d,"Richardson, Thomas",Commissary,,,,,,
3055,V0497,Vernon,18v,1642-09-03,more p[ai]d him for his entertainm[en]t from the 17 June inclusive to the 11 August inclusive £42 - 0s - 0d,"Richardson, Thomas",Commissary,,,,,,
3056,V1394,Vernon,39r,1642-11-23,132 p[ai]d the 21 of novemb[e]r to [th]e wagoner g[enera]ll for paym[en]t of draft horses belonginge to [th]e traine £150 - -s - -d,"Richardson, Thomas",Wagonmaster General,artillery,,,,,
3057,V2559,Vernon,63v,1643-05-20,79 p[ai]d Thomas Richardson wagoner g[e]n[era]ll for soe much remaininge due to him uppon his acc[oun]tt as wagon m[aste]r g[e]n[era]ll beginning [th]e 30 July July last & ending 18 may £135 - 15s - -d,"Richardson, Thomas",Wagonmaster General,,,,,,
3058,V3256,Vernon,77r,1643-08-27,79 p[ai]d Thomas Richardson wagon m[aste]r g[e]n[era]ll of [th]e Army for 100 days pay ending [th]e 2 Aug[us]t £75 - -s - -d,"Richardson, Thomas",Wagonmaster General,,,,,,
3059,V0261,Vernon,12r,1642-08-20,49 p[ai]d John Lord Robert[es] for on months entertainm[en]t of himself and officers of his reg[imen]t of 1200 menn £1244 - 16s - 0d,"Robartes, Lord",Colonel,foot,,,,,
3060,V0444,Vernon,17r,1642-09-01,sallery 6 p[ai]d Callibut Downinge Chaplaine to the lord Robert[es] for providinge him necessaries £20 - 0s - 0d,"Robartes, Lord",Colonel,foot,,,,,
3061,V0479,Vernon,18r,1642-09-02,76 p[ai]d Capt[ain] John walker for on months pay for his compa[ny] of 63 sold[ie]rs und[e]r Lord Robert[es] Regiment to begin 27 aug[us]t £58 - 16s - 0d,"Robartes, Lord",Colonel,foot,,,,,
3062,V0494,Vernon,18v,1642-09-03,79 p[ai]d marke Grime Captaine of a foot compa[ny] in my Lord Robert[es] reg[imen]t of 70 soldiers from the 29 Aug[us]t for 1 mo[nths] pay £65 - 6s - 8d,"Robartes, Lord",Colonel,foot,,,,,
3063,V0523,Vernon,19r,1642-09-05,49 p[ai]d my Lord Robert[es] for advance of 11 wagons at 40l a wagon £440 - 0s - 0d,"Robartes, Lord",Colonel,foot,,,,,
3064,V0594,Vernon,21r,1642-09-06,90 p[ai]d Capt[ain] James whicherley for on mo[nths] pay of his compa[ny] of 63 sol[diers] in my lord Robert[es] reg[imen]t from the 30 aug[us]t £58 - 16s - 0d,"Robartes, Lord",Colonel,foot,,,,,
3065,V0824,Vernon,27r,1642-10-03,6 p[ai]d Callibut Downing Chaplaine to the lord Robert[es] for his pay & his servant[es] endinge the last [Septem]bre £15 - 3s - 4d,"Robartes, Lord",Colonel,foot,,,,,
3066,V0865,Vernon,28r,1642-10-06,49 p[ai]d the Lord Robert[es] for his & the offic[er]s pay of his regim[en]t consistinge of 9 compa[nies] except the chaplaine from the 17 aug[us]t to the 15 [Octo]bre £855 - 1s - 0d,"Robartes, Lord",Colonel,foot,,,,,
3067,V0905,Vernon,29r,1642-10-11,79 p[ai]d Captaine Marke Grimes for arrears of his compa[ny] of 67 sold[ier]s of my lord Robert[es] Reg[imen]t & alsoe for on mo[nths] pay to end [th]e 28 pres[en]t £73 - 14s - 0d,"Robartes, Lord",Colonel,foot,,,,,
3068,V0914,Vernon,29r,1642-10-11,111 p[ai]d Captaine John mill in my lord Robert[es] Reg[imen]t for paye of his compa[ny] of 65 sould[ier]s to end the 28 [Octo]bre £66 - 10s - 0d,"Robartes, Lord",Colonel,foot,,,,,
3069,V0915,Vernon,29r,1642-10-11,112 p[ai]d Capt[ain] John Mercer of the same reg[imen]t for 42 sold[ier]s 14 dayes to end the 28 pres[en]t £19 - 12s - 0d,"Robartes, Lord",Colonel,foot,,,,,
3070,V0916,Vernon,29r,1642-10-11,76 p[ai]d Captaine Jo[hn] walker for 68 sold[ier]s of [th]e same reg[imen]t for 7 dayes to [th]e last [Septem]bre & for on mo[nths] more to end the 28 [Octo]bre £79 - 6s - 8d,"Robartes, Lord",Colonel,foot,,,,,
3071,V0917,Vernon,29r,1642-10-11,112 p[ai]d Capt[ain] Jonathan Ellyott for 49 sold[ier]s of the same reg[imen]t for 4 dayes paye 6.10.8. & a mo[nth] for 44 to end the 28 [...] 30 16 £37 - 6s - 8d,"Robartes, Lord",Colonel,foot,,,,,
3072,V0918,Vernon,29r,1642-10-11,113 p[ai]d leifft[enant] Collonel will[ia]m Hunter of the same reg[imen]t for arrears & 21 dayes pay for 59 sold[ier]s endinge the 28 [Octo]bre £42 - 4s - -d,"Robartes, Lord",Colonel,foot,,,,,
3073,V0919,Vernon,29r,1642-10-11,113 p[ai]d Sergeant major Hurrye of [th]e same Regiment for pay of 65 sol[dier]s to the 28 [Octo]bre £53 - 2s - -d,"Robartes, Lord",Colonel,foot,,,,,
3074,V0947,Vernon,30r,1642-10-12,49 p[ai]d the Lord Robert[es] for pay of his co[m]panie of 111 sold[ier]s for on mo[nth] to end [th]e 28 [Octo]bre £103 - 12s - 0d,"Robartes, Lord",Colonel,foot,,,,,
3075,V1212,Vernon,35v,1642-11-10,121 p[ai]d Captaine John warberton for 1/2 a mo[nths] pay for his officers & 30 soldiers in my Lord Robert[es] reg[imen]t £35 - 0s - 0d,"Robartes, Lord",Colonel,foot,,,,,
3076,V1225,Vernon,35v,1642-11-10,49 p[ai]d my lord Robert[es] for his regiment uppon acc[oun]tt £300,"Robartes, Lord",Colonel,foot,,,,,
3077,V1361,Vernon,38r,1642-11-19,49 p[ai]d my lord Robert[es] toward[es] the pay of the sold[ier]s of his reg[imen]t uppon acc[oun]tt £300 - 0s - 0d,"Robartes, Lord",Colonel,foot,,,,,
3078,V1362,Vernon,38r,1642-11-19,more for the officers of his regiment £318 - 9s - -d,"Robartes, Lord",Colonel,foot,,,,,
3079,V1378,Vernon,38v,1642-11-24,121 p[ai]d Captaine John warberton in my lord Robert[es] Reg[imen]t for severall payment[es] conteined in his warr[an]tt £49 - 10s - -d,"Robartes, Lord",Colonel,foot,,,,,
3080,V1409,Vernon,39v,1642-11-26,134 p[ai]d Anto[ny] Smith Captaine of a compa[ny] of 70 sold[ier]s in my lord Robert[es] Reg[imen]t for pay of the said compa[ny] as by the warr[an]tt £57 - 17s - 4d,"Robartes, Lord",Colonel,foot,,,,,
3081,V1464,Vernon,40v,1642-12-01,121 p[ai]d Captaine John warberton for the officers and soldiers pay of his compa[ny] in the Reg[imen]t of the lord Robert[es] to the 2 pre[sen]t £39 - 6s - 18d,"Robartes, Lord",Colonel,foot,,,,,
3082,V1481,Vernon,41r,1642-12-03,6 p[ai]d Edward Cooke surgeon to my lord Robert[es] Reg[imen]t for 2 mo[nths] pay ending 9 [Decem]bre £25 - 4s - -d,"Robartes, Lord",Colonel,foot,,,,,
3083,V1488,Vernon,41r,1642-12-03,6 p[ai]d Doc[ter] Downing Chaplain to my lord Robert[es] Reg[imen]t for his entertainm[en]t for 2 mo[nths] 5 day[es] & his mans endinge [th]e 1 [Decem]bre £25 - 0s - 8d,"Robartes, Lord",Colonel,foot,,,,,
3084,V1556,Vernon,42v,1642-12-05,112 p[ai]d C[aptain] Jonathan Elliott for the pay of the sold[ier]s of his compa[ny] in my lord Robert[es] Regiment as by [th]e warrent £34 - 4s - 8d,"Robartes, Lord",Colonel,foot,,,,,
3085,V1640,Vernon,44r,1642-12-10,49 p[ai]d the lord Robert[es] for severall payment[es] belonging to his Reg[imen]t of Foot as by [th]e war[rant] app[ear]s £121 - 6s - -d,"Robartes, Lord",Colonel,foot,,,,,
3086,V1641,Vernon,44r,1642-12-10,145 p[ai]d Allexand[e]r urrey Capt[ain] of a Foot compa[ny] in the said Reg[imen]t for severall payment[es] as by [th]e warr[ant] £63 - 14s - -d,"Robartes, Lord",Colonel,foot,,,,,
3087,V1642,Vernon,44r,1642-12-10,146 p[ai]d w[illia]m Hunter Capt[ain] of a compa[ny] in the said Regi[men]t as above £49 - 10s - -d,"Robartes, Lord",Colonel,foot,,,,,
3088,V1643,Vernon,44r,1642-12-10,146 p[ai]d Capt[ain] Andrew Smith as above £25 - 4s - -d,"Robartes, Lord",Colonel,foot,,,,,
3089,V1644,Vernon,44r,1642-12-10,76 p[ai]d Capt[ain] John walker as above £61 - 14s - -d,"Robartes, Lord",Colonel,foot,,,,,
3090,V1645,Vernon,44r,1642-12-10,111 p[ai]d Capt[ain] John mill as above £55 - 18s - -d,"Robartes, Lord",Colonel,foot,,,,,
3091,V1646,Vernon,44r,1642-12-10,147 p[ai]d Cap[tain] Henry wansey the like £20 - 10s - 8d,"Robartes, Lord",Colonel,foot,,,,,
3092,V1647,Vernon,44r,1642-12-10,79 p[ai]d C[aptain] marke Grimes the like £86 - 15s - 4d,"Robartes, Lord",Colonel,foot,,,,,
3093,V1648,Vernon,44r,1642-12-10,6 p[ai]d w[illia]m Rawlins quarter m[aste]r & Humphrey Tremouth provost marshall of the said Regi[men]t £28 - 0s - 0d,"Robartes, Lord",Colonel,foot,,,,,
3094,V1670,Vernon,44v,1642-12-19,76 p[ai]d Capt[ain] Jo[hn] walker for 14 [^daies^] pay for himself & officers of a foot compa[ny] from the 22 [Novem]bre In my lord Robert[es] Regi[men]t £20 - 6s - 0d,"Robartes, Lord",Colonel,foot,,,,,
3095,V1818,Vernon,48r,1643-01-09,49 p[ai]d my lord Robert[es] for a whole mo[nths] pay for the officers of his reg[imen]t uppon acc[oun]tt £317 - 2s - 0d,"Robartes, Lord",Colonel,foot,,,,,
3096,V1819,Vernon,48r,1643-01-09,more for 1/2 a mo[nths] pay for the officers & severall compa[nies] of soldiers of his reg[imen]t as by the warr[an]tt £392 - 2s - 4d,"Robartes, Lord",Colonel,foot,,,,,
3097,V1820,Vernon,48r,1643-01-09,more uppon another warr[an]tt for his compa[ny] £36 - 0s - 8d,"Robartes, Lord",Colonel,foot,,,,,
3098,V1821,Vernon,48r,1643-01-09,113 p[ai]d w[illia]m Hunter leifften[ant] Collonel of that Regi[men]t for pay of his compa[ny] as by [th]e warr[ant] £29 - 1s - -d,"Robartes, Lord",Colonel,foot,,,,,
3099,V1822,Vernon,48r,1643-01-09,147 p[ai]d Capt[ain] Henry Wansey of that reg[imen]t for his compa[ny] £32 - 19s - 4d,"Robartes, Lord",Colonel,foot,,,,,
3100,V1823,Vernon,48r,1643-01-09,more p[ai]d him by another warr[an]tt £41 - 1s - 4d,"Robartes, Lord",Colonel,foot,,,,,
3101,V1824,Vernon,48r,1643-01-09,111 p[ai]d Capt[ain] John mill for pay of his compa[ny] in the same Regi[men]t £20 - 15s - 4d,"Robartes, Lord",Colonel,foot,,,,,
3102,V1825,Vernon,48r,1643-01-09,112 p[ai]d Capt[ain] Jonathan Elliott for pay of his compa[ny] in the same Regi[men]t £22 - 5s - 4d,"Robartes, Lord",Colonel,foot,,,,,
3103,V1826,Vernon,48r,1643-01-09,119 p[ai]d John Urrey major to the said Regi[men]t for his compa[ny] £16 - 16s - 0d,"Robartes, Lord",Colonel,foot,,,,,Assumed John is error for Alexander
3104,V1827,Vernon,48r,1643-01-09,146 p[ai]d Capt[ain] Andrew Smith for his compa[ny] in the said Regi[men]t £66 - 10s - 0d,"Robartes, Lord",Colonel,foot,,,,,
3105,V1828,Vernon,48r,1643-01-09,49 p[ai]d the lord Robert[es] for captaine John walkers compa[ny] late of his reg[imen]t £19 - 12s - -d,"Robartes, Lord",Colonel,foot,,,,,
3106,V1829,Vernon,48r,1643-01-09,79 p[ai]d C[aptain] marke Grime for his compa[ny] in this Regi[men]t £17 - 14s - 8d,"Robartes, Lord",Colonel,foot,,,,,
3107,V1830,Vernon,48r,1643-01-09,162 p[ai]d Capt[ain] smith wilkinson for his compa[ny] in the said Regi[men]t £86 - 1s - 4d,"Robartes, Lord",Colonel,foot,,,,,
3108,V2042,Vernon,52v,1643-01-24,49 p[ai]d the lord Robert[es] toward[es] paym[en]t of the officers & sold[ier]s of his reg[imen]t uppon acc[oun]tt £300 - 0s - 0d,"Robartes, Lord",Colonel,foot,,,,,
3109,V2114,Vernon,54r,1643-03-02,49 p[ai]d the lord Robert[es] for severall payment[es] to the officers and soldiers of his Regi[men]t as by [th]e warrent app[eare]th £818 - 16s - 8d,"Robartes, Lord",Colonel,foot,,,,,
3110,V2115,Vernon,54r,1643-03-02,162 p[ai]d Capt[ain] smith wilkinson of the same Regi[men]t for pay of the officers and soldiers of his compa[ny] as by the warr[an]tt £78 - 1s - 4d,"Robartes, Lord",Colonel,foot,,,,,
3111,V2221,Vernon,56v,1643-03-08,6 p[ai]d m[aste]r Calibut downinge Chaplaine to my lord Robert[es] Regi[men]t for 3 mo[nths] pay for himself & servant ending 22 Feb[ruary] £35 - 16s - -d,"Robartes, Lord",Colonel,foot,,,,,
3112,V2226,Vernon,56v,1643-03-09,6 p[ai]d Edward Cooke surgeon to my lord Robert[es] Regi[men]t for 2 mo[nths] & 10 dayes pay for him & 2 mat[es] to the 14 Febr[uary] £29 - 14s - -d,"Robartes, Lord",Colonel,foot,,,,,
3113,V2337,Vernon,59r,1643-04-12,49 p[ai]d the Lord Robert[es] the like for his Regi[men]t £598 - 18s - 0d,"Robartes, Lord",Colonel,foot,,,,,
3114,V2453,Vernon,61v,1643-04-22,49 p[ai]d my lord Robert[es] Regi[men]t the like £192 - 7s - 8d,"Robartes, Lord",Colonel,foot,,,,,
3115,V2612,Vernon,64v,1643-05-25,49 p[ai]d [th]e lord Robert[es] for a mo[nths] pay for [th]e officers & 528 sold[ier]s of his Regi[men]t end[ing] 1 June £975 - 16s - -d,"Robartes, Lord",Colonel,foot,,,,,
3116,V2660,Vernon,65v,1643-05-26,6 p[ai]d w[illia]m Rawlin & humphrey Trenouth quarterm[aste]r & provost marshall to my lord Robert[es] Regi[men]t by pay & [^arrear^] due to them as by [th]e warrent £31 - 10s - -d,"Robartes, Lord",Colonel,foot,,,,,
3117,V2741,Vernon,67r,1643-06-21,49 p[ai]d the lord Robert[es] for 14 dayes pay for [th]e officers & sold[ier]s 528 of his reg[imen]t end[ing] 15 June £487 - 3s - -d,"Robartes, Lord",Colonel,foot,,,,,
3118,V2917,Vernon,71r,1643-07-13,49 p[ai]d [th]e lord Robert[es] for 14 dayes pay of his Regi[men]t as by [th]e warrant £469 - 9s - -d,"Robartes, Lord",Colonel,foot,,,,,
3119,F0187,Fenton,99v,1643-07-31,p[ai]d [th]e Lord Roberts £91 - 14s - 0d,"Robartes, Lord",,,,,,,
3120,F0201,Fenton,100r,1643-08-02,p[ai]d the Lo[rd] Roberts £9 - 0s - 0d,"Robartes, Lord",,,,,,,
3121,V2981,Vernon,72v,1643-08-16,49 p[ai]d for 7 dayes pay for my lord Robert[es] Regi[men]t £215 - 10s - 10d,"Robartes, Lord",Colonel,foot,,,,,
3122,V3124,Vernon,75r,1643-08-24,49 p[ai]d my lord Robert[es] for 14 daies for his reg[imen]t £431 - 1s - 8d,"Robartes, Lord",Colonel,foot,,,,,
3123,F0302,Fenton,101v,1643-09-11,p[ai]d [th]e Lord Roberts £91 - 1s - 2d,"Robartes, Lord",,,,,,,
3124,V3294,Vernon,78r,1643-10-14,49 p[ai]d for my lord Robert[es] Regi[men]t £388 - 12s - 4d,"Robartes, Lord",Colonel,foot,,,,,
3125,V3422,Vernon,79v,1643-10-24,49 p[ai]d [th]e lord Robert[es] [th]e like for his Regi[men]t £183 - 12s - 8d,"Robartes, Lord",Colonel,foot,,,,,
3126,V3471,Vernon,80r,1643-11-17,49 p[ai]d the like for my lord Robert[es] Regi[men]t £420 - 11s - 8d,"Robartes, Lord",Colonel,foot,,,,,
3127,V3587,Vernon,81v,1643-12-07,49 p[ai]d [th]e like for my lord Robert[es] Regi[men]t £54 - 6s - 2d,"Robartes, Lord",Colonel,foot,,,,,
3128,V3657,Vernon,83r,1643-12-18,49 p[ai]d C[aptain] Jo[hn] mill for absent sold[ier]s of my lord Rob[er]t[es] Regi[men]t £4 - 15s - 8d,"Robartes, Lord",Colonel,foot,,,,,
3129,V3658,Vernon,83r,1643-12-18,49 p[ai]d a week[es] pay for the under officers & 188 sold[ier]s of my lord Rob[er]t[es] Regi[men]t £59 - 1s - 10d,"Robartes, Lord",Colonel,foot,,,,,
3130,V3676,Vernon,83r,1643-12-29,49 p[ai]d the lord Robert[es] Regi[men]t [th]e like £210 - 5s - 10d,"Robartes, Lord",Colonel,foot,,,,,
3131,V3708,Vernon,83v,1644-01-06,49 p[ai]d the lo[rd] Robert[es] Regi[men]t the like £58 - 13s - 8d,"Robartes, Lord",Colonel,foot,,,,,
3132,V3724,Vernon,83v,1644-01-09,49 p[ai]d [th]e lo[rd] Robert[es] Regi[men]t the like £79 - 6s - 8d,"Robartes, Lord",Colonel,foot,,,,,
3133,V3748,Vernon,84r,1644-02-05,49 p[ai]d my lord Robert[es] Regi[men]t the like £414 - 8s - 0d,"Robartes, Lord",Colonel,foot,,,,,
3134,V3837,Vernon,84v,1644-02-19,49 p[ai]d in my lord Robert[es] Regi[men]t the like £1 - 17s - 4d,"Robartes, Lord",Colonel,foot,,,,,
3135,V3858,Vernon,85r,1644-02-27,49 p[ai]d [th]e lord Rob[ertes] Regi[men]t [th]e like £105 - 10s - 6d,"Robartes, Lord",Colonel,foot,,,,,
3136,V3904,Vernon,85r,1644-03-09,49 p[ai]d [th]e lord Rob[ertes] Regi[men]t [th]e like £135 - 6s - 8d,"Robartes, Lord",Colonel,foot,,,,,
3137,V3940,Vernon,85v,1644-03-23,49 p[ai]d [th]e lord Rob[ertes] Regi[men]t [th]e like £145 - 16s - 6d,"Robartes, Lord",Colonel,foot,,,,,
3138,V1315,Vernon,37v,1642-11-12,"p[ai]d John Bruce, Thomas Robert[es] & John Kent Carters for hier of ther severall teams 21 days each £26 - 7s - -d","Roberts, Thomas",Wagoner,artillery,,,,,
3139,V0466,Vernon,17v,1642-09-02,73 p[ai]d [^Cap[tain]^] w[illia]m Robert[es] for on mo[nths] pay of his compa[ny] beg[inning] 27 aug[us]t £50 - 8s - 0d,"Roberts, William",Captain,foot,,,,,
3140,V1115,Vernon,33v,1642-10-28,73 p[ai]d sergeant major w[illia]m Roberts for pay of inferior officers & 244 sold[ier]s a week £103 - 3s - 3d,"Roberts, William",Major,foot,,,,,
3141,V1334,Vernon,37v,1642-11-14,128 p[ai]d sergeant major Robert[es] toward[es] pay of the officers of [th]e reg[imen]t w[hi]ch belonge to Coll[onel] charles Essex £304 - 4s - -d,"Roberts, William",Major,foot,,"Essex, Charles",,,
3142,V1305,Vernon,37r,1642-11-12,p[ai]d Thomas Robinson wagoner for 60 dayes besid[es] 12l.3s alredy rec[eive]d £29 - 17s - 0d,"Robinson, Thomas",Wagoner,artillery,,,,,
3143,V2414,Vernon,60v,1643-04-13,171 p[ai]d Capt[ain] Robotham for a mo[nths] pay as Cap[tain] of a troop of horse beg[inning] 7 Ap[ri]ll £54 - 6s - -d,"Robotham, Robert",Captain,horse,,,,,
3144,V2585,Vernon,64r,1643-05-24,171 p[ai]d Capt[ain] Rob[er]t Robotham for a mo[nths] pay for [th]e officers & 44 troop[er]s ending [th]e 1 June £277 - 18s - 0d,"Robotham, Robert",Captain,horse,,,,,
3145,V2586,Vernon,64r,1643-05-24,171 more for buying 20 sadles for his troope at 35s a peece £35 - 0s - 0d,"Robotham, Robert",Captain,horse,,,,,
3146,V2715,Vernon,66v,1643-06-21,171 p[ai]d C[aptain] Robert Robotham the like & 60 troop[er]s end[ing] 15 June £174 - 13s - 0d,"Robotham, Robert",Captain,horse,,,,,
3147,V2850,Vernon,69v,1643-07-12,171 p[ai]d Capt[ain] Robotham [th]e like for 60 troop[er]s end[ing] 29 June £174 - 13s - 0d,"Robotham, Robert",Captain,horse,,,,,
3148,V3000,Vernon,72v,1643-08-16,171 p[ai]d C[aptain] Robotham the like for his troope £83 - 16s - 6d,"Robotham, Robert",Captain,horse,,,,,
3149,V3162,Vernon,75v,1643-08-25,171 p[ai]d C[aptain] Robotham for 14 daies for his troop £167 - 13s - -d,"Robotham, Robert",Captain,horse,,,,,
3150,V3316,Vernon,78r,1643-10-14,171 p[ai]d C[aptain] Robotham for his troope £141 - 8s - 0d,"Robotham, Robert",Captain,horse,,,,,
3151,V3537,Vernon,81r,1643-12-01,171 p[ai]d C[aptain] Robotham the like for his troop £96 - 5s - 0d,"Robotham, Robert",Captain,horse,,,,,
3152,V3809,Vernon,84v,1644-02-13,171 p[ai]d Ca[ptain] Robotham for his troop of horse £86 - 2s - -d,"Robotham, Robert",Captain,horse,,,,,
3153,V0091,Vernon,7v,1642-08-11,22 p[ai]d the Lord Viscount Rochford for on months intertainm[en]t of his regiment of 1200 foot £1244 - 16s - 0d,"Rochford, Lord",Colonel,foot,,,,,
3154,V0434,Vernon,17r,1642-08-30,22 p[ai]d the Lord Rochford Collonell of 800 men for his and his officers entertainm[en]t for on mo[nth] to beginn the 27 present £542 - 16s - 0d,"Rochford, Lord",Colonel,foot,,,,,
3155,V0577,Vernon,20v,1642-09-06,9 p[ai]d m[aste]r John Page Captaine to my lord Rochford for on mo[nths] pay from the 30 July last & for a mo[nths] pay for his servant at 4s.8d the weeke £12 - 2s - 8d,"Rochford, Lord",Colonel,foot,,,,,Assumed captain is error for chaplain
3156,V0578,Vernon,20v,1642-09-06,more to provid necessaries for his attendance £20 - -s - -d,"Rochford, Lord",Colonel,foot,,,,,Assumed captain is error for chaplain
3157,V0609,Vernon,21v,1642-09-06,22 p[ai]d the Lord Rochford for 11 wagons for his regim[en]t at 40l a peece £440 - -s - -d,"Rochford, Lord",Colonel,foot,,,,,
3158,V0910,Vernon,29r,1642-10-04,111 p[ai]d the Lord Rochford as Collonel of a regiment & Captaine of a compa[ny] for 7 dayes arreer to the 1 [Octo]bre & 1/2 a monthes pay more - this monie was p[ai]d [th]e 4 [Octo]bre £47 - 5s - 0d,"Rochford, Lord",Colonel,foot,,,,,
3159,V0956,Vernon,30r,1642-10-13,111 p[ai]d the lord Rochford for pay of severall companies of his reg[imen]t to end the 28 [Octo]bre as by the warrent £464 - 11s - 8d,"Rochford, Lord",Colonel,foot,,,,,
3160,V1028,Vernon,31v,1642-10-19,117 p[ai]d C[aptain] Benjamin Hooke for arrears of his compa[ny] of 60 sold[ier]s in my lord Rochford reg[imen]t for [th]e 10 octob[er] & for 19 dayes pay for 70 sold[ier]s to [th]e 28 [Octo]bre £70 - 6s - 8d,"Rochford, Lord",Colonel,foot,,,,,
3161,V1029,Vernon,31v,1642-10-19,117 p[ai]d Capt[ain] Thomas drake of the same reg[imen]t for 25 dayes to the 28 [Octo]bre £43 - 6s - 8d,"Rochford, Lord",Colonel,foot,,,,,
3162,V1086,Vernon,33r,1642-10-27,119 p[ai]d my lord Rochford for pay and entertainm[en]t of himself & officers of his reg[imen]t for 1/2 a mo[nth] uppon accompt £274 - 7s - 8d,"Rochford, Lord",Colonel,foot,,,,,
3163,V1119,Vernon,33v,1642-10-28,111 p[ai]d my Lord Rochford for pay of 710 sold[ier]s of his regiment for a weeke £166 - 3s - 4d,"Rochford, Lord",Colonel,foot,,,,,
3164,V1191,Vernon,35r,1642-11-09,111 p[ai]d my lord Rochford for 14 dayes paym[en]t for the soldiers of his reg[imen]t 710 begininge the 5 present & some officers £602 - 14s - 0d,"Rochford, Lord",Colonel,foot,,,,,
3165,V1297,Vernon,37r,1642-11-12,111 p[ai]d for guiftmonie of 518 foot in my lord Rochford[es] regiment £64 - 15s - 0d,"Rochford, Lord",Colonel,foot,,,,,
3166,V1414,Vernon,39v,1642-11-28,111 p[ai]d the lord Rochford toward[es] the payment of [th]e officers and sold[ier]s of his regim[en]t uppon accompt £300 - -s - -d,"Rochford, Lord",Colonel,foot,,,,,
3167,V1561,Vernon,42v,1642-12-05,9 p[ai]d m[aste]r John Page Chaplaine to my lord Rochford[es] Reg[imen]t for his and his servant[es] pay to the 3 dec[ember] £18 - 4s - -d,"Rochford, Lord",Colonel,foot,,,,,
3168,V1631,Vernon,44r,1642-12-10,111 p[ai]d the Lord Rochford toward[es] the pay of his Regiment uppon acc[oun]tt £400 - 0s - 0d,"Rochford, Lord",Colonel,foot,,,,,
3169,V1805,Vernon,47v,1642-12-27,111 p[ai]d the Lord Rochford toward[es] the pay of his Regiment uppon acc[oun]tt £300 - 0s - 0d,"Rochford, Lord",Colonel,foot,,,,,
3170,V1937,Vernon,50v,1643-01-21,111 p[ai]d The lord Rochford for payment of divers of his officers as by the warr[an]t £281 - 18s - 6d,"Rochford, Lord",Colonel,foot,,,,,
3171,V1959,Vernon,51r,1643-01-23,9 p[ai]d m[aste]r Jo[hn] Page Chaplaine to my lord Rochford[es] reg[imen]t for pay of him and his servant for 7 week[es] to [th]e 21 Janu[ary] £21 - 4s - 8d,"Rochford, Lord",Colonel,foot,,,,,
3172,V2043,Vernon,52v,1643-01-24,111 p[ai]d the lord Rochford in part of a warr[an]t of 583.9.8 £400 - 0s - 0d,"Rochford, Lord",,,,,,,
3173,V2063,Vernon,53r,1643-02-04,111 p[ai]d my lord Rochfort [^in full^] for severall payment to his regiment as by the warr[an]tt of [th]e 24 Janu[ary] [th]e rest was p[ai]d the 24 Ja[nuary] £183 - 9s - 4d,"Rochford, Lord",Colonel,foot,,,,,
3174,V2157,Vernon,55r,1643-03-03,111 p[ai]d the lord Rochford uppon accompt of his reg[imen]t £350 - 0s - 0d,"Rochford, Lord",Colonel,foot,,,,,
3175,V2264,Vernon,57v,1643-03-17,9 p[ai]d m[aste]r Jo[hn] Page chaplaine to my lord Rochford[es] Regi[men]t for his & his servant[es] pay for 2 mo[nths] endinge [th]e 18 march £24 - 5s - 4d,"Rochford, Lord",Colonel,foot,,,,,
3176,V2384,Vernon,60r,1643-04-13,111 p[ai]d my lord Rochford for 1/2 a mo[nths] pay for his Regi[men]t uppon accompt £410 - 13s - 4d,"Rochford, Lord",Colonel,foot,,,,,
3177,V2452,Vernon,61v,1643-04-22,111 p[ai]d my lord Rochford[es] Regi[men]t the like £61 - 14s - 4d,"Rochford, Lord",Colonel,foot,,,,,
3178,F0008,Fenton,97r,1643-05-22,p[ai]d [th]e Lo[rd] Rochford for his Regim[en]t £89 - 5s - 0d,"Rochford, Lord",Colonel,foot,,,,,
3179,V2663,Vernon,65v,1643-05-26,111 p[ai]d the lo[rd] Rochford for a whole mo[nths] pay for himself officers & 120 soldiers end[ing] 1 June £642 - 12s - -d,"Rochford, Lord",Colonel,foot,,,,,
3180,V2668,Vernon,65v,1643-05-26,9 p[ai]d m[aste]r Jo[hn] Page Chaplaine of my lord Rochford Regi[men]t for soe much due to him uppon accompt £30 - 6s - 8d,"Rochford, Lord",Colonel,foot,,,,,
3181,V2815,Vernon,68v,1643-06-22,111 p[ai]d [th]e lord Rochfort for paym[en]t of himself as Coll[onel] & Captaine form [th]e 2 to [th]e 15 June & for pay of his leifft[enant] Coll[onel] the same £52 - 10s - -d,"Rochford, Lord",Colonel,foot,,,,,
3182,V2828,Vernon,69r,1643-06-22,9 p[ai]d miles dodson quarterm[aste]r to my lord Rochford[es] reg[imen]t for 14 pay end[ing] 15 present £3 - 10s - 0d,"Rochford, Lord",Colonel,foot,,,,,
3183,F0141,Fenton,99r,1643-07-17,p[ai]d [th]e Lord Rochford £52 - 10s - 0d,"Rochford, Lord",,,,,,,
3184,V0293,Vernon,13r,1642-08-23,53 p[ai]d Capt[ain] Francis Roger of S[i]r w[illia]m Fairfax regiment for on monthes pay for his comp[any] of 59 soldiers to begine from the 20 day of this month when the said companie was mustered £55 - 1s - 4d,"Roger, Francis",Captain,foot,,"Fairfax, William, Sir",,,
3185,V2241,Vernon,57r,1643-03-09,165 p[ai]d Cap[tain] Thomas Rog[er]s capt[ain] of Foot latlie in [th]e Regi[men]t of C[olone]ll Grantham for pay due to himself and severall other officers uppon acc[oun]tt £50 - 0s - 0d,"Rogers, Thomas",Captain,foot,,"Grantham, Thomas",,,
3186,V2546,Vernon,63r,1643-05-05,165 p[ai]d Capt[ain] Rogers late Cap[tain] of a foot compa[ny] in Coll[onel] Granthams Regi[men]t for and toward[es] his pay as captaine uppon accompt £20 - 0s - 0d,"Rogers, Thomas",Captain,foot,,"Grantham, Thomas",,,
3187,F0048,Fenton,97v,1643-06-05,p[ai]d Capt[ain] Thomas Rogers £21 - 0s - 0d,"Rogers, Thomas",Captain,,,,,,
3188,F0150,Fenton,99r,1643-07-18,p[ai]d Capt[ain] Tho[mas] Rogers £10 - 10s - 0d,"Rogers, Thomas",Captain,,,,,,
3189,V3264,Vernon,77v,1643-08-29,165 p[ai]d Capt[ain] Thomas Rogers Capt[ain] of a foot compa[ny] under Coll[onel] Grantham for 14 dayes pay uppon accompt £10 - 10s - -d,"Rogers, Thomas",Captain,foot,,"Grantham, Thomas",,,
3190,V0242,Vernon,11v,1642-08-19,"12 more 300l to be by his L[ordshi]p delivered unto S[i]r Oliver Luke, S[i]r Samuell Luke S[i]r Thomas Alston & S[i]r Thomas Rolt dep[uty] leifft[enants] of Bedford or anie 2 of them to be p[ai]d unto the soldiers when they ar mustered w[hi]ch monie is to be Issued to the said lord uppon acc[oun]tt £300 - 0s - 0d","Rolt, Thomas, Sir",Deputy Lt Of Beds,,,,,,
3191,V3399,Vernon,79r,1643-10-19,207 p[ai]d C[aptain] Roper for his troop £179 - 18s - -d,"Roper, Samuel",Captain,horse,,,,,
3192,V3575,Vernon,81v,1643-12-05,207 p[ai]d C[aptain] Roper under Command of my lord denbigh for a mo[nths] pay for himself being wounded £54 - 12s - -d,"Roper, Samuel",Captain,horse,,"Denbigh, Earl of",,wounded,
3193,F0239,Fenton,100v,1643-08-12,p[ai]d Fith Rose £3 - 10s - 0d,"Rose, Fith",,,,,,,
3194,V0726,Vernon,24v,1642-09-26,p[ai]d Ambrose Rotton for his charges and expences in prosecution of divers services for the state £30 - 0s - 0d,"Rotton, Ambrose",,,,,,,
3195,V1754,Vernon,46v,1642-12-26,153 p[ai]d Capt[ain] Georg Rouse for 14 dayes pay for 100 sold[ier]s in my of Peterboroughs Regi[men]t begining [th]e 16 present £46 - 13s - 4d,"Rouse, George",Captain,foot,,"Peterborough, Earl of",,,
3196,V2130,Vernon,54v,1643-03-02,153 p[ai]d C[aptain] George Rowse for a mo[nths] pay of 100 sold[ier]s of the same reg[imen]t uppon accompt £93 - 6s - 8d,"Rouse, George",Captain,foot,,"Peterborough, Earl of",,,
3197,V0992,Vernon,31r,1642-10-17,116 p[ai]d Captaine Henry Rowe Capt[ain] Edward Froadsham & Capt[ain] John Duncan Capt[ain]s of Pioners for leviinge 600 pioners £30 - 0s - 0d,"Rowe, Henry",Captain,pioneers,,,,,
3198,V1130,Vernon,33v,1642-10-29,116 p[ai]d Capt[ain] Henry Row as above £20 - -s - -d,"Rowe, Henry",Captain,pioneers,,,,,
3199,V1269,Vernon,36v,1642-11-11,116 p[ai]d Henry Roe Captain of 200 pion[eer]s uppon acc[oun]t £30 - -s - -d,"Rowe, Henry",Captain,pioneers,,,,,
3200,V1444,Vernon,40r,1642-11-23,116 p[ai]d C[aptain] Henry Roe toward[es] payment of his pione[er]s £25 - 0s - 0d,"Rowe, Henry",Captain,pioneers,,,,,
3201,V1629,Vernon,44r,1642-12-10,116 p[ai]d Captaine Henry Roe as above £30 - 0s - 0d,"Rowe, Henry",Captain,pioneers,,,,,
3202,V1801,Vernon,47v,1642-12-27,116 p[ai]d Capt[ain] Henry Row capt[ain] of Pioneers for arrers dew unto him uppon acc[oun]tt for paym[en]t of his menn & other charges w[hi]ch ended 19 pres[en]t & also for 7 days pay for 63 pion[eer]s ending 26 [Decem]bre £84 - 6s - 6d,"Rowe, Henry",Captain,pioneers,,,,,
3203,V2198,Vernon,56r,1643-03-07,116 p[ai]d C[aptain] Henry Rowe capt[ain] of pioneers in part of a warr[ant] of 48.15.0. £25 - 0s - 0d,"Rowe, Henry",Captain,pioneers,,,,,
3204,V2381,Vernon,60r,1643-04-13,116 p[ai]d Henry Row Capt[ain] of Pion[eer]s in full of a warr[an]t of [th]e 28 Febr[uary] £23 - 15s - 0d,"Rowe, Henry",Captain,pioneers,,,,,
3205,V2562,Vernon,63v,1643-05-22,116 p[ai]d Captaine Roe for hier of 4 horses in the traine of Artigliry for 126 dayes endinge the 5 present £35 - -s,"Rowe, Henry",Captain,,,,,,
3206,V2685,Vernon,66r,1643-05-26,116 p[ai]d C[aptain] Henry Roe C[aptain] Richard Hodgson C[aptain] Edward Frodsham & C[aptain] w[illia]m Cheese Capt[ains] of severall compa[nies] of pioneers for a whole mo[nths] pay for 31 pion[eer]s ending 21 June £43 - 8s - 0d,"Rowe, Henry",Captain,pioneers,,,,,
3207,V3228,Vernon,76v,1643-08-26,116 p[ai]d C[aptain] Henry Roe for pay dew to him as Capt[ain] of Pioneers £11 - 10s - -d,"Rowe, Henry",Captain,pioneers,,,,,
3208,V0317,Vernon,13v,1642-08-25,39 p[ai]d Captaine Owen Rowe & Capt[ain] Bradlye for repairinge of Armes [...] £500 - 0s - 0d,"Rowe, Owen",Captain,,,,,,
3209,V2092,Vernon,53v,1643-03-01,153 p[ai]d Capt[ain] George Rowle Capt[ain] of a foot compa[ny] in my lord Peeterborrows reg[imen]t for 3 week[es] pay of 100 soldiers beg[inning] 30 [Decem]bre £69 - 19s - 6d,"Rowle, George",Captain,foot,,"Peterborough, Earl of",,,
3210,V0876,Vernon,28r,1642-10-07,21 p[ai]d olive Reiston widdow the relict of will[ia]m Reiston liefftenn[an]t to Capt[ain] Anslme slaine near worster for her releif £20 - 0s - 0d,"Royston, Olive",Widow,,,,,,
3211,V2044,Vernon,52v,1643-01-24,26 p[ai]d olive Royston wiff of w[illia]m Royston late leifft[enant] to Capt[ain] Austin for arrear due to him at the time of his death £20 - 0s - 0d,"Royston, Olive",Widow,,,,,,
3212,V0876,Vernon,28r,1642-10-07,21 p[ai]d olive Reiston widdow the relict of will[ia]m Reiston liefftenn[an]t to Capt[ain] Anslme slaine near worster for her releif £20 - 0s - 0d,"Royston, William",Lieutenant,horse,,,"Anselme, William",deceased,
3213,V2044,Vernon,52v,1643-01-24,26 p[ai]d olive Royston wiff of w[illia]m Royston late leifft[enant] to Capt[ain] Austin for arrear due to him at the time of his death £20 - 0s - 0d,"Royston, William",Lieutenant,horse,,,"Austin, George",deceased,
3214,V0533,Vernon,19v,1642-09-05,83 p[ai]d Capt[ain] Symon Rugely Capt[ain] of a troop of horse for mounting himself and his officers £280 - 0s - 0d,"Rudgely, Simon",Captain,horse,,,,,
3215,V1043,Vernon,32r,1642-10-19,83 p[ai]d Captain Symon Ridgley for 1/2 a mo[nths] pay for his troop to beginn [th]e 19 present £174 - 13s - 0d,"Rudgely, Simon",Captain,horse,,,,,
3216,V1190,Vernon,35r,1642-11-09,83 p[ai]d Capt[ain] Symon Rudgly for 1/2 a mo[nths] pay for his troop uppon acc[oun]tt £174 - 13s - -d,"Rudgely, Simon",Captain,horse,,,,,
3217,V1436,Vernon,40r,1642-11-23,89 p[ai]d C[aptain] Symon Rudglie the like £174 - 13s - -d,"Rudgely, Simon",Captain,horse,,,,,
3218,V1542,Vernon,42r,1642-12-05,83 p[ai]d C[aptain] Symon Rudglie for 1/2 a mo[nths] pay for his trop £174 - 13s - 0d,"Rudgely, Simon",Captain,horse,,,,,
3219,V1543,Vernon,42r,1642-12-05,more for 57 horse mustred in Chelsey feild at 5s a horse £14 - 5s - -d,"Rudgely, Simon",Captain,horse,,,,,
3220,V1758,Vernon,46v,1642-12-26,83 p[ai]d Capt[ain] Rudglie [th]e like £174 - 13s - -d,"Rudgely, Simon",Captain,horse,,,,,
3221,V1871,Vernon,49r,1643-01-06,83 p[ai]d Capt[ain] Symon Rudgly the like £100 - -s - -d,"Rudgely, Simon",Captain,horse,,,,,
3222,V2190,Vernon,56r,1643-03-07,83 p[ai]d Capt[ain] Symon Rudglie in part of a warr[ant] of 500l for his troop £300 - 0s - 0d,"Rudgely, Simon",Captain,horse,,,,,
3223,V2313,Vernon,58v,1643-04-12,83 p[ai]d Ca[ptain] [^Rudgly^] the like £174 - 13s - -d,"Rudgely, Simon",Captain,horse,,,,,
3224,V2484,Vernon,62r,1643-04-29,168 p[ai]d Coll[onel] Rudglie [th]e like & 42 troop[er]s £42 - 14s - 0d,"Rudgely, Simon",Colonel,horse,,,,,
3225,V2567,Vernon,63v,1643-05-24,168 p[ai]d Coll[onel] symon Rudgley Cap[tain] of a troope of harqueb[usiers] for [th]e pay of himself officers and 50 troop[er]s for a mo[nth] to end the 11 June £306 - 12s - 0d,"Rudgely, Simon",Colonel,horse,,,,,
3226,V2785,Vernon,68r,1643-06-21,83 p[ai]d Coll[onel] Rudglyes troop officers & 50 troop[er]s for 14 dayes end[ing] 5 present £153 - 6s - 0d,"Rudgely, Simon",Captain,horse,,,,,
3227,V2844,Vernon,69v,1643-07-12,83 p[ai]d Capt[ain] symon Rudglie the like for the officers & 50 troop[er]s end[ing] 9 Julie £153 - 6s - 0d,"Rudgely, Simon",Captain,horse,,,,,
3228,V0572,Vernon,20v,1642-09-05,87 p[ai]d Capt[ain] Thomas Rush for on mo[nths] pay of his compa[ny] of 66 sold[ier]s in S[i]r w[illia]m Fairfax regiment from [th]e 3 present £61 - 12s - -d,"Rush, Thomas",Captain,foot,,"Fairfax, William, Sir",,,
3229,V0248,Vernon,11v,1642-08-19,sallery p[ai]d John Rushworth by order of p[ar]liament for his pains and fidelity in sundry services £150,"Rushworth, John",,,,,,,
3230,F0122,Fenton,98v,1643-07-14,p[ai]d Coll[onel] Fran[cis] Russell £400 - 0s - 0d,"Russell, Francis",Colonel,,,,,,
3231,F0245,Fenton,100v,1643-08-13,p[ai]d Coll[onel] Fran[cis] Russell £200 - 0s - 0d,"Russell, Francis",Colonel,,,,,,
3232,V3268,Vernon,77v,1643-08-29,202 p[ai]d C[aptain] Fra[ncis] Russell for 14 days for his troop £188 - 13s - -d,"Russell, Francis",Captain,horse,,,,,
3233,V3302,Vernon,78r,1643-10-14,202 p[ai]d Coll[onel] Francis Russell for his troop £163 - 16s - 0d,"Russell, Francis",Captain,horse,,,,,
3234,V3509,Vernon,80v,1643-12-01,202 p[ai]d Coll[onel] Russell the like for his troop £149 - 9s - -d,"Russell, Francis",Captain,horse,,,,,
3235,V3797,Vernon,84v,1644-02-13,202 p[ai]d Coll[onel] Russell [th]e like £148 - 8s - -d,"Russell, Francis",Captain,horse,,,,,
3236,V1627,Vernon,44r,1642-12-10,176 p[ai]d Capt[ain] David Traile Capt[ain] w[illia]m Abernethy C[aptain] Robert Rutherford Ensigne w[illia]m blare Ensigne Georg Borthick & Ensigne David midleton latelie entertaind as reformados in this exp[edition] for a whol mo[nths] pay uppon acc[oun]tt £75 - 12s - -d,"Rutherford, Robert",Captain,,,,,reformado,
3237,V2017,Vernon,52r,1643-01-24,"176 p[ai]d Capt[ain] Kennywood, C[aptain] Rotherford Capt[ain] Abernaithy C[aptain] Rob[er]t Hunter & C[aptain] david Hunter Capt[ain] Reformados on foot for the severall pays for 1 mo[nth] uppon acc[oun]tt £105 - 0s - 0d","Rutherford, Robert",Captain,foot,,,,reformado,
3238,V2267,Vernon,57v,1643-03-17,176 p[ai]d Capt[ain] david Kininmont C[aptain] Robert Rotherford C[aptain] david Hunter C[aptain] Robert Hunter & capt[ain] w[illia]m Abernethy reformado captains of Foot for ther severall paies for a mo[nths] uppon acc[oun]t at 21l each £105 - 0s - 0d,"Rutherford, Robert",Captain,foot,,,,reformado,
3239,V2424,Vernon,61r,1643-04-13,176 p[ai]d Capt[ain] Ja[mes] douglas C[aptain] Robert Rutherford C[aptain] david Kennimonth C[aptain] david Hunter C[aptain] w[illia]m Abernethy C[aptain] w[illia]m Blare & leifft[enan]t Arthur sinclair Scot[es] reformados attending this present service toward[es] ther entertain[men]t upp[on] a[ccount] £235 - -s - -d,"Rutherford, Robert",Captain,,,,,reformado,
3240,V2681,Vernon,66r,1643-05-26,176 p[ai]d Capt[ain] Robert Rutherford C[aptain] david Hunter C[aptain] w[illia]m Abernethy C[aptain] Robert Hunter C[aptain] Alexander [?Chyny?] cap[tain] reformados on foot for a mo[nths] pay uppon accompt £105 - -s - -d,"Rutherford, Robert",Captain,foot,,,,reformado,
3241,V2950,Vernon,72r,1643-07-13,176 p[ai]d Capt[ain] Rutherford C[aptain] david Hunter capt[ain] Abernaithy and C[aptain] Rob[er]t Hunter 4 C[aptain] reformados of foot for 14 days pay ending 16 June £42 - 0s - 0d,"Rutherford, Robert",Captain,foot,,,,reformado,
3242,V2532,Vernon,63r,1643-05-02,170 p[ai]d Capt[ain] w[illia]m Salkill for [th]e under officers of his troope & 60 troop[er]s for 7 dayes £59 - 10s - 0d,"Salkeld, William",Captain,horse,,,,,
3243,V2590,Vernon,64r,1643-05-24,172 p[ai]d C[aptain] w[illia]m salbuld [th]e like for officers and 74 troop[er]s endi[ng] 11 June £398 - 6s - 0d,"Salkeld, William",Captain,horse,,,,,
3244,V2806,Vernon,68v,1643-06-22,170 p[ai]d Capt[ain] w[illia]m Salkill for his officers & 74 troop[er]s for 14 dayes end[ing] 25 present £214 - 18s - -d,"Salkeld, William",Captain,horse,,,,,
3245,V2940,Vernon,71v,1643-07-13,170 p[ai]d Capt[ain] salkild for 14 dayes pay for his officers & 88 troop[er]s end[ing] [th]e 9 July £223 - 18s - 0d,"Salkeld, William",Captain,horse,,,,,
3246,V2982,Vernon,72v,1643-08-16,170 p[ai]d Capt[ain] will[iam] salkild for 7 daies pay for his troope £108 - 6s - 6d,"Salkeld, William",Captain,horse,,,,,
3247,V3195,Vernon,76r,1643-08-25,170 p[ai]d Rogers Bridges Cornet of Cap[tain] salkil[es] troop for 14 days for that troop £189 - 7s - -d,"Salkeld, William",Captain,horse,,,,,
3248,V3356,Vernon,78v,1643-10-16,170 p[ai]d C[aptain] w[illia]m salkild for his troop £192 - 3s - -d,"Salkeld, William",Captain,horse,,,,,
3249,V3607,Vernon,82r,1643-12-08,170 p[ai]d C[aptain] Salkeild for 14 days pay for his troop £154 - 0s - 0d,"Salkeld, William",Captain,horse,,,,,
3250,V3813,Vernon,84v,1644-02-13,170 p[ai]d Capt[ain] salkill the like £149 - 16s - -d,"Salkeld, William",Captain,horse,,,,,
3251,V0311,Vernon,13v,1642-08-24,55 p[ai]d S[i]r Thomas Sand[er]s Capt[ain] of a troope of 60 harquebusiers for mountinge 3 corporall[es] 42l more 2 trumpeters 1 farrier & 1 sadler 32l more for scarfs 30l £104 - 0s - 0d,"Sanders, Thomas, Sir",Captain,horse,,,,,
3252,V0928,Vernon,29v,1642-10-11,114 p[ai]d S[i]r Thomas Sannd[er]s for his troop as above of Collonel Goodwins reg[imen]t £161 - 11s - 6d,"Sanders, Thomas, Sir",Captain,horse,,"Goodwin, Arthur",,,
3253,V1061,Vernon,32v,1642-10-25,[...] p[ai]d Captaine Thomas sand[er]s for one half months pay of his troope endinge [th]e 28 [Octo]bre £174 - 13s - 0d,"Sanders, Thomas, Sir",Captain,horse,,,,,
3254,V1268,Vernon,36v,1642-11-11,114 p[ai]d S[i]r Thomas Sand[er]s for 1/2 mo[nths] pay for his troop £174 - 13s - -d,"Sanders, Thomas, Sir",Captain,horse,,,,,
3255,V1487,Vernon,41r,1642-12-03,114 p[ai]d S[i]r Thomas Sand[er]s for 1/2 a mo[nths] pay for his troop uppon acc[oun]tt £174 - 13s - -d,"Sanders, Thomas, Sir",Captain,horse,,,,,
3256,V1760,Vernon,46v,1642-12-26,114 p[ai]d Capt[ain] Thomas sand[er]s the like £174 - 13s - -d,"Sanders, Thomas, Sir",Captain,horse,,,,,
3257,V0420,Vernon,16v,1642-08-30,66 p[ai]d Captaine Anto[ny] Sanderson for on mo[nths] entertainm[en]t of himself & officers & for levy monie of 100 men 50 £92 - 0s - 0d,"Sanderson, Anthony",Captain,foot,,,,,
3258,V0421,Vernon,16v,1642-08-30,more for provision of cull[er]s partizan[es] halbert[es] and drum[es] £25 - -s,"Sanderson, Anthony",Captain,foot,,,,,
3259,V1387,Vernon,39r,1642-11-23,66 p[ai]d Capt[ain] Anthony Sanderson as wel for 1 monthes pay of 50 soldiers to Comence from the 12 november 46.13.4. as also for 1 mo[nths] pay for himself & officers of his compa[ny] from [th]e 17. novemb[e]r 42 £88 - 13s - 4d,"Sanderson, Anthony",Captain,,,,,,
3260,V1393,Vernon,39r,1642-11-23,66 p[ai]d Capt[ain] Ant[ony] Sanderson for guift monie of 50 sold[ier]s of his compa[ny] £6 - 5s - -d,"Sanderson, Anthony",Captain,,,,,,
3261,V1772,Vernon,47r,1642-12-26,66 p[ai]d Capt[ain] Anthony Sanderson in my g[enera]ll[es] Regi[men]t for pay of his compa[ny] as by [th]e warr[an]t £84 - 4s - 8d,"Sanderson, Anthony",Captain,foot,,"Essex, Earl of",,,
3262,V2251,Vernon,57r,1643-03-10,66 p[ai]d C[aptain] Anthony Sanderson [th]e like £30 - 0s - 0d,"Sanderson, Anthony",Captain,foot,,"Essex, Earl of",,,
3263,V2566,Vernon,63v,1643-05-24,66 p[ai]d leifft[enant] Treaver oliver leifft[enant] of Capt[ain] Sandersons foot compa[ny] for an arrear of pay dew to him for 98 days £19 - 12s - -d,"Sanderson, Anthony",Captain,foot,,,,,
3264,V3297,Vernon,78r,1643-10-14,66 p[ai]d C[aptain] Anthony sanderson uppon his owne accompt £60 - 0s - 0d,"Sanderson, Anthony",Captain,,,,,,
3265,V0206,Vernon,10v,1642-08-17,43 p[ai]d Collonell Sandys by way of imprest for advance of on months pay for a troop of harqueb[usiers] £349 - 6s - -d,"Sandys, Edwin",Colonel,horse,,,,,
3266,V0207,Vernon,10v,1642-08-17,more for mountinge 3 corporall[es] 42 - more for 2 trumpeters a farier & a sadler £74 - 0s - 0d,"Sandys, Edwin",Colonel,horse,,,,,
3267,V0363,Vernon,15r,1642-08-26,16 p[ai]d Capt[ain] Georg Austine for on months pay of his troop of 40 Carabins besid[es] offic[e]rs under the Command of Collonel Sand[es] beginning the 19 Aug[us]t £279 - 6s - 0d,"Sandys, Edwin",Colonel,horse,,,,,
3268,V0364,Vernon,15r,1642-08-26,"more p[ai]d him for scarff[es], note 30l for 40 men £30 - 0s - 0d","Sandys, Edwin",Colonel,horse,,,,,
3269,V0365,Vernon,15r,1642-08-26,more for mountinge 3 corporall[es] 42 & for 2 trumpeters a sadler & a farier 32. £74 - -s - -d,"Sandys, Edwin",Colonel,horse,,,,,
3270,V0647,Vernon,22v,1642-09-08,43 p[ai]d Collonell Edwin Sandys for on months pay of a troope of 60 harqueb[usiers] besid[es] officers by advance the war[ran]t was in the name of serg[ean]t major dowglas £349 - 6s - -d,"Sandys, Edwin",Colonel,horse,,,,,
3271,V0677,Vernon,23v,1642-09-09,"13 p[ai]d John Anthony surgeon to Collonel Sand[es] for soe much monie to him advanced for provision of 3 horses 12. for on mo[nths] maintenance for them from the 7 [Septem]bre 4l.4s, more for on monthes pay for himself & mates from the 3 of Julie last 12.12 for his chest 5l & for advance of 1/2 a wagon 20l £63 - 16s - -d","Sandys, Edwin",Colonel,horse,,,,,
3272,V0783,Vernon,26r,1642-10-01,43 p[ai]d Collonel Sand[es] for pay for himself & offic[er]s from the 30 Julie to the 13 aug[us]t £76 - 13s - 0d,"Sandys, Edwin",Colonel,horse,,,,,
3273,V0834,Vernon,27r,1642-10-04,13 p[ai]d John Anthonye suregeon to Collonel Sandis regim[en]t of horse for the arreers of his pay to the 1 [Octo]bre £21 - 0s - 0d,"Sandys, Edwin",Colonel,horse,,,,,
3274,V0953,Vernon,30r,1642-10-13,43 p[ai]d Collonell Sand[es] for the pay of his officers and sould[ier]s of his troope of 80 harquebusiers to the 28 oc[to]bre £419 - 6s - 0d,"Sandys, Edwin",Colonel,horse,,,,,
3275,V1052,Vernon,32r,1642-10-20,43 p[ai]d Collonel Sandys for his pay as colonel of a reg[imen]t of horse to [th]e 14 [Octo]bre £73 - 10s - -d,"Sandys, Edwin",Colonel,horse,,,,,
3276,V1156,Vernon,34r,1642-11-04,43 p[ai]d Collonel Sand[es] In worster by Arthur Chambers for himself officers troop & wagons uppon acc[oun]tt by the governer of worsters direct[ion] £535 - 10s - 0d,"Sandys, Edwin",Colonel,horse,,,,,
3277,V1161,Vernon,34v,1642-11-04,13 p[ai]d John Anthony Surgeon to Coll[onel] Sand[es] for hims & two mates to end 28 [Octo]bre. in worster £16 - 16s - -d,"Sandys, Edwin",Colonel,horse,,,,,
3278,V1589,Vernon,43r,1642-12-05,43 p[ai]d Collonel Sandys for a mo[nths] pay for himself as Collonel as also toward[es] the payment of his troop of 80 harqueb[usiers] upon acc[oun]t £251 - 13s - 0d,"Sandys, Edwin",Colonel,horse,,,,,
3279,V1590,Vernon,43r,1642-12-05,13 p[ai]d Jo[hn] Anthony surgeon to that Reg[imen]t for a mo[nths] entertainm[en]t of himself mates & bidett[es] from [th]e 26 [Novem]bre inclusive £16 - 16s - -d,"Sandys, Edwin",Colonel,horse,,,,,
3280,V1199,Vernon,35r,1642-11-09,118 p[ai]d leifftenn[an]t Edward Sand[er]s for 1/2 a mo[nths] pay of sargeant major Berrys troope £174 - 13s - -d,"Saunders, Edward",Lieutenant,horse,,,"Berry, Edward",,
3281,V1540,Vernon,42r,1642-12-05,89 p[ai]d leifft[enant] Sannd[er]s for a mo[nths] pay for the troop latelie belonging to C[aptain] Berry £349 - 6s - -d,"Saunders, Edward",Lieutenant,horse,,,"Berry, Edward",,
3282,V1541,Vernon,42r,1642-12-05,more for 1/2 a mo[nths] pay for [th]e said troop £174 - 13s - -d,"Saunders, Edward",Lieutenant,horse,,,"Berry, Edward",,
3283,V1864,Vernon,48v,1643-01-06,118 p[ai]d leifft[enant] Sanderson for major Berries troop the like £100 - -s - -d,"Saunders, Edward",Lieutenant,horse,,,"Berry, Edward",,
3284,V2193,Vernon,56r,1643-03-07,165 p[ai]d C[aptain] Edward Sand[er]s in part of a warr[ant] of 250l toward[es] payment of his troope £140 - 0s - 0d,"Saunders, Edward",Captain,horse,,,,,
3285,V2395,Vernon,60r,1643-04-13,173 p[ai]d Capt[ain] Edward sand[er]s for paym[en]t of his troop & new recrut[es] uppon accompt £200 - 0s - 0d,"Saunders, Edward",Captain,horse,,,,,
3286,V2510,Vernon,62v,1643-04-29,165 p[ai]d C[aptain] Edward sand[er]s the like & for 37 troop[er]s £37 - 5s - 6d,"Saunders, Edward",Captain,horse,,,,,
3287,V2593,Vernon,64r,1643-05-24,173 p[ai]d Capt[ain] Edward sand[er]s the like for officers & 49 troop[er]s end[ing] 19 June £302 - 8s - -d,"Saunders, Edward",Captain,horse,,,,,
3288,V2734,Vernon,67r,1643-06-20,165 p[ai]d C[aptain] Edward sand[er]s for 14 dayes pay for his troope end[ing] 3 Julie as by [th]e war[rant] £241 - 10s - -d,"Saunders, Edward",Captain,horse,,,,,
3289,V2963,Vernon,72r,1643-07-13,165 p[ai]d Capt[ain] Edward Saund[er]s in part of a warr[an]t of 181.16.0 for 15 dayes paye for 65 troop[er]s ending [th]e 13 Julie £100 - 0s - 0d,"Saunders, Edward",Captain,horse,,,,,
3290,F0166,Fenton,99v,1643-07-28,p[ai]d Capt[ain] Edw[ard] Saund[e]rs £81 - 6s - 0d,"Saunders, Edward",Captain,,,,,,
3291,V3092,Vernon,74r,1643-08-18,128 p[ai]d Coll[onel] dalbier for 7 days for [th]e troop lately belonging to Coll[onel] sand[er]s £44 - 16s - -d,"Saunders, Edward",Captain,horse,,,,,
3292,V3192,Vernon,76r,1643-08-25,128 p[ai]d Coll[onel] Dulbier for 14 days for [th]e troope late under C[aptain] sanders £89 - 12s - -d,"Saunders, Edward",Captain,horse,,,,,
3293,F0066,Fenton,97v,1643-06-12,p[ai]d Capt[ain] Rich[ard] Saund[e]rs £20 - 0s - 0d,"Saunders, Richard",Captain,,,,,,
3294,F0260,Fenton,101r,1643-08-22,p[ai]d Capt[ain] Ric[hard] Saunders £100 - 0s - 0d,"Saunders, Richard",Captain,,,,,,
3295,V0319,Vernon,13v,1642-08-25,58 p[ai]d Capt[ain] Thomas Savill for on months paye for his comp[any] of 99 menn or [th]e same regiment £92 - 8s - 0d,"Savill, Thomas",Captain,foot,,"Stamford, Earl of",,,
3296,V1343,Vernon,38r,1642-11-14,129 p[ai]d Capt[ain] Fra[ncis] Sawyer the like for 52 sol[diers] £48 - 10s - 8d,"Sawyer, Francis",Captain,foot,,"Mandeville, Lord",,,
3297,V0107,Vernon,8r,1642-08-12,24 p[ai]d the Lord Viscount say & seal Collonel of 1200 menn for a monthes intertainment as above £1044 - 16s - 0d,"Saye and Sele, Lord",Colonel,foot,,,,,
3298,V0232,Vernon,11r,1642-08-18,24 p[ai]d my Lord Saye 200l to be added to the 400l p[ai]d for the leviinge of his regiment £200 - 0s - 0d,"Saye and Sele, Lord",Colonel,foot,,,,,
3299,V0498,Vernon,18v,1642-09-03,24 p[ai]d the lord say Collonel of a reg[imen]t of 800 for a month entertainm[en]t of himself and his officers from the 27 aug[us]t last £542 - 16s - 0d,"Saye and Sele, Lord",Colonel,foot,,,,,
3300,V0499,Vernon,18v,1642-09-03,more for 1/2 a months pay for 500 sold[ier]s part of the same reg[imen]t to begine for [th]e 27 aug[us]t £233 - 6s - 8d,"Saye and Sele, Lord",Colonel,foot,,,,,
3301,V0602,Vernon,21r,1642-09-06,24 p[ai]d my lord say Captaine of a troope of horse for mountinge himself & officers £280 - 0s - 0d,"Saye and Sele, Lord",Captain,horse,,,,,
3302,V0669,Vernon,23r,1642-09-09,24 p[ai]d my Lord Saye for advance of on months pay for the sold[ier]s of his regiment uppon acc[oun]tt £746 - 13s - 4d,"Saye and Sele, Lord",Colonel,foot,,,,,
3303,V0670,Vernon,23r,1642-09-09,more for allowance of 11 wagons for his regiment £440 - -s - -d,"Saye and Sele, Lord",Colonel,foot,,,,,
3304,V0893,Vernon,28v,1642-10-10,24 S[i]r J[oh]n Meld[rums] regem[en]t p[ai]d the Lord Say for entertainm[en]t of himself officers & reg[imen]t of 658 sold[ier]s for on 1/2 mo[nth] to end the 28 [Octo]bre £535 - 19s - 4d,"Saye and Sele, Lord",Colonel,foot,,,,,
3305,V0927,Vernon,29v,1642-10-11,15 p[ai]d Collonell Arthur Goodwin in full payment of his troop to the 14 [Octo]bre inclu[sive] besid[es] 300l rec[eive]d of my lord saye £161 - 11s - 6d,"Saye and Sele, Lord",,,,,,,
3306,V0936,Vernon,29v,1642-10-11,24 S[i]r J[oh]n Meldr[ums] regem[en]t p[ai]d the lord saye & seale for 14 dayes paye of 2 capt[ain]s and ther offic[er]s belonging to his Reg[imen]t to end the 28 pre[sen]t & alsoe for the pay of 141 sold[ier]s for [th]e same time £107 - 16s - 0d,"Saye and Sele, Lord",Colonel,foot,,,,,
3307,V1369,Vernon,38v,1642-11-21,"131 p[ai]d Captaine Roger Clay Captaine Samuel Turner Capt[ain] Peeter Gale Capt[ain] George more Capt[ain] Ralph Tasker Captain w[illia]m Hamond Capt[ain] mathew Skalticke & Capt[ain] Jams white, 8 capt[ain]s in the Regement of Collonell skippon toward[es] ther pay & entertainm[en]t of themselves officers & sold[ier]s uppon acc[oun]tt £400 - -s - -d","Scaltick, Matthew",Captain,foot,,"Skippon, Philip",,,
3308,V1445,Vernon,40r,1642-11-23,135 p[ai]d Capt[ain] mathew scaltike C[aptain] Henry gaule C[aptain] Jo[hn] Smith & C[aptain] Henry [...] 4 Capt[ains] latelie entertained in my lord G[enera]ll[es] reg[imen]t of Foot for advance of a whole monthes pay for themselves leifft[enants] & Ensigns £123 - 4s - -d,"Scaltick, Matthew",Captain,foot,,"Essex, Earl of",,,
3309,V1446,Vernon,40r,1642-11-23,more p[ai]d them for providing Coll[our]s partizans halbert[es] and drums & wagons £112 - -s - -d,"Scaltick, Matthew",,,,,,,
3310,V1615,Vernon,43v,1642-12-10,135 p[ai]d Capt[ain] Mathew Scalticke for a mo[nths] pay for 81 sold[ier]s in my lord G[enera]ll[es] reg[imen]t to begin 3 pres[en]t £75 - 12s - -d,"Scaltick, Matthew",Captain,foot,,"Essex, Earl of",,,
3311,V1722,Vernon,46r,1642-12-21,135 p[ai]d Capt[ain] mathew Scaltike for 28 dayes pay for 2 sergeant[es] 2 drum[mer]s & 3 corporalle[es] from [th]e 3 present £7 - 4s - 0d,"Scaltick, Matthew",Captain,foot,,,,,
3312,V2824,Vernon,69r,1643-01-17,135 p[ai]d Capt[ain] scaltike C[aptain] Gauler Cap[tain] Smith and Capt[ain] Howson by order of his Exc[ellency] signified under m[aste]r Chambers his hand the 17 Janu[ary] w[hi]ch is charged by [th]e Auditor to ther accompt £120 - 0s - 0d,"Scaltick, Matthew",Captain,,,,,,
3313,V2248,Vernon,57r,1643-03-10,135 p[ai]d C[aptain] Mathew Scalticke [th]e like £50 - 0s - 0d,"Scaltick, Matthew",Captain,foot,,"Essex, Earl of",,,
3314,V2359,Vernon,59v,1643-04-12,176 p[ai]d leifft[enant] vestinghoven & Cornet schwekhowsen duch reformados in part of pay due to them £40 - -s - -d,"Schwekhowsen, Cornet",Cornet,horse,,,,reformado,
3315,V2599,Vernon,64r,1643-05-25,19 p[ai]d Jo[hn] Littlepage & Tho[mas] Scot wagon[er]s attending [th]e traine for hier of 12 horses for [?100?] dayes from [th]e 31 [Decem]bre to [th]e 16 Aprill as by a warr[ant] - [th]e wagoners war[rantes] ar at the end of the bundell £133 - 1s - 6d,"Scot, Thomas",Wagoner,artillery,,,,,
3316,V0108,Vernon,8r,1642-08-12,25 p[ai]d Capt[ain] Adrian Scroop Capt[ain] of a troop of horse for providinge himself & his officers w[i]th horses armes and other necessaries £280 - 0s - 0d,"Scroope, Adrian",Captain,horse,,,,,
3317,V0384,Vernon,15v,1642-08-27,25 p[ai]d Captaine Adrian Scroope for advance of on months pay for himself officers & troop by way of imprest £349 - 6s - 0d,"Scroope, Adrian",Captain,horse,,,,,
3318,V0385,Vernon,15v,1642-08-27,more for mountinge of 3 corporall[es] 42 2 trumpeters a sadler & a farier 32 & for scarff[es] all by way of imprest 30 £104 - 0s - 0d,"Scroope, Adrian",Captain,horse,,,,,
3319,V0442,Vernon,17r,1642-09-01,25 p[ai]d Captaine Adrian Scroope for 63 great saddles and bitt[es] for his troope at 50s each sadle & bitt £157 - 10s - 0d,"Scroope, Adrian",Captain,horse,,,,,
3320,V0703,Vernon,24r,1642-09-10,25 p[ai]d Captaine Adrian Scroope for an arreer of pay due to himself & officers from the 30 of Julie inclusive to the 25 aug[us]t exclusive being 26 dayes £129 - 7s - 0d,"Scroope, Adrian",Captain,horse,,,,,
3321,V1068,Vernon,32v,1642-10-27,25 p[ai]d Captain Adrian Scroop for 6 dayes pay for his troop from [th]e 18 to the 24 [Octo]bre £74 - 17s - -d,"Scroope, Adrian",Captain,horse,,,,,
3322,V1213,Vernon,35v,1642-11-10,25 p[ai]d Captain Adrian Scroop for 1/2 a mo[nths] paye for his troope uppon accompt £174 - 13s - -d,"Scroope, Adrian",Captain,horse,,,,,
3323,V1482,Vernon,41r,1642-12-03,25 p[ai]d Captain Adrian Scroop toward[es] the payment of his troop uppon acc[oun]tt £100 - 0s - 0d,"Scroope, Adrian",Captain,horse,,,,,
3324,V1739,Vernon,46r,1642-12-22,25 p[ai]d Capt[ain] Scroop toward[es] paym[en]t of his troop £100 - -s - -d,"Scroope, Adrian",Captain,horse,,,,,
3325,V1873,Vernon,49r,1643-01-06,25 p[ai]d Capt[ain] Adrian Scroop the like £60 - 0s - 0d,"Scroope, Adrian",Captain,horse,,,,,
3326,V2087,Vernon,53v,1643-02-28,25 p[ai]d C[aptain] Adrian Scroop toward[es] the payment of his troop uppon accompt £300 - -s - -d,"Scroope, Adrian",Captain,horse,,,,,
3327,V2304,Vernon,58v,1643-04-12,25 p[ai]d liefft[enant] maximilian Petty for 1/2 a months pay for himself officers and 35 troop[er]s of C[aptain] scroops troop £99 - 15s - -d,"Scroope, Adrian",Captain,horse,,,,,
3328,V2509,Vernon,62v,1643-04-29,25 p[ai]d C[aptain] scroop [th]e like & for 38 troop[er]s £37 - 9s - -d,"Scroope, Adrian",Captain,horse,,,,,
3329,F0155,Fenton,99r,1643-07-20,p[ai]d Capt[ain] Adrian Scrope £54 - 12s - 0d,"Scroope, Adrian",Captain,,,,,,
3330,V3169,Vernon,75v,1643-08-25,25 p[ai]d C[aptain] Adrian scroop uppon acc[oun]t of his troop £100 - 0s - 0d,"Scroope, Adrian",Captain,horse,,,,,
3331,V3379,Vernon,79r,1643-10-16,25 p[ai]d C[aptain] Adrian scrope for 14 days pay as cap[tain] of horse £27 - 6s - 0d,"Scroope, Adrian",Captain,horse,,,,,
3332,V3576,Vernon,81v,1643-12-05,25 p[ai]d C[aptain] Scroop for 14 days pay as capt[ain] of a troope £27 - 6s - 0d,"Scroope, Adrian",Captain,horse,,,,,
3333,V3799,Vernon,84v,1644-02-13,75 p[ai]d Ca[ptain] scroop the like £150 - 10s - -d,"Scroope, Adrian",Captain,horse,,,,,
3334,V1966,Vernon,51r,1643-01-23,60 p[ai]d Thomas Seager late cornet to Ambrose Tindall Capt[ain] of dragooners from pay due to him for on mo[nth] & x dayes from the 15 [Novem]bre to [th]e 23 [Decem]bre excl[usive] at 5s p[er] diem £9 - 10s - 0d,"Seager, Thomas",Cornet,dragoons,,,"Tindall, Ambrose",,
3335,V1596,Vernon,43v,1642-12-05,143 p[ai]d S[i]r J[oh]n Seton Collonel of a Regim[en]t of dragoon[er]s uppon acc[oun]tt this is on of [th]e 300l p[ai]d S[i]r J[oh]n Seton £100,"Seaton, John, Sir",Colonel,dragoons,,,,,
3336,V1659,Vernon,44v,1642-12-12,136 p[ai]d Major g[enera]ll Skippon w[hi]ch he lent to S[i]r John Seaton toward[es] paym[en]t of his reg[imen]t of dragoon[er]s w[hi]ch is to be charged to S[i]r Jo[hn] seton[es] acc[oun]tt this is [th]e second 100l p[ai]d him £100 - -s - -d,"Seaton, John, Sir",Colonel,dragoons,,,,,
3337,V1807,Vernon,47v,1642-12-27,155 p[ai]d Capt[ain] Bestney Mason toward[es] pay of his compa[ny] of dragoon[er]s in S[i]r Jo[hn] seton reg[imen]t £100 - 0s - 0d,"Seaton, John, Sir",Colonel,dragoons,,,,,
3338,V1808,Vernon,47v,1642-12-27,155 p[ai]d Captaine Richard Fincher another Capt[ain] dragooner toward[es] pay of his compa[ny] of the same Regiment £50 - -s - -d,"Seaton, John, Sir",Colonel,dragoons,,,,,
3339,V1813,Vernon,48r,1642-12-29,49 28 [Decem]bre p[ai]d the lord G[e]n[era]ll w[hi]ch he lent for S[i]r John Setons Regiment w[hi]ch is put to his accompt this is the third 100l p[ai]d him uppon [th]e war[ran]t £100 - -s - -d,"Seaton, John, Sir",Colonel,dragoons,,,,,
3340,V2371,Vernon,59v,1643-04-12,143 p[ai]d in part of 6 warrent[es] due to the severall Captains of the Regi[men]t of dragoners under Collonel seton according to [th]e noat[es] warent[es] & receipt[es] - captaine sparro had his warr[an]t to rec[eive] the [?rem?] in Lond[o]n [?1378?] £870 - 0s - 0d,"Seaton, John, Sir",Colonel,dragoons,,,,,
3341,V2372,Vernon,59v,1643-04-12,166 p[ai]d major Bains in part of severall warent[es] for the officers of [th]e said Regi[men]t now under Collonel melves  Comand £1050 - -s - -d,"Seaton, John, Sir",Colonel,dragoons,,,,,
3342,V0372,Vernon,15r,1642-08-27,4 p[ai]d George Sedaskeen Cornet to Capt[ain] John urry beinge formerlie listed for the Irish service & receaved 12l; & now uppon this service is apointed 50 rest[es] p[ai]d £38 - 0s - 0d,"Sedaskew, George",Cornet,horse,,,"Urry, John, Sir",,
3343,V0340,Vernon,14r,1642-08-26,10 p[ai]d m[aste]r John Sedgwick chaplain to the Earle of Stamford by way of advance to provid £20 - -s - -d,"Sedgwick, John",Chaplain,foot,,"Stamford, Earl of",,,
3344,V0511,Vernon,19r,1642-09-03,sallery 10 p[ai]d m[aste]r John Sedgwicke Chaplaine to the Earle of Stamford for on half months pay allowed from the 30 Julie last & for his man £6 - 10s - 8d,"Sedgwick, John",Chaplain,foot,,"Stamford, Earl of",,,
3345,V0851,Vernon,27v,1642-10-05,10 p[ai]d m[aste]r John sedgwick Chaplaine to the Earle of stamf[ord] for his pay and his mans to the last [Septem]bre £8 - 3s - 4d,"Sedgwick, John",Chaplain,foot,,"Stamford, Earl of",,,
3346,V0341,Vernon,14r,1642-08-26,p[ai]d Obedia Sedgqicke Chaplain to denzill hollis by advance to provid necessaries £20 - 0s - 0d,"Sedgwick, Obadiah",Chaplain,foot,,"Holles, Denzil",,,
3347,V0512,Vernon,19r,1642-09-03,sallery 5 p[ai]d m[aste]r Obediah sedgwicke chaplain to Denzill Hollis as above £6 - 10s - 8d,"Sedgwick, Obadiah",Chaplain,foot,,"Holles, Denzil",,,
3348,V0842,Vernon,27v,1642-10-05,5 p[ai]d obediah sedgwicke chaplaine to Collonell Hollis for his & his mans pay to the last [Septem]bre £8 - 3s - 4d,"Sedgwick, Obadiah",Chaplain,foot,,"Holles, Denzil",,,
3349,V1633,Vernon,44r,1642-12-10,w[illia]m Sedg[wick] p[ai]d m[aste]r obediah sedgwicke for pay to himself and his servant £13 - 1s - 4d,"Sedgwick, Obadiah",,,,,,,
3350,V1633,Vernon,44r,1642-12-10,w[illia]m Sedg[wick] p[ai]d m[aste]r obediah sedgwicke for pay to himself and his servant £13 - 1s - 4d,"Sedgwick, William",,,,,,,
3351,V2218,Vernon,56v,1643-03-08,23 p[ai]d m[aste]r w[illia]m Sedgwicke chaplaine for S[i]r will[ia]m Constables Regi[men]t for 2 mo[nths] pay for himself and his servant uppon accompt £24 - 5s - 4d,"Sedgwick, William",Chaplain,foot,,"Constable, William, Sir",,,
3352,F0055,Fenton,97v,1643-06-08,p[ai]d M[aste]r W[illia]m Sedgwicke for S[i]r W[illia]m Constables Regim[en]t £100 - 0s - 0d,"Sedgwick, William",,,,"Constable, William, Sir",,,
3353,F0257,Fenton,101r,1643-08-19,p[ai]d M[aste]r W[illia]m Sedgwicke minest[e]r £27 - 6s - 0d,"Sedgwick, William",Minister,,,,,,
3354,V3178,Vernon,75v,1643-08-25,15 p[ai]d Brice Semple lifft[enant] of late Coll[onel] Goodwins troope for 14 daies for that troop £184 - 4s - -d,"Semple, Brice",Lieutenant,horse,,"Goodwin, Arthur","Goodwin, Arthur",,
3355,V3308,Vernon,78r,1643-10-14,203 p[ai]d C[aptain] leifft[enant] sempell for his troop of horse £121 - 10s - 0d,"Semple, Brice",Captain-Lieutenant,horse,,,,,
3356,V3532,Vernon,81r,1643-12-01,203 p[ai]d C[aptain] semples troop for 14 daies £132 - 6s - 0d,"Semple, Brice",Captain,horse,,,,,
3357,V3824,Vernon,84v,1644-02-13,203 p[ai]d C[aptain] semple the like £108 - 10s - -d,"Semple, Brice",Captain,horse,,,,,
3358,V2769,Vernon,67v,1643-06-21,23 p[ai]d m[aste]r Rob[er]t semple Chaplain of Coll[onel] Jo[hn] meldroms reg[imen]t for a mo[nths] pay for himself & servant end[ing] 12 June £12 - 2s - 8d,"Semple, Robert",Chaplain,horse,,"Meldrum, John, Colonel",,,
3359,F0080,Fenton,98r,1643-06-23,p[ai]d M[aste]r Semple Minester & M[aste]r Lugge Chirurgion £12 - 7s - 4d,"Semple, Robert",Minister,,,,,,
3360,V2944,Vernon,71v,1643-07-13,23 p[ai]d m[aste]r Robert semple Champlaine to Coll[onel] Jo[hn] meldroms Regi[men]t for 14 dayes for him & his servant ending [th]e 10 Julie £6 - 1s - 4d,"Semple, Robert",Chaplain,horse,,"Meldrum, John, Colonel",,,
3361,V3066,Vernon,73v,1643-08-18,23 p[ai]d m[aste]r Rob[er]t semple Chaplaine of S[i]r John meldroms Regi[men]t for 7 days £3 - 0s - 8d,"Semple, Robert",Chaplain,foot,,"Meldrum, John, Colonel",,,Assumed Sir is error
3362,V3248,Vernon,77r,1643-08-26,23 p[ai]d m[aste]r Rob[er]t semple Chaplaine to Coll[onel] meldroms Regi[men]t for 14 days £6 - 1s - 4d,"Semple, Robert",Chaplain,horse,,"Meldrum, John, Colonel",,,
3363,V0135,Vernon,8v,1642-08-13,31 p[ai]d James Senior provost marshall for his intertainment & traine £410 - 0s - 0d,"Senior, James",Provost Marshall General,foot,,,,,
3364,V0373,Vernon,15r,1642-08-27,31 p[ai]d James Senior provost marshall G[enera]ll for on months pay for him self and officers beginning 23 Aug[us]t £90 - 14s - 8d,"Senior, James",Provost Marshall General,foot,,,,,
3365,V0667,Vernon,23r,1642-09-09,31 p[ai]d James Senior provost marshall g[enera]ll of the foot for on mo[nths] entertainm[en]t for himself officers and 20 men 84 4 8 more for on mo[nths] pay for his wagon to begin from the 21 Aug[us]t 6-10.8 £90 - 15s - 4d,"Senior, James",Provost Marshall General,foot,,,,,
3366,V0957,Vernon,30r,1642-10-13,31 p[ai]d James Senior provost marshall g[enera]ll for pay of himself officers and menn to [th]e first [Octo]bre £113 - 8s - 4d,"Senior, James",Provost Marshall General,foot,,,,,
3367,V0958,Vernon,30r,1642-10-13,more for a man of Justice £4 - 11s - 0d,"Senior, James",Provost Marshall General,foot,,,,,
3368,V1291,Vernon,37r,1642-11-12,31 p[ai]d James Senior provost marshall g[enera]ll of the foot for 1/2 a mo[nths] pay for himself and officers £46 - 11s - -d,"Senior, James",Provost Marshall General,foot,,,,,
3369,V1773,Vernon,47r,1642-12-26,31 p[ai]d James Senior Provost marshall g[e]n[era]ll for pay of himself and his men to [th]e 24 [Decem]bre as by [th]e warr[ant] £139 - 13s - -d,"Senior, James",Provost Marshall General,foot,,,,,
3370,V2389,Vernon,60r,1643-04-13,31 p[ai]d Capt[ain] senior provost marshall g[e]n[era]ll in p[ar]t of a war[ran]t of the 12 present- this war[ran]t is mislaid 186.4. £100 - 0s - 0d,"Senior, James",Provost Marshall General,foot,,,,,
3371,V0096,Vernon,7v,1642-08-11,sallery p[ai]d John Sharpe & John Richardson for ther travaile and charge of bringinge up severall french menn from Canterbury £30 - 0s - 0d,"Sharpe, John",,,,,,,
3372,V0064,Vernon,6v,1642-08-10,18 p[ai]d Capt[ain] Jam[es] Sheffeild for advance of a monthes pay of a troop of 60 harquebusiers £349 - 16s - 0d,"Sheffeild, James",Captain,horse,,,,,
3373,V0190,Vernon,10r,1642-08-16,18 p[ai]d Capt[ain] James Sheffeild for an arreer of pay due to him & his officers from the 15 of Julie inclusive to the 6 of Aug[us]t exclusive 21 daies £104 - 9s - 6d,"Sheffeild, James",Captain,horse,,,,,
3374,V0191,Vernon,10r,1642-08-16,more for his farrier & sadler to be defalked at 5s a weeke £10 - 0s - 0d,"Sheffeild, James",Captain,horse,,,,,
3375,V0192,Vernon,10r,1642-08-16,"more for padd[es] bridles & bitt[es] for his two trumpeters, sadler & farier £6 - 0s","Sheffeild, James",Captain,horse,,,,,
3376,V2055,Vernon,53r,1642-09-05,18 p[ai]d Captaine Sheiffeild In northampton [th]e 5 [Septem]bre uppon accompt £200 - 0s - 0d,"Sheffeild, James",Captain,,,,,,
3377,V0800,Vernon,26v,1642-10-01,18 p[ai]d Capt[ain] James Sheffeild captaine of a troope of 60 harqueb[usiers] for the arrers of his troope to the last [Septem]bre 191.1.0. and alsoe for on 1/2 mo[nths] pay for his whole troop to begine from the 1 [Octo]bre 174.13. £365 - 14s - -d,"Sheffeild, James",Captain,horse,,,,,
3378,V1006,Vernon,31r,1642-10-18,18 p[ai]d Capt[ain] James Sheffeild for 1/2 a mo[nths] pay of his troope to end 28 present £174 - 13s - 0d,"Sheffeild, James",Captain,horse,,,,,
3379,V1112,Vernon,33v,1642-10-28,18 p[ai]d Capt[ain] James Sheffeild for 1/2 a mo[nths] pay for his troope £174 - 13s - -d,"Sheffeild, James",Captain,horse,,,,,
3380,V1440,Vernon,40r,1642-11-23,18 p[ai]d Captaine James Sheffeild for a mo[nths] pay for his troop 349.6. £349 - 6s - -d,"Sheffeild, James",Captain,horse,,,,,
3381,V1529,Vernon,42r,1642-12-05,18 p[ai]d C[aptain] James Sheffeild for a mo[nths] pay for his whole troop uppon accompt £349 - 6s - -d,"Sheffeild, James",Captain,horse,,,,,
3382,V1842,Vernon,48v,1643-01-06,18 p[ai]d Capt[ain] Sheffeild the like £349 - 6s - -d,"Sheffeild, James",Captain,horse,,,,,
3383,V2006,Vernon,52r,1643-01-24,18 p[ai]d Captaine James Sheffeild the like £174 - 13s - 0d,"Sheffeild, James",Captain,horse,,,,,
3384,V2153,Vernon,55r,1643-03-03,18 p[ai]d Capt[ain] James Sheffeild the like £300 - -s - -d,"Sheffeild, James",Captain,horse,,,,,
3385,V2312,Vernon,58v,1643-04-12,18 p[ai]d Ca[ptain] Sheffeild the like £174 - 13s - -d,"Sheffeild, James",Captain,horse,,,,,
3386,V2511,Vernon,62v,1643-04-29,18 p[ai]d C[aptain] James sheffeild the like & for 80 trop[er]s £77 - -s - -d,"Sheffeild, James",Captain,horse,,,,,
3387,V2633,Vernon,65r,1643-05-25,18 p[ai]d C[aptain] James sheffeild [th]e like for [th]e offic[er]s & 61 troop[er]s of his troope end[ing] 18 June £352 - 16s - 0d,"Sheffeild, James",Captain,horse,,,,,
3388,V2811,Vernon,68v,1643-06-22,18 p[ai]d C[aptain] James sheffeild for 14 dayes pay for his officers & 62 troop[er]s end[ing] 7 July £176 - 8s - -d,"Sheffeild, James",Captain,horse,,,,,
3389,V2889,Vernon,70v,1643-07-12,8 p[ai]d Captaine James Sheffeild for 14 days paye of his troope of 70 troop[er]s besid[es] officers end 6 Julie £194 - 18s - -d,"Sheffeild, James",Captain,horse,,,,,
3390,V3089,Vernon,74r,1643-08-18,18 p[ai]d Coll[onel] Jams sheffeild for 7 days for his troop £99 - 11s - -d,"Sheffeild, James",Colonel,horse,,,,,
3391,V3184,Vernon,76r,1643-08-25,18 p[ai]d C[olone]ll Ja[mes] sheffeild the like for his troop £199 - 3s - -d,"Sheffeild, James",Colonel,horse,,,,,
3392,V3244,Vernon,77r,1643-08-26,18 p[ai]d C[olone]ll Jams sheffeild for his pay as Coll[onel] of horse at 30s p[er] diem uppon acc[oun]tt £21 - -s - -d,"Sheffeild, James",Colonel,horse,,,,,
3393,V3368,Vernon,79r,1643-10-16,18 p[ai]d Coll[onel] Ja[mes] sheffeild for his troop £220 - 3s - 0d,"Sheffeild, James",Colonel,horse,,,,,
3394,V3546,Vernon,81r,1643-12-01,18 p[ai]d Coll[onel] Sheffeild[es] troop the like £173 - 12s - 0d,"Sheffeild, James",Colonel,horse,,,,,
3395,V3604,Vernon,82r,1643-12-08,5 p[ai]d Thomas Shemond[es] surgeon to Coll[onel] Sheffeild[es] reg[imen]t uppon accompt £8 - 8s - 0d,"Sheffeild, James",Colonel,horse,,,,,
3396,V3816,Vernon,84v,1644-02-13,18 p[ai]d Coll[onel] sheffeild the like £204 - 15s - -d,"Sheffeild, James",Colonel,horse,,,,,
3397,V3817,Vernon,84v,1644-02-13,18 p[ai]d Ca[ptain] sheffeild the like £120 - 8s - -d,"Sheffeild, James",Captain,horse,,,,,
3398,V2847,Vernon,69v,1643-07-12,18 p[ai]d Capt[ain] Thomas sheffeild Capt[ain] of that troope w[hi]ch belongd to major Gunter for 14 dayes pay for [th]e officers & 80 troop[er]s end[ing] 16 Julie £209 - 13s - -d,"Sheffeild, Thomas",Captain,horse,,,,,
3399,V3016,Vernon,73r,1643-08-16,18 p[ai]d C[aptain] Thomas sheffeild the like for his troope £76 - 16s - 6d,"Sheffeild, Thomas",Captain,horse,,,,,
3400,V3183,Vernon,76r,1643-08-25,18 p[ai]d C[aptain] Tho[mas] sheffeild for 14 days for his troope £153 - 12s - -d,"Sheffeild, Thomas",Captain,horse,,,,,
3401,V3212,Vernon,76v,1643-08-26,18 p[ai]d C[aptain] Thomas Sheffeild for soe much disburst by him for sadles for his troope £36 - 12s - -d,"Sheffeild, Thomas",Captain,horse,,,,,
3402,V3369,Vernon,79r,1643-10-16,18 p[ai]d C[aptain] Tho[mas] sheiffeld for his troop £157 - 3s - -d,"Sheffeild, Thomas",Captain,horse,,,,,
3403,V3547,Vernon,81r,1643-12-01,18 p[ai]d C[aptain] Thomas Sheffeild the like £130 - 11s - 0d,"Sheffeild, Thomas",Captain,horse,,,,,
3404,F0291,Fenton,101v,1643-09-07,p[ai]d Capt[ain] Shilborne £90 - 13s - 0d,"Shelborne, Thomas",Captain,,,,,,
3405,V3329,Vernon,78v,1643-10-14,204 p[ai]d C[aptain] Tho[mas] shilborne C[aptain] of dragoon £90 - 6s - 0d,"Shelborne, Thomas",Captain,dragoons,,,,,
3406,V3571,Vernon,81v,1643-12-05,204 p[ai]d C[aptain] shelborne the like for his compa[ny] of dragoon[er]s £79 - 15s - -d,"Shelborne, Thomas",Captain,dragoons,,,,,
3407,V3773,Vernon,84r,1644-02-13,204 p[ai]d Ca[ptain] shilborne [th]e like £101 - 17s - 0d,"Shelborne, Thomas",Captain,dragoons,,,,,
3408,V2476,Vernon,62r,1643-04-28,"168 p[ai]d unto Edward wollaston, Henry Crossly Richard Hind, Jo[hn] Baldwin, John Symond[es] Thomas Adams, Georg Ewer, George whitledge, Samuel Flesher, Thomas kelsey Thomas Chetwood, John shelby George white gent[lemen] apointed paymasters of the severall Regiment[es] of Foot in the parlim[entes] service the some of 5 pownd[es], to be given 12s to every soldier of the said Regi[men]t[es] by way of reward £5000 - 0s - 0d","Shelby, John",Paymaster,foot,,,,,
3409,V2031,Vernon,52v,1643-01-24,5 p[ai]d Thomas shemond[es] surgeon to the g[e]n[era]ll[es] owne Regi[men]t as well for soe much advanced for furnishing his chest 15l & alsoe for furnishing himself & 2 mates w[i]th horses [^12^] £27 - -s,"Shemondes, Thomas",Surgeon,horse,,"Essex, Earl of",,,
3410,V2201,Vernon,56r,1643-03-07,5 p[ai]d Thomas shemond[es] surgeon to my lord[es] Regi[men]t of horse in part of a warr[ant] of 33.12 £17 - 12s - -d,"Shemondes, Thomas",Surgeon,horse,,"Essex, Earl of",,,
3411,V2505,Vernon,62v,1643-04-29,p[ai]d Thomas shemond[es] surgeon of my lord g[e]n[era]ll[es] Regi[men]t of horse for remaine of a warr[an]t of 33l 12. of [th]e 1 march £16 - 0s - 0d,"Shemondes, Thomas",Surgeon,horse,,"Essex, Earl of",,,
3412,V2684,Vernon,66r,1643-05-26,5 p[ai]d Thomas Shemond[es] surgeon of my lord g[e]n[era]ll[es] Regiment of horse for pay due to him uppon his accompt ended the 25 may £49 - 4s - -d,"Shemondes, Thomas",Surgeon,horse,,"Essex, Earl of",,,
3413,V2892,Vernon,70v,1643-07-12,5 p[ai]d Thomas Shemond[es] surgeon of my lord G[e]n[era]ll[es] Reg[imen]t of horse for a whole monthes pay for himself & mates uppon acc[oun]tt £16 - 6s - -d,"Shemondes, Thomas",Surgeon,horse,,"Essex, Earl of",,,
3414,V3071,Vernon,74r,1643-08-18,5 p[ai]d Thomas shemond[es] surgeon of my lord G[e]n[era]ll[es] Reg[imen]t of horse for 14 days pay £8 - 8s - 0d,"Shemondes, Thomas",Surgeon,horse,,"Essex, Earl of",,,
3415,V3384,Vernon,79r,1643-10-16,5 p[ai]d Thomas shemond[es] surgeon £8 - 8s - 0d,"Shemondes, Thomas",Surgeon,,,,,,
3416,V3604,Vernon,82r,1643-12-08,5 p[ai]d Thomas Shemond[es] surgeon to Coll[onel] Sheffeild[es] reg[imen]t uppon accompt £8 - 8s - 0d,"Shemondes, Thomas",Surgeon,horse,,"Sheffeild, James",,,
3417,V2763,Vernon,67v,1643-06-21,p[ai]d Paule shooler quarterm[aste]r of horse for 2 mo[nths] paye £25 - 4s - -d,"Shooler, Paul",Quartermaster,horse,,,,,
3418,V2956,Vernon,72r,1643-07-13,p[ai]d C[aptain] Georg simpson C[aptain] of foot 10.10,"Simpson, George",Captain,foot,,,,,
3419,V2015,Vernon,52r,1643-01-24,Arthur sincler leiff[tenan]t on foot 5.12.0,"Sinclair, Arthur",Lieutenant,foot,,,,reformado,
3420,V2424,Vernon,61r,1643-04-13,176 p[ai]d Capt[ain] Ja[mes] douglas C[aptain] Robert Rutherford C[aptain] david Kennimonth C[aptain] david Hunter C[aptain] w[illia]m Abernethy C[aptain] w[illia]m Blare & leifft[enan]t Arthur sinclair Scot[es] reformados attending this present service toward[es] ther entertain[men]t upp[on] a[ccount] £235 - -s - -d,"Sinclair, Arthur",Lieutenant,,,,,reformado,
3421,F0092,Fenton,98r,1643-06-26,p[ai]d Comissarie Nicholas Skinner £36 - 8s - 0d,"Skinner, Nicholas",Commissary,,,,,,
3422,V3230,Vernon,76v,1643-08-26,198 p[ai]d Nicholas skinner Comiss[ary] g[e]n[era]ll of [th]e provision for horse for pay of himself & 4 deputies 28 dayes ending [th]e 16 June £36 - 8s - -d,"Skinner, Nicholas",Commissary,horse,,,,,
3423,V3350,Vernon,78v,1643-10-16,198 p[ai]d Comissary skinner for his pay £18 - 4s - 0d,"Skinner, Nicholas",Commissary,,,,,,
3424,V3893,Vernon,85r,1644-03-04,198 p[ai]d Comissary skinner for 14 days pay £18 - 4s - -d,"Skinner, Nicholas",Commissary,,,,,,
3425,V0448,Vernon,17r,1642-09-01,"71 p[ai]d Captaine Thomas Skinner for a month pay of 60 sol[diers] in the g[enera]ll[es] reg[imen]t, beginn 27 Aug[us]t £56 - 0s - 0d","Skinner, Thomas",Captain,foot,,"Essex, Earl of",,,
3426,V0781,Vernon,26r,1642-10-01,71 p[ai]d Capt[ain] Thomas Skinner for 15 daies pay for 55 soldiers endinge 30 [Septem]bre 27 - more for 1/2 a mo[nths] pay endinge the 14 [Octo]bre 25.13.4 £52 - 13s - 4d,"Skinner, Thomas",Captain,foot,,,,,
3427,V1368,Vernon,38v,1642-11-21,130 p[ai]d Captaine John Smith & Captaine Henry Gauler captains of 2 severall foot companies in [th]e Regiment of sergeant major g[enera]ll Skippon £100 - -s - -d,"Skippon, Philip",Colonel,foot,,,,,
3428,V1369,Vernon,38v,1642-11-21,"131 p[ai]d Captaine Roger Clay Captaine Samuel Turner Capt[ain] Peeter Gale Capt[ain] George more Capt[ain] Ralph Tasker Captain w[illia]m Hamond Capt[ain] mathew Skalticke & Capt[ain] Jams white, 8 capt[ain]s in the Regement of Collonell skippon toward[es] ther pay & entertainm[en]t of themselves officers & sold[ier]s uppon acc[oun]tt £400 - -s - -d","Skippon, Philip",Colonel,foot,,,,,
3429,V1425,Vernon,39v,1642-11-29,20 p[ai]d Richard Tomkins surgeon to Coll[onel] Skippons Reg[imen]t for furnishing his chest £15 - -s - -d,"Skippon, Philip",Colonel,foot,,,,,
3430,V1477,Vernon,41r,1642-12-03,56 p[ai]d major G[enera]ll Skippon for provision of 12 cull[er]s w[i]th apurtenances for his reg[imen]t £48 - -s - -d,"Skippon, Philip",Major-General,foot,,,,,
3431,V1478,Vernon,41r,1642-12-03,more for a whole monthes pay for his troope of [...] harquebusiers uppon acc[oun]tt £448 - 14s - -d,"Skippon, Philip",Captain,horse,,,,,
3432,V1585,Vernon,43r,1642-12-05,136 p[ai]d sergeant major g[enera]ll Skippon for a fortnight[es] pay for the officers and soldiers of his Reg[imen]t uppon acc[oun]tt £965 - 18s - 4d,"Skippon, Philip",Colonel,foot,,,,,
3433,V1586,Vernon,43r,1642-12-05,more p[ai]d him for soe much advanced for 4 wagons for 8 Captains of his Reg[imen]t £160 - -s - -d,"Skippon, Philip",Colonel,foot,,,,,
3434,V1604,Vernon,43v,1642-12-09,136 p[ai]d sergeant major Skippon for provision of 20 scarff[es] for the compleating of his troope £10 - -s - -d,"Skippon, Philip",Captain,horse,,,,,
3435,V1659,Vernon,44v,1642-12-12,136 p[ai]d Major g[enera]ll Skippon w[hi]ch he lent to S[i]r John Seaton toward[es] paym[en]t of his reg[imen]t of dragoon[er]s w[hi]ch is to be charged to S[i]r Jo[hn] seton[es] acc[oun]tt this is [th]e second 100l p[ai]d him £100 - -s - -d,"Skippon, Philip",Major-General,foot,,,,,
3436,V1712,Vernon,45v,1642-12-21,20 p[ai]d Alexander hughs surgeon to major g[enera]ll skippon for soe much advanct for his chest £15 - 0s - 0d,"Skippon, Philip",Colonel,foot,,,,,
3437,V1717,Vernon,45v,1642-12-21,more as provost marshal to C[ollone]ll Skippons Regi[men]t for Irons & 1/2 a wagon £27 - -s - -d,"Skippon, Philip",Colonel,foot,,,,,
3438,V1799,Vernon,47v,1642-12-27,136 p[ai]d sergeant major g[e]n[era]ll skipton for 14 dayes pay of all the officers of his Regi[men]t & 946 sold[ier]s from [th]e 4 to the 17 pres[en]t £730 - 9s - 8d,"Skippon, Philip",Colonel,foot,,,,,
3439,V1800,Vernon,47v,1642-12-27,136 more for a mo[nths] pay as segeant major g[enera]ll from [th]e 15 [Decem]bre at xls p[er] diem £56 - -s - -d,"Skippon, Philip",Major-General,foot,,,,,
3440,V1834,Vernon,48r,1643-01-09,136 p[ai]d major g[e]n[era]ll skipton for 14 dayes pay for the officers & sold[ier]s of his reg[imen]t ending [th]e 31 [Decem]bre £730 - 9s - 0d,"Skippon, Philip",Colonel,foot,,,,,
3441,V1835,Vernon,48r,1643-01-09,more for a mo[nths] pay of his troop of 80 harqueb[usiers] beg[inning] 20 [Decem]bre £448 - 14s - 0d,"Skippon, Philip",Captain,horse,,,,,
3442,V1935,Vernon,50v,1643-01-21,136 p[ai]d Sargeant major Skipton toward[es] payment of his Regiment uppon acc[oun]tt £400 - -s,"Skippon, Philip",Colonel,foot,,,,,
3443,V1969,Vernon,51r,1643-01-23,136 p[ai]d major g[e]n[era]ll skippon for his pay as major g[e]n[era]ll of [th]e army for on mo[nth] beg[inning] 13 Ja[nuary] endinge [th]e 9 feb[ruary] at xls p[er] diem £56 - 0s - 0d,"Skippon, Philip",Major-General,foot,,,,,
3444,V1970,Vernon,51r,1643-01-23,136 more p[ai]d him toward[es] paym[en]t of the officers and soldiers of his Regi[men]t uppon accompt £1000 - 0s - 0d,"Skippon, Philip",Colonel,foot,,,,,
3445,V1971,Vernon,51r,1643-01-23,136 more for provision of 2 wagons & 1/2 £100 - 0s - 0d,"Skippon, Philip",Colonel,foot,,,,,
3446,V1972,Vernon,51r,1643-01-23,136 more for 1/2 mo[nths] pay for his troop of 80 harg[ebusiers] the leifftenn[an]t being allowed Capt[ains] paye £224 - 7s - 0d,"Skippon, Philip",Captain,horse,,,,,
3447,V2136,Vernon,54v,1643-03-02,136 p[ai]d major g[e]n[era]ll skippon for a mo[nths] pay of the officers and 1033 soldiers of his reg[imen]t uppon acc[oun]tt 1589.18.8 of this p[ai]d £1400 - -s - -d,"Skippon, Philip",Colonel,foot,,,,,
3448,V2147,Vernon,55r,1643-03-03,136 p[ai]d major skippon in part of a warr[an]tt of 448:4.0 for his troop £400 - 0s - 0d,"Skippon, Philip",Captain,horse,,,,,
3449,V2284,Vernon,58r,1643-04-10,136 p[ai]d major generall Skippon for 1/2 a monthes pay for the officers and 1033 soldiers of his reg[imen]t uppon acc[oun]tt £794 - 19s - 4d,"Skippon, Philip",Colonel,foot,,,,,
3450,V2367,Vernon,59v,1643-04-12,136 p[ai]d major G[e]n[era]ll skippon for 1/2 a monthes pay for his troop £224 - 7s - -d,"Skippon, Philip",Captain,horse,,,,,
3451,V2408,Vernon,60v,1643-04-13,136 p[ai]d major Generall skippon a whole months pay as major g[enera]ll beginning [th]e 14 Janu[ary] at 40s p[er] diem £56 - -s - -d,"Skippon, Philip",Major-General,foot,,,,,
3452,V2448,Vernon,61v,1643-04-22,136 p[ai]d major g[e]n[era]ll skiptons Regi[men]t the like £275 - 10s - 6d,"Skippon, Philip",Colonel,foot,,,,,
3453,V2523,Vernon,62v,1643-04-30,136 p[ai]d major g[e]n[era]ll skippon for the under officers of his troop & 80 troop[er]s £77 - 0s - 0d,"Skippon, Philip",Captain,horse,,,,,
3454,V2568,Vernon,63v,1643-05-24,171 p[ai]d C[aptain] Anthony Buller for furnishing for furnishing severall officers of major g[e]n[era]ll[es] troop £61 - -s - -d,"Skippon, Philip",Captain,horse,,,,,
3455,V2632,Vernon,65r,1643-05-25,136 p[ai]d major G[e]n[era]ll skippon for a mo[nths] pay for [th]e officers & 80 troop[er]s of his troop end[ing] 18 June £448 - 14s - 0d,"Skippon, Philip",Captain,horse,,,,,
3456,V2650,Vernon,65r,1643-05-26,136 p[ai]d major g[e]n[era]ll skippon for a whole mo[nths] pay for his officers & 765 sold[ier]s of his Regi[men]t end[ing] 1 June £1336 - 6s - -d,"Skippon, Philip",Colonel,foot,,,,,
3457,V2674,Vernon,65v,1643-05-26,136 p[ai]d major g[e]n[era]ll skippon for a months pay as sergeant major g[e]n[era]ll £56 - 0s - 0d,"Skippon, Philip",Major-General,foot,,,,,
3458,V2732,Vernon,67r,1643-06-20,136 p[ai]d major g[e]n[era]ll skippon for [th]e officers & 80 of his troope for 14 dayes end[ing] 2 Julie £224 - 7s - -d,"Skippon, Philip",Captain,horse,,,,,
3459,V2733,Vernon,67r,1643-06-20,136 more for a whole mo[nths] pay as major g[e]n[era]ll uppon acc[oun]tt £56 - -s - -d,"Skippon, Philip",Major-General,foot,,,,,
3460,V2716,Vernon,66v,1643-06-21,183 p[ai]d Jo[hn] Francis major to serg[ean]t major g[e]n[era]ll skippon for soe much by him disborsed for a carriage of Amunition & other necessaries from london to Alisbury £35 - 0s - 0d,"Skippon, Philip",Colonel,foot,,,,,
3461,V2717,Vernon,66v,1643-06-21,136 p[ai]d major g[e]n[era]ll skippon for [th]e officers & 836 soldiers of his reg[imen]t for 14 days end[ing] 15 June £727 - 8s - 4d,"Skippon, Philip",Colonel,foot,,,,,
3462,V2868,Vernon,70r,1643-07-12,136 p[ai]d major gen[era]ll skippon for 14 dayes for [th]e officers & 657 sold[ier]s of his Regi[men]t end[ing] 29 June £639 - 18s - 0d,"Skippon, Philip",Colonel,foot,,,,,
3463,V2877,Vernon,70r,1643-07-12,136 p[ai]d major G[e]n[era]ll skippon for waggon monie for his Regi[men]t £220 - 0s - 0d,"Skippon, Philip",Colonel,foot,,,,,
3464,V2918,Vernon,71r,1643-07-13,136 p[ai]d major g[e]n[era]ll skippon for 14 dayes for his troop of 80 besid[es] officers end[ing] [th]e 16 Julie £224 - 7s - -d,"Skippon, Philip",Captain,horse,,,,,
3465,F0126,Fenton,98v,1643-07-15,p[ai]d Major Gen[er]all Skippon £28 - 0s - 0d,"Skippon, Philip",Major-General,foot,,,,,
3466,F0179,Fenton,99v,1643-07-30,p[ai]d Major Gen[er]all Skippon £153 - 6s - 0d,"Skippon, Philip",Major-General,,,,,,
3467,V3012,Vernon,73r,1643-08-16,136 p[ai]d major g[e]n[era]ll skippon for 7 dayes pay for his Regi[men]t £263 - 1s - 8d,"Skippon, Philip",Colonel,foot,,,,,
3468,V3014,Vernon,73r,1643-08-16,136 p[ai]d major g[e]n[era]ll skippon for 7 dayes for his troope £97 - 6s - 0d,"Skippon, Philip",Captain,horse,,,,,
3469,V3098,Vernon,74v,1643-08-21,20 p[ai]d m[aste]r w[illia]m Erberry chaplaine to m[ajo]r g[e]n[era]ll[es] skippons Regi[men]t uppon accompt £20 - 0s - 0d,"Skippon, Philip",Colonel,foot,,,,,
3470,V3100,Vernon,74v,1643-08-21,136 p[ai]d major g[e]n[era]ll skippon for 7 dayes pay at 40s p[er] diem £14 - 0s - 0d,"Skippon, Philip",Major-General,foot,,,,,
3471,F0259,Fenton,101r,1643-08-22,p[ai]d Major Gen[er]all Skippon £50 - 0s - 0d,"Skippon, Philip",Major-General,,,,,,
3472,V3125,Vernon,75r,1643-08-24,136 p[ai]d major g[e]n[era]ll skippon for 14 days for his troop £194 - 12s - -d,"Skippon, Philip",Colonel,foot,,,,,
3473,V3134,Vernon,75r,1643-08-24,136 p[ai]d major g[e]n[era]ll skippon for recruted and new prest sold[ier]s in his Regi[men]t £55 - 16s - 6d,"Skippon, Philip",Colonel,foot,,,,,
3474,V3135,Vernon,75r,1643-08-24,more p[ai]d him for 14 daies pay for his Regi[men]t £513 - 6s - 6d,"Skippon, Philip",Colonel,foot,,,,,
3475,V3139,Vernon,75r,1643-08-24,196 p[ai]d Bristo Stok[es] Capt[ain] of a foot compa[ny] in major g[enera]ll skippons reg[imen]t for 14 daies pay for his compa[ny] £49 - 0s - 0d,"Skippon, Philip",Colonel,foot,,,,,
3476,V3203,Vernon,76r,1643-08-25,136 p[ai]d major g[e]n[era]ll skippon for his pay as major g[enera]ll for 14 daies £28 - 0s - 0d,"Skippon, Philip",Major-General,foot,,,,,
3477,F0310,Fenton,102r,1643-09-11,p[ai]d Major Gen[er]all Skippon £151 - 12s - 2d,"Skippon, Philip",Major-General,,,,,,
3478,V3283,Vernon,78r,1643-10-14,136 p[ai]d Major g[e]n[era]ll skippon for 14 dayes pay for [th]e officers and soldiers of his Regi[men]t £532 - 0s - 0d,"Skippon, Philip",Colonel,foot,,,,,
3479,V3332,Vernon,78v,1643-10-14,136 p[ai]d major G[e]n[era]ll skippon for his own pay £28 - -s - -d,"Skippon, Philip",Major-General,foot,,,,,
3480,V3365,Vernon,79r,1643-10-16,136 p[ai]d major g[e]n[era]ll skippon for his troope £185 - 10s - -d,"Skippon, Philip",Captain,horse,,,,,
3481,V3414,Vernon,79v,1643-10-23,136 p[ai]d the like for major g[e]n[era]ll[es] skippons Regi[men]t £193 - 4s - -d,"Skippon, Philip",Colonel,foot,,,,,
3482,V3462,Vernon,80r,1643-11-17,136 p[ai]d the like for major g[enera]ll[es] skippons Regi[men]t £403 - 0s - 6d,"Skippon, Philip",Colonel,foot,,,,,
3483,V3482,Vernon,80r,1643-11-20,136 p[ai]d major g[e]n[era]ll skippon for 14 days pay as major g[e]n[era]ll £28 - 0s - 0d,"Skippon, Philip",Major-General,foot,,,,,
3484,V3544,Vernon,81r,1643-12-01,136 p[ai]d major g[e]n[era]ll skippons troop the like £153 - 6s - 0d,"Skippon, Philip",Captain,horse,,,,,
3485,V3603,Vernon,82r,1643-12-08,136 p[ai]d the like to major g[e]n[era]ll skippons Regi[men]t £46 - 13s - 4d,"Skippon, Philip",Colonel,foot,,,,,
3486,V3648,Vernon,82v,1643-12-15,217 p[ai]d C[aptain] Edward Streeter for certaine soldiers missing at [th]e vieu of major g[e]n[era]l skippons Regi[men]t £7 - 7s - -d,"Skippon, Philip",Colonel,foot,,,,,
3487,V3659,Vernon,83r,1643-12-18,136 p[ai]d the like for major g[enera]ll skippons Regi[men]t & 182 sold[ier]s £54 - 0s - 4d,"Skippon, Philip",Colonel,foot,,,,,
3488,V3684,Vernon,83r,1643-12-29,136 p[ai]d major g[e]n[era]ll skippons Regi[men]t [th]e like £201 - 10s - 3d,"Skippon, Philip",Colonel,foot,,,,,
3489,V3701,Vernon,83v,1644-01-06,136 p[ai]d major gen[era]ll skippon for a week[es] pay for [th]e under officers and Common soldiers of his Regi[men]t £49 - 17s - 11d,"Skippon, Philip",Colonel,foot,,,,,
3490,V3721,Vernon,83v,1644-01-09,136 p[ai]d major g[e]n[era]ll skippons Regi[men]t [th]e like £57 - 8s - 0d,"Skippon, Philip",Colonel,foot,,,,,
3491,V3747,Vernon,84r,1644-02-05,136 p[ai]d major g[e]n[era]ll skippons Regi[men]t the like £381 - 11s - 8d,"Skippon, Philip",Colonel,foot,,,,,
3492,V3787,Vernon,84r,1644-02-13,136 p[ai]d major g[e]n[era]ll skippon [th]e like £167 - 13s - 0d,"Skippon, Philip",Captain,horse,,,,,
3493,V3839,Vernon,84v,1644-02-19,136 p[ai]d in major g[e]n[era]ll[es] skippon [th]e like £3 - 7s - 8d,"Skippon, Philip",Colonel,foot,,,,,
3494,V3856,Vernon,85r,1644-02-27,136 p[ai]d major g[e]n[era]ll skippon [th]e like for his Regi[men]t £84 - 1s - 2d,"Skippon, Philip",Colonel,foot,,,,,
3495,V3902,Vernon,85r,1644-03-09,136 p[ai]d major g[e]n[era]ll skippons Regi[men]t [th]e like £111 - 9s - 6d,"Skippon, Philip",Colonel,foot,,,,,
3496,V3941,Vernon,85v,1644-03-23,136 p[ai]d major g[e]n[era]ll skippons Regi[men]t [th]e like £109 - 14s - 6d,"Skippon, Philip",Colonel,foot,,,,,
3497,V0482,Vernon,18r,1642-09-02,76 p[ai]d Captaine John Skrimsher for a mo[nths] pay of his compa[ny] of 80 sold[ier]s under the g[enera]lls regiment from the 22 aug[us]t £74 - 13s - 4d,"Skrimsher, John",Captain,foot,,"Essex, Earl of",,,
3498,V0782,Vernon,26r,1642-10-01,76 p[ai]d Capt[ain] Skrimshee the like for his compa[ny] of 79 sold[ier]s £76 - 7s - 4d,"Skrimsher, John",Captain,foot,,,,,
3499,V1643,Vernon,44r,1642-12-10,146 p[ai]d Capt[ain] Andrew Smith as above £25 - 4s - -d,"Smith, Andrew",Captain,foot,,"Robartes, Lord",,,
3500,V1827,Vernon,48r,1643-01-09,146 p[ai]d Capt[ain] Andrew Smith for his compa[ny] in the said Regi[men]t £66 - 10s - 0d,"Smith, Andrew",Captain,foot,,"Robartes, Lord",,,
3501,V1409,Vernon,39v,1642-11-26,134 p[ai]d Anto[ny] Smith Captaine of a compa[ny] of 70 sold[ier]s in my lord Robert[es] Reg[imen]t for pay of the said compa[ny] as by the warr[an]tt £57 - 17s - 4d,"Smith, Anthony",Captain,foot,,"Robartes, Lord",,,
3502,F0267,Fenton,101r,1643-08-24,p[ai]d Elizab[eth] Smith vid[ua] £10 - 10s - 0d,"Smith, Elizabeth",Widow,,,,,,
3503,V3074,Vernon,74r,1643-08-18,18 p[ai]d Isaac smith Chirurgion & lawrence southerne provost marshall of Coll[onel] Jo[hn] midletons Regi[men]t for 7 days £7 - 14s - 0d,"Smith, Isaac",Surgeon,,,"Middleton, John",,,
3504,V3229,Vernon,76v,1643-08-26,18 p[ai]d Isaac smith surgeon to Coll[onel] midletons Regi[men]t of horse for 14 days for himself & men £15 - 8s - 0d,"Smith, Isaac",Surgeon,horse,,"Middleton, John",,,
3505,V0557,Vernon,20r,1642-09-05,p[ai]d John Smith on of the Comissaries apointed for valuinge & inrooling of horses & armes for his entertainm[en]t allowed him from the 17 June last inclusive to the 11 Aug[us]t last Inclusive being 56 dayes £28 - 0s - 0d,"Smith, John (commissary)",Commissary,,,,,,
3506,V0558,Vernon,20r,1642-09-05,more p[ai]d him for on mo[nths] pay for on mo[nths] pay to begine the 12 aug[us]t £14 - 0s - 0d,"Smith, John (commissary)",Commissary,,,,,,
3507,V1368,Vernon,38v,1642-11-21,130 p[ai]d Captaine John Smith & Captaine Henry Gauler captains of 2 severall foot companies in [th]e Regiment of sergeant major g[enera]ll Skippon £100 - -s - -d,"Smith, John, Capt",Captain,foot,,"Skippon, Philip",,,
3508,V1445,Vernon,40r,1642-11-23,135 p[ai]d Capt[ain] mathew scaltike C[aptain] Henry gaule C[aptain] Jo[hn] Smith & C[aptain] Henry [...] 4 Capt[ains] latelie entertained in my lord G[enera]ll[es] reg[imen]t of Foot for advance of a whole monthes pay for themselves leifft[enants] & Ensigns £123 - 4s - -d,"Smith, John, Capt",Captain,foot,,"Essex, Earl of",,,
3509,V1446,Vernon,40r,1642-11-23,more p[ai]d them for providing Coll[our]s partizans halbert[es] and drums & wagons £112 - -s - -d,"Smith, John, Capt",Captain,foot,,"Essex, Earl of",,,
3510,V1616,Vernon,43v,1642-12-10,130 p[ai]d Capt[ain] John Smith as above for 90 sold[ier]s £84 - -s - -d,"Smith, John, Capt",Captain,foot,,"Essex, Earl of",,,
3511,V1699,Vernon,45v,1642-12-19,130 p[ai]d Capt[ain] Jo[hn] smith for 18 days pay for 2 sergeant[es] 2 drums & 3 corporall[es] of his compa[ny] from [th]e 3 [Decem]bre to the 21 £7 - 4s - -d,"Smith, John, Capt",Captain,,,,,,
3512,V2824,Vernon,69r,1643-01-17,135 p[ai]d Capt[ain] scaltike C[aptain] Gauler Cap[tain] Smith and Capt[ain] Howson by order of his Exc[ellency] signified under m[aste]r Chambers his hand the 17 Janu[ary] w[hi]ch is charged by [th]e Auditor to ther accompt £120 - 0s - 0d,"Smith, John, Capt",Captain,,,,,,
3513,V2247,Vernon,57r,1643-03-10,130 p[ai]d Jo[hn] Smith Capt[ain] of a Foot compa[ny] in [th]e g[enera]ll[es] reg[imen]t uppon accompt £50 - 0s - 0d,"Smith, John, Capt",Captain,foot,,"Essex, Earl of",,,
3514,V3267,Vernon,77v,1643-08-29,"49 p[ai]d Theophilus Andrews Jo[hn] vivers Peeter Bland Fra[ncis] Cary Hugh harding Jo[hn] smith, Georg Billot & w[illia]m Phillips gent[lemen] latelie entred in my lord g[e]n[era]ll[es] lieff guard for 14 days pay each at 8s p[er] diem £44 - 16s - -d","Smith, John, Capt",Trooper,horse,cuirassiers,,"Stapleton, Philip, Sir",gent of lifeguard,
3515,F0167,Fenton,99v,1643-07-28,p[ai]d Edw[ard] Smithson £5 - 0s - 0d,"Smithson, Edward",,,,,,,
3516,F0240,Fenton,100v,1643-08-12,p[ai]d Susanna Sniellen £10 - 0s - 0d,"Sniellen, Susanna",,,,,,,
3517,V0483,Vernon,18r,1642-09-02,77 p[ai]d Capt[ain] Henry Somersters for a mo[nths] pay of his compa[ny] of 60 sold[ier]s under my lord mandevill[es] regiment from 27 aug[us]t £56 - 0s - [...] d,"Somersters, Henry",Captain,foot,,"Mandeville, Lord",,,
3518,V3074,Vernon,74r,1643-08-18,18 p[ai]d Isaac smith Chirurgion & lawrence southerne provost marshall of Coll[onel] Jo[hn] midletons Regi[men]t for 7 days £7 - 14s - 0d,"Southern, Lawrence",Provost Marshall,,,"Middleton, John",,,
3519,V2371,Vernon,59v,1643-04-12,143 p[ai]d in part of 6 warrent[es] due to the severall Captains of the Regi[men]t of dragoners under Collonel seton according to [th]e noat[es] warent[es] & receipt[es] - captaine sparro had his warr[an]t to rec[eive] the [?rem?] in Lond[o]n [?1378?] £870 - 0s - 0d,"Sparrow, Capt",Captain,dragoons,,"Seaton, John, Sir",,,
3520,F0317,Fenton,102r,1643-09-14,p[ai]d S[i]r W[illia]m Springet £100 - 0s - 0d,"Springet, William, Sir",,,,,,,
3521,V0514,Vernon,19r,1642-09-03,sallery 13 p[ai]d m[aste]r w[illia]m spurstow Chaplaine to Collonel Hamden as above £6 - 10s - 8d,"Spurstow, William",Chaplain,foot,,"Hampden, John",,,
3522,V0515,Vernon,19r,1642-09-03,sallery 13 more for providing necessaryes for his attendance £20 - 0s - 0d,"Spurstow, William",Chaplain,foot,,"Hampden, John",,,
3523,V0868,Vernon,28r,1642-10-06,13 p[ai]d m[aste]r w[illia]m Spurstow chaplaine to Coll[onel] Hampden for his and his servant[es] pay ending 30 [Septem]bre £15 - 3s - 4d,"Spurstow, William",Chaplain,foot,,"Hampden, John",,,
3524,V2821,Vernon,69r,1643-06-22,185 p[ai]d Capt[ain] Fra[ncis] Squire of Coll[onel] Holborn reg[imen]t for pay for severall officers & 18 sold[ier]s for 14 dayes to end [th]e 15 June £10 - 17s - -d,"Squire, Francis",Captain,foot,,"Holborne, James",,,
3525,V0035,Vernon,6r,1642-08-09,12 p[ai]d the Lord St John of Bletzo Collonell of 1200 foot for himself & his officers for a month and other payment[es] as by [th]e warrant appereth £1044 - 16s - 0d,"St John of Bletso, Lord",Colonel,foot,,,,,
3526,V0165,Vernon,9v,1642-08-15,12 p[ai]d the lord St John in full of his levy monie £200 - 0s - 0d,"St John of Bletso, Lord",,,,,,,
3527,V0202,Vernon,10v,1642-08-17,12 p[ai]d my lord St John for on monthes advance of pay of one troope of 60 harqueb[usiers] £349 - 6s - 0d,"St John of Bletso, Lord",Captain,horse,,,,,
3528,V0203,Vernon,10v,1642-08-17,more for mountinge 2 trumpeters 1 farrier & on sadler 32 & for scarff[es] 30 £62 - 0s - 0d,"St John of Bletso, Lord",Captain,horse,,,,,
3529,V0241,Vernon,11v,1642-08-19,12 p[ai]d the Lord St John for advance of on monthes pay for 400 menn part of his regiment of 1200 to begine from the 13 of this monthe £280 - 0s - 0d,"St John of Bletso, Lord",Colonel,foot,,,,,
3530,V0453,Vernon,17v,1642-09-01,12 p[ai]d the Lord St John for an allowance made him for advance for 11 wagons for his reg[imen]t at 40l a wagon £440 - 0s - 0d,"St John of Bletso, Lord",Colonel,foot,,,,,
3531,V0550,Vernon,20r,1642-09-05,12 p[ai]d the lord St John for on mo[nths] pay for [th]e officers of his troop by way of imprest £139 - 6s - 0d,"St John of Bletso, Lord",Captain,horse,,,,,
3532,V0551,Vernon,20r,1642-09-05,more for the entertainm[en]t of the officers of his regim[en]t to begine from the 27 aug[us]t £542 - 16s - 0d,"St John of Bletso, Lord",Colonel,foot,,,,,
3533,V0822,Vernon,27r,1642-10-03,12 p[ai]d the Lord St John for the arrears & a monthes pay for the officers of his regiment to beginn the 1 [Octo]bre £407 - 4s - 0d,"St John of Bletso, Lord",Colonel,foot,,,,,
3534,V0866,Vernon,28r,1642-10-06,12 p[ai]d my lord St John for on 1/2 mo[nths] pay for his whole troope beginning 1 [Octo]bre £174 - 13s - 0d,"St John of Bletso, Lord",Captain,horse,,,,,
3535,V0867,Vernon,28r,1642-10-06,more for the pay of his reg[imen]t of 800 sol[dier]s for on 1/2 mo[nth] to end the 14 [Octo]bre £373 - 6s - 8d,"St John of Bletso, Lord",Colonel,foot,,,,,
3536,V0955,Vernon,30r,1642-10-13,16 p[ai]d w[illia]m winter Chaplaine to my lord St John for his provision pay and servant[es] pay to the last [Septem]bre £34 - 14s - 0d,"St John of Bletso, Lord",Colonel,foot,,,,,
3537,V1023,Vernon,31v,1642-10-18,12 p[ai]d my lord St John for 1/2 mo[nths] pay for his troope to end the 29 [Octo]bre exc[lusive] £174 - 13s - -d,"St John of Bletso, Lord",Captain,horse,,,,,
3538,V1094,Vernon,33r,1642-10-28,120 p[ai]d Captaine marmeduke Cooper Captaine of that troope of horse wherof the late lord St John was Captaine toward[es] payment of the troope uppon accompt £100 - 0s - 0d,"St John of Bletso, Lord",Captain,horse,,,,,
3539,V1098,Vernon,33r,1642-10-28,92 p[ai]d S[i]r Samuel luke for soe much lent my lord St John uppon acc[oun]t of his reg[imen]t in worster £200 - 0s - 0d,"St John of Bletso, Lord",Colonel,foot,,,,,
3540,V1152,Vernon,34r,1642-11-04,24 p[ai]d in woster by Arthur Chambres for my lord St Johns Regiment uppon acc[oun]tt to Collonel Essex £1289 - 12s - -d,"St John of Bletso, Lord",Colonel,foot,,,,,
3541,V1153,Vernon,34r,1642-11-04,more delivered to the said Collonel Tho[mas] Essex in worster uppon acc[oun]t of the said reg[imen]t £90 - 0s - 0d,"St John of Bletso, Lord",Colonel,foot,,,,,
3542,V0611,Vernon,21v,1642-09-06,93 p[ai]d S[i]r Ant[ony] st John Captaine of 57 soldiers in the g[enera]l[es] reg[imen]t from the 3 present £53 - 4s - -d,"St John, Anthony, Sir",Captain,foot,,"Essex, Earl of",,,
3543,V0832,Vernon,27r,1642-10-04,108 p[ai]d S[i]r Anthony St John for arrears of his compa[ny] of [^75^] sold[ier]s & for 14 dayes beginning the 1 [Octo]bre £62 - 19s - 6d,"St John, Anthony, Sir",Captain,foot,,,,,
3544,V0698,Vernon,24r,1642-09-09,100 p[ai]d Docter St John Phisition to my Lord G[enera]ll[es] owne person for soe much to him advanced for his accomodacon £100 - -s - -d,"St John, John, Dr",Physician,,,,,,
3545,V0699,Vernon,24r,1642-09-09,more for on mo[nths] entertainm[en]t from the 30 July last £9 - 6s - 8d,"St John, John, Dr",Physician,,,,,,
3546,V1325,Vernon,37v,1642-11-14,100 p[ai]d Docter John smith [^St John^] for 3 mo[nths] pay endinge as above £28 - -s - -d,"St John, John, Dr",,,,,,,
3547,V2288,Vernon,58r,1643-04-10,100 p[ai]d Docter St John on of the phisitions of the Army for 9 week[es] pay beg[inning] 19 [Novem]bre £21 - 0s - 0d,"St John, John, Dr",Physician,,,,,,
3548,V3894,Vernon,85r,1644-03-04,100 p[ai]d Docter st John for 14 days £7 - 0s - 0d,"St John, John, Dr",,,,,,,
3549,V0008,Vernon,5r,1642-08-05,5 p[ai]d Captaine william St leger for the advance of a monthes pay of a troop of horse of 70 besid[es] officers - memorand[um] the war[ran]t is 8l more then it should be being 8l for 8s to be deducted next pay £198 - 0s - 0d,"St Leger, William",Captain,horse,,,,,
3550,V0138,Vernon,8v,1642-08-13,5 p[ai]d Captaine w[illia]m St leger for advance of a half monthes pay for his troope of 70 harquebusiers 198l of w[hi]ch is abated 8l p[ai]d him to much the 5th Aug[us]tt £190 - 0s - 0d,"St Leger, William",Captain,horse,,,,,
3551,V0227,Vernon,11r,1642-08-18,5 p[ai]d Captaine St leger 8s w[hi]ch was p[ai]d him short the 13 present in the 190l £- - 8s,"St Leger, William",Captain,horse,,,,,
3552,V0025,Vernon,5v,1642-08-08,10 p[ai]d the Earlle of Stamford for advance of half a monthes paye of 60 horse harquebusiers £172 - 18s - 0d,"Stamford, Earl of",Captain,horse,,,,,
3553,V0051,Vernon,6v,1642-08-10,10 p[ai]d the Earle of Stamford as collonell of a regim[en]t of Foot for himself and his officers for a monthe and other payment[es] accordinge to the warr[an]tt £1045 - 16s - 0d,"Stamford, Earl of",Colonel,foot,,,,,
3554,V0167,Vernon,9v,1642-08-15,10 p[ai]d the Earle of Stamford for mounting 2 trumpeters i sadler & a far[rier] 32l. more for scarf[es] for his troop £62 - 0s - 0d,"Stamford, Earl of",Captain,horse,,,,,
3555,V0205,Vernon,10v,1642-08-17,10 p[ai]d the Earle of Stamford for advance of another 1/2 months paye for himself and officers for his troope £174 - 13s - 0d,"Stamford, Earl of",Captain,horse,,,,,
3556,V0259,Vernon,12r,1642-08-20,10 p[ai]d the Earle of Stamford by way of advance of pay of a [^companie^] of 100 menn under the Command of Capt[ai]n Isaacke Dobson £100 - 0s - 0d,"Stamford, Earl of",Colonel,foot,,,,,
3557,V0318,Vernon,13v,1642-08-25,57 p[ai]d Capt[ain] Constance Ferrer for one monthes pay for his comp[any] of 119 men in my [Lord] stamfords regiment £111 - 1s - 8d,"Stamford, Earl of",Colonel,foot,,,,,
3558,V0319,Vernon,13v,1642-08-25,58 p[ai]d Capt[ain] Thomas Savill for on months paye for his comp[any] of 99 menn or [th]e same regiment £92 - 8s - 0d,"Stamford, Earl of",Colonel,foot,,,,,
3559,V0320,Vernon,13v,1642-08-25,58 p[ai]d Capt[ain] Edward Massey for on months pay of 113 sold[ie]rs of the same regiment theas 3 comp[anies] beginin the 18 august £105 - 9s - 4d,"Stamford, Earl of",Colonel,foot,,,,,
3560,V0321,Vernon,13v,1642-08-25,59 p[ai]d Captaine Arnold Cosby for on m[onth] paye for 70 sold[ie]rs of the same regiment [...] this comp[any] begins the 20 Aug[us]t £65 - 6s - 8d,"Stamford, Earl of",Colonel,foot,,,,,
3561,V0335,Vernon,14r,1642-08-25,10 p[ai]d the Earle of Stamford for on mo[nths] pay of his l[ordshi]ps owne compa[ny] of 193 [^men^] beginning the 18 of Aug[us]t £180 - 2s - 0d,"Stamford, Earl of",Colonel,foot,,,,,
3562,V0340,Vernon,14r,1642-08-26,10 p[ai]d m[aste]r John Sedgwick chaplain to the Earle of Stamford by way of advance to provid £20 - -s - -d,"Stamford, Earl of",Colonel,foot,,,,,
3563,V0358,Vernon,14v,1642-08-26,62 p[ai]d Capt[ain] Edward Gray of the Earle of Stamford[es] regim[en]t for on mo[nths] pay of his compa[ny] of 74 sold[ier]s beginning 20 Aug[us]t £69 - 1s - 4d,"Stamford, Earl of",Colonel,foot,,,,,
3564,V0375,Vernon,15r,1642-08-27,10 p[ai]d the Earle of Stamford of on months entertainm[en]t for himself and officers of his regim[en]t to begine [th]e 28 Aug[us]t pre[esen]t £542 - 16s - 0d,"Stamford, Earl of",Colonel,foot,,,,,
3565,V0422,Vernon,16v,1642-08-30,10 p[ai]d the Earle of Stamford for advance of on monthes pay for his troop of horse the said month to begine the third of [Septem]bre next £349 - 6s - 0d,"Stamford, Earl of",Captain,horse,,,,,
3566,V0468,Vernon,17v,1642-09-02,10 p[ai]d my lord of Stamford Capt[ain] of a troop of 60 harqueb[usiers] for entertainm[en]t of himselfe & officers from the 27 Julie Inclusive to the 4 Aug[us]t exclusive being 8 days £39 - 6s - 0d,"Stamford, Earl of",Captain,horse,,,,,
3567,V0511,Vernon,19r,1642-09-03,sallery 10 p[ai]d m[aste]r John Sedgwicke Chaplaine to the Earle of Stamford for on half months pay allowed from the 30 Julie last & for his man £6 - 10s - 8d,"Stamford, Earl of",Colonel,foot,,,,,
3568,V0908,Vernon,29r,1642-09-19,10 p[ai]d my lord Stamford for allowance of 11 wagons for his regiment at xll a wagon - this was p[ai]d the 19 [Septem]bre at northamp[ton] £440 - 0s - 0d,"Stamford, Earl of",Colonel,foot,,,,,
3569,V0755,Vernon,25v,1642-09-29,10 p[ai]d the Earle of Stamf[ord] for 15 days for the soldiers of his regiment beginninge the 16 pre[sen]t as by the warr[an]t appears £258 - 10s - 0d,"Stamford, Earl of",Colonel,foot,,,,,
3570,V0769,Vernon,25v,1642-09-30,10 p[ai]d my lord of stamford for the pay of severall companies of his reg[imen]t mentioned in the warrant £130 - 11s - 4d,"Stamford, Earl of",Colonel,foot,,,,,
3571,V0790,Vernon,26r,1642-10-01,10 p[ai]d my lord Stamfort for pay of the offic[er]s of his troope for 5 daies ended the 5 aug[us]t and alsoe for on mo[nths] pay for his whole troop to begine the 1 [Octo]bre £374 - 3s - 6d,"Stamford, Earl of",Captain,horse,,,,,
3572,V0791,Vernon,26r,1642-10-01,more for 1/2 a mo[nths] pay for his regiment of foot consisting of 778 sold[ier]s to begin 1 [Octo]bre £634 - 9s - 4d,"Stamford, Earl of",Colonel,foot,,,,,
3573,V0851,Vernon,27v,1642-10-05,10 p[ai]d m[aste]r John sedgwick Chaplaine to the Earle of stamf[ord] for his pay and his mans to the last [Septem]bre £8 - 3s - 4d,"Stamford, Earl of",Colonel,foot,,,,,
3574,V0937,Vernon,29v,1642-10-11,25 p[ai]d my lord Stamford by waye of imprest uppon accompt £300 - 0s - 0d,"Stamford, Earl of",,,,,,,
3575,V1022,Vernon,31v,1642-10-18,10 p[ai]d my lord Stamfo[rd] for 1 mo[nths] pay for 986 sold[ier]s of his reg[imen]t to end the 11 [Novem]bre 733.12 & for on mo[nths] pay for the officers of 10 compa[nies] of his reg[imen]t to end 11 [Novem]bre 541.16 £1275 - 8s,"Stamford, Earl of",Colonel,foot,,,,,
3576,V0003,Vernon,5r,1642-08-02,[del: p[ai]d S[i]r John Evelinge for S[i]r Phillip Stapleton by order of the Committee of Lord[es] and Commons for defence of the kingdome for the furnishinge of 40 gentlemen for the lord Generall[es] guard the some of six hundreth pownd[es] w[hi]ch monie was first paid by the Th[reasur]ers of monie and plate in yealdhall and made good to them uppon the first 5000 [pounds] receaved of them.],"Stapleton, Philip, Sir",Captain,horse,cuirassiers,,,,
3577,V0155,Vernon,9r,1642-08-15,37 p[ai]d S[i]r Phillip Stapleton Capt[ain] of the Generalls troope of 100 Cuirassiers for severall things contained in the warr[ant] £920 - 0s - 0d,"Stapleton, Philip, Sir",Captain,horse,cuirassiers,,,,
3578,V0156,Vernon,9r,1642-08-15,more p[ai]d him for Scarffs for his troope £50 - -s - -d,"Stapleton, Philip, Sir",Captain,horse,cuirassiers,,,,
3579,V0157,Vernon,9r,1642-08-15,more 45l for mountinge 3 corporall[es] & 24 for mountinge 3 trumpeters £69 - 0s - 0d,"Stapleton, Philip, Sir",Captain,horse,cuirassiers,,,,
3580,V0225,Vernon,11r,1642-08-18,37 p[ai]d S[i]r Phillipe Stapleton for mountinge of 20 gentlemen more in my Lord Gen[era]lls troope £300 - 0s - 0d,"Stapleton, Philip, Sir",Captain,horse,cuirassiers,,,,
3581,V0226,Vernon,11r,1642-08-18,37 more for one monthes pay for the officers of on troop of Cuirassiers by way of imprest £186 - 4s - 0d,"Stapleton, Philip, Sir",Captain,horse,cuirassiers,,,,
3582,V0274,Vernon,12v,1642-08-22,37 p[ai]d S[i]r Phillipe Stapleton for mountinge of 10 gentlemen to be added to his troope £150 - 0s - 0d,"Stapleton, Philip, Sir",Captain,horse,cuirassiers,,,,
3583,V0368,Vernon,15r,1642-08-26,37 p[ai]d S[i]r Phillip Stapleton for mountinge of 20 gentlemen more of my Lord G[enera]lls troope at 15l a mann £300 - 0s - 0d,"Stapleton, Philip, Sir",Captain,horse,cuirassiers,,,,
3584,V0369,Vernon,15r,1642-08-26,more for a horse for the surgeon belonginge to the troope 8l & for his chest 8l £16 - 0s - 0d,"Stapleton, Philip, Sir",Captain,horse,cuirassiers,,,,
3585,V0480,Vernon,18r,1642-09-02,37 p[ai]d S[i]r Phillip Stapleton for compleat paym[en]t of his owne troop for on month to beginn 17 aug[us]t £250 - 0s - 0d,"Stapleton, Philip, Sir",Captain,horse,,,,,
3586,V0481,Vernon,18r,1642-09-02,more for providing pad saddles and bridles for 2 trumpeters a farrier & sadler £6 - 0s - 0d,"Stapleton, Philip, Sir",Captain,horse,,,,,
3587,V0589,Vernon,21r,1642-09-06,77 p[ai]d S[i]r Phillipe Stapleton for i mo[nths] pay & entertainm[en]t of the officers of a troope of Cuirassiers £231 - 14s - 0d,"Stapleton, Philip, Sir",Captain,horse,,,,,
3588,V0619,Vernon,21v,1642-09-06,37 p[ai]d S[i]r Phillip Stapleton captaine of my lord G[enera]ll[es] owne troop for furnishinge 46 great sadles & bitt[es] at 50s £115 - 0s - 0d,"Stapleton, Philip, Sir",Captain,horse,,,,,
3589,V0665,Vernon,23r,1642-09-09,37 p[ai]d S[i]r Phillipe Stapleton Captaine of the g[enera]ll[es] guard for a mo[nths] pay of his troope of 100 Cuirassiers to begine from the 13 of this instant [Septem]bre £1120 - 0s - 0d,"Stapleton, Philip, Sir",Captain,horse,,,,,
3590,V0768,Vernon,25v,1642-09-30,37 p[ai]d S[i]r Phillip stapleton for the officers of [th]e g[enera]ll[es] troope of Cuirassiers for i months pay of the said officers endinge the 28 [Octo]bre £261 - 2s - 0d,"Stapleton, Philip, Sir",Captain,horse,,,,,
3591,V0924,Vernon,29v,1642-10-11,37 p[ai]d S[i]r phillipe Stapleton for pay of my Lord g[enera]ll[es] troope of Cuirassiers for arrers & 1/2 a mo[nths] pay to begin from the 15 present £720 - 0s - 0d,"Stapleton, Philip, Sir",Captain,horse,,,,,
3592,V1135,Vernon,34r,1642-10-29,37 p[ai]d S[i]r Phillipe Stapleton capt[ain] of my lord g[enera]l[es] owne troope of Cuirassiers toward[es] paym[en]t of the gentlemen of the said troop for 7 days £280 - 0s - 0d,"Stapleton, Philip, Sir",Captain,horse,,,,,
3593,V1174,Vernon,34v,1642-11-09,37 p[ai]d S[i]r Phillip Stapleton for 1/2 a mo[nths] pay for [th]e Gentlemen of my lord g[enera]ll[es] troope uppon acc[oun]tt £560 - -s - -d,"Stapleton, Philip, Sir",Captain,horse,,,,,
3594,V1175,Vernon,34v,1642-11-09,more for on whole mo[nths] pay for the officers of the said troope £284 - 5s - -d,"Stapleton, Philip, Sir",Captain,horse,,,,,
3595,V1578,Vernon,43r,1642-12-05,37 p[ai]d S[i]r Phillip Stapleton for a whole mo[nths] pay for the officers of the g[enera]ll[es] troop of Cuirassiers & for docter Burges & his servant[es] pay £272 - 2s - 8d,"Stapleton, Philip, Sir",Captain,horse,,,,,
3596,V1579,Vernon,43r,1642-12-05,more for 1/2 a mo[nths] pay for the gentlemen of the said troop uppon accompt £560 - -s - -d,"Stapleton, Philip, Sir",Captain,horse,,,,,
3597,V1632,Vernon,44r,1642-12-10,37 p[ai]d S[i]r Phillip Stapleton for 1/2 a mo[nths] pay for the gentlemen of my lord G[enera]ll[es] troop £560 - 0s - 0d,"Stapleton, Philip, Sir",Captain,horse,,,,,
3598,V1882,Vernon,49r,1643-01-06,37 p[ai]d S[i]r Phillip stapleton for 1/2 a mo[nths] pay for [th]e gentlemen of my lord[es] troop £560 - 0s - 0d,"Stapleton, Philip, Sir",Captain,horse,,,,,
3599,V1982,Vernon,51v,1643-01-23,37 p[ai]d S[i]r Phillip stapleton for 1/2 a mo[nths] pay for [th]e gentlemen of my lord g[e]n[era]ll[es] troop uppon acc[oun]tt £560 - 0s - 0d,"Stapleton, Philip, Sir",Captain,horse,,,,,
3600,V1983,Vernon,51v,1643-01-23,37 more for a whole mo[nths] pay for the officers of the said troope uppon accompt £272 - 2s - -d,"Stapleton, Philip, Sir",Captain,horse,,,,,
3601,V2156,Vernon,55r,1643-03-03,37 p[ai]d S[i]r Phillip stapleton in part of a warr[an]t of 1339.2.0. for a mo[nths] pay for [th]e gentlemen of my lord g[e]n[era]ll[es] troope £1000 - 0s - 0d,"Stapleton, Philip, Sir",Captain,horse,,,,,
3602,V2187,Vernon,56r,1643-03-07,37 p[ai]d S[i]r phillipe Stapleton more in part of a warr[ant] of 1339.2.0 £44 - 0s - 0d,"Stapleton, Philip, Sir",,,,,,,
3603,V2347,Vernon,59r,1643-04-12,37 p[ai]d S[i]r Phill[i]p stapleton the like for the gentlemen of my lord[es] lieff guard £669 - 11s - -d,"Stapleton, Philip, Sir",Captain,horse,,,,,
3604,V2488,Vernon,62r,1643-04-29,37 p[ai]d S[i]r Phillip stapleton the like for 90 of my lord[es] leiff guard & under officers £270 - 18s - 0d,"Stapleton, Philip, Sir",Captain,horse,,,,,
3605,V2635,Vernon,65r,1643-05-25,37 p[ai]d S[i]r Phillip stapleton for a mo[nths] pay of [th]e offic[er]s & 90 gentlemen of my lord[es] leiffguard end[ing] 20 June £1279 - 2s - 8d,"Stapleton, Philip, Sir",Captain,horse,,,,,
3606,V2719,Vernon,66v,1643-06-21,37 p[ai]d S[i]r Phillip stapleton Coll[onel] of my lord reg[imen]t of harqueb[usiers] for his pay as Coll[onel] & Capt[ain] of [th]e g[e]n[era]ll[es] troop of cuirassiers for [th]e other officers and 90 cuirassiers for 14 days ending 4 Julie £639 - 11s - 4d,"Stapleton, Philip, Sir",Colonel,horse,,,,,
3607,V2798,Vernon,68v,1643-06-22,37 p[ai]d S[i]r Phillip stapleton for his owne paye as by [th]e warr[an]t £38 - 14s - 0d,"Stapleton, Philip, Sir",,,,,,,
3608,V2854,Vernon,69v,1643-07-12,37 p[ai]d S[i]r Phillip stapleton for 14 days for the officers & ninty Cuirassiers of my lord g[e]n[era]ll[es] lieff guard end[ing] 18 July £639 - 11s - -d,"Stapleton, Philip, Sir",Captain,horse,,,,,
3609,V3023,Vernon,73r,1643-08-16,37 p[ai]d S[i]r Phillip stapleton for 7 days pay for [th]e gentlemen of the leiffguard £332 - 0s - 8d,"Stapleton, Philip, Sir",Captain,horse,,,,,
3610,V3163,Vernon,75v,1643-08-25,37 p[ai]d S[i]r Phillip Stapleton for 14 daies pay for [th]e troop of [th]e liffguard £651 - 16s - 4d,"Stapleton, Philip, Sir",Captain,horse,,,,,
3611,V3267,Vernon,77v,1643-08-29,"49 p[ai]d Theophilus Andrews Jo[hn] vivers Peeter Bland Fra[ncis] Cary Hugh harding Jo[hn] smith, Georg Billot & w[illia]m Phillips gent[lemen] latelie entred in my lord g[e]n[era]ll[es] lieff guard for 14 days pay each at 8s p[er] diem £44 - 16s - -d","Stapleton, Philip, Sir",Captain,horse,cuirassiers,,,gent of lifeguard,
3612,V3296,Vernon,78r,1643-10-14,37 p[ai]d S[i]r Phillip stapleton for [th]e g[e]n[era]ll[es] leiffguard £744 - 11s - 4d,"Stapleton, Philip, Sir",Captain,horse,,,,,
3613,V3514,Vernon,80v,1643-12-01,37 p[ai]d S[i]r Phillip Stapletons troop the like £721 - 16s - 0d,"Stapleton, Philip, Sir",Captain,horse,,,,,
3614,V3796,Vernon,84v,1644-02-13,37 p[ai]d S[i]r Phillip stapleton [th]e like £645 - 10s - 4d,"Stapleton, Philip, Sir",Captain,horse,,,,,
3615,V3932,Vernon,85v,1644-03-21,37 p[ai]d S[i]r Phillip stapleton for 14 days pay for 9 gentlemen of [th]e leifguard absent [th]e muster £50 - 8s - 0d,"Stapleton, Philip, Sir",Captain,horse,,,,,
3616,V2778,Vernon,68r,1643-06-21,185 p[ai]d Henry stevans leifft[enant] of my lord Grey of warks troope uppon acc[oun]tt £100 - 0s - 0d,"Stevens, Henry",Lieutenant,horse,,,"Grey of Warke, Lord",,
3617,V3033,Vernon,73r,1643-08-16,189 p[ai]d Henry stevans for 7 days pay for my lord Gray of wark[es] troope £46 - 11s - -d,"Stevens, Henry",,horse,,,"Grey of Warke, Lord",,
3618,V0972,Vernon,30v,1642-10-15,26 p[ai]d leifftenn[an]te Richard Stevens for providing 10 great saddles w[i]th furniturs for repleating Capt[ain] Austins troope £12 - 10s - -d,"Stevens, Richard",Lieutenant,horse,,,"Austin, George",,
3619,V2560,Vernon,63v,1643-05-20,26 p[ai]d C[aptain] Ric[hard] stevans in part of [th]e Remainder of [th]e troop belonging C[aptain] Georg Austin & toward[es] inabling him to compleat the said troop £200 - -s - -d,"Stevens, Richard",Captain,horse,,,,,
3620,F0299,Fenton,101v,1643-09-11,p[ai]d Capt[ain] Rich[ard] Stevens £70 - 0s - 0d,"Stevens, Richard",Captain,,,,,,
3621,V3330,Vernon,78v,1643-10-14,205 p[ai]d C[aptain] Rich[ard] stevans for his troop £165 - 18s - 0d,"Stevens, Richard",Captain,horse,,,,,
3622,V3525,Vernon,81r,1643-12-01,205 p[ai]d C[aptain] Richard Stevans troop the like £197 - 8s - 0d,"Stevens, Richard",Captain,horse,,,,,
3623,V3781,Vernon,84r,1644-02-13,205 p[ai]d Ca[ptain] stevans [th]e like £162 - 8s - 0d,"Stevens, Richard",Captain,horse,,,,,
3624,V3139,Vernon,75r,1643-08-24,196 p[ai]d Bristo Stok[es] Capt[ain] of a foot compa[ny] in major g[enera]ll skippons reg[imen]t for 14 daies pay for his compa[ny] £49 - 0s - 0d,"Stokes, Bristo",Captain,foot,,"Skippon, Philip",,,
3625,V2019,Vernon,52r,1643-01-24,Capt[ain] Archibald straham 21.0.0,"Strahan, Archibald",Captain,foot,,,,reformado,
3626,V2953,Vernon,72r,1643-07-13,p[ai]d Capt[ain] straham [th]e like 27.6.0,"Strahan, Capt (Archibald or James?)",Captain,horse,,,,,
3627,V2018,Vernon,52r,1643-01-24,176 p[ai]d Capt[ain] James Strahan [^captaine^] reformado 21.0.0,"Strahan, James",Captain,foot,,,,reformado,
3628,V3648,Vernon,82v,1643-12-15,217 p[ai]d C[aptain] Edward Streeter for certaine soldiers missing at [th]e vieu of major g[e]n[era]l skippons Regi[men]t £7 - 7s - -d,"Streeter, Edward",Captain,foot,,"Skippon, Philip",,,
3629,F0230,Fenton,100v,1643-08-09,p[ai]d L[ieutenan]t Hen[ry] Strelley £80 - 2s - 0d,"Strelly, Henry",Lieutenant,,,,,,
3630,V3897,Vernon,85r,1644-03-05,176 p[ai]d Henry strelly for 14 days pay as leift[enant] reformado £8 - 8s - 0d,"Strelly, Henry",Lieutenant,,,,,reformado,
3631,V0348,Vernon,14v,1642-08-26,"61 p[ai]d John strelly cornet to Capt[ain] S[i]r Sigismond Allexander, who was formerlie listed in the Irish service & receaved 12l and beinge now taken on and allowed in this expedition 50. the 12 abated remains £38 - 0s - 0d","Strelly, John",Cornet,horse,,,"Alexander, Sigismund, Sir",,
3632,V2234,Vernon,57r,1643-03-09,61 p[ai]d liefft[enant] Strelly toward[es] pay of the troop late S[i]r Sigismond Alexand[e]r uppon acc[oun]tt £150 - 0s - 0d,"Strelly, John",Lieutenant,horse,,,"Alexander, Sigismund, Sir",,
3633,F0173,Fenton,99v,1643-07-29,p[ai]d Do[cto]r Striall £7 - 0s - 0d,"Striall, Adam, Dr",,,,,,,
3634,V3269,Vernon,77v,1643-08-29,Docter Adam Striall on of [th]e Phisitions of [th]e Army for his pay for 14 dayes £7 - -s - -d,"Striall, Adam, Dr",Physician,,,,,,
3635,V3334,Vernon,78v,1643-10-14,p[ai]d Doct[o]r Stryall on of [th]e Phisitions of [th]e Army £7 - 0s - 0d,"Striall, Adam, Dr",Physician,,,,,,
3636,V3763,Vernon,84r,1644-02-05,"p[ai]d Docter striall & docter Read, & m[aste]r web Apo[thecary] £24 - 10s - -d","Striall, Adam, Dr",,,,,,,
3637,V3841,Vernon,84v,1644-02-19,p[ai]d Docter striall uppon accompt £7 - 0s - -d,"Striall, Adam, Dr",,,,,,,
3638,V0306,Vernon,13r,1642-08-24,sallery p[ai]d m[aste]r walter Strickland for his charges in the publicke service of the state £100 - 0s - 0d,"Strickland, Walter",,,,,,,
3639,V0541,Vernon,19v,1642-09-05,"85 p[ai]d Thomas Symond[es] for monies disbursed by the hand[es] of Ric[hard] Touy of Bristoll for armes and Amunition by him provided and bought by order of m[aste]r Allexand[e]r Popham, m[aste]r strood & m[aste]r Ash £172 - 4s - 4d","Strode, William (of Barrington)",,,,,,,
3640,V0012,Vernon,5r,1642-08-06,6 p[ai]d Captaine Elias Struice of my Lord whartons regiment for a months paye advance of his intertainment £21 - 0s - 0d,"Struice, Elias",Captain,foot,,"Wharton, Lord",,,
3641,V0825,Vernon,27r,1642-10-03,108 p[ai]d Capt[ain] Styles for 15 dayes pay of his compa[ny] of 93 sold[ier]s of Coll[onel] Hambdens regim[en]t endinge the last [Septem]bre 46.10. & for 1/2 a monthes pay of the said compa[ny] endinge [th]e 14 [Octo]bre £89 - 18s - 0d,"Style, Robert",Captain,foot,,"Hampden, John",,,
3642,V1038,Vernon,32r,1642-10-19,17 p[ai]d James Swright surgeon of S[i]r w[illia]m Balfours reg[imen]t as by [th]e war[rant] £21 - 0s - 0d,"Swright, James",Surgeon,horse,,"Balfour, William, Sir",,,
3643,V1549,Vernon,42r,1642-12-05,17 p[ai]d James Swright Surgeon to S[i]r w[illia]m Balfours Reg[imen]t for his mo[nths] entertainm[en]t & Bidet[es] from the 28 [Octo]bre £16 - 16s - 0d,"Swright, James",Surgeon,horse,,"Balfour, William, Sir",,,
3644,V1999,Vernon,51v,1643-01-24,17 p[ai]d James Swright surgeon to S[i]r w[illia]m Balfours Regi[men]t for 2 mo[nths] pay for himself 2 mates & 3 Bidet[es] to the 21 present £33 - 10s - -d,"Swright, James",Surgeon,horse,,"Balfour, William, Sir",,,
3645,V2409,Vernon,60v,1643-04-13,17 p[ai]d James wright surgeon to S[i]r w[illia]m Balfours Regi[men]t for a month pay for him self and mates beg[inning] [th]e 21 Janu[ary] £16 - 16s - 0d,"Swright, James",Surgeon,horse,,"Balfour, William, Sir",,,
3646,V2742,Vernon,67r,1643-06-21,17 p[ai]d James swright surgeon to w[illia]m Balfour for pay of himself mates & bidet[es] according to the warr[an]t £42 - -s - -d,"Swright, James",Surgeon,horse,,"Balfour, William, Sir",,,
3647,V3082,Vernon,74r,1643-08-18,17 p[ai]d Jam[es] swright surgeon to S[i]r w[illia]m Balfours Regi[men]t of horse for 3 week[es] pay £12 - 12s - 0d,"Swright, James",Surgeon,horse,,"Balfour, William, Sir",,,
3648,V3186,Vernon,76r,1643-08-25,17 p[ai]d Ja[mes] swright surgeon to S[i]r w[illia]m Balfours Regi[men]t for his pay to the 14 Julie £16 - 16s - 0d,"Swright, James",Surgeon,horse,,"Balfour, William, Sir",,,
3649,V3344,Vernon,78v,1643-10-14,17 p[ai]d Ja[mes] swright surgeon £8 - 8s - 0d,"Swright, James",Surgeon,,,,,,
3650,V2205,Vernon,56r,1643-03-07,156 p[ai]d Thomas wright anoth[e]r troop[er] in p[ar]t of 17.5.0 £10 - 0s - 0d,"Swright, Thomas",Trooper,horse,,,,,
3651,V1548,Vernon,42r,1642-12-05,125 p[ai]d m[aste]r John Symond[es] chaplaine to Coll[onel] Middletons Reg[imen]t for his provision of necessaries £20 - -s - -d,"Symonds, John (chaplain)",Chaplain,horse,,"Middleton, John",,,
3652,V1946,Vernon,50v,1643-01-26,18 p[ai]d m[aste]r John Symond[es] Chaplaine to Coll[onel] Midletons Regi[men]t for his and his mans pay for 3 mo[nths] ending the 15 Janu[ary] inclu[sive] £36 - 18s - 0d,"Symonds, John (chaplain)",Chaplain,horse,,"Middleton, John",,,
3653,V2348,Vernon,59r,1643-04-12,18 p[ai]d m[aste]r symond[es] Chaplain to Coll[onel] midletons reg[imen]t for a mo[nths] pay for him & s[e]rvant £12 - 2s - 8d,"Symonds, John (chaplain)",Chaplain,horse,,"Middleton, John",,,
3654,V2621,Vernon,64v,1643-05-25,18 p[ai]d m[aste]r Jo[hn] Symond[es] Chaplaine to Coll[onel] midletons Regi[men]t in part of a warr[an]t of 37l.12s of [th]e 25 pr[esen]t £20 - -s - -d,"Symonds, John (chaplain)",Chaplain,horse,,"Middleton, John",,,
3655,F0086,Fenton,98r,1643-06-23,p[ai]d M[aste]r John Symonds Minester £17 - 12s - 0d,"Symonds, John (chaplain)",Minister,horse,,,,,
3656,V2941,Vernon,71v,1643-07-13,18 p[ai]d m[aste]r symond[es] Chaplaine to Coll[onel] midletons Regi[men]t for 14 dayes pay for himself & servant £6 - 0s - 8d,"Symonds, John (chaplain)",Chaplain,horse,,"Middleton, John",,,
3657,V3064,Vernon,73v,1643-08-18,18 p[ai]d m[aste]r John symond[es] Chaplaine to Coll[onel] midletons Regi[men]t for 7 days £3 - 12s - 8d,"Symonds, John (chaplain)",Chaplain,horse,,"Middleton, John",,,
3658,V3585,Vernon,81v,1643-12-07,18 p[ai]d m[aste]r symond[es] Chaplaine of Coll[onel] midletons Regi[men]t & divers other under offic[er]s of [th]e same £21 - 9s - 4d,"Symonds, John (chaplain)",Chaplain,horse,,"Middleton, John",,,
3659,V2476,Vernon,62r,1643-04-28,"168 p[ai]d unto Edward wollaston, Henry Crossly Richard Hind, Jo[hn] Baldwin, John Symond[es] Thomas Adams, Georg Ewer, George whitledge, Samuel Flesher, Thomas kelsey Thomas Chetwood, John shelby George white gent[lemen] apointed paymasters of the severall Regiment[es] of Foot in the parlim[entes] service the some of 5 pownd[es], to be given 12s to every soldier of the said Regi[men]t[es] by way of reward £5000 - 0s - 0d","Symonds, John (paymaster)",Paymaster,foot,,,,,
3660,V0541,Vernon,19v,1642-09-05,"85 p[ai]d Thomas Symond[es] for monies disbursed by the hand[es] of Ric[hard] Touy of Bristoll for armes and Amunition by him provided and bought by order of m[aste]r Allexand[e]r Popham, m[aste]r strood & m[aste]r Ash £172 - 4s - 4d","Symonds, Thomas",,,,,,,
3661,V1369,Vernon,38v,1642-11-21,"131 p[ai]d Captaine Roger Clay Captaine Samuel Turner Capt[ain] Peeter Gale Capt[ain] George more Capt[ain] Ralph Tasker Captain w[illia]m Hamond Capt[ain] mathew Skalticke & Capt[ain] Jams white, 8 capt[ain]s in the Regement of Collonell skippon toward[es] ther pay & entertainm[en]t of themselves officers & sold[ier]s uppon acc[oun]tt £400 - -s - -d","Tasker, Ralph",Captain,foot,,"Skippon, Philip",,,
3662,V0027,Vernon,5v,1642-08-08,11 p[ai]d Captaine Thomas Temple for advance of half a monthes pay as above £172 - 18s - 0d,"Temple, Thomas",Captain,horse,,,,,
3663,V0041,Vernon,6r,1642-08-09,11 p[ai]d Capt[ain] Thomas Temple for mountinge 3 corporall[es] £42 - 0s - 0d,"Temple, Thomas",Captain,horse,,,,,
3664,V0086,Vernon,7v,1642-08-11,p[ai]d Capt[ain] Thomas Temple for advance of of on halff monthes pay of a troope of harquebusiers besid[es] officers. Imprest £174 - -s - -d,"Temple, Thomas",Captain,horse,,,,,
3665,V0087,Vernon,7v,1642-08-11,11 more p[ai]d him for an arreer of paye due to himself and officers from the 13th of Julie last to the 6 of August being 21 daies 104.9.6: & for 3 dayes for 60 troop[ers] from the muster to the 6th of Aug[us]t the some of 22.10 £126 - 19s - 6d,"Temple, Thomas",Captain,horse,,,,,
3666,V0088,Vernon,7v,1642-08-11,more for padd[es] bridles and bitt[es] for a farrier & sadler £6 - 0s - 0d,"Temple, Thomas",Captain,horse,,,,,
3667,V0189,Vernon,10r,1642-08-16,11 p[ai]d Capt[ain] Thomas Temple for scarff £30 - 0s - 0d,"Temple, Thomas",Captain,horse,,,,,
3668,V0387,Vernon,15v,1642-08-27,11 p[ai]d Captaine Thomas Temple for on monthes pay of his troope of 60 harqueb[usiers] by imprest £349 - 6s - -d,"Temple, Thomas",Captain,horse,,,,,
3669,V0731,Vernon,24v,1642-09-26,11 p[ai]d Capt[ain] Thomas Temple for a mo[nths] pay for his troop to begine from the 1 [Octo]bre next £349 - 6s - -d,"Temple, Thomas",Captain,horse,,,,,
3670,V0863,Vernon,28r,1642-10-05,11 p[ai]d Captaine Thomas Temple for 7 dayes pay for his troope ending the 30 [Septem]bre £87 - 6s - 6d,"Temple, Thomas",Captain,horse,,,,,
3671,V1165,Vernon,34v,1642-11-08,11 p[ai]d Captaine Thomas Temple for 1/2 a mo[nths] pay for his troop uppon acc[oun]tt £174 - 13s - -d,"Temple, Thomas",Captain,horse,,,,,
3672,V1456,Vernon,40v,1642-11-30,11 p[ai]d C[aptain] Thomas Temple for 1/2 a mo[nths] pay for his troop £174 - 13s - -d,"Temple, Thomas",Captain,horse,,,,,
3673,V1525,Vernon,42r,1642-12-05,11 p[ai]d Captain Thomas Temple for 1/2 a months pay for his troope uppon accompt £174 - 13s - -d,"Temple, Thomas",Captain,horse,,,,,
3674,V1526,Vernon,42r,1642-12-05,11 more for 30 sadles & bitt[es] & other furnitur £75 - 0s - 0d,"Temple, Thomas",Captain,horse,,,,,
3675,V2025,Vernon,52r,1643-01-24,11 p[ai]d Capt[ain] Thomas Temple for a mo[nths] pay for his troope uppon acc[oun]tt £349 - 6s,"Temple, Thomas",Captain,horse,,,,,
3676,V2700,Vernon,66v,1643-06-??,11 p[ai]d Capt[ain] Thomas Temple for his arrears of his owne pay to [th]e 5 maye of his first Commission & other payment[es] as by the warrent £241 - 16s - -d,"Temple, Thomas",Captain,,,,,,
3677,V3926,Vernon,85v,1644-03-14,p[ai]d walter Thomas an officer come from [th]e king uppon [th]e declaration a leift[enant] pay for a month £5 - 12s - -d,"Thomas, Walter",Lieutenant,,,,,side-changer,
3678,V0204,Vernon,10v,1642-08-17,43 p[ai]d Capt[ain] Fra[ncis] Tomson Capt[ain] of a troope of horse by way of imprest for providinge himself and officers horse and arms £280 - 0s - 0d,"Thomson, Francis",Captain,horse,,,,,
3679,V0386,Vernon,15v,1642-08-27,43 p[ai]d Capt[ain] Francis Tomson for mounting 3 corporall[es] 42 2 trumpeters a sadler & a farrier 32l for scarff[es] 30 £104 - 0s - 0d,"Thomson, Francis",Captain,horse,,,,,
3680,V0389,Vernon,15v,1642-08-29,p[ai]d Captaine Fra[ncis] Tomson for the advance of on monthes paye of his troop of 60 harquebusiers besid[es] officers by way of imprest £349 - 6s - 0d,"Thomson, Francis",Captain,horse,,,,,
3681,V0443,Vernon,17r,1642-09-01,43 p[ai]d Capt[ain] Fra[ncis] Tomson the like £157 - 10s - 0d,"Thomson, Francis",Captain,horse,,,,,
3682,V1005,Vernon,31r,1642-10-18,43 p[ai]d Captaine Fra[ncis] Tomson for 11 days pay of his troope to the 28 [Octo]bre inclu[sive] £137 - 4s - 6d,"Thomson, Francis",Captain,horse,,,,,
3683,V1093,Vernon,33r,1642-10-28,43 p[ai]d Capt[ain] Fra[ncis] Tomson for 1/2 a months pay for his troop himself & officers £174 - 13s - 0d,"Thomson, Francis",Captain,horse,,,,,
3684,V1240,Vernon,36r,1642-11-11,43 p[ai]d Captaine Francis Tomson the like £174 - 13s - 0d,"Thomson, Francis",Captain,horse,,,,,
3685,V1654,Vernon,44v,1642-12-10,47 p[ai]d Capt[ain] Fra[ncis] Tomson toward[es] pay of his troop uppon acc[oun]tt £151 - -s - -d,"Thomson, Francis",Captain,horse,,,,,
3686,V1685,Vernon,45r,1642-12-19,43 p[ai]d Capt[ain] Fra[ncis] Tomson for 1/2 mo[nths] pay for his troop uppon acc[oun]tt £174 - 13s - -d,"Thomson, Francis",Captain,horse,,,,,
3687,V2030,Vernon,52v,1643-01-24,43 p[ai]d Capt[ain] Fra[ncis] Tomson for a whole mo[nths] pay for his troop uppon accompt £349 - 6s - -d,"Thomson, Francis",Captain,horse,,,,,
3688,V2067,Vernon,53r,1643-02-04,43 p[ai]d Capt[ain] Francis Tomson for 8 great sadles & furniture £20 - 0s - 0d,"Thomson, Francis",Captain,horse,,,,,
3689,V2094,Vernon,53v,1643-03-01,43 p[ai]d C[aptain] Fra[ncis] Tomson for a mo[nths] pay for the officers & soldiers of his troope £349 - 6s - -d,"Thomson, Francis",Captain,horse,,,,,
3690,V2306,Vernon,58v,1643-04-12,43 p[ai]d Capt[ain] Fra[ncis] Tomson the like £174 - 13s - -d,"Thomson, Francis",Captain,horse,,,,,
3691,V2506,Vernon,62v,1643-04-29,43 p[ai]d Capt[ain] Fra[ncis] Tomson for his inferior offic[er]s & 57 troop[er]s £56 - 17s - 6d,"Thomson, Francis",Captain,horse,,,,,
3692,V2591,Vernon,64r,1643-05-24,43 p[ai]d C[aptain] Fra[ncis] Tomson the like for officers & 60 troop[er]s end[ing] 8 June £349 - 6s - 0d,"Thomson, Francis",Captain,horse,,,,,
3693,V2765,Vernon,67v,1643-06-21,43 p[ai]d Capt[ain] Fra[ncis] Tomson [th]e like & for 60 trop[er]s end[ing] [th]e 9 present £174 - 13s - -d,"Thomson, Francis",Captain,horse,,,,,
3694,V2943,Vernon,71v,1643-07-13,190 p[ai]d Captain Robert Bilingslye C[aptain] of a foot compa[ny] in Coll[onel] Fra[ncis] Tomsons Regi[men]t for 14 dayes for himself officers and 100 sold[ier]s uppon accompt £67 - 13s - 4d,"Thomson, Francis",Colonel,foot,,,,,
3695,V2962,Vernon,72r,1643-07-13,43 p[ai]d Capt[ain] Fra[ncis] Tomson as Capt[ain] of a troop of horse for 14 dayes for his officers & 60 troop[er]s in part of a warr[an]t of 174.13 £100 - 0s - 0d,"Thomson, Francis",Captain,horse,,,,,
3696,F0123,Fenton,98v,1643-07-14,p[ai]d Coll[onel] Fran[cis] Thomson £100 - 0s - 0d,"Thomson, Francis",Colonel,,,,,,
3697,F0149,Fenton,99r,1643-07-18,p[ai]d Capt[ain] Fran[cis] Thomson £74 - 13s - 0d,"Thomson, Francis",Captain,,,,,,
3698,F0160,Fenton,99r,1643-07-20,p[ai]d Coll[onel] Fran[cis] Thomson £60 - 0s - 0d,"Thomson, Francis",Colonel,,,,,,
3699,F0247,Fenton,100v,1643-08-15,p[ai]d Coll[onel] Fran[cis] Thomson £40 - 0s - 0d,"Thomson, Francis",Colonel,,,,,,
3700,V3030,Vernon,73r,1643-08-16,190 p[ai]d Ca[ptain] Rob[er]t Billingsly for pay of his foot compa[ny] in Coll[onel] Tomsons Regi[men]t uppon acc[oun]t £29 - 3s - 4d,"Thomson, Francis",Colonel,foot,,,,,
3701,V3056,Vernon,73v,1643-08-18,43 p[ai]d Coll[onel] Tomson for his troope for 7 days £82 - 1s - 6d,"Thomson, Francis",Colonel,foot,,,,,
3702,F0266,Fenton,101r,1643-08-24,p[ai]d Coll[onel] Thomson £55 - 19s - 6d,"Thomson, Francis",Colonel,,,,,,
3703,V3190,Vernon,76r,1643-08-25,43 p[ai]d Coll[onel] Fra[ncis] Thomson for 14 daies for his troope of horse £164 - 3s - -d,"Thomson, Francis",Captain,horse,,,,,
3704,V3239,Vernon,77r,1643-08-26,43 p[ai]d Coll[onel] Fra[ncis] Thomson for 14 days pay to his Regi[men]t on foot £356 - 6s - -d,"Thomson, Francis",Colonel,foot,,,,,
3705,F0311,Fenton,102r,1643-09-11,p[ai]d Coll[onel] Thomson £90 - 1s - 4d,"Thomson, Francis",Colonel,,,,,,
3706,V3331,Vernon,78v,1643-10-14,43 p[ai]d Coll[onel] Fra[ncis] Tomson for his Regi[men]t of foot £303 - 18s - 4d,"Thomson, Francis",Colonel,foot,,,,,
3707,V3394,Vernon,79r,1643-10-19,43 p[ai]d Coll[onel] Fra[ncis] Tomson for his troop £157 - 3s - -d,"Thomson, Francis",Captain,horse,,,,,
3708,V3418,Vernon,79v,1643-10-23,43 p[ai]d Coll[onel] Fra[ncis] Tomson the like £95 - 6s - 4d,"Thomson, Francis",Colonel,foot,,,,,
3709,V3469,Vernon,80r,1643-11-17,43 p[ai]d the like for Coll[onel] Tomsons Regi[men]t £295 - 9s - 2d,"Thomson, Francis",Colonel,foot,,,,,
3710,V3519,Vernon,80v,1643-12-01,43 p[ai]d Coll[onel] Tomsons troop the like £160 - 13s - 0d,"Thomson, Francis",Captain,horse,,,,,
3711,V3591,Vernon,81v,1643-12-08,43 p[ai]d [th]e like for Coll[onel] Tomsons Regi[men]t £29 - 15s - 0d,"Thomson, Francis",Colonel,foot,,,,,
3712,V3637,Vernon,82v,1643-12-11,215 p[ai]d C[aptain] Blith in C. Tompsons Regi[men]t for 7 days pay of his compa[ny] £11 - 4s - 0d,"Thomson, Francis",Colonel,foot,,,,,
3713,V3660,Vernon,83r,1643-12-18,43 p[ai]d the like for Coll[onel] Tomsons Regi[men]t £40 - 19s - 0d,"Thomson, Francis",Colonel,foot,,,,,
3714,V3693,Vernon,83v,1643-12-29,43 p[ai]d Coll[onel] Tomson [th]e like for his Regi[men]t £154 - 16s - 4d,"Thomson, Francis",Colonel,foot,,,,,
3715,V3703,Vernon,83v,1644-01-06,43 p[ai]d Coll[onel] Tomsons Regi[men]t the like £49 - 3s - 6d,"Thomson, Francis",Colonel,foot,,,,,
3716,V3726,Vernon,83v,1644-01-09,43 p[ai]d Coll[onel] Tomsons Regi[men]t the like £49 - 3s - 6d,"Thomson, Francis",Colonel,foot,,,,,
3717,V3742,Vernon,84r,1644-02-05,43 p[ai]d Coll[onel] Tomsons Regi[men]t the like £274 - 8s - 0d,"Thomson, Francis",Colonel,foot,,,,,
3718,V3805,Vernon,84v,1644-02-13,43 p[ai]d Coll[onel] Tomson [th]e like £160 - 13s - -d,"Thomson, Francis",Captain,horse,,,,,
3719,V3865,Vernon,85r,1644-02-27,43 p[ai]d Coll[onel] Tomsons Regi[men]t the like £54 - 8s - 6d,"Thomson, Francis",Colonel,foot,,,,,
3720,V3912,Vernon,85v,1644-03-09,43 p[ai]d Coll[onel] Tomsons Regi[men]t [th]e like £82 - 13s - 2d,"Thomson, Francis",Colonel,foot,,,,,
3721,V3925,Vernon,85v,1644-03-14,43 p[ai]d Coll[onel] Tomson for his lieft[enant] Coll[onel] palleologus being very sicke uppon his arrears £20 - 0s - 0d,"Thomson, Francis",Colonel,foot,,,,,
3722,V3942,Vernon,85v,1644-03-23,43 p[ai]d Coll[onel] Tomsons Regi[men]t [th]e like £80 - 17s - -d,"Thomson, Francis",Colonel,foot,,,,,
3723,V0074,Vernon,7r,1642-08-11,19 p[ai]d Captaine George Tompson for advance of on monthes paye for a troope of 60 harquebusiers by way of imprest £349 - 6s - 0d,"Thomson, George",Captain,horse,,,,,
3724,V0075,Vernon,7r,1642-08-11,more p[ai]d him for mountinge 2 trumpeters on sadler and on farrier £32 - 0s - 0d,"Thomson, George",Captain,horse,,,,,
3725,V0076,Vernon,7r,1642-08-11,more p[ai]d him for pay of himself and officers from the 21 Julie to the 6 August beinge an arreer due to him and his officers £79 - 12s - 0d,"Thomson, George",Captain,horse,,,,,
3726,V0077,Vernon,7r,1642-08-11,more p[ai]d him for his sadler and farrier to be defalked out of ther pay at 5s a weeke to be delivered to him by way of imprest £10 - 0s - 0d,"Thomson, George",Captain,horse,,,,,
3727,V0495,Vernon,18v,1642-09-03,p[ai]d Capt[ain] George Tomson for scarff[es] for his troope posted to the 6 present,"Thomson, George",Captain,horse,,,,,
3728,V0581,Vernon,20v,1642-09-03,19 p[ai]d Captaine George Tomson for scarff[es] w[hi]ch was sett downe & p[ai]d the 3 present but not drawne out £30 - -s - -d,"Thomson, George",Captain,horse,,,,,
3729,V1985,Vernon,51v,1643-01-23,157 p[ai]d Capt[ain] Robert Thomson C[aptain] of a foot compa[ny] in Coll[onel] Langhams Regi[men]t toward[es] pay of the officers and soldiers of his compa[ny] uppon acc[oun]tt £120 - 0s - 0d,"Thomson, Robert",Captain,foot,,"Langham, George",,,
3730,V0544,Vernon,19v,1642-09-05,36 p[ai]d Richard Thurston surgeon to Collonel Goodwins reg[imen]t for provision of 3 horses 24 pownd[es] his chest 15 & for his wagon 20 £59 - 0s - 0d,"Thurston, Richard",Surgeon,horse,,"Goodwin, Arthur",,,
3731,V0688,Vernon,23v,1642-09-09,15 p[ai]d Richard Thurston surgeon to Coll[onel] Arthur Goodwin for on mo[nths] pay for himself and mates from the 27 aug[us]t last £12 - 12s - -d,"Thurston, Richard",Surgeon,horse,,"Goodwin, Arthur",,,
3732,V0862,Vernon,28r,1642-10-05,86 p[ai]d Richard Thurston surgeon to Collonel Goodwins regiment for his and his mates pay endinge the 1 [Octo]bre £21 - 0s - 0d,"Thurston, Richard",Surgeon,horse,,"Goodwin, Arthur",,,
3733,V1265,Vernon,36v,1642-11-11,15 p[ai]d Richard Thurston surgeon to Collonel Goodwines reg[imen]t for his & his mat[es] pay uppon acc[oun]tt £29 - -s - -d,"Thurston, Richard",Surgeon,horse,,"Goodwin, Arthur",,,
3734,V1634,Vernon,44r,1642-12-10,15 p[ai]d Richard Thurston surgeon to Collonel Goodwins Reg[imen]t of horse for his pay & advance to end the 24 day of december £25 - 4s - -d,"Thurston, Richard",Surgeon,horse,,"Goodwin, Arthur",,,
3735,V2122,Vernon,54v,1643-03-02,15 p[ai]d Richard Thurston surgeon to Coll[onel] Goodwins reg[imen]t for pay for himself 2 mat[es] and allowance of 3 bidet[es] at 12s p[er] diem for 9 week[es] begining [th]e 24 [Decem]bre & ending [th]e 24 Febr[uary] £37 - 16s - -d,"Thurston, Richard",Surgeon,horse,,"Goodwin, Arthur",,,
3736,V2411,Vernon,60v,1643-04-13,15 p[ai]d Richard Thurston surgeon to Coll[onel] Goodwin for a whole mo[nths] pay beginning [th]e 25 Febru[ary] £16 - 16s - -d,"Thurston, Richard",Surgeon,horse,,"Goodwin, Arthur",,,
3737,V2731,Vernon,67r,1643-06-20,15 p[ai]d Richard Thurston surgeon to Coll[onel] Goodwins reg[imen]t uppon his accompt ended 22 maye for himself mate & bidet[es] £35 - 16s - 0d,"Thurston, Richard",Surgeon,horse,,"Goodwin, Arthur",,,
3738,V2942,Vernon,71v,1643-07-13,15 p[ai]d m[aste]r Thurston surgeon to Coll[onel] Goodwins Regi[men]t for 14 dayes pay for himself mates & Bidet[es] £8 - 8s - 0d,"Thurston, Richard",Surgeon,horse,,"Goodwin, Arthur",,,
3739,V3073,Vernon,74r,1643-08-18,15 p[ai]d Richard Thurston surgeon of late Coll[onel] Goodwins Regi[men]t for 14 days pay £8 - 8s - 0d,"Thurston, Richard",Surgeon,horse,,"Goodwin, Arthur",,,
3740,F0271,Fenton,101r,1643-08-30,p[ai]d Rich[ard] Thurston Chirurgion £8 - 8s - 0d,"Thurston, Richard",Surgeon,,,,,,
3741,V0339,Vernon,14r,1642-08-26,60 p[ai]d Ambrose Tindall for on mo[nths] pay for his compa[ny] of 78 soldiers part of the compa[ny] of fierlock[es] belonging to the G[enera]ll[es] reg[imen]t £72 - 16s - 0d,"Tindall, Ambrose",Captain,foot,firelocks,"Essex, Earl of",,,
3742,V0760,Vernon,25v,1642-09-29,60 p[ai]d Capt[ain] Ambrose Tindall the like for his compa[ny] of 77 sold[ier]s £74 - 8s - -d,"Tindall, Ambrose",Captain,foot,,,,,
3743,V1035,Vernon,32r,1642-10-19,60 p[ai]d Captain Ambrose Tindall for 15 days pay for his compa[ny] of 60 drag[oons] in Collonel Midletons reg[imen]t to end [th]e 28 [Octo]bre £67 - 0s - 0d,"Tindall, Ambrose",Captain,dragoons,,"Middleton, John",,,
3744,V1126,Vernon,33v,1642-10-29,60 p[ai]d Capt[ain] Ambrose Tindall captain of a troop of dragon[er]s in Coll[onel] midletons reg[imen]t for 15 days to [th]e 29 [Octo]bre £35 - 5s - 0d,"Tindall, Ambrose",Captain,dragoons,,"Middleton, John",,,
3745,V1576,Vernon,43r,1642-12-05,60 p[ai]d Ambrose Tindall late Captaine of a compa[ny] of dragooners in Coll[onel] midletons reg[imen]t for his pay for 37 days to [th]e 4 [Decem]bre £37 - -s - -d,"Tindall, Ambrose",Captain,dragoons,,"Middleton, John",,,
3746,V1797,Vernon,47v,1642-12-27,60 p[ai]d Capt[ain] Ambrose Tindall for 18 days pay for himself as capt[ain] of a compa[ny] of dragoon[er]s from [th]e 5 to [th]e 23 present £18 - -s,"Tindall, Ambrose",Captain,dragoons,,,,,
3747,V1966,Vernon,51r,1643-01-23,60 p[ai]d Thomas Seager late cornet to Ambrose Tindall Capt[ain] of dragooners from pay due to him for on mo[nth] & x dayes from the 15 [Novem]bre to [th]e 23 [Decem]bre excl[usive] at 5s p[er] diem £9 - 10s - 0d,"Tindall, Ambrose",Captain,dragoons,,,,,
3748,V2236,Vernon,57r,1643-03-09,60 p[ai]d nicholas Trowgood & John Kendale 2 sergeant[es] of that compa[ny] of dragoones wherof Capt[ain] Tindall was capt[ain] in part of a warr[an]t of [th]e 9 march of 28l £20 - 0s - 0d,"Tindall, Ambrose",Captain,dragoons,,,,,
3749,V1425,Vernon,39v,1642-11-29,20 p[ai]d Richard Tomkins surgeon to Coll[onel] Skippons Reg[imen]t for furnishing his chest £15 - -s - -d,"Tomkins, Richard",Surgeon,foot,,"Skippon, Philip",,,
3750,V0541,Vernon,19v,1642-09-05,"85 p[ai]d Thomas Symond[es] for monies disbursed by the hand[es] of Ric[hard] Touy of Bristoll for armes and Amunition by him provided and bought by order of m[aste]r Allexand[e]r Popham, m[aste]r strood & m[aste]r Ash £172 - 4s - 4d","Touy, Richard",,,,,,,
3751,V1627,Vernon,44r,1642-12-10,176 p[ai]d Capt[ain] David Traile Capt[ain] w[illia]m Abernethy C[aptain] Robert Rutherford Ensigne w[illia]m blare Ensigne Georg Borthick & Ensigne David midleton latelie entertaind as reformados in this exp[edition] for a whol mo[nths] pay uppon acc[oun]tt £75 - 12s - -d,"Traile, David",Captain,,,,,reformado,
3752,F0107,Fenton,98v,1643-07-03,p[ai]d M[aste]r Trapham Chirurgion £31 - 10s - 0d,"Trapham, Mr (surgeon)",Surgeon,,,,,,
3753,V1648,Vernon,44r,1642-12-10,6 p[ai]d w[illia]m Rawlins quarter m[aste]r & Humphrey Tremouth provost marshall of the said Regi[men]t £28 - 0s - 0d,"Tremouth, Humphrey",Provost Marshall,foot,,"Robartes, Lord",,,
3754,V2660,Vernon,65v,1643-05-26,6 p[ai]d w[illia]m Rawlin & humphrey Trenouth quarterm[aste]r & provost marshall to my lord Robert[es] Regi[men]t by pay & [^arrear^] due to them as by [th]e warrent £31 - 10s - -d,"Tremouth, Humphrey",Provost Marshall,foot,,"Robartes, Lord",,,
3755,V2236,Vernon,57r,1643-03-09,60 p[ai]d nicholas Trowgood & John Kendale 2 sergeant[es] of that compa[ny] of dragoones wherof Capt[ain] Tindall was capt[ain] in part of a warr[an]t of [th]e 9 march of 28l £20 - 0s - 0d,"Trowgood, Nicholas",Sergeant,dragoons,,,"Tindall, Ambrose",,
3756,V0574,Vernon,20v,1642-09-05,88 p[ai]d w[illia]m Tuke for on mo[nths] pay of his compa[ny] of 61 sol[diers] in S[i]r w[illia]m Fairfax reg[imen]t from the 27 Aug[us]t £56 - 18s - -d,"Tuke, William",Captain,foot,,"Fairfax, William, Sir",,,
3757,V0428,Vernon,16v,1642-08-30,68 p[ai]d Captain Robert Turner for on mo[nths] pay of his compa[ny] of 83 sold[ier]s of the g[enera]lls reg[imen]t beginning 22 aug[us]t £68 - 2s - 8d,"Turner, Robert",Captain,foot,,"Essex, Earl of",,,
3758,V0759,Vernon,25v,1642-09-29,68 p[ai]d Capt[ain] Robert Turner for his arreers & 1/2 a mo[nths] pay for his compa[ny] of 86 soldiers for the 1 [Octo]bre £83 - 2s - 6d,"Turner, Robert",Captain,foot,,,,,
3759,V1044,Vernon,32r,1642-10-19,68 p[ai]d Capt[ain] Robert Turner for 15 dayes for 89 dragoon[er]s to begine [th]e 14 present £100 - 2s - 6d,"Turner, Robert",Captain,dragoons,,,,,
3760,V1127,Vernon,33v,1642-10-29,68 p[ai]d Capt[ain] Robert Turner as above £35 - 5s - 0d,"Turner, Robert",Captain,dragoons,,"Middleton, John",,,
3761,V1254,Vernon,36r,1642-11-11,68 p[ai]d Captaine Robert Turner for 1/2 a monthes pay to begin the 29 [Octo]bre for himself & officers & 48 dragoones £83 - 6s - 0d,"Turner, Robert",Captain,dragoons,,,,,
3762,V1546,Vernon,42r,1642-12-05,68 p[ai]d C[aptain] Robert Turner for 1/2 a mo[nths] pay for his troope of dragooners uppon accompt £32 - 18s - 0d,"Turner, Robert",Captain,dragoons,,,,,
3763,V1727,Vernon,46r,1642-12-21,68 p[ai]d Capt[ain] Turner for a mo[nths] pay for [th]e officers & 25 soldiers of his compa[ny] in [th]e g[enera]ll[es] reg[imen]t beginine [th]e 26 [Novem]bre £65 - 6s - 8d,"Turner, Robert",Captain,foot,,"Essex, Earl of",,,
3764,V1904,Vernon,49v,1643-01-06,68 p[ai]d Robert Turner capt[ain] of a Foot compa[ny] in [th]e Gen[era]ll[es] reg[imen]t for pay of his officers & sold[ier]s as by [th]e warr[an]tt £37 - 5s - 4d,"Turner, Robert",Captain,foot,,"Essex, Earl of",,,
3765,V2541,Vernon,63r,1643-05-04,68 p[ai]d leifft[enant] Euseb[us] Marbury leifft[enant] of that compa[ny] of dragon[er]s wherof Robert Turnur was Capt[ain] for an arrear of pay due to him & as a reward of his service £20 - 0s - 0d,"Turner, Robert",Captain,dragoons,,,,,
3766,V1369,Vernon,38v,1642-11-21,"131 p[ai]d Captaine Roger Clay Captaine Samuel Turner Capt[ain] Peeter Gale Capt[ain] George more Capt[ain] Ralph Tasker Captain w[illia]m Hamond Capt[ain] mathew Skalticke & Capt[ain] Jams white, 8 capt[ain]s in the Regement of Collonell skippon toward[es] ther pay & entertainm[en]t of themselves officers & sold[ier]s uppon acc[oun]tt £400 - -s - -d","Turner, Samuel",Captain,foot,,"Skippon, Philip",,,
3767,V2171,Vernon,55v,1643-03-06,163 p[ai]d w[illia]m Turpin gentleman for the espetiall service of the state £100 - 0s - 0d,"Turpin, William",,,,,,,
3768,V1635,Vernon,44r,1642-12-10,144 p[ai]d Capt[ain] Richard Tyrrell for 1/2 a mo[nths] pay for himself officers & 40 men uppon acc[oun]t £139 - 13s - -d,"Tyrrell, Richard",Captain,,,,,,
3769,V0214,Vernon,10v,1642-08-17,45 p[ai]d Captaine Thomas Tirrell for advance of on months pay for his troop £349 - 6s - 0d,"Tyrrell, Thomas",Captain,horse,,,,,
3770,V0231,Vernon,11r,1642-08-18,45 p[ai]d Captaine Thomas Tirrell for scarff[es] for his troope £30 - 0s - 0d,"Tyrrell, Thomas",Captain,horse,,,,,
3771,V0583,Vernon,20v,1642-09-06,45 p[ai]d Captaine [^thomas^] Tirrel for mountinge his 3 corporall[es] 42 for 2 trumpeters a farrier and sadler 32l £74 - -s - -d,"Tyrrell, Thomas",Captain,horse,,,,,
3772,V0929,Vernon,29v,1642-10-11,45 p[ai]d Capt[ain] Thomas Tirrel of the same regim[en]t for his troop as above £161 - 11s - 6d,"Tyrrell, Thomas",Captain,horse,,"Goodwin, Arthur",,,
3773,V1026,Vernon,31v,1642-10-18,45 p[ai]d Captaine Thomas Tyrrell in the reg[imen]t of Collonel Goodwine for 1/2 a mo[nths] pay for his troope to end the 29 present exclusive £174 - 13s - 0d,"Tyrrell, Thomas",Captain,horse,,"Goodwin, Arthur",,,
3774,V1087,Vernon,33r,1642-10-27,45 p[ai]d Capt[ain] Thomas Tirrell for 12 days pay for the officers of his trope from the 30 Julye to the xi Aug[us]t £59 - 14s - 0d,"Tyrrell, Thomas",Captain,horse,,,,,
3775,V1138,Vernon,34r,1642-10-29,45 p[ai]d Capt[ain] Thomas Tirrell for a week[es] pay for his officers & troope £87 - 3s - 4d,"Tyrrell, Thomas",Captain,horse,,,,,
3776,V1198,Vernon,35r,1642-11-09,45 p[ai]d Captaine Tirrell for 1/2 a mo[nths] pay of his troope £174 - 13s - -d,"Tyrrell, Thomas",Captain,horse,,,,,
3777,V1536,Vernon,42r,1642-12-05,45 p[ai]d C[aptain] Thomas Terrill for 1/2 a mo[nths] pay £174 - 13s - 0d,"Tyrrell, Thomas",Captain,horse,,,,,
3778,V1537,Vernon,42r,1642-12-05,more for 42 great saddles and furnitur £105 - 0s - 0d,"Tyrrell, Thomas",Captain,horse,,,,,
3779,V1687,Vernon,45r,1642-12-19,45 p[ai]d Capt[ain] Thomas Tirrell toward[es] paym[en]t of his troop uppon acc[oun]tt £50 - 0s - 0d,"Tyrrell, Thomas",Captain,horse,,,,,
3780,V1974,Vernon,51r,1643-01-23,45 p[ai]d Capt[ain] Tyrrell toward[es] paym[en]t of his troop uppon acc[oun]tt £200 - 0s - 0d,"Tyrrell, Thomas",Captain,horse,,,,,
3781,V2113,Vernon,54r,1643-03-02,45 p[ai]d Captaine Thomas Tirrell toward[es] pay of his troop uppon acc[oun]tt £300 - 0s - 0d,"Tyrrell, Thomas",Captain,horse,,,,,
3782,V2268,Vernon,57v,1643-03-17,45 p[ai]d Capt[ain] Thomas Tirrill for making up his last mo[nths] pay for his [?troop?] £49 - 6s - -d,"Tyrrell, Thomas",Captain,horse,,,,,
3783,V2317,Vernon,58v,1643-04-12,45 p[ai]d C[aptain] Thomas Tirell the like £174 - 13s - -d,"Tyrrell, Thomas",Captain,horse,,,,,
3784,V2491,Vernon,62r,1643-04-29,45 p[ai]d Capt[ain] Thomas Tirrell for his under offic[er]s & 54 troop[er]s £54 - 5s - 0d,"Tyrrell, Thomas",Captain,horse,,,,,
3785,V2600,Vernon,64r,1643-05-25,45 p[ai]d C[aptain] Tirrell for a mo[nths] pay for officers and 56 troop[er]s end[ing] 9 June £335 - 6s - -d,"Tyrrell, Thomas",Captain,horse,,,,,
3786,V2735,Vernon,67r,1643-06-20,45 p[ai]d C[aptain] Terrill the like for his troope end[ing] 23 June £228 - 18s - 0d,"Tyrrell, Thomas",Captain,horse,,,,,
3787,V2736,Vernon,67r,1643-06-20,more for 40 sadles & furniture £60 - 0s - 0d,"Tyrrell, Thomas",Captain,horse,,,,,
3788,F0093,Fenton,98r,1643-06-26,p[ai]d L[ieutenan]t Coll[onel] Mosely for the use of Coll[onel] Tirrills Regim[en]t £586 - 12s - 8d,"Tyrrell, Thomas",Colonel,foot,,,,,
3789,V2869,Vernon,70r,1643-07-12,45 p[ai]d Capt[ain] Thomas Tirrell for 14 days for his officers & 78 troop[er]s end[ing] 7 July £204 - 8s - 0d,"Tyrrell, Thomas",Captain,horse,,,,,
3790,V2883,Vernon,70r,1643-07-12,45 p[ai]d Coll[onel] Tirrell for [th]e officers & 650 sold[ier]s of his Regim[en]t for 14 dayes end[ing] 5 Julie £590 - 11s - 4d,"Tyrrell, Thomas",Colonel,foot,,,,,
3791,F0178,Fenton,99v,1643-07-30,p[ai]d Coll[onel] Tho[mas] Tirrill £179 - 8s - 8d,"Tyrrell, Thomas",Colonel,,,,,,
3792,V2993,Vernon,72v,1643-08-16,45 p[ai]d Capt[ain] Terrill for 7 days pay for his troop £103 - 19s - 6d,"Tyrrell, Thomas",Captain,horse,,,,,
3793,V3017,Vernon,73r,1643-08-16,45 p[ai]d Coll[onel] Thomas Terrill for 7 days pay for his Regi[men]t £223 - 6s - 0d,"Tyrrell, Thomas",Colonel,foot,,,,,
3794,V3062,Vernon,73v,1643-08-18,45 p[ai]d Coll[onel] Thomas Terrill for pay of his Regi[men]t at Alisbury uppon acc[oun]tt £300 - -s - -d,"Tyrrell, Thomas",Colonel,foot,,,,,
3795,V3138,Vernon,75r,1643-08-24,45 p[ai]d C[aptain] Thom[as] Terrill for 14 days for his troop £207 - 18s - -d,"Tyrrell, Thomas",Captain,horse,,,,,
3796,V3225,Vernon,76v,1643-08-26,150 p[ai]d C[aptain] Jo[hn] Horsey in [th]e Regi[men]t of C[olone]ll Terril for 4 sicke sold[ier]s £1 - 17s - 4d,"Tyrrell, Thomas",Colonel,foot,,,,,
3797,V3313,Vernon,78r,1643-10-14,45 p[ai]d C[aptain] Thomas Terrill for his troope £207 - 18s - 0d,"Tyrrell, Thomas",Captain,horse,,,,,
3798,V3346,Vernon,78v,1643-10-14,45 p[ai]d Coll[onel] Terrill w[hi]ch was omitted in the former warrent for w[hi]ch I have onlie a debent[ure] since I have got [th]e warrent £106 - 2s - -d,"Tyrrell, Thomas",Colonel,foot,,,,,
3799,V3433,Vernon,79v,1643-10-27,46 p[ai]d m[aste]r Austine Chaplaine to Coll[onel] Terrill[es] Regi[men]t £10 - 0s - 0d,"Tyrrell, Thomas",Colonel,foot,,,,,
3800,V3459,Vernon,80r,1643-11-18,45 p[ai]d Coll[onel] Terrill for 14 days pay for his Regi[men]t £384 - 8s - 8d,"Tyrrell, Thomas",Colonel,foot,,,,,
3801,V3524,Vernon,81r,1643-12-01,45 p[ai]d Capt[ain] Thomas Terrill[es] troop the like the rest pay by C[olone]ll Aldrich at Alsberry £95 - 13s - 0d,"Tyrrell, Thomas",Captain,horse,,,,,
3802,V3590,Vernon,81v,1643-12-08,45 p[ai]d the like for Coll[onel] Terrill[es] Regi[men]t £31 - 17s - 0d,"Tyrrell, Thomas",Colonel,foot,,,,,
3803,V3650,Vernon,82v,1643-12-15,106 p[ai]d C[aptain] Hercules Arnett the like in Coll[onel] Terrill[es] Regi[men]t £10 - 4s - 2d,"Tyrrell, Thomas",Colonel,foot,,,,,
3804,V3662,Vernon,83r,1643-12-18,45 p[ai]d the like for Coll[onel] Tirrell[es] Regi[men]t £42 - 1s - 2d,"Tyrrell, Thomas",Colonel,foot,,,,,
3805,V3679,Vernon,83r,1643-12-29,45 p[ai]d Coll[onel] Terrill[es] reg[imen]t £192 - 4s - 4d,"Tyrrell, Thomas",Colonel,foot,,,,,
3806,V3705,Vernon,83v,1644-01-06,45 p[ai]d Coll[onel] Terrill[es] Regi[men]t the like £29 - 3s - 4d,"Tyrrell, Thomas",Colonel,foot,,,,,
3807,V3720,Vernon,83v,1644-01-09,45 p[ai]d Coll[onel] Terrill[es] Regi[men]t the like £151 - 18s - 4d,"Tyrrell, Thomas",Colonel,foot,,,,,
3808,V3743,Vernon,84r,1644-02-05,45 p[ai]d Coll[onel] Terrill[es] Regi[men]t the like £315 - 7s - 0d,"Tyrrell, Thomas",Colonel,foot,,,,,
3809,V3838,Vernon,84v,1644-02-19,45 p[ai]d Coll[onel] Terrill [th]e like £2 - 3s - 2d,"Tyrrell, Thomas",Colonel,foot,,,,,
3810,V3861,Vernon,85r,1644-02-27,45 p[ai]d Coll[onel] Terrill[es] Regi[men]t [th]e like £70 - 9s - 4d,"Tyrrell, Thomas",Colonel,foot,,,,,
3811,V3916,Vernon,85v,1644-03-09,45 p[ai]d Coll[onel] Terrill[es] Regi[men]t [th]e like £98 - 11s - 8d,"Tyrrell, Thomas",Colonel,foot,,,,,
3812,V3944,Vernon,85v,1644-03-23,45 p[ai]d Coll[onel] Terrill[es] Regi[men]t [th]e like £99 - 1s - -d,"Tyrrell, Thomas",Colonel,foot,,,,,
3813,V2679,Vernon,66r,1643-05-26,181 p[ai]d Capt[ain] George ulrick & his officers & 15 troop[er]s intended to be under the Com[m]and of Coll[onel] Dulbier for a mo[nths] pay ending [th]e 25 may £168 - -s - -d,"Ulrick, George",Captain,horse,,"Dalbeir, John",,,
3814,V2813,Vernon,68v,1643-06-22,181 p[ai]d C[aptain] Georg ulricke for 14 days pay for himself officers & 15 troop[er]s end[ing] 11 June £84 - 0s - 0d,"Ulrick, George",Captain,horse,,,,,
3815,F0125,Fenton,98v,1643-07-15,p[ai]d Capt[ain] Geo[rge] Ulricke £123 - 11s - 0d,"Ulrick, George",Captain,,,,,,
3816,V3076,Vernon,74r,1643-08-18,181 p[ai]d sergeant major ulrich for 7 days pay of his troope £58 - 12s - 6d,"Ulrick, George",Major,horse,,,,,
3817,V3194,Vernon,76r,1643-08-25,181 p[ai]d major ulrike the like for his troop £117 - 5s - -d,"Ulrick, George",Major,horse,,,,,
3818,V3539,Vernon,81r,1643-12-01,181 p[ai]d major ulrick[es] troop the like £94 - 10s - 0d,"Ulrick, George",Major,horse,,,,,
3819,V3899,Vernon,85r,1644-03-05,181 p[ai]d major ulrick[es] wiff by order from my lord g[e]n[era]ll uppon a warr[an]t of 474.12 in ther keeping £10 - 0s - 0d,"Ulrick, George",Major,,,,,,
3820,V0919,Vernon,29r,1642-10-11,113 p[ai]d Sergeant major Hurrye of [th]e same Regiment for pay of 65 sol[dier]s to the 28 [Octo]bre £53 - 2s - -d,"Urry, Alexander",Major,foot,,"Robartes, Lord",,,
3821,V1641,Vernon,44r,1642-12-10,145 p[ai]d Allexand[e]r urrey Capt[ain] of a Foot compa[ny] in the said Reg[imen]t for severall payment[es] as by [th]e warr[ant] £63 - 14s - -d,"Urry, Alexander",Captain,foot,,"Robartes, Lord",,,
3822,V1744,Vernon,46r,1642-12-22,119 p[ai]d sergeant major Alexander Urrey for severall pays to his sold[ier]s as by the war[rant] £12 - 18s - -d,"Urry, Alexander",Major,,,,,,
3823,V1826,Vernon,48r,1643-01-09,119 p[ai]d John Urrey major to the said Regi[men]t for his compa[ny] £16 - 16s - 0d,"Urry, Alexander",Major,foot,,"Robartes, Lord",,,Assumed John is error for Alexander
3824,V0005,Vernon,5r,1642-08-05,4 p[ai]d Captaine John Urrey for the advance of on monethes paye of a troope of Harquebusiers consistinge of 70 horses besid[es] officers £380 - 16s - 0d,"Urry, John, Sir",Captain,horse,,,,,
3825,V0336,Vernon,14r,1642-08-25,4 p[ai]d W[illia]m Mercer leiff[tenan]te to Captain urry who was formerlie listed in the Irish service & rec[eived] 12l & now doth attend this service for whose mountinge he was ordred 60l abatinge 12 rest £48 - 0s - 0d,"Urry, John, Sir",Captain,horse,,,,,
3826,V0372,Vernon,15r,1642-08-27,4 p[ai]d George Sedaskeen Cornet to Capt[ain] John urry beinge formerlie listed for the Irish service & receaved 12l; & now uppon this service is apointed 50 rest[es] p[ai]d £38 - 0s - 0d,"Urry, John, Sir",Captain,horse,,,,,
3827,V0668,Vernon,23r,1642-09-09,4 p[ai]d Serjant Major Urry for his service & entertainm[en]t £150 - 0s - 0d,"Urry, John, Sir",Major,horse,,,,,
3828,V0766,Vernon,25v,1642-09-30,4 p[ai]d Sergent [^major^] urrye for part of on mo[nths] pay for his troope consistinge of 70 harqueb[usiers] besid[es] officers beginninge the 19 of [Septem]bre besid[es] 200 by him rec[eive]d £284 - 6s - 0d,"Urry, John, Sir",Major,horse,,,,,
3829,V0946,Vernon,30r,1642-10-12,119 p[ai]d Sergeant Major Urrey for soe much remaininge due to him uppon his last mo[nths] pay this monie was lent him by my lord g[enera]ll & p[ai]d him againe £100 - 0s - 0d,"Urry, John, Sir",Major,,,,,,
3830,V1046,Vernon,32r,1642-10-19,119 p[ai]d Serjant major urrey for 12 days pay for his troop of 70 harquebusiers to [th]e 29 [Octo]bre £164 - 14s - 0d,"Urry, John, Sir",Major,horse,,,,,
3831,V1047,Vernon,32r,1642-10-19,119 more for allowance made to him for scarff[es] £35 - -s - -d,"Urry, John, Sir",Major,horse,,,,,
3832,V1186,Vernon,35r,1642-11-09,4 p[ai]d John Perne who beinge listed in the Irish service & rec[eive]d 12l is now quartermaster to Capt[ain] J[ohn] urrye & receaves 18l the remainer of 30l £18 - 0s - 0d,"Urry, John, Sir",Captain,horse,,,,,
3833,V1187,Vernon,35r,1642-11-09,4 p[ai]d Collonell John urry for 1/2 a mo[nths] pay for his troope of 70 harquebusiers £192 - 8s - -d,"Urry, John, Sir",Colonel,horse,,,,,
3834,V1353,Vernon,38r,1642-11-16,164 p[ai]d Collonel John Hurrey for 1/2 a mo[nths] pay for his troope of 70 harque[busiers] uppon accompt £192 - 8s - -d,"Urry, John, Sir",Colonel,horse,,,,,
3835,V1442,Vernon,40r,1642-11-23,4 p[ai]d Collonel Urrey for payment of his troop of 80 harqueb[usiers] uppon acc[oun]tt £150 - -s - -d,"Urry, John, Sir",Colonel,horse,,,,,
3836,V1443,Vernon,40r,1642-11-23,More for his pay as he was sergeant major to S[i]r w[illia]m Balfours reg[imen]t uppon acc[oun]tt £50 - -s - -d,"Urry, John, Sir",Major,horse,,"Balfour, William, Sir",,,
3837,V1750,Vernon,46v,1642-12-22,4 fo. 95 182 p[ai]d Collonel John urrey for 1/2 a mo[nths] pay for his troop of 70 harquebusiers £192 - 3s - -d,"Urry, John, Sir",Colonel,horse,,,,,
3838,V1845,Vernon,48v,1643-01-06,177 p[ai]d Coll[onel] Hurrey for his troop uppon acc[oun]tt £150 - 0s - 0d,"Urry, John, Sir",Colonel,horse,,,,,
3839,V2037,Vernon,52v,1643-01-24,177 p[ai]d Coll[onel] Hurrey for a mo[nths] pay of his troop of 70 harqueb[usiers] uppon acc[oun]tt £384 - 16s - -d,"Urry, John, Sir",Colonel,horse,,,,,
3840,V2179,Vernon,55v,1643-03-07,4 p[ai]d Coll[onel] urrey in p[ar]t of a warr[ant] for his troope £250 - 0s - 0d,"Urry, John, Sir",Colonel,horse,,,,,
3841,V2256,Vernon,57v,1643-03-10,4 p[ai]d Coll[onel] urry the remainer of a warr[ant] of 384.16. of [th]e 28 febr[uary] £134 - 16s - -d,"Urry, John, Sir",Colonel,horse,,,,,
3842,V2257,Vernon,57v,1643-03-10,4 more for pay due to him as Coll[onel] of a Regi[men]t of horse £100 - -s - -d,"Urry, John, Sir",Colonel,horse,,,,,
3843,V2349,Vernon,59r,1643-04-12,119 p[ai]d Major urrey toward[es] his entert[ainmen]t uppon acc[oun]tt £100 - 0s - 0d,"Urry, Major (Alexander or William?)",Major,,,,,,
3844,V3636,Vernon,82v,1643-12-11,119 p[ai]d major urrey [th]e Remander of a war[rant] of the 23 [Octo]bre £100 - 0s - 0d,"Urry, Major (Alexander or William?)",Major,horse,,,,,
3845,V2309,Vernon,58v,1643-04-12,119 p[ai]d major w[illia]m urrey the like £192 - 8s - -d,"Urry, William",Major,horse,,,,,
3846,V2487,Vernon,62r,1643-04-29,119 p[ai]d major w[illia]m urrey for his und[e]r officers & 60 troop[er]s for 7 days £59 - 10s - 0d,"Urry, William",Major,horse,,,,,
3847,V2592,Vernon,64r,1643-05-24,119 p[ai]d Major w[illia]m urrey the like for officers & 63 troop[er]s end[ing] 11 June £329 - 18s - -d,"Urry, William",Major,horse,,,,,
3848,V2781,Vernon,68r,1643-06-21,119 p[ai]d major w[illia]m urrey for 14 days paye for officers & 63 of his troop end[ing] 25 pre[sen]t £178 - 6s - 0d,"Urry, William",Major,horse,,,,,
3849,V2910,Vernon,71r,1643-07-13,119 p[ai]d major w[illia]m urrey for 14 days pay for his officers & 63 troop[er]s end[ing] 9 Julie £165 - 4s - 0d,"Urry, William",Major,horse,,,,,
3850,V3156,Vernon,75v,1643-08-25,119 p[ai]d major urrey uppon acc[oun]tt of his troop £100 - 0s - 0d,"Urry, William",Major,horse,,,,,
3851,V3424,Vernon,79v,1643-10-24,119 p[ai]d major w[illia]m urrey in part of a warr[an]t of 281.5.0. of [th]e 23 october £181 - 5s - -d,"Urry, William",Major,,,,,,
3852,V3552,Vernon,81r,1643-12-04,97 p[ai]d major Urry for 14 days for his troop £156 - 2s - -d,"Urry, William",Major,horse,,,,,
3853,V3802,Vernon,84v,1644-02-13,119 p[ai]d major urrey [th]e like £148 - 15s - -d,"Urry, William",Major,horse,,,,,
3854,V0353,Vernon,14v,1642-08-26,"8 p[ai]d Jo[hn] ven de Gerish quarterm[aste]r to S[i]r Faithfull fortescue who in the Irish service had rec[eived] 12l, and now in this appointed 30l rest[es] £18 - 0s - 0d","van de Gerish, John",Quartermaster,horse,,,"Fortescue, Faithfull, Sir",,
3855,V2622,Vernon,64v,1643-05-25,p[ai]d James vandenbos for hier of his 4 horses from [th]e 16 Janu[ary] to [th]e 3 maye £40 - -s - -d,"Vandenbos, James",Wagoner,artillery,,,,,
3856,V0349,Vernon,14v,1642-08-26,61 p[ai]d Phillip vander[?.eiden?] leifft[enan]te to S[i]r Sigismond who was in the Irish service & rec[eive]d 20l & beinge now imployed hear is to have 60 rest[es] £40 - 0s - 0d,"Vanderhiden, Philip",Lieutenant,horse,,,"Alexander, Sigismund, Sir",,
3857,V1574,Vernon,43r,1642-12-05,[?141?] p[ai]d Coll[onel] vane Coll[onel] of a Reg[imen]t of dragoon[er]s for pay of 78 sold[ier]s of his owne compa[ny] for a whole mo[nth] begining the 18 [Novem]bre £163 - 16s,"Vane, Colonel",Colonel,dragoons,,,,,
3858,V1767,Vernon,46v,1642-12-26,153 p[ai]d Capt[ain] John Inwood for pay of himself officers & 45 drago[ons] in Coll[onel] Fanes Regi[men]t beg[inning] 18 [Novem]bre inclusive £160 - 6s - 0d,"Vane, Colonel",Colonel,dragoons,,,,,
3859,V0079,Vernon,7r,1642-08-11,20 p[ai]d S[i]r Henry Vane the yonger for the use of the navy w[hi]ch monie is to be repaid us in 3 weeks £2000 - 0s - 0d,"Vane, Henry, Sir, junior",,,,,,,
3860,V3358,Vernon,78v,1643-10-16,p[ai]d m[istres]s Elizabeth vaughan wiff to m[aste]r walter vaughan slaine at newberry for arrears dew to him £56 - -s - -d,"Vaughan, Elizabeth",Widow,,,,,,
3861,V3358,Vernon,78v,1643-10-16,p[ai]d m[istres]s Elizabeth vaughan wiff to m[aste]r walter vaughan slaine at newberry for arrears dew to him £56 - -s - -d,"Vaughan, Walter",,,,,,deceased,
3862,F0203,Fenton,100r,1643-08-02,p[ai]d Capt[ain] John Vaux £14 - 0s - 0d,"Vaux, John",Captain,,,,,,
3863,V1893,Vernon,49v,1643-01-06,20 p[ai]d Samuel Ventris provost marshall to S[i]r John Norwich reg[imen]t of dragoon[er]s for Irons £7 - -s,"Ventris, Samuel",Provost Marshall,dragoons,,"Norwich, John, Sir",,,
3864,V0597,Vernon,21r,1642-09-06,91 p[ai]d Capt[ain] vernon deputye Tr[easur]er for his entertainm[en]t the same time at 6s 8d p[er] diem £10 - 6s - 8d,"Vernon, Francis",Deputy Treasurer,,,,,,
3865,V0598,Vernon,21r,1642-09-06,more for 3 clark[es] allowed him at 2s a peece p[er] diem for 31 daies £9 - 6s - 0d,"Vernon, Francis",Deputy Treasurer,,,,,,
3866,V0849,Vernon,27v,1642-10-05,109 p[ai]d Captaine Vernon deputy T[reasur]er of the armye for his entertainm[en]t & 6s.8d p[er] diem from the 31 of Aug[us]t to the 30 [Septem]bre inclusive beinge 30 dayes £10 - 0s - 0d,"Vernon, Francis",Treasurer,,,,,,
3867,V0850,Vernon,27v,1642-10-05,more for 3 clark[es] allowed at 2s p[er] diem £9 - 0s - 0d,"Vernon, Francis",Treasurer,,,,,,
3868,V1460,Vernon,40v,1642-12-01,109 p[ai]d Captaine Vernon deputy tresorer of the Armye for his pay and entertainm[en]t from the 30 of [Septem]bre to the 30th october inclusive beinge 30 dayes at 6.8d p[er] diem £10 - -s - -d,"Vernon, Francis",Treasurer,,,,,,
3869,V1461,Vernon,40v,1642-12-01,more for 3 clark[es] allowed him at 2s p[er] diem each £9 - 0s - 0d,"Vernon, Francis",Treasurer,,,,,,
3870,V1462,Vernon,40v,1642-12-01,more from the 30. [Octo]bre to the 30 [Novem]bre £10 - -s - -d,"Vernon, Francis",Treasurer,,,,,,
3871,V1463,Vernon,40v,1642-12-01,for his 3 clark[es] as above £9 - -s - -d,"Vernon, Francis",Treasurer,,,,,,
3872,V1815,Vernon,48r,1642-12-30,109 p[ai]d Captaine Vernon for his pay and entertainm[en]t as deputy Tr[easur]er of the Army from [th]e 30 [Novem]bre to [th]e 30 [Decem]bre inclusive being 30 dayes at 6s 8d p[er] diem £10 - 0s - 0d,"Vernon, Francis",Treasurer,,,,,,
3873,V1816,Vernon,48r,1642-12-30,more for 3 clark[es] allowed him for [th]e same time at 2s p[er] diem each £9 - 0s - 0d,"Vernon, Francis",Treasurer,,,,,,
3874,V2099,Vernon,54r,1643-03-02,109 p[ai]d Capt[ain] vernon for his pay and entertainm[en]t as deputy T[reasur]er of the army from the 30 [Decem]bre inclusive to [th]e 29 Janu[ary] inclu[sive] at 6s.8d p[er] diem being 30 days £10 - 0s - 0d,"Vernon, Francis",Treasurer,,,,,,
3875,V2100,Vernon,54r,1643-03-02,more for 3 clark[es] allowed him at 2s p[er] diem each £9 - -s - -d,"Vernon, Francis",Treasurer,,,,,,
3876,V2101,Vernon,54r,1643-03-02,more for himself & his clark[es] from the 29 Janu[ary] to [th]e 28 Feb[ruary] inclusive £19 - -s - -d,"Vernon, Francis",Treasurer,,,,,,
3877,V2281,Vernon,58r,1643-03-29,109 p[ai]d Captaine Vernon deputy Th[reasure]r of [th]e Army for his pay from [th]e 28 Febr[uary] to the 30 march inclusive at 6s.8d p[er] diem £10 - 0s - 0d,"Vernon, Francis",Treasurer,,,,,,
3878,V2282,Vernon,58r,1643-03-29,more for 3 clark[es] allowed him at 2s p[er] diem each £9 - 0s - 0d,"Vernon, Francis",Treasurer,,,,,,
3879,V2524,Vernon,62v,1643-04-30,109 p[ai]d Captaine vernon deputy Thre[asurer] of [th]e Army for his pay from [th]e 30 march to [th]e 29 Aprill 1643 inclusive at 6s.8d p[er] diem £10 - -s - -d,"Vernon, Francis",Treasurer,,,,,,
3880,V2525,Vernon,62v,1643-04-30,more for 3 clark[es] allowed him at 2s p[er] diem each £9 - 0s - 0d,"Vernon, Francis",Treasurer,,,,,,
3881,V2830,Vernon,69r,1643-06-26,109 p[ai]d Capt[ain] Francis vernon deputy thr[easur]er of [th]e Armye for his pay & entertainm[en]t from [th]e 29 Aprill inclu[sive] to the 29 may inclu[sive] at 6s.8d p[er] diem 30 dayes £10 - 0s - 0d,"Vernon, Francis",Treasurer,,,,,,
3882,V2831,Vernon,69r,1643-06-26,more for 3 clark[es] allowed him for [th]e same time at 2s p[er] diem each £9 - -s - -d,"Vernon, Francis",Treasurer,,,,,,
3883,V2832,Vernon,69r,1643-06-26,more p[ai]d him from [th]e 29 may inclusive to [th]e 28 June inclusive £10 - -s - -d,"Vernon, Francis",Treasurer,,,,,,
3884,V2833,Vernon,69r,1643-06-26,more for 3 clark[es] [th]e same time £9 - -s - -d,"Vernon, Francis",Treasurer,,,,,,
3885,V2970,Vernon,72r,1643-07-13,109 p[ai]d Captaine vernon deputy thre[asurer] of [th]e Army for his pay and entertainm[en]t from [th]e 28 June to [th]e 27 July 30 dayes at 6s.8 p[er] die[m] £10 - 0s - 0d,"Vernon, Francis",Treasurer,,,,,,
3886,V2971,Vernon,72r,1643-07-13,more for 3 clark[es] allowed him for [th]e same time £9 - -s - -d,"Vernon, Francis",Treasurer,,,,,,
3887,V3275,Vernon,77v,1643-08-29,109 p[ai]d Capt[ain] Vernon deputy Thre[asurer] of [th]e Army for his pay and entertainm[en]t from [th]e 26 Julie to [th]e 26. August 30 dayes & 6.8 p[er] die[m] £10 - -s - -d,"Vernon, Francis",Treasurer,,,,,,
3888,V3276,Vernon,77v,1643-08-29,for 3 clark[es] allowed him for [th]e same time at 2s p[er] diem each £9 - -s - -d,"Vernon, Francis",Treasurer,,,,,,
3889,V3446,Vernon,80r,1643-10-28,109 p[ai]d Captaine Vernon deputy Th[reasur]er of the Army for 30 days payes & entertainm[en]t from [th]e 26 August to [th]e 25 [Septem]bre at 6.8. p[er] diem £10 - 0s - 0d,"Vernon, Francis",Treasurer,,,,,,
3890,V3448,Vernon,80r,1643-10-28,more for 3 clark[es] allowed him for [th]e same time at 2s p[er] diem each £9 - -s - -d,"Vernon, Francis",Treasurer,,,,,,
3891,V3449,Vernon,80r,1643-10-28,more for another 30 days for him and his clark[es] from [th]e 25 [Septem]bre to [th]e 25 october £19 - -s - -d,"Vernon, Francis",Treasurer,,,,,,
3892,V3489,Vernon,80v,1643-11-20,109 24 p[ai]d Capt[ain] vernon deputy Th[reasur]er of [th]e Army for a month pay for his self and his clerk[es] ending this day £19 - 0s - 0d,"Vernon, Francis",Treasurer,,,,,,
3893,V3671,Vernon,83r,1643-12-18,109 p[ai]d C[aptain] vernon deputy Th[reasur]er for a months  pay for himself and his clerk[es] ending [th]e 24 december £19 - 0s - 0d,"Vernon, Francis",Treasurer,,,,,,
3894,V3737,Vernon,84r,1644-01-22,109 p[ai]d C[aptain] vernon dep[uty] thr[easur]er of the Army for a mo[nths] pay for himself & 3 clark[es] allowed him £19 - 0s - 0d,"Vernon, Francis",Treasurer,,,,,,
3895,V3848,Vernon,84v,1644-02-22,109 p[ai]d Ca[ptain] vernon for a mo[nths] pay for himself and his clerk[es] ending [th]e 22 present £19 - 0s - 0d,"Vernon, Francis",Treasurer,,,,,,
3896,V3962,Vernon,86r,1644-03-23,109 p[ai]d Capt[ain] vernon dep[u]ty Th[reasur]er for 30 days pay to him and his clark[es] ending [th]e 23 present £19 - 0s - 0d,"Vernon, Francis",Treasurer,,,,,,
3897,V2359,Vernon,59v,1643-04-12,176 p[ai]d leifft[enant] vestinghoven & Cornet schwekhowsen duch reformados in part of pay due to them £40 - -s - -d,"Vestinghoven, Lt",Lieutenant,,,,,reformado,
3898,V0575,Vernon,20v,1642-09-05,p[ai]d Thomas vincent for monies by him disbursed in this present service £50 - -s - -d,"Vincent, Thomas",,,,,,,
3899,V1160,Vernon,34v,1642-11-04,7 p[ai]d in worster to will[ia]m vinter chaplain to Collonel Tho[mas] Essex 16.4. till [th]e 11 [Novem]bre p[ai]d 31 [Octo]bre £16 - 4s - -d,"Vinter, William",Chaplain,foot,,"Essex, Thomas",,,
3900,V3267,Vernon,77v,1643-08-29,"49 p[ai]d Theophilus Andrews Jo[hn] vivers Peeter Bland Fra[ncis] Cary Hugh harding Jo[hn] smith, Georg Billot & w[illia]m Phillips gent[lemen] latelie entred in my lord g[e]n[era]ll[es] lieff guard for 14 days pay each at 8s p[er] diem £44 - 16s - -d","Vivers, John",Trooper,horse,cuirassiers,,"Stapleton, Philip, Sir",gent of lifeguard,
3901,V0222,Vernon,11r,1642-08-18,46 p[ai]d Captaine Vivier captaine of a troope of horse for mountinge himself and his officers £280 - 0s - 0d,"Vivers, Robert",Captain,horse,,,,,
3902,V0671,Vernon,23r,1642-09-09,97 p[ai]d Captaine Robert Vivers for mounting 3 corporall[es] 42l more 2 trumpeters on farrier & a sadler 32 more for scarff[es] 30 £104 - 0s - 0d,"Vivers, Robert",Captain,horse,,,,,
3903,V1124,Vernon,33v,1642-10-29,97 p[ai]d leifftenn[an]t Fra[ncis] Botteler for 1/2 a mo[nths] pay for himself 2 corporall[es] & 12 troop[er]s of Capt[ain] vivers troop £37 - 16s - 0d,"Vivers, Robert",Captain,horse,,,,,
3904,V3170,Vernon,75v,1643-08-25,97 p[ai]d C[aptain] Robert Vivers the like £100 - 0s - 0d,"Vivers, Robert",Captain,horse,,,,,
3905,V3392,Vernon,79r,1643-10-18,97 p[ai]d C[aptain] Robert vivers for 14 days pay as C[aptain] of a troop of a horse £27 - 6s - 0d,"Vivers, Robert",Captain,horse,,,,,
3906,V3581,Vernon,81v,1643-12-07,97 p[ai]d C[aptain] vivers for 14 daies pay as capt[ain] of horse £27 - 6s - -d,"Vivers, Robert",Captain,horse,,,,,
3907,V1276,Vernon,36v,1642-11-11,124 p[ai]d sergeant major Bellye sergeant major wood & Captaine waddall 3 scot[es] officers latelie intertaind £88 - -s - -d,"Waddell, Archibald",Captain,,,,,,
3908,V1518,Vernon,41v,1642-12-03,139 p[ai]d Capt[ain] Archeball waddell for his entertainm[en]t as Capt[ain] for on mo[nth] past £21 - -s - -d,"Waddell, Archibald",Captain,,,,,,
3909,V1892,Vernon,49v,1643-01-06,139 p[ai]d sergeant major Archibald wooddall for a mo[nths] pay of the officers of his compa[ny] in Coll[onel] Holborns Regi[men]t to begin [th]e 1 [Decem]bre & 14 days pay for 68 soldiers beg[inning] 27 [Decem]bre £73 - 14s - 8d,"Waddell, Archibald",Major,foot,,"Holborne, James",,,
3910,F0142,Fenton,99r,1643-07-17,p[ai]d Major Waddall £3 - 14s - 8d,"Waddell, Archibald",Major,,,,,,
3911,F0103,Fenton,98v,1643-06-29,p[ai]d M[aste]r Sam[uel] Wade £14 - 0s - 0d,"Wade, Samuel",,,,,,,
3912,V2964,Vernon,72r,1643-07-13,5 p[ai]d samuel wade provost marshall of my lord g[e]n[era]ll[es] Regi[men]t of horse for 14 dayes pay of himself & 2 menn end[ing] 11 July £7 - 0s - 0d,"Wade, Samuel",Provost Marshall,horse,,"Essex, Earl of",,,
3913,V3065,Vernon,73v,1643-08-18,5 p[ai]d samuel wade provost marshall of my lord g[e]n[era]ll[es] Regi[men]t of horse for 7 days £3 - 10s - -d,"Wade, Samuel",Provost Marshall,horse,,"Essex, Earl of",,,
3914,V3242,Vernon,77r,1643-08-26,5 p[ai]d sam[ue]ll wade pro[vost] mar[shall] to my lord g[e]n[era]ll[es] Regi[men]t for days pay £7 - -s - -d,"Wade, Samuel",Provost Marshall,,,"Essex, Earl of",,,
3915,V0797,Vernon,26v,1642-10-01,107 p[ai]d leifft[enant] Coll[onel] wagstaff of the same reg[imen]t for his compa[ny] of 160 sold[ier]s as before £154 - 13s - 4d,"Wagstaff, Joseph",Lt-Colonel,foot,,"Hampden, John",,,
3916,V3843,Vernon,84v,1644-02-19,109 p[ai]d the wiff of Jo[hn] walker troop[er] of Ca[ptain] lionel Coplies troop slain at newberry £3 - 10s - -d,"Walker, John (trooper)",Trooper,horse,,,"Copley, Lionel",deceased,
3917,V0479,Vernon,18r,1642-09-02,76 p[ai]d Capt[ain] John walker for on months pay for his compa[ny] of 63 sold[ie]rs und[e]r Lord Robert[es] Regiment to begin 27 aug[us]t £58 - 16s - 0d,"Walker, John, Capt",Captain,foot,,"Robartes, Lord",,,
3918,V0916,Vernon,29r,1642-10-11,76 p[ai]d Captaine Jo[hn] walker for 68 sold[ier]s of [th]e same reg[imen]t for 7 dayes to [th]e last [Septem]bre & for on mo[nths] more to end the 28 [Octo]bre £79 - 6s - 8d,"Walker, John, Capt",Captain,foot,,"Robartes, Lord",,,
3919,V1644,Vernon,44r,1642-12-10,76 p[ai]d Capt[ain] John walker as above £61 - 14s - -d,"Walker, John, Capt",Captain,foot,,"Robartes, Lord",,,
3920,V1670,Vernon,44v,1642-12-19,76 p[ai]d Capt[ain] Jo[hn] walker for 14 [^daies^] pay for himself & officers of a foot compa[ny] from the 22 [Novem]bre In my lord Robert[es] Regi[men]t £20 - 6s - 0d,"Walker, John, Capt",Captain,foot,,"Robartes, Lord",,,
3921,V1828,Vernon,48r,1643-01-09,49 p[ai]d the lord Robert[es] for captaine John walkers compa[ny] late of his reg[imen]t £19 - 12s - -d,"Walker, John, Capt",Captain,foot,,"Robartes, Lord",,,
3922,V3843,Vernon,84v,1644-02-19,109 p[ai]d the wiff of Jo[hn] walker troop[er] of Ca[ptain] lionel Coplies troop slain at newberry £3 - 10s - -d,"Walker, Mrs",Widow,,,,,,
3923,V0019,Vernon,5v,1642-08-06,8 p[ai]d S[i]r w[illia]m waller for the advance of one monthes pay of a troope of horse of sixtie harquebusiers besid[es] officers the some of three hundreth forty five pownd[es] sixteen shillings by way of imprest £345 - 16s - 0d,"Waller, William, Sir",Captain,horse,,,,,
3924,V0020,Vernon,5v,1642-08-06,8 more p[ai]d him for an arreer due unto him and his officers from the 25 Julie to the 6th of August exclusive being 22 dayes the some of on hundreth and five pownd[es] twelve shillings £105 - 12s - 0d,"Waller, William, Sir",Captain,horse,,,,,
3925,V0406,Vernon,16r,1642-08-30,8 p[ai]d James Bricknell surgeon to S[i]r w[illia]m walers regiment for chest monie 15l more for on mo[nths] intertainm[en]t for himself and his 2 mates at 9s p[er] diem 12 12 £27 - 12s - 0d,"Waller, William, Sir",Colonel,horse,,,,,
3926,V0638,Vernon,22r,1642-09-07,sallery p[ai]d m[aste]r Thomas Jackson chaplaine to S[i]r w[illia]m waler for his provision of necessaries for his attendance on the reg[imen]t £20 - 0s - 0d,"Waller, William, Sir",Colonel,horse,,,,,
3927,V0645,Vernon,22v,1642-09-08,34 p[ai]d Captaine horatio Carew for 1 mo[nths] pay for his troope 60 harqueb[usiers] to begine from the 8th [Septem]ber £349 - 6s - [...] d,"Waller, William, Sir",Colonel,horse,,,,,
3928,V0646,Vernon,22v,1642-09-08,more for 1 mo[nths] pay as serg[ean]t major of S[i]r william walers regiment to begin fro[m] the 6th of Aug[us]t last inclusive £16 - 16s - 0d,"Waller, William, Sir",Colonel,horse,,,,,
3929,V2106,Vernon,54r,1642-10-01,8 p[ai]d S[i]r w[illia]m waler [th]e 1 [Octo]bre for amunition of powther and shot by him taken up when he went to take Portsmouth £34 - 10s - 0d,"Waller, William, Sir",,,,,,,
3930,V1014,Vernon,31v,1642-10-18,8 p[ai]d S[i]r w[illia]m waler Coll[onel] of a reg[imen]t of horse for arrears of his owne troop to the 29th present £137 - 4s - 6d,"Waller, William, Sir",Colonel,horse,,,,,
3931,V1075,Vernon,32v,1642-10-27,21 p[ai]d S[i]r w[illia]m waler for 1/2 mo[nths] pay of his troop uppon accompt £174 - 13s - 0d,"Waller, William, Sir",Captain,horse,,,,,
3932,V1288,Vernon,37r,1642-11-11,8 p[ai]d James Bricknell surgeon to S[i]r w[illia]m walers Reg[imen]t of horse for his pay & severall allowances to the 12 [Novem]bre £90 - 11s - 0d,"Waller, William, Sir",Colonel,horse,,,,,
3933,V1345,Vernon,38r,1642-11-15,8 p[ai]d S[i]r w[illia]m waler for 1/2 a mo[nths] paye for his troope uppon accompt £174 - 13s - -d,"Waller, William, Sir",Captain,horse,,,,,
3934,V1660,Vernon,44v,1642-12-12,8 p[ai]d S[i]r w[illia]m waller Collonel of a reg[imen]t of horse toward[es] payment of the said Regi[men]t & other troops and divers compa[nies] of Dragoone[er]s under his command uppon acc[oun]t £500 - 0s - 0d,"Waller, William, Sir",Colonel,horse,,,,,
3935,V1943,Vernon,50v,1643-01-26,8 p[ai]d S[i]r w[illia]m waler for a whole mo[nths] pay for his troop uppon accompt £349 - 6s - 0d,"Waller, William, Sir",Captain,horse,,,,,
3936,V2089,Vernon,53v,1643-02-28,8 p[ai]d S[i]r w[illia]m waler for & toward[es] the payment of the troops and dragooners now Inployed in the west uppon acc[oun]tt £600 - -s - -d,"Waller, William, Sir",,,,,,,
3937,V0352,Vernon,14v,1642-08-26,8 p[ai]d Elias wally Cornet to S[i]r Faithfull fortescue who in the Irish service had rec[eive]d 12 and now in this is to have 50l rest[es] £38 - 0s - 0d,"Wally, Elias",Cornet,horse,,,"Fortescue, Faithfull, Sir",,
3938,V3367,Vernon,79r,1643-10-16,p[ai]d Rob[er]t walsey Assistant to [th]e quart[e]r m[aste]r g[e]n[era]ll uppon accompt £15 - -s - -d,"Walsey, Robert",Assistant To QMG,,,,,,
3939,V0391,Vernon,15v,1642-08-29,64 p[ai]d Capt[ain] valentine walton for mounting him self & officers £280 - 0s - 0d,"Walton, Valentine",Captain,horse,,,,,
3940,V0855,Vernon,27v,1642-10-05,64 p[ai]d Capt[ain] valentine walton for his troop as above £174 - 13s - 0d,"Walton, Valentine",Captain,horse,,,,,
3941,V1096,Vernon,33r,1642-10-28,64 p[ai]d Captain Valentine walton from 1/2 mo[nths] pay for his troope to [th]e 29 [Octo]bre £174 - 13s - 0d,"Walton, Valentine",Captain,horse,,,,,
3942,V1351,Vernon,38r,1642-11-16,64 p[ai]d Captaine walton for 1/2 a mo[nths] pay of his troope endinge 11 [Novem]bre £174 - 13s - -d,"Walton, Valentine",Captain,horse,,,,,
3943,V1562,Vernon,42v,1642-12-05,64 p[ai]d Obediah Coysh quarterm[aste]r to Capt[ain] walton troop for 3 week[es] pay for the officers and 39 sold[ier]s upon accompt £206 - 17s - -d,"Walton, Valentine",Captain,horse,,,,,
3944,V3223,Vernon,76v,1643-08-26,64 p[ai]d C[aptain] Valentine walton for a mo[nths] pay as Capt[ain] of horse uppon acc[oun]tt £54 - 12s - -d,"Walton, Valentine",Captain,horse,,,,,
3945,V1646,Vernon,44r,1642-12-10,147 p[ai]d Cap[tain] Henry wansey the like £20 - 10s - 8d,"Wansey, Henry",Captain,foot,,"Robartes, Lord",,,
3946,V1822,Vernon,48r,1643-01-09,147 p[ai]d Capt[ain] Henry Wansey of that reg[imen]t for his compa[ny] £32 - 19s - 4d,"Wansey, Henry",Captain,foot,,"Robartes, Lord",,,
3947,V1823,Vernon,48r,1643-01-09,more p[ai]d him by another warr[an]tt £41 - 1s - 4d,"Wansey, Henry",Captain,foot,,"Robartes, Lord",,,
3948,V1104,Vernon,33r,1642-10-28,121 p[ai]d Captaine John warburton for pay of himself officers and sold[ier]s to [th]e 29 [Octo]bre £50 - 9s - 0d,"Warburton, John",Captain,,,,,,
3949,V1212,Vernon,35v,1642-11-10,121 p[ai]d Captaine John warberton for 1/2 a mo[nths] pay for his officers & 30 soldiers in my Lord Robert[es] reg[imen]t £35 - 0s - 0d,"Warburton, John",Captain,foot,,"Robartes, Lord",,,
3950,V1378,Vernon,38v,1642-11-24,121 p[ai]d Captaine John warberton in my lord Robert[es] Reg[imen]t for severall payment[es] conteined in his warr[an]tt £49 - 10s - -d,"Warburton, John",Captain,foot,,"Robartes, Lord",,,
3951,V1464,Vernon,40v,1642-12-01,121 p[ai]d Captaine John warberton for the officers and soldiers pay of his compa[ny] in the Reg[imen]t of the lord Robert[es] to the 2 pre[sen]t £39 - 6s - 18d,"Warburton, John",Captain,foot,,"Robartes, Lord",,,
3952,V1281,Vernon,36v,1642-11-11,64 p[ai]d Hugh ward surgeon to the Earle of Bedford for his pay to the 11 [Novem]bre £25 - 10s - -d,"Ward, Hugh",Surgeon,horse,,"Bedford, Earl of",,,
3953,V1347,Vernon,38r,1642-11-15,64 p[ai]d Hugh ward surgeon of my lord of Bedford[es] regiment of horse for 14 days pay from the 11 [Novem]bre £8 - 8s - 0d,"Ward, Hugh",Surgeon,horse,,"Bedford, Earl of",,,
3954,V1682,Vernon,45r,1642-12-19,64 p[ai]d Hugh ward surgeon to my lord of Bedford[es] Regi[men]t for pay of himself mates & Bidet[es] for a mo[nth] beginning the 18 [Novem]bre & for 14 dayes advance to end the 29 pres[en]t £25 - 4s - -d,"Ward, Hugh",Surgeon,horse,,"Bedford, Earl of",,,
3955,V2412,Vernon,60v,1643-04-13,64 p[ai]d Hugh ward surgeon to the reg[imen]t that was the Earle of Bedfords for 6 week[es] pay endinge the 10th february £25 - 4s - -d,"Ward, Hugh",Surgeon,horse,,"Bedford, Earl of",,,
3956,V0696,Vernon,24r,1642-09-09,p[ai]d m[aste]r John ward Commissarie g[enera]ll of [th]e provision for horse for 1 months pay for himself and deputies from [th]e 30 Julie inclusive £36 - 12s - -d,"Ward, John",Commissary,horse,,,,,
3957,V0697,Vernon,24r,1642-09-09,more for on mo[nths] pay from the 27 aug[us]t inclusive £36 - 12s - -d,"Ward, John",Commissary,horse,,,,,
3958,V0742,Vernon,25r,1642-09-27,99 p[ai]d John ward Comissary g[enera]ll of the provision for the horse for on mo[nths] pay for himself and deputyes from the 24 [Septem]bre £36 - 8s,"Ward, John",Commissary,horse,,,,,
3959,V1330,Vernon,37v,1642-11-14,99 p[ai]d m[aste]r John ward Comissary g[enera]ll for [th]e provision of horse for pay of himself and deputies for on month ending [th]e 18 present £36 - 8s - 0d,"Ward, John",Commissary,horse,,,,,
3960,V1545,Vernon,42r,1642-12-05,99 p[ai]d Jo[hn] ward Comissarie g[enera]ll for provision for the horse for a mo[nths] pay for himself and deputies to [th]e 15 [Decem]bre exclusive £36 - 8s - 0d,"Ward, John",Commissary,horse,,,,,
3961,V2421,Vernon,61r,1643-04-13,99 p[ai]d Jo[hn] ward Comissarie g[e]n[era]ll for provisions for horse for 3 whole mo[nths] pay for himself and deputies beg[inning] 16 december £109 - 4s - -d,"Ward, John",Commissary,horse,,,,,
3962,V0305,Vernon,13r,1642-08-24,55 p[ai]d Captain ward for a months pay of his companye of 100 sold[ier]s in the G[enera]lls regim[en]t £93 - 6s - 8d,"Ward, Thomas",Captain,foot,,"Essex, Earl of",,,
3963,V0951,Vernon,30r,1642-10-12,55 p[ai]d Captaine Thomas ward for 29 dayes pay for his compa[ny] of 90 soldiers in my lord gen[era]ll[es] Regiment endinge the 14 [Octo]bre £87 - -s - -d,"Ward, Thomas",Captain,foot,,"Essex, Earl of",,,
3964,V1920,Vernon,50r,1643-01-13,55 p[ai]d Captaine ward & Capt[ain] Leventhorp two capt[ains] of my lord g[e]n[era]ll[es] reg[imen]t uppon accompt toward[es] recrewing their compa[nies] £40 - 0s - 0d,"Ward, Thomas",Captain,foot,,"Essex, Earl of",,,
3965,V2103,Vernon,54r,1643-02-20,161 p[ai]d Captaine Thomas Leventhorp & Capt[ain] ward Captains of 2 severall compa[ny] in my lord g[e]n[era]ll[es] owne Regi[men]t for leviinge of menn to recrute the comp[anie]s p[ai]d in london by w[illia]m Jessop as above £100 - 0s - 0d,"Ward, Thomas",Captain,foot,,"Essex, Earl of",,,
3966,V0437,Vernon,17r,1642-09-01,69 p[ai]d Collonell wadlaw Co[lone]ll of a reg[imen]t of 600 dragooners besid[es] officers for himself officers and levy monie £3696 - -s - -d,"Wardlaw, James",Colonel,dragoons,,,,,
3967,V0939,Vernon,29v,1642-10-12,69 p[ai]d Collonell wardlaw for pay and entertainm[en]t of the officers and soldiers of his regiment of dragoon[er]s vizt for soe much as is unpaid & shalbe due from [th]e 1 to [th]e 14 [Octo]bre £861 - 1s - 6d,"Wardlaw, James",Colonel,dragoons,,,,,
3968,V1164,Vernon,34v,1642-11-08,69 p[ai]d Collonel wardlaw for his officers & 600 dragooners of his reg[imen]t to [th]e 29 [Octo]bre £979 - 19s - -d,"Wardlaw, James",Colonel,dragoons,,,,,
3969,V1172,Vernon,34v,1642-11-08,69 p[ai]d Collonel wardlaw for his reg[imen]t of dragooners uppon accompt £200 - 0s - 0d,"Wardlaw, James",Colonel,dragoons,,,,,
3970,V1319,Vernon,37v,1642-11-14,69 880.19 p[ai]d Collonel wardlaw for 1/2 a mo[nths] pay for his officers & regiment of dragooners to begine from [th]e 29 [Octo]bre £680 - 19s - -d,"Wardlaw, James",Colonel,dragoons,,,,,
3971,V1653,Vernon,44v,1642-12-10,69 p[ai]d James wardlaw Collonel of a Regi[men]t of dragoon[er]s in discharg of the said Regi[men]t to [th]e 10 pres[en]t as by the warr[an]t £923 - 6s - -d,"Wardlaw, James",Colonel,dragoons,,,,,
3972,V1796,Vernon,47v,1642-12-27,154 p[ai]d Ca[ptain] Georg Dundass capt[ain] of a compa[ny] of dragon[er]s late in Coll[onel] wardlaws reg[imen]t uppon acc[oun]tt £50 - -s,"Wardlaw, James",Colonel,dragoons,,,,,
3973,V1925,Vernon,50r,1643-01-14,69 p[ai]d Coll[onel] wardlaw Coll[onel] of a reg[imen]t of dragooners for his owne pay as Coll[onel] & & Capt[ain] for a whol month begining [th]e 10 [Decem]bre inclu[sive] at 50s p[er] diem £70 - 0s - 0d,"Wardlaw, James",Colonel,dragoons,,,,,
3974,V3249,Vernon,77r,1643-08-26,201 p[ai]d Georg Forbes Capt[ain] of a compa[ny] of drago[ons] in Coll[onel] wardlaws Regi[men]t and late prisoner at oxford toward[es] his arrears £28 - -s - -d,"Wardlaw, James",Colonel,dragoons,,,,late prisoner,
3975,F0268,Fenton,101r,1643-08-24,p[ai]d Capt[ain] Pet[er] Ware £75 - 8s - 0d,"Ware, Peter",Captain,,,,,,
3976,F0289,Fenton,101v,1643-09-07,p[ai]d Capt[ain] Pet[er] Ware £75 - 10s - 0d,"Ware, Peter",Captain,,,,,,
3977,V0323,Vernon,13v,1642-08-25,59 p[ai]d M[aste]r Samuel warner apointed by [th]e Committe of the militia in the citty of london by order of his Excellence for the service of the state £500 - 0s - 0d,"Warner, Samuel",,,,,,,
3978,V0612,Vernon,21v,1642-09-06,93 p[ai]d Captain Edward wat[es] Captaine of a compa[ny] of 70 sold[ier]s in my lord mandivel[es] reg[imen]t from the 1 present £65 - 6s - 8d,"Watts, Edward",Captain,foot,,"Mandeville, Lord",,,
3979,V0010,Vernon,5r,1642-08-06,5 p[ai]d Captaine Paule watt[es] of the regiment of my Lord Mandevill for a months advance of his intertainm[en]t £21 - 0s - 0d,"Watts, Paul",Captain,foot,,"Mandeville, Lord",,,
3980,V2169,Vernon,55v,1643-03-06,p[ai]d John waylet surgeon for 15 week[es] pay endinge [th]e 6 of Febr[uary] besid[es] 3l.15s. rec[eive]d in part therof £15 - -s - -d,"Waylet, John",Surgeon,,,,,,
3981,V0535,Vernon,19v,1642-09-05,84 p[ai]d Abraham webb apothery to his Excellence & the whole Army for providing his Chest tent wagon & hors £200 - 0s - 0d,"Webb, Abraham",Apothecary,,,,,,
3982,V0672,Vernon,23r,1642-09-09,84 p[ai]d unto Abraham Webb Apothecary for the g[enera]ll[es] owne p[er]son & the whole army for on mo[nths] pay to begin the 30 Julie last £14 - 0s - 0d,"Webb, Abraham",Apothecary,,,,,,
3983,V1324,Vernon,37v,1642-11-14,84 p[ai]d Abraham webb Apothecary for 3 mo[nths] pay endinge [th]e 18 novemb[e]r £42 - -s - -d,"Webb, Abraham",Apothecary,,,,,,
3984,V2352,Vernon,59r,1643-04-12,84 p[ai]d m[aste]r Abraham webb Apothecary for severall paym[entes] as by [th]e warr[an]t £169 - -s - -d,"Webb, Abraham",Apothecary,,,,,,
3985,F0024,Fenton,97r,1643-06-02,p[ai]d m[aste]r Webbe Apothecarie £79 - 10s - 0d,"Webb, Abraham",Apothecary,,,,,,
3986,F0158,Fenton,99r,1643-07-20,p[ai]d m[aste]r Webbe Apothecarie £37 - 10s - 0d,"Webb, Abraham",Apothecary,,,,,,
3987,V3763,Vernon,84r,1644-02-05,"p[ai]d Docter striall & docter Read, & m[aste]r web Apo[thecary] £24 - 10s - -d","Webb, Abraham",Apothecary,,,,,,
3988,V0637,Vernon,22r,1642-09-07,24 p[ai]d leifftenn[an]t James webb for on mo[nths] pay of 64 soldiers of collonel Essex regiment to begin from [th]e 5 present £59 - 14s - 8d,"Webb, James",Lieutenant,foot,,"Essex, Charles",,,
3989,V2422,Vernon,61r,1643-04-13,p[ai]d Jo[hn] Hall[es] & Richard webster imployed in the service of the state uppon acc[oun]tt £20 - 0s - 0d,"Webster, Richard",,,,,,,
3990,V2935,Vernon,71v,1643-07-13,"190 p[ai]d Capt[ain] w[illia]m Butler C[aptain] John wheler C[aptain] Thomas weelin L[ieutenan]t Thomas Apleby l[ieutenan]t Humphrey Caroll Ens[ign] Fra[ncis] Carey Ens[ign] Fra[ncis] lister, Ens[ign] Henry Cony Ens[ign] mathew williams Ens[ign] James llewellen & Ens[ign] Jo[hn] Holt officers in the late Regi[men]t of S[i]r Henry Cholmlie for ther pay for 14 dayes uppon accompt £49 - 14s - -d","Weelin, Thomas",Captain,foot,,"Cholmley, Henry, Sir",,,
3991,V3216,Vernon,76v,1643-08-26,187 p[ai]d C[aptain] Hugh phillips C[aptain] w[illia]m Butler & C[aptain] Tho[mas] weelin late Capt[ains] in Coll[onel] Cholmlies Regi[men]t for 14 dayes pay £31 - 10s - -d,"Weelin, Thomas",Captain,foot,,"Cholmley, Henry, Sir",,,
3992,V2166,Vernon,55v,1643-03-04,162 p[ai]d Captaine daniell welky & Captaine Robert melvill captains of foot compa[nies] for on mo[nths] pay uppon acc[oun]tt being presentlie to be imployed in the service in North hampton shir £42 - -s - -d,"Welky, Daniel",Captain,foot,,,,,
3993,V0476,Vernon,18r,1642-09-02,sallery 7 p[ai]d m[aste]r Samuell wells chaplain to Collonel Essex by way of advance £20 - 0s - 0d,"Wells, Samuel",Chaplain,foot,,"Essex, Charles",,,
3994,V0650,Vernon,22v,1642-09-08,"7 p[ai]d m[aste]r Samuell well[es] Chaplaine to Coll[onel] Essex regiment from on mo[nths] pay due to him from the 30 Julie 5l.12s, the Col[onel] havinge rec[eive]d the other 1/2 mo[nths] pay & likewise for on whole mo[nth] for his servant at 4s.8d the weeke. 18s.8 in all £6 - 10s - 8d","Wells, Samuel",Chaplain,foot,,"Essex, Charles",,,
3995,F0144,Fenton,99r,1643-07-17,p[ai]d M[aste]r Sam[uel] Wells Minester £19 - 14s - 8d,"Wells, Samuel",Minister,,,,,,
3996,V0215,Vernon,10v,1642-08-17,45 p[ai]d Capt[ain] Edmond west for advance of on monthes pay for his troope £349 - 6s - 0d,"West, Edmond",Captain,horse,,,,,
3997,V0012,Vernon,5r,1642-08-06,6 p[ai]d Captaine Elias Struice of my Lord whartons regiment for a months paye advance of his intertainment £21 - 0s - 0d,"Wharton, Lord",Colonel,foot,,,,,
3998,V0014,Vernon,5r,1642-08-06,7 p[ai]d Lord wharton for advance of one half monthes pay of a troope of 80 horse harquebusiers besid[es] officers £207 - 18s - 0d,"Wharton, Lord",Captain,horse,,,,,
3999,V0182,Vernon,10r,1642-08-16,7 p[ai]d the lord wharton Collonell of a regim[en]t of 1200 foot for the entertainm[en]t of himself and his officers & other payment[es] belonginge to his regiment £1244 - 16s - 0d,"Wharton, Lord",Colonel,foot,,,,,
4000,V0216,Vernon,10v,1642-08-17,7 p[ai]d my lord wharton for another 1/2 monthes pay for his troope of 80 harquebusiers £207 - 18s - -d,"Wharton, Lord",Captain,horse,,,,,
4001,V0467,Vernon,17v,1642-09-02,74 p[ai]d Capt[ain] Robert longe Capt[ain] of a Compa[ny] of 70 sold[ier]s in my lord whartons reg[imen]t for on mo[nths] pay beg[innin]g 23 Aug[us]t £65 - 6s - 0d,"Wharton, Lord",Colonel,foot,,,,,
4002,V0530,Vernon,19v,1642-09-05,7 p[ai]d my Lord wharton for wagons £440 - 0s,"Wharton, Lord",Colonel,foot,,,,,
4003,V0531,Vernon,19v,1642-09-05,more for a mo[nths] pay for himselfe & his officers to comence the 27 Aug[us]t inclusive £542 - 16s,"Wharton, Lord",Colonel,foot,,,,,
4004,V0555,Vernon,20r,1642-09-05,86 p[ai]d Captain Henry Carew for on mo[nths] pay of his compa[ny] of 50 sol[diers] in my lord whartons regiment begin 29 aug[us]t £46 - 13s - 4d,"Wharton, Lord",Colonel,foot,,,,,
4005,V0591,Vernon,21r,1642-09-06,89 p[ai]d Capt[ain] Devereux Gibbons for one months pay of 56 sold[ier]s in my lord whartons regiment from the 29 Aug[us]t £52 - 5s - 4d,"Wharton, Lord",Colonel,foot,,,,,
4006,V0614,Vernon,21v,1642-09-06,7 p[ai]d the Lord wharton capt[ain] of a troop of 80 harqueb[usiers] for 1 mo[nths] advance for his said troop & 3l.10s unp[ai]d to his l[ordshi]p w[hi]ch was due the last mo[nths] pay in all £422 - 16s - -d,"Wharton, Lord",Captain,horse,,,,,
4007,V0615,Vernon,21v,1642-09-06,more for scarf[es] for his troope £40 - -s - -d,"Wharton, Lord",Captain,horse,,,,,
4008,V0948,Vernon,30r,1642-10-12,7 p[ai]d my Lord wharton uppon acc[oun]tt toward[es] the pay and entertainm[en]t of himself offic[er]s and souldiers £150 - 0s - 0d,"Wharton, Lord",Colonel,foot,,,,,
4009,V0975,Vernon,30v,1642-10-15,115 p[ai]d Captaine Jude leigh for pay of his compa[ny] of Foot in the lord whartons reg[imen]t uppon acc[oun]tt £30 - -s - -d,"Wharton, Lord",Colonel,foot,,,,,
4010,V1003,Vernon,31r,1642-10-18,7 p[ai]d the Lord wharton for pay of his officers and troop[ers] uppon acc[oun]t £323 - 17s - 6d,"Wharton, Lord",Captain,horse,,,,,
4011,V1024,Vernon,31v,1642-10-18,7 p[ai]d my lord wharton toward[es] the paym[en]t of his reg[imen]t of foot uppon accompt £200 - -s - -d,"Wharton, Lord",Colonel,foot,,,,,
4012,V1116,Vernon,33v,1642-10-28,7 p[ai]d Robert Longe for a week[es] pay for the inferior officers and sold[ier]s of my Lord whartons reg[imen]t £215 - 3s - 4d,"Wharton, Lord",Colonel,foot,,,,,
4013,V1178,Vernon,34v,1642-11-09,7 p[ai]d my lord wharton for 1/2 mo[nths] pay for his troop of 80 harque[busiers] £209 - 13s - -d,"Wharton, Lord",Captain,horse,,,,,
4014,V1266,Vernon,36v,1642-11-11,7 p[ai]d the lord wharton for a mo[nths] pay for the officers of his reg[imen]t £422 - 16s - -d,"Wharton, Lord",Colonel,foot,,,,,
4015,V1328,Vernon,37v,1642-11-14,7 p[ai]d my lord wharton for 1/2 a mo[nths] pay as Coll[onel] of a reg[imen]t £31 - 10s - -d,"Wharton, Lord",Colonel,foot,,,,,
4016,V1599,Vernon,43v,1642-12-06,143 p[ai]d Robert longe Captaine of a foat compa[ny] late in my lord whartons Reg[imen]t for 1 mo[nths] pay for himself & sergeant ended the 2 [Decem]bre £23 - 2s - -d,"Wharton, Lord",Colonel,foot,,,,,
4017,V1751,Vernon,46v,1642-12-06,7 p[ai]d the lord wharton [th]e 23 november & 6 december for 1/2 a mo[nths] pay for his troope £209 - 13s - -d,"Wharton, Lord",Captain,horse,,,,,
4018,V1775,Vernon,47r,1642-12-26,7 p[ai]d the lord wharton for 1/2 a mo[nths] pay for 80 harquebusiers uppon acc[oun]tt £209 - 13s - 0d,"Wharton, Lord",Captain,horse,,,,,
4019,V2024,Vernon,52r,1643-01-24,7 p[ai]d Robert Hughes Ensigne [^In^] the Regi[men]t of my lord wharton toward[es] curing his wound[es] & for 2 mo[nths] & 3 week[es] pay to [th]e 19 Ja[nuary] £24 - 11s - -d,"Wharton, Lord",Colonel,foot,,,,,
4020,V2110,Vernon,54r,1643-03-02,7 p[ai]d the lord wharton the like for his troop of 80 harg[ebusiers] £419 - 6s - 0d,"Wharton, Lord",Captain,horse,,,,,
4021,V2158,Vernon,55r,1643-03-03,7 p[ai]d Edward & will[ia]m Browne & will[iam] Heydon Ensigne bearer [^late^] officers of [th]e lord whartons Regi[men]t for [th]e pay due to them for 2 monthes and three week[es] from [th]e 4 of november to [th]e 19 Janu[ary] as by [th]e war[rant] £42 - 7s - -d,"Wharton, Lord",Colonel,foot,,,,,
4022,V2227,Vernon,56v,1643-03-09,89 p[ai]d Anthony Macham liefft[enant] to Capt[ain] Gibbons in my lord whartons Regi[men]t for a mo[nths] pay uppon accompt £5 - 12s - -d,"Wharton, Lord",Colonel,foot,,,,,
4023,V2271,Vernon,57v,1643-03-18,7 p[ai]d Robert Hughs late ensigne to a foot compa[ny] in my lord whartons reg[imen]t for his pay as ensigne from [th]e 19 Janu[ary] to [th]e 17 march being 57 dayes £8 - 11s - -d,"Wharton, Lord",Colonel,foot,,,,,
4024,V2319,Vernon,58v,1643-04-12,7 p[ai]d the lord wharton the like £209 - 13s - -d,"Wharton, Lord",Captain,horse,,,,,
4025,V2402,Vernon,60v,1643-04-13,89 p[ai]d Capt[ain] devereux Gibbons Captaine of a late compa[ny] in my lord whartons Regi[men]t for an arrear of pay due to him for [th]e offic[er]s and sold[ier]s of his compa[ny] for a whole mo[nth] to [th]e 23 [Octo]bre £52 - 5s - 4d,"Wharton, Lord",Colonel,foot,,,,,
4026,V2497,Vernon,62r,1643-04-29,7 p[ai]d the lord wharton [th]e like & 63 troop[er]s £60 - 7s - 6d,"Wharton, Lord",Captain,horse,,,,,
4027,V2670,Vernon,65v,1643-05-26,7 p[ai]d [th]e lord wharton for [th]e officers & 75 troop[er]s for a mo[nths] ending [th]e 8 June £394 - 2s - -d,"Wharton, Lord",Captain,horse,,,,,
4028,V2787,Vernon,68r,1643-06-21,7 p[ai]d [th]e lord whartons troop officers & 75 troop[er]s 14 dayes end[ing] 22 June £205 - 16s,"Wharton, Lord",Captain,horse,,,,,
4029,V2871,Vernon,70r,1643-07-12,7 p[ai]d [th]e lord wharton [th]e like & 82 troop[er]s end[ing] 6 Julie £209 - 6s - 0d,"Wharton, Lord",Captain,horse,,,,,
4030,V3001,Vernon,72v,1643-08-16,7 p[ai]d the lord wharton [th]e like for his troope £82 - 12s - -d,"Wharton, Lord",Captain,horse,,,,,
4031,V3191,Vernon,76r,1643-08-25,7 p[ai]d [th]e Lo[rd] wharton the like for his troop £165 - 4s - -d,"Wharton, Lord",Captain,horse,,,,,
4032,V3397,Vernon,79r,1643-10-19,7 p[ai]d [th]e lord wharton for his troop £160 - 13s - -d,"Wharton, Lord",Captain,horse,,,,,
4033,V3542,Vernon,81r,1643-12-01,7 p[ai]d the lord whartons troop [th]e like £140 - 0s - 0d,"Wharton, Lord",Captain,horse,,,,,
4034,V3777,Vernon,84r,1644-02-13,7 p[ai]d [th]e lord wharton [th]e like £114 - 16s - 0d,"Wharton, Lord",Captain,horse,,,,,
4035,F0113,Fenton,98v,1643-07-05,"p[ai]d Capt[ain] Phillipps, Capt[ain] Wheeler Capt[ain] Andrewes & Ens[ign] Williams £33 - 12s - 0d","Wheeler, John",Captain,,,,,,
4036,V2935,Vernon,71v,1643-07-13,"190 p[ai]d Capt[ain] w[illia]m Butler C[aptain] John wheler C[aptain] Thomas weelin L[ieutenan]t Thomas Apleby l[ieutenan]t Humphrey Caroll Ens[ign] Fra[ncis] Carey Ens[ign] Fra[ncis] lister, Ens[ign] Henry Cony Ens[ign] mathew williams Ens[ign] James llewellen & Ens[ign] Jo[hn] Holt officers in the late Regi[men]t of S[i]r Henry Cholmlie for ther pay for 14 dayes uppon accompt £49 - 14s - -d","Wheeler, John",Captain,foot,,"Cholmley, Henry, Sir",,,
4037,V0594,Vernon,21r,1642-09-06,90 p[ai]d Capt[ain] James whicherley for on mo[nths] pay of his compa[ny] of 63 sol[diers] in my lord Robert[es] reg[imen]t from the 30 aug[us]t £58 - 16s - 0d,"Whicherley, James",Captain,foot,,"Robartes, Lord",,,
4038,V0439,Vernon,17r,1642-09-01,70 p[ai]d to leift[enan]t Ralph whisler for mountinge himself and other officers £140 - 0s - 0d,"Whistler, Ralph",Lieutenant,horse,,,,,
4039,V2476,Vernon,62r,1643-04-28,"168 p[ai]d unto Edward wollaston, Henry Crossly Richard Hind, Jo[hn] Baldwin, John Symond[es] Thomas Adams, Georg Ewer, George whitledge, Samuel Flesher, Thomas kelsey Thomas Chetwood, John shelby George white gent[lemen] apointed paymasters of the severall Regiment[es] of Foot in the parlim[entes] service the some of 5 pownd[es], to be given 12s to every soldier of the said Regi[men]t[es] by way of reward £5000 - 0s - 0d","White, George",Paymaster,foot,,,,,
4040,V1369,Vernon,38v,1642-11-21,"131 p[ai]d Captaine Roger Clay Captaine Samuel Turner Capt[ain] Peeter Gale Capt[ain] George more Capt[ain] Ralph Tasker Captain w[illia]m Hamond Capt[ain] mathew Skalticke & Capt[ain] Jams white, 8 capt[ain]s in the Regement of Collonell skippon toward[es] ther pay & entertainm[en]t of themselves officers & sold[ier]s uppon acc[oun]tt £400 - -s - -d","White, James",Captain,foot,,"Skippon, Philip",,,
4041,V2476,Vernon,62r,1643-04-28,"168 p[ai]d unto Edward wollaston, Henry Crossly Richard Hind, Jo[hn] Baldwin, John Symond[es] Thomas Adams, Georg Ewer, George whitledge, Samuel Flesher, Thomas kelsey Thomas Chetwood, John shelby George white gent[lemen] apointed paymasters of the severall Regiment[es] of Foot in the parlim[entes] service the some of 5 pownd[es], to be given 12s to every soldier of the said Regi[men]t[es] by way of reward £5000 - 0s - 0d","Whitledge, George",Paymaster,foot,,,,,
4042,F0208,Fenton,100r,1643-08-03,p[ai]d Tho[mas] Wickes Marsh[all] Gen[er]all £54 - 3s - 0d,"Wickes, Thomas",Provost Marshall General,,,,,,
4043,V3102,Vernon,74v,1643-08-21,p[ai]d Thomas wick[es] provost marshall g[e]n[era]ll for 7 dayes pay for him & his men £19 - 13s - 2d,"Wickes, Thomas",Provost Marshall General,,,,,,
4044,V3327,Vernon,78v,1643-10-14,p[ai]d Tho[mas] wikes provost marshall g[e]n[era]ll £39 - 6s - 4d,"Wickes, Thomas",Provost Marshall General,,,,,,
4045,V0933,Vernon,29v,1642-10-11,14 p[ai]d m[aste]r will[ia]m wickins Chaplaine to my lord Brook[es] Reg[imen]t on foot for several allowances as by the warr[an]t £34 - 14s - -d,"Wickins, William",Chaplain,foot,,"Brooke, Lord",,,
4046,V1684,Vernon,45r,1642-12-19,150 p[ai]d Benjamin wigfall Captaine of a foot compa[ny] in Coll[onel] Holborns Regi[men]t for pay of his compa[ny] & officers as by [th]e warr[an]t £72 - 16s - -d,"Wigfall, Benjamin",Captain,foot,,"Holborne, James",,,
4047,V1694,Vernon,45r,1642-12-19,150 p[ai]d C[aptain] Benjamin wigfall for a fortnight pay for 69 sold[ier]s of his compa[ny] from [th]e 6 pre[sen]t £32 - 4s - -d,"Wigfall, Benjamin",Captain,,,,,,
4048,V1905,Vernon,49v,1643-01-06,150 p[ai]d C[aptain] Benjamin wigfall Capt[ain] of a Foot compa[ny] in Coll[onel] Holborns reg[imen]t for pay of his compa[ny] as by the warr[an]tt £52 - 10s - -d,"Wigfall, Benjamin",Captain,foot,,"Holborne, James",,,
4049,V3238,Vernon,77r,1643-08-26,200 p[ai]d Richard wilcox Aud[ito]r of [th]e Army toward[es] his pay uppon accompt £50 - -s - -d,"Wilcox, Richard",Auditor,,,,,,
4050,F0154,Fenton,99r,1643-07-20,entred before [del: p[ai]d L[ieutenan]t Wilkes for [th]e use & in full of L[ieutenan]t Coll[onel] Baylys warr[an]t],"Wilkes, Lt",Lieutenant,,,,,,
4051,V1830,Vernon,48r,1643-01-09,162 p[ai]d Capt[ain] smith wilkinson for his compa[ny] in the said Regi[men]t £86 - 1s - 4d,"Wilkinson, Smith",Captain,foot,,"Robartes, Lord",,,
4052,V2115,Vernon,54r,1643-03-02,162 p[ai]d Capt[ain] smith wilkinson of the same Regi[men]t for pay of the officers and soldiers of his compa[ny] as by the warr[an]tt £78 - 1s - 4d,"Wilkinson, Smith",Captain,foot,,"Robartes, Lord",,,
4053,V3288,Vernon,78r,1643-10-14,87 p[ai]d Capt[ain] w[illia]ms for his compa[ny] of Fierlock[es] £36 - 10s - 4d,"Williams, Capt (firelocks)",Captain,foot,firelocks,,,,
4054,V3426,Vernon,79v,1643-10-24,87 p[ai]d C[aptain] williams for his compa[ny] of Fierlock[es] £20 - 13s - -d,"Williams, Capt (firelocks)",Captain,foot,firelocks,,,,
4055,V3455,Vernon,80r,1643-11-14,87 p[ai]d Ca[ptain] williams for 7 days pay for [th]e Fierlock[es] belonging to the traine £10 - 4s - 0d,"Williams, Capt (firelocks)",Captain,foot,firelocks,,,,
4056,V3474,Vernon,80r,1643-11-17,87 p[ai]d C[aptain] williams for 14 days for his fierlock[es] £36 - 15s - -d,"Williams, Capt (firelocks)",Captain,foot,firelocks,,,,
4057,V3600,Vernon,82r,1643-12-08,87 p[ai]d the like to C[aptain] will[iam]s compa[ny] of fierlock[es] £11 - 5s - 2d,"Williams, Capt (firelocks)",Captain,foot,firelocks,,,,
4058,V3668,Vernon,83r,1643-12-18,87 p[ai]d C[aptain] will[iames] for his compa[ny] of Fierlock[es] £11 - 5s - 2d,"Williams, Capt (firelocks)",Captain,foot,firelocks,,,,
4059,V3694,Vernon,83v,1643-12-29,87 p[ai]d C[aptain] w[illiam]s [th]e like for his compa[ny] of Fierlock[es] £17 - 11s - 2d,"Williams, Capt (firelocks)",Captain,foot,firelocks,,,,
4060,V3712,Vernon,83v,1644-01-06,87 p[ai]d Ca[ptain] williams the like for his fierlock[es] £11 - 14s - 6d,"Williams, Capt (firelocks)",Captain,foot,firelocks,,,,
4061,V3736,Vernon,84r,1644-01-22,87 p[ai]d C[aptain] w[illiam]s for a week[es] pay for [th]e fierlock[es] £11 - 14s - 6d,"Williams, Capt (firelocks)",Captain,foot,firelocks,,,,
4062,V3757,Vernon,84r,1644-02-05,87 p[ai]d Ca[ptain] williams the like for fierlock[es] £37 - 18s - 4d,"Williams, Capt (firelocks)",Captain,foot,firelocks,,,,
4063,V3867,Vernon,85r,1644-02-27,87 p[ai]d Capt[ain] w[illiam]s for fierlock[es] £12 - 13s - 2d,"Williams, Capt (firelocks)",Captain,foot,firelocks,,,,
4064,V3918,Vernon,85v,1644-03-09,87 p[ai]d Ca[ptain] will[ia]m[es] for fier lock[es] £13 - 14s - -d,"Williams, Capt (firelocks)",Captain,foot,firelocks,,,,
4065,V3954,Vernon,85v,1644-03-23,87 p[ai]d Ca[ptain] will[iames] for Fierlock[es] £13 - 14s - 2d,"Williams, Capt (firelocks)",Captain,foot,firelocks,,,,
4066,F0113,Fenton,98v,1643-07-05,"p[ai]d Capt[ain] Phillipps, Capt[ain] Wheeler Capt[ain] Andrewes & Ens[ign] Williams £33 - 12s - 0d","Williams, Matthew",Ensign,foot,,,,,
4067,V2935,Vernon,71v,1643-07-13,"190 p[ai]d Capt[ain] w[illia]m Butler C[aptain] John wheler C[aptain] Thomas weelin L[ieutenan]t Thomas Apleby l[ieutenan]t Humphrey Caroll Ens[ign] Fra[ncis] Carey Ens[ign] Fra[ncis] lister, Ens[ign] Henry Cony Ens[ign] mathew williams Ens[ign] James llewellen & Ens[ign] Jo[hn] Holt officers in the late Regi[men]t of S[i]r Henry Cholmlie for ther pay for 14 dayes uppon accompt £49 - 14s - -d","Williams, Matthew",Ensign,foot,,"Cholmley, Henry, Sir",,,
4068,V0573,Vernon,20v,1642-09-05,87 p[ai]d Capt[ain] [...] [^Osmond williams^] for on mo[nths] pay of 69 sold[ier]s of my lord mandevill[es] reg[imen]t from the 1 [Septem]bre £64 - 8s - -d,"Williams, Osmond",Captain,foot,,"Mandeville, Lord",,,
4069,V0477,Vernon,18r,1642-09-02,sallery 5 p[ai]d Thomas willis for 6 hired wagons to cary provision for Collonel Hollis reg[imen]t from Acton to Coventry £38 - 0s - 0d,"Willis, Thomas",,,,,,,
4070,V0249,Vernon,11v,1642-08-19,48 p[ai]d the Lord willougby of parham for soe much disbursed for service of the kingdome in Lincolnshire £100 - 0s - 0d,"Willoughby of Parham, Lord",,,,,,,
4071,V0445,Vernon,17r,1642-09-01,48 p[ai]d Francis Lord willoughby Captaine of a troop of 80 harqueb[usiers] for advance monie of himself & officers £280 - 0s - 0d,"Willoughby of Parham, Lord",Captain,horse,,,,,
4072,V0981,Vernon,30v,1642-10-15,43 p[ai]d the lord willoughby of Parham for 15 days pay of his troope of 80 harquebusiers endinge 14 pr[esen]t £170 - -s - -d,"Willoughby of Parham, Lord",Captain,horse,,,,,
4073,V0982,Vernon,30v,1642-10-15,more for the arrears of his said troope & his paye as collonell of a regiment of horse £135 - 19s - 6d,"Willoughby of Parham, Lord",Captain,horse,,,,,
4074,V1069,Vernon,32v,1642-10-27,48 p[ai]d the Lord willoughby for 9 dayes pay for his owne troop of 80 harqueb[usiers] from the 15 to the 24 [Octo]bre 134 - 16.6. as alsoe for his owne pay as collonel of a reg[imen]t of horse at 30s p[er] diem 13l.10s. £148 - 6s - 6d,"Willoughby of Parham, Lord",Colonel,horse,,,,,
4075,V1070,Vernon,32v,1642-10-27,48 p[ai]d william Porker Chaplaine of that regiment for his pay being 2 mo[nths] & 21 dayes £30 - 16s - 0d,"Willoughby of Parham, Lord",Colonel,horse,,,,,
4076,V1207,Vernon,35v,1642-11-10,48 p[ai]d the Lord willoughby of parrham for himself officers & troop uppon accompt £230 - 8s - -d,"Willoughby of Parham, Lord",Captain,horse,,,,,
4077,V1208,Vernon,35v,1642-11-10,p[ai]d w[illia]m de morgey surgeon of that reg[imen]t £25 - 4s - -d,"Willoughby of Parham, Lord",Colonel,horse,,,,,
4078,V1466,Vernon,40v,1642-12-03,48 p[ai]d w[illia]m Parker Chaplaine to my lord willougbyes Reg[imen]t for his and his mans pay to the 3 [Decem]bre £21 - 12s - 8d,"Willoughby of Parham, Lord",Colonel,horse,,,,,
4079,V1467,Vernon,40v,1642-12-03,48 p[ai]d Isaac de Morque Chirurgeon the said Reg[imen]t for his pay and bidett[es] to the 3 [December] £25 - 4s - -d,"Willoughby of Parham, Lord",Colonel,horse,,,,,
4080,V1470,Vernon,40v,1642-12-03,48 p[ai]d the lord willoughby for guift monie to 59 horsemen w[hi]ch apeared under his comand in Chelsey feild £14 - 15s - 0d,"Willoughby of Parham, Lord",Captain,horse,,,,,
4081,V1506,Vernon,41v,1642-12-03,48 p[ai]d the lord willoughby for pay of himself as collonell & a whole mo[nths] pay of his troope of 80 harquebusiers begining [?9?] [Novem]bre £461 - 6s - -d,"Willoughby of Parham, Lord",Colonel,horse,,,,,
4082,V1885,Vernon,49r,1643-01-06,48 p[ai]d the lord willoughby of Parrham for a mo[nths] pay for himself as Collonel beg[inning] 3 december 42l more for a mo[nths] paye for his troop of 80 harg[ebusiers] uppon acc[oun]tt £461 - 6s - -d,"Willoughby of Parham, Lord",Colonel,horse,,,,,
4083,V2010,Vernon,52r,1643-01-24,48 p[ai]d the lord willoughby for soe much by him lent to Coll[onel] Ballard for payment of a monthes advance unto Capt[ain] manly Capt[ain] Bower C[aptain] Cracroft & C[aptain] Fowke 4 leifft[enant]s & 3 ensigns being officers of the reg[imen]t of the said Coll[onel] Ballard £119 - 0s - 0d,"Willoughby of Parham, Lord",,,,,,,
4084,V0599,Vernon,21r,1642-09-06,91 p[ai]d Captaine william willoughby by way of imprest for the charge of securinge the Blockhouse at Gravesend and the ordinance at wolwich £100 - 0s - 0d,"Willoughby, William",Captain,,,,,,
4085,V0493,Vernon,18v,1642-09-03,78 p[ai]d Captaine Francis wilson for on monthes pay of his compa[ny] of 50 sold[ier]s in my lord mandevill[es] regiment from the 1 [Septem]bre present £46 - 13s - 4d,"Wilson, Francis",Captain,foot,,"Mandeville, Lord",,,
4086,V0354,Vernon,14v,1642-08-26,61 p[ai]d Capt[ain] Robert Wiltshire of the regim[en]t of S[i]r w[illia]m Fairffax for on months pay of 57 soldiers from the 23 Aug[us]t £53 - 4s - 0d,"Wiltshire, Robert",Captain,foot,,"Fairfax, William, Sir",,,
4087,V0130,Vernon,8v,1642-08-12,29 p[ai]d Capt[ain] Edward wingatt for mountinge and apointing him self & offic[ers] £280 - 0s - 0d,"Wingate, Edward",Captain,horse,,,,,
4088,V0255,Vernon,12r,1642-08-19,29 p[ai]d Captaine Edward wingat for mountinge of 3 corporall 42 more for 2 trumpeters 1 sadler & 1 farr[ie]r 32. 74.0.0 £74 - 0s - 0d,"Wingate, Edward",Captain,horse,,,,,
4089,V0256,Vernon,12r,1642-08-19,more for scarff[es] for his troope £30 - 0s - 0d,"Wingate, Edward",Captain,horse,,,,,
4090,V0382,Vernon,15v,1642-08-27,29 Captaine Edward Wingatt for on months pay for himself and officers of a troop of 60 harqueb[usiers] by advance £349 - 6s - 0d,"Wingate, Edward",Captain,horse,,,,,
4091,V0383,Vernon,15v,1642-08-27,more 94.10.6. beinge the pay due unto the officers of the said troope from the 30 of Julie last inclusive to the 18 of this instant Aug[us]t exclusive being 19 daies £94 - 10s - 6d,"Wingate, Edward",Captain,horse,,,,,
4092,V0823,Vernon,27r,1642-10-03,29 p[ai]d Captaine Edward wingat for pay of 1/2 a monthe for himself officers & troope to end the 14 [Octo]bre £174 - 13s - 0d,"Wingate, Edward",Captain,horse,,,,,
4093,V1081,Vernon,32v,1642-10-27,29 p[ai]d Capt[ain] Edward wingat toward[es] the payment of his troop uppon acc[oun]t £100 - -s - -d,"Wingate, Edward",Captain,horse,,,,,
4094,V1326,Vernon,37v,1642-11-14,29 p[ai]d Capt[ain] Edward wingat for 1/2 a mo[nths] pay for his troope £174 - 13s - -d,"Wingate, Edward",Captain,horse,,,,,
4095,V2180,Vernon,55v,1643-03-06,29 p[ai]d Capt[ain] Edward wingate in part of a warr[ant] of 811.17 for his troop in 2 paym[entes] of the 10 [Decem]bre & 6 march £250 - 0s - 0d,"Wingate, Edward",Captain,horse,,,,,
4096,V2415,Vernon,60v,1643-04-13,29 p[ai]d Capt[ain] wingate toward[es] paym[en]t of his officers and troop[er]s uppon acc[oun]tt £100 - 0s - 0d,"Wingate, Edward",Captain,horse,,,,,
4097,V2702,Vernon,66v,1643-06-19,29 p[ai]d C[aptain] wingat the remainer of a warrent of the 2 dec[ember] £61 - 17s - -d,"Wingate, Edward",Captain,,,,,,
4098,V0955,Vernon,30r,1642-10-13,16 p[ai]d w[illia]m winter Chaplaine to my lord St John for his provision pay and servant[es] pay to the last [Septem]bre £34 - 14s - 0d,"Winter, William",Chaplain,foot,,"St John of Bletso, Lord",,,
4099,V0116,Vernon,8r,1642-08-12,27 p[ai]d Roger Wise Ingineer goinge to the countye of southampton £15 - 0s - 0d,"Wise, Roger",Engineer,,,,,,
4100,V3222,Vernon,76v,1643-08-26,19 p[ai]d Edward withers who hath the charg of [th]e Ingine for 14 dayes £14 - -s - -d,"Wither, Edward",in charge of the engine,,,,,,
4101,F0138,Fenton,99r,1643-07-15,p[ai]d Capt[ain] Geo[rge] Withers £66 - 10s - 0d,"Wither, George",Captain,,,,,,
4102,F0147,Fenton,99r,1643-07-18,p[ai]d Capt[ain] Geo[rge] Withers £100 - 0s - 0d,"Wither, George",Captain,,,,,,
4103,V2996,Vernon,72v,1643-08-16,151 p[ai]d C[aptain] withers for 7 days pay for his troop £58 - 16s - 0d,"Wither, George",Captain,horse,,,,,
4104,V3236,Vernon,77r,1643-08-26,199 p[ai]d C[aptain] George withers for 14 days pay for his troope £117 - 12s - -d,"Wither, George",Captain,horse,,,,,
4105,V1703,Vernon,45v,1642-12-19,151 p[ai]d C[aptain] Richard [^Henry^] withers for 14 days paye for himself officers & 23 sold[ier]s in the said Regi[men]t beg[inning] 24 november £31 - 14s - 8d,"Wither, Henry",Captain,foot,,"Holborne, James",,,
4106,V2825,Vernon,69r,1643-01-07,152 p[ai]d [th]e 7 Janu[ary] by the like order to Capt[ain] Haynes C[aptain] Rainsborrough C[aptain] [^Henry^] wythers & Capt[ain] Jo[hn] withers w[hi]ch is likewise entred by the auditor Broad £200 - 0s - 0d,"Wither, Henry",Captain,,,,,,
4107,V1702,Vernon,45v,1642-12-19,151 p[ai]d Capt[ain] Jo[hn] withers for a mo[nths] pay for 97 sold[ier]s in Coll[onel] Holbornes Regi[men]t begining [th]e 2 [Decem]bre £90 - 10s - 8d,"Wither, John",Captain,foot,,"Holborne, James",,,
4108,V2825,Vernon,69r,1643-01-07,152 p[ai]d [th]e 7 Janu[ary] by the like order to Capt[ain] Haynes C[aptain] Rainsborrough C[aptain] [^Henry^] wythers & Capt[ain] Jo[hn] withers w[hi]ch is likewise entred by the auditor Broad £200 - 0s - 0d,"Wither, John",Captain,,,,,,
4109,V3213,Vernon,76v,1643-08-26,197 p[ai]d C[aptain] Tho[mas] wogan for 14 days pay for his troope £187 - 19s - -d,"Wogan, Thomas",Captain,horse,,,,,
4110,V3375,Vernon,79r,1643-10-16,197 p[ai]d C[aptain] Tho[mas] Ogan for his troop £98 - 0s - 0d,"Wogan, Thomas",Captain,horse,,,,,
4111,V3632,Vernon,82v,1643-12-09,197 p[ai]d Capt[ain] Thomas wogan for 14 days pay for his troop £100 - 2s - 0d,"Wogan, Thomas",Captain,horse,,,,,
4112,V3806,Vernon,84v,1644-02-13,197 p[ai]d Ca[ptain] wogan the like £170 - 2s - -d,"Wogan, Thomas",Captain,horse,,,,,
4113,V2476,Vernon,62r,1643-04-28,"168 p[ai]d unto Edward wollaston, Henry Crossly Richard Hind, Jo[hn] Baldwin, John Symond[es] Thomas Adams, Georg Ewer, George whitledge, Samuel Flesher, Thomas kelsey Thomas Chetwood, John shelby George white gent[lemen] apointed paymasters of the severall Regiment[es] of Foot in the parlim[entes] service the some of 5 pownd[es], to be given 12s to every soldier of the said Regi[men]t[es] by way of reward £5000 - 0s - 0d","Wollaston, Edward",Paymaster,foot,,,,,
4114,V3087,Vernon,74r,1643-08-18,"187 p[ai]d Cap[tain] Hugh Phillips, w[illia]m Botteler & Tho[mas] wolling 3 capt[ains] of Coll[onel] Cholmlies Regi[men]t for 7 days pay £15 - 15s - 0d","Wolling, Thomas",Captain,foot,,"Cholmley, Henry, Sir",,,
4115,F0282,Fenton,101v,1643-09-01,p[ai]d M[aste]r Rob[er]te Woolsey £10 - 0s - 0d,"Wolsey, Robert",,,,,,,
4116,V3628,Vernon,82v,1643-12-09,p[ai]d Rob[er]t Wolsey Asistant to [th]e quart[er] m[aste]r g[e]n[era]ll uppon accompt £15 - 0s - 0d,"Wolsey, Robert",Assistant To QMG,,,,,,
4117,V3879,Vernon,85r,1644-02-27,p[ai]d Rob[er]t wolssey assistant to [th]e quart[e]r m[aste]r g[e]n[era]ll £7 - 0s - 0d,"Wolsey, Robert",Assistant To QMG,,,,,,
4118,V3061,Vernon,73v,1643-08-18,p[ai]d Rob[er]t wood on of the Phisitions of the Army for 21 days pay from [th]e 6 Feb[ruary] to [th]e 26 d[i]tt[o] £10 - 10s - 0d,"Wood, Robert",Physician,,,,,,
4119,V1276,Vernon,36v,1642-11-11,124 p[ai]d sergeant major Bellye sergeant major wood & Captaine waddall 3 scot[es] officers latelie intertaind £88 - -s - -d,"Wood, Thomas",Major,,,,,,
4120,V1510,Vernon,41v,1642-12-03,139 p[ai]d sergeant major Thomas wood for a mo[nths] pay as above £33 - 10s - -d,"Wood, Thomas",Major,,,,,,
4121,V2805,Vernon,68v,1643-06-22,139 p[ai]d Thomas wood leifft[enant] Coll[onel] in Coll[onel] Holmstead[es] reg[imen]t for 42 dayes pay end[ing] 15 pres[en]t £63 - -s - -d,"Wood, Thomas",Lt-Colonel,foot,,"Holmstead, John",,,
4122,F0192,Fenton,100r,1643-07-31,p[ai]d L[ieutenan]t Coll[onel] Tho[mas] Wood £10 - 10s - 0d,"Wood, Thomas",Lt-Colonel,,,,,,
4123,V0618,Vernon,21v,1642-09-06,94 p[aid] S[i]r Christopher wray Capt[ain] of a troop of horse for mountinge himself & offic[er]s £280 - 0s - 0d,"Wray, Christopher, Sir",Captain,horse,,,,,
4124,V0680,Vernon,23v,1642-09-09,97 p[ai]d S[i]r Christ[opher] wray capt[ain] of a troop of horse for providinge 60 great sadles and bitt[es] £150 - -s - -d,"Wray, Christopher, Sir",Captain,horse,,,,,
4125,V0681,Vernon,23v,1642-09-09,more for padsadles & bridles for 2 trumpet[er]s a farier & sadler £6 - 0s - 0d,"Wray, Christopher, Sir",Captain,horse,,,,,
4126,V0682,Vernon,23v,1642-09-09,more for mounting 3 corporall[es] 42l two trumpet[er]s a farier & saddler 32 £74 - 0s - 0d,"Wray, Christopher, Sir",Captain,horse,,,,,
4127,F0111,Fenton,98v,1643-07-05,p[ai]d Capt[ain] Edw[ard] Younge £20 - 0s - 0d,"Younge, Edward",Captain,,,,,,
4128,F0157,Fenton,99r,1643-07-20,p[ai]d Capt[ain] Edward Younge £46 - 18s - 0d,"Younge, Edward",Captain,,,,,,
4129,F0209,Fenton,100r,1643-08-03,p[ai]d Edw[ard] Younge £21 - 7s - 0d,"Younge, Edward",,,,,,,
