RowID,EntryID,Markup,Folio,Date,Left column,Main column,Pounds,Shillings,Pence
1,V0001,pb,5r,,,5r,,,
2,V0002,head,5r,1642-08-02,,August 2 1642,,,
3,V0003,table (single row),5r,1642-08-02,,[del: p[ai]d S[i]r John Evelinge for S[i]r Phillip Stapleton by order of the Committee of Lord[es] and Commons for defence of the kingdome for the furnishinge of 40 gentlemen for the lord Generall[es] guard the some of six hundreth pownd[es] w[hi]ch monie was first paid by the Th[reasur]ers of monie and plate in yealdhall and made good to them uppon the first 5000 [pounds] receaved of them.],,,
4,V0004,head,5r,1642-08-05,,August 5th 1642,,,
5,V0005,open table,5r,1642-08-05,4,p[ai]d Captaine John Urrey for the advance of on monethes paye of a troope of Harquebusiers consistinge of 70 horses besid[es] officers,380,16,0
6,V0006,tr,5r,1642-08-05,4,p[ai]d Richard Lewis assigne of S[i]r william Lewis on thowsand pownd[es] to be imployed for the defence of hampshire,1000,0,0
7,V0007,tr,5r,1642-08-05,sellery,p[ai]d M[aste]r Edward Pickeringe by a warr[an]tt for charges of post horses in the service of the parliament,50,0,0
8,V0008,close table,5r,1642-08-05,5,p[ai]d Captaine william St leger for the advance of a monthes pay of a troop of horse of 70 besid[es] officers - memorand[um] the war[ran]t is 8l more then it should be being 8l for 8s to be deducted next pay,198,0,0
9,V0009,head,5r,1642-08-06,,6 [August 1642],,,
10,V0010,open table,5r,1642-08-06,5,p[ai]d Captaine Paule watt[es] of the regiment of my Lord Mandevill for a months advance of his intertainm[en]t,21,0,0
11,V0011,tr,5r,1642-08-06,6,p[ai]d Captaine Peeter Merford of the regiment of Collonell Ballard for a months advance of his intertainment,21,-,-
12,V0012,tr,5r,1642-08-06,6,p[ai]d Captaine Elias Struice of my Lord whartons regiment for a months paye advance of his intertainment,21,0,0
13,V0013,tr,5r,1642-08-06,7,p[ai]d Captaine Alexander Nerne 190l.8s.0 for advance of half a monthes paye of a troop of horse of 70 besides officers,190,8,0
14,V0014,tr,5r,1642-08-06,7,p[ai]d Lord wharton for advance of one half monthes pay of a troope of 80 horse harquebusiers besid[es] officers,207,18,0
15,V0015,close table,5r,1642-08-06,,,2090,2,-
16,V0016,pb,5v,1642-08-06,,5v,,,
17,V0017,head,5v,1642-08-06,,August 6 1642,,,
18,V0018,open table,5v,1642-08-06,,Sommeth [th]e other side,2090,2,0
19,V0019,tr,5v,1642-08-06,8,p[ai]d S[i]r w[illia]m waller for the advance of one monthes pay of a troope of horse of sixtie harquebusiers besid[es] officers the some of three hundreth forty five pownd[es] sixteen shillings by way of imprest,345,16,0
20,V0020,close table,5v,1642-08-06,8,more p[ai]d him for an arreer due unto him and his officers from the 25 Julie to the 6th of August exclusive being 22 dayes the some of on hundreth and five pownd[es] twelve shillings,105,12,0
21,V0021,head,5v,1642-08-08,,8 Aug[us]tt,,,
22,V0022,open table,5v,1642-08-08,8,p[ai]d S[i]r Faithfull fortescue for the advance of half a monthes paye for a troope of horse of 70 harquebusiers besid[es] officers on hundreth ninty l eight s,190,8,-
23,V0023,tr,5v,1642-08-08,9,p[ai]d my lord Grey of Grooby for the advance of on half monthes pay of a troop of horse of 60 harquebusiers Clxxii l xviii s,172,18,0
24,V0024,tr,5v,1642-08-08,9,p[ai]d Captaine Edward Askew for advance of 1/2 a monthes pay of a troope of 60 Harquebusiers,172,18,0
25,V0025,tr,5v,1642-08-08,10,p[ai]d the Earlle of Stamford for advance of half a monthes paye of 60 horse harquebusiers,172,18,0
26,V0026,tr,5v,1642-08-08,10,p[ai]d Captaine Francis Fines for advance of half a monthes pay as above,172,18,0
27,V0027,tr,5v,1642-08-08,11,p[ai]d Captaine Thomas Temple for advance of half a monthes pay as above,172,18,0
28,V0028,close table,5v,1642-08-08,11,p[ai]d Captaine John Gunter by 2 warr[anttes] one of the 6 & the other of the 8 present for advance of a monthes pay for a troope of 60 harquebusiers,345,16,0
29,V0029,head,5v,1642-08-09,,9 [August 1642],,,
30,V0030,open table,5v,1642-08-09,12,p[ai]d Collonel Browne Collonell of 1000 dragooners by way of imprest to be distributed amonge his officers,100,0,0
31,V0031,close table,5v,1642-08-09,,,4042,4,-
32,V0032,pb,6r,1642-08-09,,6r,,,
33,V0033,table (single row),6r,1642-08-09,,Soumeth the payment[es] on the other sid,4042,4,0
34,V0034,head,6r,1642-08-09,,The 9 August 1642,,,
35,V0035,open table,6r,1642-08-09,12,p[ai]d the Lord St John of Bletzo Collonell of 1200 foot for himself & his officers for a month and other payment[es] as by [th]e warrant appereth,1044,16,0
36,V0036,tr,6r,1642-08-09,13,p[ai]d Collonell John Hampden uppon acc[oun]tt of his regiment,2000,0,0
37,V0037,tr,6r,1642-08-09,13,p[ai]d Capt[ain] Francis Dowett for mountinge of 3 corporall[es],42,0,0
38,V0038,tr,6r,1642-08-09,14,p[ai]d Collonell John Dulbier for mounting of himself and officers of a troope of 60 horse as by the warrant,354,0,0
39,V0039,tr,6r,1642-08-09,14,p[ai]d my Lord Brook[es] for mountinge 2 trumpeters 1 farrier & 1 sadler at 8l a peece,32,0,0
40,V0040,tr,6r,1642-08-09,15,p[ai]d Capt[ain] [^Natha^] Fines for the like,32,0,0
41,V0041,tr,6r,1642-08-09,11,p[ai]d Capt[ain] Thomas Temple for mountinge 3 corporall[es],42,0,0
42,V0042,tr,6r,1642-08-09,to S[i]r Geo[rge] Chudly 80,p[ai]d Lewis Marshall leifftennent to S[i]r Georg Chudleigh by way of imprest uppon accompt,20,0,0
43,V0043,tr,6r,1642-08-09,15,p[ai]d Collonell Arthur Goodwine for furnishinge of 4 Captaines and ther officers w[i]th horse armes and other necessaries belonginge to his Regiment,1120,0,0
44,V0044,tr,6r,1642-08-09,16,"p[ai]d Captaine Arthur Eveline 42l for mountinge of his 3 corporall[es], more 32l for mountinge 2 trumpeters on farier and on sadler",74,0,0
45,V0045,tr,6r,1642-08-09,14,"p[ai]d my lord Brooke Captaine of a troop of 60 harquebusiers for the pay of his l[ordshi]p and officers for [?15?] dayes, 49 5: more for 7 daies more for his officers and troop 52l.10. In all",101,15,0
46,V0046,tr,6r,1642-08-09,14,more p[ai]d him for advance of a months paye for the said troope,345,16,0
47,V0047,close table,6r,1642-08-09,,,9250,11,
48,V0048,pb,6v,1642-08-09,,6v,,,
49,V0049,table (single row),6v,1642-08-09,,Sommeth the paym[entes] on the other side,9250,11,0
50,V0050,head,6v,1642-08-10,,10 August [1642],,,
51,V0051,open table,6v,1642-08-10,10,p[ai]d the Earle of Stamford as collonell of a regim[en]t of Foot for himself and his officers for a monthe and other payment[es] accordinge to the warr[an]tt,1045,16,0
52,V0052,tr,6v,1642-08-10,11,p[ai]d Captaine John Gunter for [th]e pay of himse[lf] and his officers from the 15 Julie Inclusive to the 6th of Aug[us]t exclusive being 21 dayes,104,9,6
53,V0053,tr,6v,1642-08-10,11,more p[ai]d him the some of tenn pound[es] for the sadler and farrier to be defalked of ther pay at 5s the weeke,10,0,0
54,V0054,tr,6v,1642-08-10,11,more p[ai]d him 26l for the pay of his troope from the 2 of Aug[us]t to the 6th beinge 4 dayes,26,0,0
55,V0055,tr,6v,1642-08-10,16,p[ai]d Capt[ai]n John Alured for mounting himself & his officers being Capt[ain] of a troop of horse,354,0,0
56,V0056,tr,6v,1642-08-10,17,p[ai]d Capt[ain] John Hotham for mounting himself and his officers beinge Capt[ain] of a troop of horse,354,0,0
57,V0057,tr,6v,1642-08-10,17,p[ai]d Capt[ain] w[illia]m Prettye for the advance of on monthes pay of of a troupe of 60 harquebusiers the some of by Imprest,349,16,-
58,V0058,tr,6v,1642-08-10,,more p[ai]d him for padd[es] bridles and bitt[es] for the 2 trumpeters farrier and sadler,6,0,0
59,V0059,tr,6v,1642-08-10,,more for his sadler and farrier to be defalked out of ther pay at 5s a weeke delivered him by way of imprest,10,0,0
60,V0060,tr,6v,1642-08-10,,more p[ai]d him for the pay of himself and officers from the 15th of Julie Inclusive to the 6th of August exclusive being 21 daies by way of imprest,104,9,6
61,V0061,tr,6v,1642-08-10,18,p[ai]d Capt[ain] Edward Ayscough for advance of another half monthes pay of a troope of 60 harquebusiers besid[es] officers,174,13,0
62,V0062,tr,6v,1642-08-10,,"more p[ai]d him for padd[es] bridles and bitt[es] for his 2 trumpeters, farrier and sadler",6,0,0
63,V0063,tr,6v,1642-08-10,,more for mountinge of 3 corporall[es],42,0,0
64,V0064,tr,6v,1642-08-10,18,p[ai]d Capt[ain] Jam[es] Sheffeild for advance of a monthes pay of a troop of 60 harquebusiers,349,16,0
65,V0065,close table,6v,1642-08-10,,,12187,11,0
66,V0066,pb,7r,1642-08-10,,7r,,,
67,V0067,table (single row),7r,1642-08-10,,Sommeth the payment[es] on the other side,12187,11,0
68,V0068,head,7r,1642-08-10,,10 August 1642,,,
69,V0069,open table,7r,1642-08-10,19,p[ai]d Capt[ain] Robert Burghill for advance of on monthes paye of a troope of 60 harqu[ebusiers],349,16,0
70,V0070,tr,7r,1642-08-10,10,p[ai]d Capt[ain] Fra[ncis] Fienns for mountinge 3 corporall[es] 42l more for mounting 2 trumpetters on sadler and on farrier 32l,74,0,0
71,V0071,tr,7r,1642-08-10,15,p[ai]d Captaine Nathaneel Fiennis for advance of one months paye of his troop of 60 harquebuziers,345,16,
72,V0072,close table,7r,1642-08-10,16,p[ai]d Captaine Arthur Evelinge for advance of on half monthes pay of a troope of horse of 60 harquebusiers,174,6,
73,V0073,head,7r,1642-08-11,,11 [August 1642],,,
74,V0074,open table,7r,1642-08-11,19,p[ai]d Captaine George Tompson for advance of on monthes paye for a troope of 60 harquebusiers by way of imprest,349,6,0
75,V0075,tr,7r,1642-08-11,,more p[ai]d him for mountinge 2 trumpeters on sadler and on farrier,32,0,0
76,V0076,tr,7r,1642-08-11,,more p[ai]d him for pay of himself and officers from the 21 Julie to the 6 August beinge an arreer due to him and his officers,79,12,0
77,V0077,tr,7r,1642-08-11,,more p[ai]d him for his sadler and farrier to be defalked out of ther pay at 5s a weeke to be delivered to him by way of imprest,10,0,0
78,V0078,tr,7r,1642-08-11,20,p[ai]d Leifftenn[an]t Collonell Davies for entertainment of my lord Gennerall Regiment of 15C menn for on month w[i]th other paym[en]ts cont[aine]d in the warr[an]t,1461,17,4
79,V0079,tr,7r,1642-08-11,20,p[ai]d S[i]r Henry Vane the yonger for the use of the navy w[hi]ch monie is to be repaid us in 3 weeks,2000,0,0
80,V0080,tr,7r,1642-08-11,21,p[ai]d S[i]r w[illia]m Fairfax for a monthes entertainm[en]t of his regiment of 12C menn by way of imprest,1244,16,0
81,V0081,tr,7r,1642-08-11,14,p[ai]d the Lord brooke for a monthes entertainment of his regiment of 1200 men by way of imprest,1044,16,0
82,V0082,close table,7r,1642-08-11,,,19353,16,4
83,V0083,pb,7v,1642-08-11,,7v,,,
84,V0084,table (single row),7v,1642-08-11,,Sommeth [th]e paym[en]ts on the other side,19353,16,4
85,V0085,head,7v,1642-08-11,,11 [August 1642],,,
86,V0086,open table,7v,1642-08-11,,p[ai]d Capt[ain] Thomas Temple for advance of of on halff monthes pay of a troope of harquebusiers besid[es] officers. Imprest,174,-,-
87,V0087,tr,7v,1642-08-11,11,more p[ai]d him for an arreer of paye due to himself and officers from the 13th of Julie last to the 6 of August being 21 daies 104.9.6: & for 3 dayes for 60 troop[ers] from the muster to the 6th of Aug[us]t the some of 22.10,126,19,6
88,V0088,tr,7v,1642-08-11,,more for padd[es] bridles and bitt[es] for a farrier & sadler,6,0,0
89,V0089,tr,7v,1642-08-11,,p[ai]d tot[al] 306.19.6d.,,,
90,V0090,tr,7v,1642-08-11,21,p[ai]d Capt[ain] Anselme Capt[ain] of a troope of Cuirassiers being the gennerall of the hors his [^troop^] by advance uppon acc[ount],600,0,0
91,V0091,tr,7v,1642-08-11,22,p[ai]d the Lord Viscount Rochford for on months intertainm[en]t of his regiment of 1200 foot,1244,16,0
92,V0092,tr,7v,1642-08-11,22,p[ai]d the Leifftenn[an]t Gen[era]ll of the Artiglirye uppon accompt,1000,0,0
93,V0093,tr,7v,1642-08-11,23,p[ai]d M[aste]r Henry Martine for the charge of raisinge 2000 menn whereof on thowsand for Hull uppon acc[oun]tt,2000,0,0
94,V0094,tr,7v,1642-08-11,9,p[ai]d my lord Greye for mountinge of 3 corporalls,42,0,0
95,V0095,tr,7v,1642-08-11,9,more for what was dew to him and his officers from the 15th of Julie Inclusive to the 6th of Aug[us]tt exclusive beinge 21 dayes,104,9,0
96,V0096,close table,7v,1642-08-11,sallery,p[ai]d John Sharpe & John Richardson for ther travaile and charge of bringinge up severall french menn from Canterbury,30,0,0
97,V0097,head,7v,1642-08-12,,12 [August 1642],,,
98,V0098,open table,7v,1642-08-12,14,p[ai]d the Lord Brooke to furnish his farier & sadler 6l a peece imprest,12,0,0
99,V0099,tr,7v,1642-08-12,17,p[ai]d Capt[ain] Pretty for allowance made to him for scarff[es] for his troope,30,0,0
100,V0100,tr,7v,1642-08-12,18,p[ai]d Capt[ain] Edward Aiscough the like,30,0,0
101,V0101,tr,7v,1642-08-12,23,"p[ai]d Capt[ain] Allexander Pim for mountinge 3 corporall[es] 42, more for mountinge 2 trumpeters 1 sadler and on farrier 32",74,0,0
102,V0102,close table,7v,1642-08-12,,,24828,0,10
103,V0103,pb,8r,1642-08-12,,8r,,,
104,V0104,table (single row),8r,1642-08-12,,Sommeth the payment[es] on the other side,24828,0,10
105,V0105,head,8r,1642-08-12,,12 [August 1642],,,
106,V0106,open table,8r,1642-08-12,24,p[ai]d Collonell Charles Essex Collonel of a regiment of 1200 for on monthes intertainment by way of imprest,1244,16,-
107,V0107,tr,8r,1642-08-12,24,p[ai]d the Lord Viscount say & seal Collonel of 1200 menn for a monthes intertainment as above,1044,16,0
108,V0108,tr,8r,1642-08-12,25,p[ai]d Capt[ain] Adrian Scroop Capt[ain] of a troop of horse for providinge himself & his officers w[i]th horses armes and other necessaries,280,0,0
109,V0109,tr,8r,1642-08-12,25,p[ai]d Captaine Hercules Langrish for providinge himself and officers as above,280,0,0
110,V0110,tr,8r,1642-08-12,26,p[ai]d Capt[ain] John Fleminge Capt[ain] of a troope of horse for raisinge of his troop,354,0,0
111,V0111,tr,8r,1642-08-12,13,p[ai]d Capt[ain] Fra[ncis] Dowett for 1 monthes pay for his intertainem[en]t of his troope of 60 horse,349,6,0
112,V0112,tr,8r,1642-08-12,13,more for an arreer due to him and his officers from [th]e 15 Julie Inclusive to the 6 of August exclusive beinge 21 days,104,9,6
113,V0113,tr,8r,1642-08-12,,more for allowance of scarff[es] for his troop,30,0,0
114,V0114,tr,8r,1642-08-12,26,p[ai]d Captaine George Austin for the mountinge of himself and his officers,280,0,0
115,V0115,tr,8r,1642-08-12,27,p[ai]d Captaine John hall for the mountinge of himself & officers,280,0,0
116,V0116,tr,8r,1642-08-12,27,p[ai]d Roger Wise Ingineer goinge to the countye of southampton,15,0,0
117,V0117,tr,8r,1642-08-12,28,p[ai]d Rob[er]t Good Captaine of the pioners goinge for the same place,10,0,0
118,V0118,tr,8r,1642-08-12,,p[ai]d Thomas Mathew and 6 other of his companions for intelligence out of Portsmouth,14,0,0
119,V0119,tr,8r,1642-08-12,28,p[ai]d my lord Hastings for advance of one half monthes pay for his troop of 60 harquebusiers,174,13,0
120,V0120,tr,8r,1642-08-12,,more for 3 corporall[es] 42l & 2 trumpeters on sadler 32,74,0,0
121,V0121,tr,8r,1642-08-12,,more scarff[es],30,0,0
122,V0122,close table,8r,1642-08-12,,,29393,1,4
123,V0123,pb,8v,1642-08-12,,8v,,,
124,V0124,table (single row),8v,1642-08-12,,Soumeth the paym[entes] on the oth[e]r side,29393,1,4
125,V0125,head,8v,1642-08-12,,12 [August 1642],,,
126,V0126,open table,8v,1642-08-12,19,p[ai]d Captaine Burghill for an arreer of pay due to him & his officers from the 15 Julie Inclusive to the 6 August exclusive,104,9,6
127,V0127,tr,8v,1642-08-12,29,p[ai]d Capt[ain] Bird for on monthes pay due to himself and officers to beginn from the 6 August,349,6,0
128,V0128,tr,8v,1642-08-12,29,more p[ai]d him for arreer of 9 dayes till the 6 of Aug[us]tt,112,5,6
129,V0129,tr,8v,1642-08-12,,more for scarff[es],30,0,0
130,V0130,close table,8v,1642-08-12,29,p[ai]d Capt[ain] Edward wingatt for mountinge and apointing him self & offic[ers],280,0,0
131,V0131,head,8v,1642-08-13,,13 [August 1642],,,
132,V0132,open table,8v,1642-08-13,30,p[ai]d Collonell Grantham for a monthes entertainm[en]t of his regiment of 1200 foot,1244,16,0
133,V0133,tr,8v,1642-08-13,30,p[ai]d Collonell Ballard for on monthes entertainment of his regiment as above,1244,16,0
134,V0134,tr,8v,1642-08-13,31,p[ai]d Collonell Bamfeild for on monthes entertainm[en]t for his regiment as above,1244,16,0
135,V0135,tr,8v,1642-08-13,31,p[ai]d James Senior provost marshall for his intertainment & traine,410,0,0
136,V0136,tr,8v,1642-08-13,8,p[ai]d S[i]r Faithfull Fortescue for another 1/2 monthes pay for his troope,198,0,0
137,V0137,tr,8v,1642-08-13,32,p[ai]d Capt[ain] Alexander Dowglas for providinge of himself and officers w[i]th horse armes and other necessaries for the service,280,0,0
138,V0138,tr,8v,1642-08-13,5,p[ai]d Captaine w[illia]m St leger for advance of a half monthes pay for his troope of 70 harquebusiers 198l of w[hi]ch is abated 8l p[ai]d him to much the 5th Aug[us]tt,190,0,0
139,V0139,tr,8v,1642-08-13,32,p[ai]d Capt[ain] John Fienns for mountinge himself and his officers,280,0,0
140,V0140,tr,8v,1642-08-13,33,p[ai]d S[i]r w[illia]m Balfour Leifftenn[an]t g[enera]ll of the horse uppon accompt,120,0,0
141,V0141,close table,8v,1642-08-13,,,35481,10,4
142,V0142,pb,9r,1642-08-13,,9r,,,
143,V0143,table (single row),9r,1642-08-13,,Sommeth the paym[entes] on the other side,35481,10,4
144,V0144,head,9r,1642-08-13,,13 Aug[us]tt [1642],,,
145,V0145,open table,9r,1642-08-13,33,p[ai]d S[i]r Henry cholmlye k[nigh]tt Collonell of a regiment of 1200 menn vizt 829l.10s.0 for advance of 1/2 a monthes pay more for the surgeons chest 15l. more for [th]e marshall[es] Irons 7l & 30l for hiring wagons to the place in all,881,10,0
146,V0146,tr,9r,1642-08-13,34,"p[ai]d Capt[ain] Horatio Carye for mountinge 3 corporalls 42l more for mountinge 2 trumpeters, his farrier & sadler 32l",74,0,0
147,V0147,tr,9r,1642-08-13,34,more p[ai]d Capt[ain] Anthony Mildmay the like,74,-,-
148,V0148,tr,9r,1642-08-13,35,more p[ai]d Capt[ain] Edward Kyehtly the like all thease 3 in on warr[an]t,74,-,-
149,V0149,tr,9r,1642-08-13,35,p[ai]d the Lord viscount mandevill Coll[onel] of a regiment of 1200 Foot for on monthes entertainm[en]t for his self and his officers by way of imprest,1244,16,4
150,V0150,tr,9r,1642-08-13,36,p[ai]d Gwalter frost for severall provisions by him provided and sent to the towne of Hull,961,16,1
151,V0151,close table,9r,1642-08-13,32,p[ai]d Capt[ain] Allexander Dowglas for mountinge his 3 corporall[es] 42. more 32. for mountinge his farrier sadler & 2 trumpeters,74,0,0
152,V0152,head,9r,1642-08-15,,15 [August 1642],,,
153,V0153,open table,9r,1642-08-15,36,p[ai]d S[i]r Robert Pye Capt[ain] of a troope of 60 harquebusiers by waye of advance,280,0,0
154,V0154,tr,9r,1642-08-15,37,p[ai]d Capt[ain] John Neal for providinge himself and officers w[i]th horse and armes & other necessaries,280,0,0
155,V0155,tr,9r,1642-08-15,37,p[ai]d S[i]r Phillip Stapleton Capt[ain] of the Generalls troope of 100 Cuirassiers for severall things contained in the warr[ant],920,0,0
156,V0156,tr,9r,1642-08-15,,more p[ai]d him for Scarffs for his troope,50,-,-
157,V0157,tr,9r,1642-08-15,,more 45l for mountinge 3 corporall[es] & 24 for mountinge 3 trumpeters,69,0,0
158,V0158,tr,9r,1642-08-15,38,p[ai]d Collonell Hollis for his provost marshall 7 & for his surgeons chest 15l,22,-,-
159,V0159,close table,9r,1642-08-15,,,40486,12,5
160,V0160,pb,9v,1642-08-15,,9v,,,
161,V0161,table (single row),9v,1642-08-15,,Sommeth the paym[entes] on the other side,40486,12,5
162,V0162,head,9v,1642-08-15,,15 Aug[us]t [1642],,,
163,V0163,open table,9v,1642-08-15,11,p[ai]d Capt[ain] John Gunter for scarfes for his troop,30,0,
164,V0164,tr,9v,1642-08-15,38,p[ai]d S[i]r Guilbert Pickeringe & John Crew for payment of such forces as ar at this present imployed for the defence of the countye & towne of northampton by the apointm[en]t of such deputye leifft[enants] as shalbe in the said towne or the greater number of,500,0,0
165,V0165,tr,9v,1642-08-15,12,p[ai]d the lord St John in full of his levy monie,200,0,0
166,V0166,tr,9v,1642-08-15,sallery,p[ai]d Ant[hony] Niccol[es] for conveying of severall packet[es] into severall counties & other reward[es] given,39,10,0
167,V0167,tr,9v,1642-08-15,10,p[ai]d the Earle of Stamford for mounting 2 trumpeters i sadler & a far[rier] 32l. more for scarf[es] for his troop,62,0,0
168,V0168,close table,9v,1642-08-15,sallery,p[ai]d Isaack Broomwich for charges of severall post & messages about the busines of warwicke & coventry,7,0,0
169,V0169,head,9v,1642-08-16,,16 [August 1642],,,
170,V0170,open table,9v,1642-08-16,39,p[ai]d Capt[ain] John Bradley for reparinge of armes w[hi]ch came from hull as also for buyinge of pistoll Cases Cartrages & other things to furnish the said arms,500,0,0
171,V0171,tr,9v,1642-08-16,40,p[ai]d S[i]r John mericke Collonel of 1200 menn for advance of one 1/2 months pay 829.10./ for the surgeons chest 15 marshall Irons 7l,851,10,0
172,V0172,tr,9v,1642-08-16,,more for provision of wagons by way of imprest,30,0,0
173,V0173,tr,9v,1642-08-16,40,p[ai]d John Lisle Esq[uire] 2000 to be imployed for the present service by [th]e direction and apointment of the Committee nominated by both howses or anie 3 of them for the countye of southampt[on],2000,0,0
174,V0174,tr,9v,1642-08-16,9,p[ai]d my lord Grey [^of groby^] for the advance of 1/2 a monthes pay of his troope by imprest,174,13,0
175,V0175,tr,9v,1642-08-16,,more for scarff[es],30,0,0
176,V0176,close table,9v,1642-08-16,,,44911,5,5
177,V0177,pb,10r,1642-08-16,,10r,,,
178,V0178,table (single row),10r,1642-08-16,,Sommeth [th]e payments on the oth[e]r side,44911,5,5
179,V0179,head,10r,1642-08-16,,16 Aug[us]tt [1642],,,
180,V0180,open table,10r,1642-08-16,41,p[ai]d Capt[ain] John Hamond for advance of on monthes pay for his troope of 60 harqueb[usiers],349,6,0
181,V0181,tr,10r,1642-08-16,,more for scarff[es],30,0,0
182,V0182,tr,10r,1642-08-16,7,p[ai]d the lord wharton Collonell of a regim[en]t of 1200 foot for the entertainm[en]t of himself and his officers & other payment[es] belonginge to his regiment,1244,16,0
183,V0183,tr,10r,1642-08-16,34,p[ai]d Capt[ain] Anthony Mildmaye for on monthes pay for his troope of 60 harquebusiers,349,6,0
184,V0184,tr,10r,1642-08-16,,more for scarff[es],30,0,0
185,V0185,tr,10r,1642-08-16,34,p[ai]d Capt[ain] horatio Carey by way of imprest for the advance of one months pay for his troope of 60 harquebusiers,349,6,0
186,V0186,tr,10r,1642-08-16,,more for scarff[es],30,0,0
187,V0187,tr,10r,1642-08-16,35,p[ai]d Capt[ain] Keightly for a monthes advance of his troope,349,6,0
188,V0188,tr,10r,1642-08-16,,more for scarff[es],30,0,0
189,V0189,tr,10r,1642-08-16,11,p[ai]d Capt[ain] Thomas Temple for scarff,30,0,0
190,V0190,tr,10r,1642-08-16,18,p[ai]d Capt[ain] James Sheffeild for an arreer of pay due to him & his officers from the 15 of Julie inclusive to the 6 of Aug[us]t exclusive 21 daies,104,9,6
191,V0191,tr,10r,1642-08-16,,more for his farrier & sadler to be defalked at 5s a weeke,10,0,0
192,V0192,tr,10r,1642-08-16,,"more for padd[es] bridles & bitt[es] for his two trumpeters, sadler & farier",6,0,
193,V0193,tr,10r,1642-08-16,,p[ai]d John Bigg[es] late store keep[e]r of Portsmouth for his losses and expences in that business,20,0,0
194,V0194,tr,10r,1642-08-16,41,p[ai]d Stephen Estwicke toward[es] the provision of Coat[es] shirt[es] shoes & caps for the severall regiment[es] in this exped[ition],1500,0,0
195,V0195,tr,10r,1642-08-16,42,p[ai]d John Baldwin provost marshall genn[era]ll of the horse for mountinge him self and his men w[i]th other thing[es] to him belongine,224,0,0
196,V0196,close table,10r,1642-08-16,,,49567,14,11
197,V0197,pb,10v,1642-08-16,,10v,,,
198,V0198,table (single row),10v,1642-08-16,,Sommeth the paym[entes] on the other side,49567,14,11
199,V0199,head,10v,1642-08-16,,16 Aug[us]tt [1642],,,
200,V0200,table (single row),10v,1642-08-16,42,p[ai]d Capt[ain] Henry Mildmay for mountinge himself and officers in a troop of 60 horse,280,0,0
201,V0201,head,10v,1642-08-17,,17 [August 1642],,,
202,V0202,open table,10v,1642-08-17,12,p[ai]d my lord St John for on monthes advance of pay of one troope of 60 harqueb[usiers],349,6,0
203,V0203,tr,10v,1642-08-17,,more for mountinge 2 trumpeters 1 farrier & on sadler 32 & for scarff[es] 30,62,0,0
204,V0204,tr,10v,1642-08-17,43,p[ai]d Capt[ain] Fra[ncis] Tomson Capt[ain] of a troope of horse by way of imprest for providinge himself and officers horse and arms,280,0,0
205,V0205,tr,10v,1642-08-17,10,p[ai]d the Earle of Stamford for advance of another 1/2 months paye for himself and officers for his troope,174,13,0
206,V0206,tr,10v,1642-08-17,43,p[ai]d Collonell Sandys by way of imprest for advance of on months pay for a troop of harqueb[usiers],349,6,-
207,V0207,tr,10v,1642-08-17,,more for mountinge 3 corporall[es] 42 - more for 2 trumpeters a farier & a sadler,74,0,0
208,V0208,tr,10v,1642-08-17,15,p[ai]d Capt[ain] Nathaneell Fyens for scarff[es] for his troope,30,0,0
209,V0209,tr,10v,1642-08-17,,more for provision of necessaries for [...] his farrier & sadler,10,0,0
210,V0210,tr,10v,1642-08-17,44,p[ai]d Captaine Henry Ireton for mounting 3 corporall[es] 42 more for 2 trumpeters 1 farier & 1 sadler 32,74,0,0
211,V0211,tr,10v,1642-08-17,,more for scarfes for his troope,30,0,0
212,V0212,tr,10v,1642-08-17,15,p[ai]d Collonel Arthur Goodwine for on month pay for his troope,349,6,0
213,V0213,tr,10v,1642-08-17,44,p[ai]d Capt[ain] Richard Greenvill for advance of one monthes pay for his troope,349,6,0
214,V0214,tr,10v,1642-08-17,45,p[ai]d Captaine Thomas Tirrell for advance of on months pay for his troop,349,6,0
215,V0215,tr,10v,1642-08-17,45,p[ai]d Capt[ain] Edmond west for advance of on monthes pay for his troope,349,6,0
216,V0216,tr,10v,1642-08-17,7,p[ai]d my lord wharton for another 1/2 monthes pay for his troope of 80 harquebusiers,207,18,-
217,V0217,close table,10v,1642-08-17,,,52886,1,11
218,V0218,pb,11r,1642-08-17,,11r,,,
219,V0219,table (single row),11r,1642-08-17,,Sommeth the paym[entes] on the other side,52886,1,11
220,V0220,head,11r,1642-08-18,,18th Aug[us]tt [1642],,,
221,V0221,open table,11r,1642-08-18,14,p[ai]d the Lord Brooke for on monthes entertainm[en]t of himself and his regim[en]t on foot by imprest,644,16,
222,V0222,tr,11r,1642-08-18,46,p[ai]d Captaine Vivier captaine of a troope of horse for mountinge himself and his officers,280,0,0
223,V0223,tr,11r,1642-08-18,14,p[ai]d [th]e Lord Brook for Scarff[es] for his troop of horse,30,0,0
224,V0224,tr,11r,1642-08-18,41,p[ai]d Capt[ain] John Hamond for mountinge 3 corporall[es] 42 more 32 for mountinge 2 trumpeters 1 sadler & on farrier,74,0,0
225,V0225,tr,11r,1642-08-18,37,p[ai]d S[i]r Phillipe Stapleton for mountinge of 20 gentlemen more in my Lord Gen[era]lls troope,300,0,0
226,V0226,tr,11r,1642-08-18,37,more for one monthes pay for the officers of on troop of Cuirassiers by way of imprest,186,4,0
227,V0227,tr,11r,1642-08-18,5,p[ai]d Captaine St leger 8s w[hi]ch was p[ai]d him short the 13 present in the 190l,-,8,
228,V0228,tr,11r,1642-08-18,16,p[ai]d S[i]r w[illia]m Cunstable Collonell of a regiment of 1200 menn for on months entertainment for himself and his officers & levy monie for his menn,1244,16,0
229,V0229,tr,11r,1642-08-18,16,p[ai]d Capt[ain] Arthur Evelin for advance of on 1/2 monthes [...] paye for his troope,174,13,0
230,V0230,tr,11r,1642-08-18,,more for scarff[es] for his menn,30,0,0
231,V0231,tr,11r,1642-08-18,45,p[ai]d Captaine Thomas Tirrell for scarff[es] for his troope,30,0,0
232,V0232,tr,11r,1642-08-18,24,p[ai]d my Lord Saye 200l to be added to the 400l p[ai]d for the leviinge of his regiment,200,0,0
233,V0233,close table,11r,1642-08-18,,,56080,18,11
234,V0234,pb,11v,1642-08-18,,11v,,,
235,V0235,table (single row),11v,1642-08-18,,Sommeth the paym[entes] on the other side,56080,18,11
236,V0236,head,11v,1642-08-19,,19th Aug[us]tt 1642,,,
237,V0237,open table,11v,1642-08-19,14,p[ai]d Capt[ain] John Dulbier for a monthes pay for his troope,349,6,0
238,V0238,tr,11v,1642-08-19,,more for scarff[es],30,0,0
239,V0239,tr,11v,1642-08-19,25,p[ai]d Capt[ain] Langrish for mounting 3 corporall[es] 42l more 32l for 2 trumpeters 1 farier & 1 sadler,74,0,0
240,V0240,tr,11v,1642-08-19,,mor Scarff[es] for his troope,30,0,0
241,V0241,tr,11v,1642-08-19,12,p[ai]d the Lord St John for advance of on monthes pay for 400 menn part of his regiment of 1200 to begine from the 13 of this monthe,280,0,0
242,V0242,tr,11v,1642-08-19,12,"more 300l to be by his L[ordshi]p delivered unto S[i]r Oliver Luke, S[i]r Samuell Luke S[i]r Thomas Alston & S[i]r Thomas Rolt dep[uty] leifft[enants] of Bedford or anie 2 of them to be p[ai]d unto the soldiers when they ar mustered w[hi]ch monie is to be Issued to the said lord uppon acc[oun]tt",300,0,0
243,V0243,tr,11v,1642-08-19,14,p[ai]d to the Lord Brooke to be added to the 400l already receaved for the leviing of his regiment of 1200 menn,200,-,-
244,V0244,tr,11v,1642-08-19,,more p[ai]d him for scarff[es] for his troope,30,-,-
245,V0245,tr,11v,1642-08-19,47,p[ai]d Captaine Oliver Cromwell capt[ain] of a troope of horse for mountinge him self and his officers,280,0,0
246,V0246,tr,11v,1642-08-19,47,p[ai]d Captaine Robert Kirle Capt[ain] of a troope of horse for mountinge him self and his officers,280,0,0
247,V0247,tr,11v,1642-08-19,22,p[ai]d Phillebert Emanuel de Boys for on monthes pay and entertainment for the officers and artificers of the train of Artiglirye,2280,2,8
248,V0248,tr,11v,1642-08-19,sallery,p[ai]d John Rushworth by order of p[ar]liament for his pains and fidelity in sundry services,150,,
249,V0249,tr,11v,1642-08-19,48,p[ai]d the Lord willougby of parham for soe much disbursed for service of the kingdome in Lincolnshire,100,0,0
250,V0250,close table,11v,1642-08-19,,,60464,7,7
251,V0251,pb,12r,1642-08-19,,12r,,,
252,V0252,table (single row),12r,1642-08-19,,Sommeth the paym[entes] on the other side,60464,7,7
253,V0253,head,12r,1642-08-19,,19 August [1642],,,
254,V0254,open table,12r,1642-08-19,20,p[ai]d Leifftenn[an]t Collonell Davies for an Areer due to him in part of his entertainm[en]t in my Lord G[enera]lls regiment,38,10,0
255,V0255,tr,12r,1642-08-19,29,p[ai]d Captaine Edward wingat for mountinge of 3 corporall 42 more for 2 trumpeters 1 sadler & 1 farr[ie]r 32. 74.0.0,74,0,0
256,V0256,close table,12r,1642-08-19,,more for scarff[es] for his troope,30,0,0
257,V0257,head,12r,1642-08-20,,20 [August 1642],,,
258,V0258,open table,12r,1642-08-20,49,p[ai]d my Lord gen[era]ll as captaine of a troop of horse for mountinge his officers,280,0,0
259,V0259,tr,12r,1642-08-20,10,p[ai]d the Earle of Stamford by way of advance of pay of a [^companie^] of 100 menn under the Command of Capt[ai]n Isaacke Dobson,100,0,0
260,V0260,tr,12r,1642-08-20,39,p[ai]d Capt[ain] John Bradley for Carabins pistoll[es] and armes,210,0,0
261,V0261,tr,12r,1642-08-20,49,p[ai]d John Lord Robert[es] for on months entertainm[en]t of himself and officers of his reg[imen]t of 1200 menn,1244,16,0
262,V0262,tr,12r,1642-08-20,50,p[ai]d Capt[ain] John Raymond for leviinge a companie of 100 foot,50,0,0
263,V0263,tr,12r,1642-08-20,27,p[ai]d Capt[ain] John hall capt[ain] of a troop of horse for advance of on monthes pay for himself and officers,349,6,0
264,V0264,tr,12r,1642-08-20,,more for mountinge 3 corporall[es] 42 & 2 trumpeters a farier and a sadler 32,74,0,0
265,V0265,tr,12r,1642-08-20,,more for scarff[es],30,0,0
266,V0266,tr,12r,1642-08-20,12,p[ai]d Collonell Browne for levy monie of 600 dragooners & officers,3792,0,0
267,V0267,close table,12r,1642-08-20,33,p[ai]d S[i]r w[illia]m Balfour Leifftenn[an]t g[enera]ll of the horse by way of advance uppon accompt,800,0,0
268,V0268,head,12r,1642-08-21,,21 [August 1642],,,
269,V0269,open table,12r,1642-08-21,13,p[ai]d Collonell John Hambden by way of imprest the sume of 1500l for the pay of his regiment & other incident charg[es],1500,0,0
270,V0270,close table,12r,1642-08-21,,,69036,19,7
271,V0271,pb,12v,1642-08-21,,12v,,,
272,V0272,table (single row),12v,1642-08-21,,Sommeth the paym[entes] on the other side,69036,19,7
273,V0273,head,12v,1642-08-22,,22 [August 1642],,,
274,V0274,open table,12v,1642-08-22,37,p[ai]d S[i]r Phillipe Stapleton for mountinge of 10 gentlemen to be added to his troope,150,0,0
275,V0275,tr,12v,1642-08-22,37,more for mountinge the farrier and sadler of [th]e Lord G[eneralles] troope 16l and for advance monie to them 10l,26,0,0
276,V0276,tr,12v,1642-08-22,50,p[ai]d Henry Billingsley leifftenn[an]t Coll[onel] to Denzill Hollis the some of 42l for on monthes intertainm[en]t by way of imprest,42,0,0
277,V0277,tr,12v,1642-08-22,23,p[ai]d Capt[ain] Allexand[e]r Pime for scarff[es] for his troope,30,0,0
278,V0278,tr,12v,1642-08-22,51,p[ai]d Captaine walter Longe captaine of a troope of horse for mounting himself and his officers,280,-,-
279,V0279,tr,12v,1642-08-22,26,p[ai]d Capt[ain] John Fleminge for one months pay for himself officers and troop of 60,349,6,0
280,V0280,close table,12v,1642-08-22,,more for scarff[es],30,0,0
281,V0281,head,12v,1642-08-23,,23 [August 1642],,,
282,V0282,open table,12v,1642-08-23,sallery,p[ai]d Nathaneel and w[illia]m Hill for apprehending and bringinge up James Barrow and Edward Hudleston who wear raisinge forces in Gloastershire against the parlim[en]t,20,0,0
283,V0283,tr,12v,1642-08-23,51,"p[ai]d sergant major Aylworth for one monthes paye of 120 soldiers from the 19 of this instant aug[us]t, uppon w[hi]ch day they wear mustered, being his comp[any] in my lord Brook[es] reg[imen]t",112,0,0
284,V0284,tr,12v,1642-08-23,52,p[ai]d Capt[ain] michaell Bland for on months pay of his comp[any] of 100 soldiers belonginge to S[i]r w[illia]m Fairfax regiment mustered the 20 aug[us]t when it begins,93,6,8
285,V0285,tr,12v,1642-08-23,39,p[ai]d Capt[ain] John Bradly for 99 paire of pistolls by him bought for his service,175,19,0
286,V0286,tr,12v,1642-08-23,52,p[ai]d Capt[ain] Charles Chichester for mounting 3 corporalls 42 for mountinge 2 trumpet[e]rs a sadler & farr[ie]r 32l for scarff[es] 30,104,-,-
287,V0287,tr,12v,1642-08-23,42,p[ai]d Capt[ain] Henry Mildmay for advance of on months pay for his troop of 60 harquebus[ier]s,349,6,0
288,V0288,tr,12v,1642-08-23,,more for mountinge 3 corporall[es] 42l & for 2 trumpet[er]s a farrier & a sadler 32l,74,0,0
289,V0289,close table,12v,1642-08-23,,,70872,7,3
290,V0290,pb,13r,1642-08-23,,13r,,,
291,V0291,table (single row),13r,1642-08-23,,Sommeth the paym[entes] on the other side,70872,17,3
292,V0292,head,13r,1642-08-23,,23 [August 1642],,,
293,V0293,open table,13r,1642-08-23,53,p[ai]d Capt[ain] Francis Roger of S[i]r w[illia]m Fairfax regiment for on monthes pay for his comp[any] of 59 soldiers to begine from the 20 day of this month when the said companie was mustered,55,1,4
294,V0294,tr,13r,1642-08-23,53,p[ai]d Capt[ain] Edward Odingsell[es] for on m[onth] pay of 70 soldiers in the same regiment beginning as above,64,18,8
295,V0295,tr,13r,1642-08-23,44,"p[ai]d Capt[ain] Richard Grenvile for mountinge of 3 corporall[es] 42 more 2 trumpett[es] 1 farrier & 1 sadler, 32 more for scarffs 30l",104,0,0
296,V0296,tr,13r,1642-08-23,19,p[ai]d Capt[ain] Robert Burghill for pad[es] bridles & bitt[es] for his 2 trumpeters farrier and sadler,6,0,0
297,V0297,tr,13r,1642-08-23,,more for scarff[es] for his troope,30,0,0
298,V0298,close table,13r,1642-08-23,51,p[ai]d Capt[ain] walter Longe for mountinge his 3 corporall[es] 42l more 2 trumpeters 1 sadler & farier 32l more for scarff[es] 30l,104,0,0
299,V0299,head,13r,1642-08-24,,24 [August 1642],,,
300,V0300,open table,13r,1642-08-24,54,p[ai]d Capt[ain] Fitch for on monthes pay of 98 soldiers of my lord brook[es] regiment musterd & beginin 17 Aug[us]t,91,9,4
301,V0301,tr,13r,1642-08-24,19,p[ai]d the Lord Brooke for a months pay of 197 soldiers his owne comp[any] beginning as above,183,17,4
302,V0302,tr,13r,1642-08-24,54,p[ai]d Capt[ain] Ralph Cottesforth for one months pay of 86 sold[ie]rs of the same regim[en]t entring as above,80,5,4
303,V0303,tr,13r,1642-08-24,32,p[ai]d Capt[ain] John Fines for monting 3 corporall[es] 42l more 2 trumpeters a farier & a sadler 32. / more for scarff[es] 30l,104,0,
304,V0304,tr,13r,1642-08-24,15,p[ai]d Collonell Arthur Goodwine for mountinge 3 corporall[es] 42l. more 2 trumpet[e]rs a farrier & a sadler 32l. / for scarff[es] 30l,104,0,0
305,V0305,tr,13r,1642-08-24,55,p[ai]d Captain ward for a months pay of his companye of 100 sold[ier]s in the G[enera]lls regim[en]t,93,6,8
306,V0306,tr,13r,1642-08-24,sallery,p[ai]d m[aste]r walter Strickland for his charges in the publicke service of the state,100,0,0
307,V0307,close table,13r,1642-08-24,,,71993,15,11
308,V0308,pb,13v,1642-08-24,,13v,,,
309,V0309,table (single row),13v,1642-08-24,,Sommeth [th]e paym[en]ts on the other side,71993,15,11
310,V0310,head,13v,1642-08-24,,24 Aug[us]t [1642],,,
311,V0311,open table,13v,1642-08-24,55,p[ai]d S[i]r Thomas Sand[er]s Capt[ain] of a troope of 60 harquebusiers for mountinge 3 corporall[es] 42l more 2 trumpeters 1 farrier & 1 sadler 32l more for scarfs 30l,104,0,0
312,V0312,close table,13v,1642-08-24,56,p[ai]d Captaine John Lilborne for a monthes pay of his companie of 97 menn in the regiment of my lord Brooke musterd the 18 present,90,10,8
313,V0313,head,13v,1642-08-25,,25 [August 1642],,,
314,V0314,open table,13v,1642-08-25,56,p[ai]d Captaine Edward Clarke for mountinge & apointinge himself & his off[ice]rs,280,0,0
315,V0315,tr,13v,1642-08-25,sallery,p[ai]d w[illia]m Dickenson m[aste]r of the castle of Hull for fraight & wages of menn for bringinge Tent[es] and Hulsters from hull,16,15,0
316,V0316,tr,13v,1642-08-25,57,p[ai]d S[i]r Edward Boyes kn[igh]tt nominated for Captaine of Dover Castell toward [th]e repaire of that Castle & other incident charges,200,0,0
317,V0317,tr,13v,1642-08-25,39,p[ai]d Captaine Owen Rowe & Capt[ain] Bradlye for repairinge of Armes [...],500,0,0
318,V0318,tr,13v,1642-08-25,57,p[ai]d Capt[ain] Constance Ferrer for one monthes pay for his comp[any] of 119 men in my [Lord] stamfords regiment,111,1,8
319,V0319,tr,13v,1642-08-25,58,p[ai]d Capt[ain] Thomas Savill for on months paye for his comp[any] of 99 menn or [th]e same regiment,92,8,0
320,V0320,tr,13v,1642-08-25,58,p[ai]d Capt[ain] Edward Massey for on months pay of 113 sold[ie]rs of the same regiment theas 3 comp[anies] beginin the 18 august,105,9,4
321,V0321,tr,13v,1642-08-25,59,p[ai]d Captaine Arnold Cosby for on m[onth] paye for 70 sold[ie]rs of the same regiment [...] this comp[any] begins the 20 Aug[us]t,65,6,8
322,V0322,tr,13v,1642-08-25,sallery,p[ai]d Anthony Niccol[es] for reward[es] to severall persons for seasinge of armes postinge to & from severall part[es] of the kingdome & other charges by him expended,76,15,0
323,V0323,tr,13v,1642-08-25,59,p[ai]d M[aste]r Samuel warner apointed by [th]e Committe of the militia in the citty of london by order of his Excellence for the service of the state,500,0,0
324,V0324,close table,13v,1642-08-25,,,74136,2,3
325,V0325,pb,14r,1642-08-25,,14r,,,
326,V0326,table (single row),14r,1642-08-25,,Sommeth the paym[entes] on the other side,74136,2,3
327,V0327,head,14r,1642-08-25,,25 [August 1642],,,
328,V0328,open table,14r,1642-08-25,sallery,p[ai]d m[aste]r Thomas Pudsey for the like some lent and disbursed by him in the service of kent,100,0,0
329,V0329,tr,14r,1642-08-25,23,p[ai]d Captaine Allexand[e]r Pime for on monthes pay advance for his troop of 60 harqueb[usiers],349,6,0
330,V0330,tr,14r,1642-08-25,10,p[ai]d Captaine Francis Fienes for on half monthes pay for his troope 174l.13 - more for allowance for scarff[es] 30l more for an arreer for the last 1/2 months paye 1.15,206,8,0
331,V0331,tr,14r,1642-08-25,33,p[ai]d S[i]r w[illia]m Balfour capt[ain] of a troope of Cuirassiers for scarff[es],40,0,0
332,V0332,tr,14r,1642-08-25,,more for scarff[es] for a troop of harqueb[usiers],30,0,0
333,V0333,tr,14r,1642-08-25,28,p[ai]d the Lord Hastings for advance of another half monthes pay of a troop of 60 harqueb[usiers],174,13,0
334,V0334,tr,14r,1642-08-25,52,p[ai]d Captain Charles Chichester for on monthes pay of a troope of Carabins consistinge of 68 besid[es] officers to begine from the 24 of this mo[nth],307,6,0
335,V0335,tr,14r,1642-08-25,10,p[ai]d the Earle of Stamford for on mo[nths] pay of his l[ordshi]ps owne compa[ny] of 193 [^men^] beginning the 18 of Aug[us]t,180,2,0
336,V0336,close table,14r,1642-08-25,4,p[ai]d W[illia]m Mercer leiff[tenan]te to Captain urry who was formerlie listed in the Irish service & rec[eived] 12l & now doth attend this service for whose mountinge he was ordred 60l abatinge 12 rest,48,0,0
337,V0337,head,14r,1642-08-26,,26 [August 1642],,,
338,V0338,open table,14r,1642-08-26,60,p[ai]d m[aste]r durand Hotham to be imployed by S[i]r John Hotham in paym[en]t of the garison of hull,2000,0,0
339,V0339,tr,14r,1642-08-26,60,p[ai]d Ambrose Tindall for on mo[nths] pay for his compa[ny] of 78 soldiers part of the compa[ny] of fierlock[es] belonging to the G[enera]ll[es] reg[imen]t,72,16,0
340,V0340,tr,14r,1642-08-26,10,p[ai]d m[aste]r John Sedgwick chaplain to the Earle of Stamford by way of advance to provid,20,-,-
341,V0341,tr,14r,1642-08-26,,p[ai]d Obedia Sedgqicke Chaplain to denzill hollis by advance to provid necessaries,20,0,0
342,V0342,close table,14r,1642-08-26,,,77684,13,3
343,V0343,pb,14v,1642-08-26,,14v,,,
344,V0344,table (single row),14v,1642-08-26,,Somm[e]th [th]e pay[mentes] on the other side,77684,13,3
345,V0345,head,14v,1642-08-26,,26 Aug[us]t 1642,,,
346,V0346,open table,14v,1642-08-26,61,p[ai]d S[i]r sigismond Allexander Captaine of a troop of horse by way of advance for himself,120,0,0
347,V0347,tr,14v,1642-08-26,,more for on monthes pay for his troope of 70 Harqueb[usiers],384,6,0
348,V0348,tr,14v,1642-08-26,61,"p[ai]d John strelly cornet to Capt[ain] S[i]r Sigismond Allexander, who was formerlie listed in the Irish service & receaved 12l and beinge now taken on and allowed in this expedition 50. the 12 abated remains",38,0,0
349,V0349,tr,14v,1642-08-26,61,p[ai]d Phillip vander[?.eiden?] leifft[enan]te to S[i]r Sigismond who was in the Irish service & rec[eive]d 20l & beinge now imployed hear is to have 60 rest[es],40,0,0
350,V0350,tr,14v,1642-08-26,61,p[ai]d John Burgesse Quartermaster to S[i]r Sigismond who in the Irish service had receaved 12l & now in this was to rec 30 rest[es],18,0,0
351,V0351,tr,14v,1642-08-26,8,"p[ai]d Thomas Fortescue leifft[enant] to S[i]r Faithfull Fortescue, who in the Irish service had rec[eive]d 12 & now in this is to have 60l rest[es]",48,0,0
352,V0352,tr,14v,1642-08-26,8,p[ai]d Elias wally Cornet to S[i]r Faithfull fortescue who in the Irish service had rec[eive]d 12 and now in this is to have 50l rest[es],38,0,0
353,V0353,tr,14v,1642-08-26,8,"p[ai]d Jo[hn] ven de Gerish quarterm[aste]r to S[i]r Faithfull fortescue who in the Irish service had rec[eived] 12l, and now in this appointed 30l rest[es]",18,0,0
354,V0354,tr,14v,1642-08-26,61,p[ai]d Capt[ain] Robert Wiltshire of the regim[en]t of S[i]r w[illia]m Fairffax for on months pay of 57 soldiers from the 23 Aug[us]t,53,4,0
355,V0355,tr,14v,1642-08-26,51,p[ai]d Capt[ain] walter longe for on monthes pay of 60 harqueb[usiers] to begine the 20 Aug[us]t,349,6,0
356,V0356,tr,14v,1642-08-26,32,p[ai]d Capt[ain] John Fines for on monthes pay of his troop of 60 harqueb[usiers] beginninge the 22 Aug[us]t,349,6,0
357,V0357,tr,14v,1642-08-26,21,p[ai]d Capt[ain] w[illia]m Anselme by imprest for furnishinge his troope of 100 curassiers w[i]th scarff[es],50,0,0
358,V0358,tr,14v,1642-08-26,62,p[ai]d Capt[ain] Edward Gray of the Earle of Stamford[es] regim[en]t for on mo[nths] pay of his compa[ny] of 74 sold[ier]s beginning 20 Aug[us]t,69,1,4
359,V0359,close table,14v,1642-08-26,,,79259,16,7
360,V0360,pb,15r,1642-08-26,,15r,,,
361,V0361,table (single row),15r,1642-08-26,,Sommeth the payment[es] on the other side,79259,16,7
362,V0362,head,15r,1642-08-26,,26 [August 1642],,,
363,V0363,open table,15r,1642-08-26,16,p[ai]d Capt[ain] Georg Austine for on months pay of his troop of 40 Carabins besid[es] offic[e]rs under the Command of Collonel Sand[es] beginning the 19 Aug[us]t,279,6,0
364,V0364,tr,15r,1642-08-26,,"more p[ai]d him for scarff[es], note 30l for 40 men",30,0,0
365,V0365,tr,15r,1642-08-26,,more for mountinge 3 corporall[es] 42 & for 2 trumpeters a sadler & a farier 32.,74,-,-
366,V0366,tr,15r,1642-08-26,62,p[ai]d Captaine Titus leighton for a monthes pay of his compa[ny] of 67 soldiers in S[i]r w[illia]m Fairfax reg[imen]t beginning 21 present,69,10,8
367,V0367,tr,15r,1642-08-26,63,p[ai]d Captaine John Needham by way of advance toward[es] the pay of 70 soldiers under his owne Command,100,0,0
368,V0368,tr,15r,1642-08-26,37,p[ai]d S[i]r Phillip Stapleton for mountinge of 20 gentlemen more of my Lord G[enera]lls troope at 15l a mann,300,0,0
369,V0369,close table,15r,1642-08-26,,more for a horse for the surgeon belonginge to the troope 8l & for his chest 8l,16,0,0
370,V0370,head,15r,1642-08-27,,27 [August 1642],,,
371,V0371,open table,15r,1642-08-27,25,p[ai]d Captaine Hercules Langrish for on months pay for his troop of 60 harqueb[usiers] to begin from the 28 day of Aug[us]t,349,6,0
372,V0372,tr,15r,1642-08-27,4,p[ai]d George Sedaskeen Cornet to Capt[ain] John urry beinge formerlie listed for the Irish service & receaved 12l; & now uppon this service is apointed 50 rest[es] p[ai]d,38,0,0
373,V0373,tr,15r,1642-08-27,31,p[ai]d James Senior provost marshall G[enera]ll for on months pay for him self and officers beginning 23 Aug[us]t,90,14,8
374,V0374,tr,15r,1642-08-27,49,p[ai]d Thomas Pudsey from my Lord G[enera]lls entertainm[en]t as G[enera]ll of the Army at xl p[er] diem from the 15 July inclusive to the 27 Aug[us]t exclusive 43 daies,430,0,0
375,V0375,tr,15r,1642-08-27,10,p[ai]d the Earle of Stamford of on months entertainm[en]t for himself and officers of his regim[en]t to begine [th]e 28 Aug[us]t pre[esen]t,542,16,0
376,V0376,tr,15r,1642-08-27,63,p[ai]d Capt[ain] Thomas Hamond for advance of on mo[nths] pay for himself officers & troope of 60 harqueb[usiers] by way of imprest,349,6,0
377,V0377,tr,15r,1642-08-27,,more for mountinge 3 corporall[es] 42 more 2 trumpeters & 1 farrier & sadler 32. more for scarff[es] 30.,104,0,0
378,V0378,close table,15r,1642-08-27,,,82032,15,11
379,V0379,pb,15v,1642-08-27,,15v,,,
380,V0380,table (single row),15v,1642-08-27,,Sommeth the paym[entes] on the other side,82032,15,11
381,V0381,head,15v,1642-08-27,,27 [August 1642],,,
382,V0382,open table,15v,1642-08-27,29,Captaine Edward Wingatt for on months pay for himself and officers of a troop of 60 harqueb[usiers] by advance,349,6,0
383,V0383,tr,15v,1642-08-27,,more 94.10.6. beinge the pay due unto the officers of the said troope from the 30 of Julie last inclusive to the 18 of this instant Aug[us]t exclusive being 19 daies,94,10,6
384,V0384,tr,15v,1642-08-27,25,p[ai]d Captaine Adrian Scroope for advance of on months pay for himself officers & troop by way of imprest,349,6,0
385,V0385,tr,15v,1642-08-27,,more for mountinge of 3 corporall[es] 42 2 trumpeters a sadler & a farier 32 & for scarff[es] all by way of imprest 30,104,0,0
386,V0386,tr,15v,1642-08-27,43,p[ai]d Capt[ain] Francis Tomson for mounting 3 corporall[es] 42 2 trumpeters a sadler & a farrier 32l for scarff[es] 30,104,0,0
387,V0387,close table,15v,1642-08-27,11,p[ai]d Captaine Thomas Temple for on monthes pay of his troope of 60 harqueb[usiers] by imprest,349,6,-
388,V0388,head,15v,1642-08-29,,29th August [1642],,,
389,V0389,open table,15v,1642-08-29,,p[ai]d Captaine Fra[ncis] Tomson for the advance of on monthes paye of his troop of 60 harquebusiers besid[es] officers by way of imprest,349,6,0
390,V0390,tr,15v,1642-08-29,sallery fol 5,p[ai]d Docter Burgesse preacher to my lord Gen[era]lls regiment for his advance monie,20,0,0
391,V0391,tr,15v,1642-08-29,64,p[ai]d Capt[ain] valentine walton for mounting him self & officers,280,0,0
392,V0392,tr,15v,1642-08-29,42,p[ai]d John Baldwine provost marshall Gen[era]ll of the horse for on months pay for him self & his officers the month to beginn the 25 Aug[us]t present,49,0,0
393,V0393,tr,15v,1642-08-29,42,more p[ai]d him for the entertainm[en]t of himself and his horses from the 30 Julie to the 25 of Aug[us]t,19,10,0
394,V0394,tr,15v,1642-08-29,8,p[ai]d S[i]r Faithfull Fortescue for on mo[nths] pay of his troope of 70 harqueb[usiers] besid[es] officers to beginn from the 27 of this pres[en]t Aug[us]t,384,6,0
395,V0395,tr,15v,1642-08-29,,more for allowance of scarff[es] to his troop of 70 horse,35,0,0
396,V0396,close table,15v,1642-08-29,,,84520,6,5
397,V0397,pb,16r,1642-08-29,,16r,,,
398,V0398,table (single row),16r,1642-08-29,,Sommeth the paym[entes] on the other side,84520,6,5
399,V0399,head,16r,1642-08-29,,29 [August 1642],,,
400,V0400,table (single row),16r,1642-08-29,39,p[ai]d Captaine Bradley for reparing the Armes that came from Hull & buyinge pistoll[es] and other thing[es] for his service,500,0,0
401,V0401,head,16r,1642-08-30,,30 [August 1642],,,
402,V0402,open table,16r,1642-08-30,sallery fo. 6,p[ai]d Adoniram Bifeild Chaplaine of the regiment of foot of S[i]r Henry Cholmlye for soe much allowed him to provide him self necessaries to attend the service,20,0,0
403,V0403,tr,16r,1642-08-30,40,p[ai]d S[i]r John Merricke for his pay of sergeant Major G[enera]ll of the army for on mo[nths] pay vizt from the 30 of Julie inclusive to the 28th of Aug[us]t Exclusive beinge 1 month of 28 dayes 56l & for his pay due to him as president of [th]e councell of warr the same time 21l,77,0,0
404,V0404,tr,16r,1642-08-30,27,p[ai]d Capt[ain] John Hall Capt[ain] of a troop of 60 harqueb[usiers] for on mo[nths] pay to begin from the 27 Aug[us]t,349,6,0
405,V0405,tr,16r,1642-08-30,80,p[ai]d Lawrence Loe surgeon to my Lord G[enera]ll and his traine for on months pay for him self and 2 mates to beginn from the 30 of Julie [?since?],28,0,0
406,V0406,tr,16r,1642-08-30,8,p[ai]d James Bricknell surgeon to S[i]r w[illia]m walers regiment for chest monie 15l more for on mo[nths] intertainm[en]t for himself and his 2 mates at 9s p[er] diem 12 12,27,12,0
407,V0407,tr,16r,1642-08-30,21,p[ai]d S[i]r w[illia]m Fairffax Collonell of a reg[imen]t of Foot imprested uppon accompt,100,0,0
408,V0408,tr,16r,1642-08-30,64,p[ai]d w[illia]m Earle of Bedford g[enera]ll of the horse for his allowance of 6l a day from [th]e 21 of Julie Inclusive to the 29 Aug[us]t exclusive beinge 38 dayes,228,0,0
409,V0409,tr,16r,1642-08-30,23,p[ai]d to m[aste]r Henry Martine by way of imprest for the service of hull,70,0,0
410,V0410,tr,16r,1642-08-30,10,p[ai]d Capt[ain] Fra[ncis] Fines for the entertainm[en]t of himself & officers from the 22 Julie exclusive to the 5 of this instant Aug[us]t inclusive,69,13,0
411,V0411,tr,16r,1642-08-30,26,p[ai]d Capt[ain] John Fleming for providing 63 great sadles and bitt[es] for the furnishing of his troope at 50s each sadle & bitt,157,10,0
412,V0412,close table,16r,1642-08-30,,,86147,7,5
413,V0413,pb,16v,1642-08-30,,16v,,,
414,V0414,table (single row),16v,1642-08-30,,Sommeth the paym[entes] on the other side,86147,7,5
415,V0415,head,16v,1642-08-30,,30 [August 1642],,,
416,V0416,open table,16v,1642-08-30,61,p[ai]d S[i]r Sigismond Alexand[e]r for allowance for scarff[es] of his troope of 70 harqueb[usiers],35,0,0
417,V0417,tr,16v,1642-08-30,65,p[ai]d S[i]r Edward Dodsworth Comissarie G[enera]ll of the horse for on months advance of pay,42,0,0
418,V0418,tr,16v,1642-08-30,65,p[ai]d leifften[an]t Collonel Parkinson of my lord mandevill[es] reg[imen]t for one mo[nths] pay of his company of 83 sol[diers] begininge 22 day of Aug[us]t,77,9,4
419,V0419,tr,16v,1642-08-30,47,p[ai]d Capt[ain] Oliver Cromwell for mounting 3 corporall[es] 42 two trumpeters a farier and a sadler 32l & scarff[es] 30,104,0,0
420,V0420,tr,16v,1642-08-30,66,p[ai]d Captaine Anto[ny] Sanderson for on mo[nths] entertainm[en]t of himself & officers & for levy monie of 100 men 50,92,0,0
421,V0421,tr,16v,1642-08-30,,more for provision of cull[er]s partizan[es] halbert[es] and drum[es],25,-,
422,V0422,tr,16v,1642-08-30,10,p[ai]d the Earle of Stamford for advance of on monthes pay for his troop of horse the said month to begine the third of [Septem]bre next,349,6,0
423,V0423,tr,16v,1642-08-30,66,p[ai]d S[i]r Arthur Hazelrig for advance of on mo[nths] pay of his troope of horse by way of imprest,349,6,0
424,V0424,tr,16v,1642-08-30,,more for advance monie to himself and officers,280,0,0
425,V0425,tr,16v,1642-08-30,,more for mountinge of 3 corporall[es] 42 2 trumpet[e]rs 1 farier 32 & a sadler 32,74,0,0
426,V0426,tr,16v,1642-08-30,67,Sent to to be imployed for the use of the army quarteringe in and about Coventry this monie is to be d[elivere]d to sergant major Ballard S[i]r Henry cholmlie & S[i]r Edward Peto,8000,0,0
427,V0427,tr,16v,1642-08-30,67,p[ai]d Capt[ain] Nicholas Devereux for on mo[nths] pay of his compa[ny] of 90 fierlocks under the g[enera]lls regiment to beginn 22 aug[us]t,84,0,0
428,V0428,tr,16v,1642-08-30,68,p[ai]d Captain Robert Turner for on mo[nths] pay of his compa[ny] of 83 sold[ier]s of the g[enera]lls reg[imen]t beginning 22 aug[us]t,68,2,8
429,V0429,tr,16v,1642-08-30,68,p[ai]d M[aste]r John Knight w[hi]ch monie is to be Issued for the publicke service of the state,100,0,0
430,V0430,close table,16v,1642-08-30,,,95827,11,5
431,V0431,pb,17r,1642-08-30,,17r,,,
432,V0432,table (single row),17r,1642-08-30,,Sommeth [th]e paym[en]ts on the other side,95827,11,5
433,V0433,head,17r,1642-08-30,,30 [August 1642],,,
434,V0434,table (single row),17r,1642-08-30,22,p[ai]d the Lord Rochford Collonell of 800 men for his and his officers entertainm[en]t for on mo[nth] to beginn the 27 present,542,16,0
435,V0435,head,17r,1642-09-01,,No 2 1 [Septem]bre [1642],,,
436,V0436,open table,17r,1642-09-01,sallery 5,p[ai]d m[aste]r Stephen marshall chaplaine to my lord g[enera]lls reg[imen]t for his provision and other necessaries,20,0,0
437,V0437,tr,17r,1642-09-01,69,p[ai]d Collonell wadlaw Co[lone]ll of a reg[imen]t of 600 dragooners besid[es] officers for himself officers and levy monie,3696,-,-
438,V0438,tr,17r,1642-09-01,69,p[ai]d the Earle of Peterborrough coll[onel] of a reg[imen]t of 800 men for on mo[nths] entertainm[en]t of himself & officers from the 30 Julie to the 26 Aug[us]t & for levy monye 400l,1044,16,0
439,V0439,tr,17r,1642-09-01,70,p[ai]d to leift[enan]t Ralph whisler for mountinge himself and other officers,140,0,0
440,V0440,tr,17r,1642-09-01,21,p[ai]d S[i]r w[illia]m Fairfax Collonel of 800 foot for entertainm[en]t of himself and offecers for on month to begine the 27 of Aug[us]t,542,16,0
441,V0441,tr,17r,1642-09-01,sallery 103,p[ai]d Docter Burges for postage & other charges from London to Portsmouth,5,7,0
442,V0442,tr,17r,1642-09-01,25,p[ai]d Captaine Adrian Scroope for 63 great saddles and bitt[es] for his troope at 50s each sadle & bitt,157,10,0
443,V0443,tr,17r,1642-09-01,43,p[ai]d Capt[ain] Fra[ncis] Tomson the like,157,10,0
444,V0444,tr,17r,1642-09-01,sallery 6,p[ai]d Callibut Downinge Chaplaine to the lord Robert[es] for providinge him necessaries,20,0,0
445,V0445,tr,17r,1642-09-01,48,p[ai]d Francis Lord willoughby Captaine of a troop of 80 harqueb[usiers] for advance monie of himself & officers,280,0,0
446,V0446,tr,17r,1642-09-01,70,p[ai]d my Lord Fildinge the like,280,0,0
447,V0447,tr,17r,1642-09-01,63,p[ai]d Capt[ain] [^Thomas Hamond^] for provision of great saddles & bitt[es] for his trop,150,0,0
448,V0448,tr,17r,1642-09-01,71,"p[ai]d Captaine Thomas Skinner for a month pay of 60 sol[diers] in the g[enera]ll[es] reg[imen]t, beginn 27 Aug[us]t",56,0,0
449,V0449,close table,17r,1642-09-01,,,102920,6,5
450,V0450,pb,17v,1642-09-01,,17v,,,
451,V0451,table (single row),17v,1642-09-01,,Sommeth [th]e paym[entes] on the other side,102920,6,5
452,V0452,head,17v,1642-09-01,,1 September [1642],,,
453,V0453,open table,17v,1642-09-01,12,p[ai]d the Lord St John for an allowance made him for advance for 11 wagons for his reg[imen]t at 40l a wagon,440,0,0
454,V0454,tr,17v,1642-09-01,71,p[ai]d Capt[ain] Cristopher mathews for on mo[nths] pay of his compa[ny] of 35 sold[ie]rs of the g[enera]lls regiment begine 22 aug[us]t,32,15,0
455,V0455,tr,17v,1642-09-01,72,p[ai]d Capt[ain] Edward Levendorff for on mo[nths] pay for 87 soldiers of the g[enera]lls reg[imen]t beginning 22 aug[us]t,81,4,0
456,V0456,tr,17v,1642-09-01,72,p[ai]d serg[ean]t major nathaneel Gorden for on mo[nths] pay of a troop of horse under Collonel Brownes reg[imen]t consistinge of 96 dragone[r]s begininge 25 Aug[us]t,201,12,0
457,V0457,tr,17v,1642-09-01,73,p[ai]d S[i]r John Browne for 1 mo[nths] pay for 100 drag[oon]s offic[e]rs excepted begine 25 aug[us]t,210,0,0
458,V0458,tr,17v,1642-09-01,73,more for a troope of 94 drag[oon]s 25 aug[us]t,197,8,0
459,V0459,tr,17v,1642-09-01,73,p[ai]d Capt[ain] w[illia]m Buchan for 1 mo[nths] pay of 91 drag[oon]s of the reg[imen]t above,191,2,-
460,V0460,tr,17v,1642-09-01,73,p[ai]d Capt[ain] Robert More for 81 drag[oons] as above,170,2,
461,V0461,close table,17v,1642-09-01,73,p[ai]d Capt[ain] Rob[er]t Maine for a troope of 75 drago[ons] of the reg[imen]t above,157,10,
462,V0462,head,17v,1642-09-02,,2 [September 1642],,,
463,V0463,open table,17v,1642-09-02,12,p[ai]d Collonell Browne coll[onel] of a reg[imen]t of 600 dragoon[er]s for on mo[nths] pay and entertainm[en]t for himself & officers beginn from [th]e 30 July last,484,8,0
464,V0464,tr,17v,1642-09-02,12,more for advance of 8 wagons allowed his reg[imen]t,320,0,0
465,V0465,tr,17v,1642-09-02,sallery,p[ai]d Anthony Fane for soe much expended for searching of Armes & bringinge ordinance from Richmond,7,9,0
466,V0466,tr,17v,1642-09-02,73,p[ai]d [^Cap[tain]^] w[illia]m Robert[es] for on mo[nths] pay of his compa[ny] beg[inning] 27 aug[us]t,50,8,0
467,V0467,tr,17v,1642-09-02,74,p[ai]d Capt[ain] Robert longe Capt[ain] of a Compa[ny] of 70 sold[ier]s in my lord whartons reg[imen]t for on mo[nths] pay beg[innin]g 23 Aug[us]t,65,6,0
468,V0468,tr,17v,1642-09-02,10,p[ai]d my lord of Stamford Capt[ain] of a troop of 60 harqueb[usiers] for entertainm[en]t of himselfe & officers from the 27 Julie Inclusive to the 4 Aug[us]t exclusive being 8 days,39,6,0
469,V0469,close table,17v,1642-09-02,,,105568,16,5
470,V0470,pb,18r,1642-09-02,,18r,,,
471,V0471,table (single row),18r,1642-09-02,,Sommeth the paym[entes] on the other side,105568,16,5
472,V0472,head,18r,1642-09-02,,2 [September 1642],,,
473,V0473,open table,18r,1642-09-02,74,p[ai]d Captaine John Jenkins for a months pay of his company of 50 soldiers under Collonel Essex reg[imen]t from 24 aug[us]t,46,13,0
474,V0474,tr,18r,1642-09-02,75,p[ai]d S[i]r w[illia]m Essex for on mo[nths] pay of his compa[ny] of 51 sold[ier]s of Coll[onel] Essex reg[imen]t from [th]e 30 Aug[us]t,47,12,0
475,V0475,tr,18r,1642-09-02,31,p[ai]d Collonell w[illia]m Bamfeild for 1 month pay and entertainm[en]t for the officers of his reg[imen]t from 27 aug[us]t last,542,16,0
476,V0476,tr,18r,1642-09-02,sallery 7,p[ai]d m[aste]r Samuell wells chaplain to Collonel Essex by way of advance,20,0,0
477,V0477,tr,18r,1642-09-02,sallery 5,p[ai]d Thomas willis for 6 hired wagons to cary provision for Collonel Hollis reg[imen]t from Acton to Coventry,38,0,0
478,V0478,tr,18r,1642-09-02,75,p[ai]d S[i]r John Meldrum Commander in cheif of the forces befor Portsmouth for on months entertainm[en]t at 40s p[er] diem commencing 15 aug[us]t last,56,0,0
479,V0479,tr,18r,1642-09-02,76,p[ai]d Capt[ain] John walker for on months pay for his compa[ny] of 63 sold[ie]rs und[e]r Lord Robert[es] Regiment to begin 27 aug[us]t,58,16,0
480,V0480,tr,18r,1642-09-02,37,p[ai]d S[i]r Phillip Stapleton for compleat paym[en]t of his owne troop for on month to beginn 17 aug[us]t,250,0,0
481,V0481,tr,18r,1642-09-02,,more for providing pad saddles and bridles for 2 trumpeters a farrier & sadler,6,0,0
482,V0482,tr,18r,1642-09-02,76,p[ai]d Captaine John Skrimsher for a mo[nths] pay of his compa[ny] of 80 sold[ier]s under the g[enera]lls regiment from the 22 aug[us]t,74,13,4
483,V0483,tr,18r,1642-09-02,77,p[ai]d Capt[ain] Henry Somersters for a mo[nths] pay of his compa[ny] of 60 sold[ier]s under my lord mandevill[es] regiment from 27 aug[us]t,56,0,[...]
484,V0484,tr,18r,1642-09-02,77,p[ai]d Capt[ain] Roger Bretterige for a mo[nths] pay of his compa[ny] of 88 menn in my lo[rd] G[enera]lls reg[imen]t from the 22 aug[us]t,82,2,8
485,V0485,tr,18r,1642-09-02,33,p[ai]d S[i]r w[illia]m Balfour Captain of a troope of 80 harqueb[usiers] for his advance monie for him self and officers,280,0,0
486,V0486,tr,18r,1642-09-02,24,p[ai]d unto Collonell Charles Essex for one monthes pay and entertainm[en]t of the offic[er]s of his regiment from [th]e 27 aug[us]t,542,16,0
487,V0487,close table,18r,1642-09-02,,,107670,5,5
488,V0488,pb,18v,1642-09-02,,18v,,,
489,V0489,table (single row),18v,1642-09-02,,Sommeth the paym[entes] on the other side,C7670,5,5
490,V0490,head,18v,1642-09-03,,3 [September 1642],,,
491,V0491,open table,18v,1642-09-03,78,p[ai]d unto Nicholas Bond Comissarie G[enera]ll of the victuall[es] for on months pay by way of advance from the 30 of Julie last,36,8,0
492,V0492,tr,18v,1642-09-03,,more for providinge of horses and other necessaries for him and his deputies,40,0,0
493,V0493,tr,18v,1642-09-03,78,p[ai]d Captaine Francis wilson for on monthes pay of his compa[ny] of 50 sold[ier]s in my lord mandevill[es] regiment from the 1 [Septem]bre present,46,13,4
494,V0494,tr,18v,1642-09-03,79,p[ai]d marke Grime Captaine of a foot compa[ny] in my Lord Robert[es] reg[imen]t of 70 soldiers from the 29 Aug[us]t for 1 mo[nths] pay,65,6,8
495,V0495,tr,18v,1642-09-03,,p[ai]d Capt[ain] George Tomson for scarff[es] for his troope posted to the 6 present,,,
496,V0496,tr,18v,1642-09-03,79,p[ai]d Thomas Richardson Comissary and register for valuinge & inrowlinge horses and armes for on mo[nths] entertainm[en]t from the 11 Aug[us]t exclusive,21,0,0
497,V0497,tr,18v,1642-09-03,,more p[ai]d him for his entertainm[en]t from the 17 June inclusive to the 11 August inclusive,42,0,0
498,V0498,tr,18v,1642-09-03,24,p[ai]d the lord say Collonel of a reg[imen]t of 800 for a month entertainm[en]t of himself and his officers from the 27 aug[us]t last,542,16,0
499,V0499,tr,18v,1642-09-03,,more for 1/2 a months pay for 500 sold[ier]s part of the same reg[imen]t to begine for [th]e 27 aug[us]t,233,6,8
500,V0500,tr,18v,1642-09-03,30,p[ai]d Coll[onel] Thomas Ballard for on mo[nths] entertainm[en]t of the officers of his reg[imen]t to beginn from the 27 aug[us]t last,542,16,0
501,V0501,tr,18v,1642-09-03,,more for an allowance of 11 wagons for his reg[imen]t at 40 a wagon,440,0,0
502,V0502,tr,18v,1642-09-03,14,p[ai]d the Lord Brook[es] for o[ne] mo[nths] pay for the officers of his reg[imen]t to begine from [th]e 27 Aug[us]t,542,16,0
503,V0503,tr,18v,1642-09-03,80,p[ai]d Lawrence Loe surgeon to my Lord g[enera]ll[es] person & traine for his provision of phisicall & chirurgicall medicam[entes] & other necessaries,150,0,0
504,V0504,tr,18v,1642-09-03,10,p[ai]d Capt[ain] Fra[ncis] Fines for a mo[nths] entertainm[en]t for him self & troop to begin the 3 [Septem]bre,349,6,0
505,V0505,close table,18v,1642-09-03,,,C10722,14,1
506,V0506,pb,19r,1642-09-03,,19r,,,
507,V0507,table (single row),19r,1642-09-03,,Sommeth [th]e paym[entes] on the other side,C10722,14,1
508,V0508,head,19r,1642-09-03,,3 Septemb[e]r 1642,,,
509,V0509,open table,19r,1642-09-03,69,p[ai]d the Earle of Peterborrough for 11 wagons allowed to his reg[imen]t at 40l a pece,440,0,0
510,V0510,tr,19r,1642-09-03,49,p[ai]d my Thomas Pudsey toward[es] the provision of Armes for my lord g[enera]ll[es] owne troope as by the warr[an]t,186,0,0
511,V0511,tr,19r,1642-09-03,sallery 10,p[ai]d m[aste]r John Sedgwicke Chaplaine to the Earle of Stamford for on half months pay allowed from the 30 Julie last & for his man,6,10,8
512,V0512,tr,19r,1642-09-03,sallery 5,p[ai]d m[aste]r Obediah sedgwicke chaplain to Denzill Hollis as above,6,10,8
513,V0513,tr,19r,1642-09-03,sallery 6,p[ai]d Adoniram Bifeild Chaplaine to S[i]r Henry Cholmly as above,6,10,8
514,V0514,tr,19r,1642-09-03,sallery 13,p[ai]d m[aste]r w[illia]m spurstow Chaplaine to Collonel Hamden as above,6,10,8
515,V0515,tr,19r,1642-09-03,sallery 13,more for providing necessaryes for his attendance,20,0,0
516,V0516,tr,19r,1642-09-03,sallery 20,p[ai]d leifftenn[an]t Collonel Davies for on mo[nths] advance for the pay and entertainm[en]t of my lord G[enera]ll[es] officers of his reg[imen]t,662,4,0
517,V0517,tr,19r,1642-09-03,,more for 13 wagons for the reg[imen]t at 40l,520,0,0
518,V0518,tr,19r,1642-09-03,20,more for on monthes pay of l[ieutenant] Coll[onel] davies his compa[ny] of 94 sold[ier]s to begine from the 22 Aug[us]t,87,14,0
519,V0519,close table,19r,1642-09-03,81,p[ai]d Capt[ain] Thomas Bushell for on mo[nths] pay for his compa[ny] of 193 sold[ier]s und[e]r my Lord G[enera]ll[es] Regim[en]t,180,2,0
520,V0520,head,19r,1642-09-05,,5 [Septem]bre [1642],,,
521,V0521,open table,19r,1642-09-05,81,p[ai]d Francis Allin toward[es] the charges of those forces that wear drawne out of London into kent,400,0,0
522,V0522,tr,19r,1642-09-05,81,p[ai]d him more uppon the same acc[oun]tt,100,0,0
523,V0523,tr,19r,1642-09-05,49,p[ai]d my Lord Robert[es] for advance of 11 wagons at 40l a wagon,440,0,0
524,V0524,tr,19r,1642-09-05,82,p[ai]d Captain Edward Berry for on monthes pay of his troope of 46 harqueb[usiers] to begine from the 31 aug[us]t last,161,-,-
525,V0525,close table,19r,1642-09-05,,,C13945,16,9
526,V0526,pb,19v,1642-09-05,,19v,,,
527,V0527,table (single row),19v,1642-09-05,,Sommeth [th]e paym[entes] on the other side,C13945,16,9
528,V0528,head,19v,1642-09-05,,5 [Septem]bre [1642],,,
529,V0529,open table,19v,1642-09-05,31,p[ai]d Collonell w[illia]m Bamfeild for 11 wagon[es],440,0,0
530,V0530,tr,19v,1642-09-05,7,p[ai]d my Lord wharton for wagons,440,0,
531,V0531,tr,19v,1642-09-05,,more for a mo[nths] pay for himselfe & his officers to comence the 27 Aug[us]t inclusive,542,16,
532,V0532,tr,19v,1642-09-05,82,p[ai]d Captaine Hazelwood for a mo[nths] pay of his compa[ny] of 69 sold[ier]s of the Reg[imen]t of Collonel Essex from [th]e 2 present,64,8,0
533,V0533,tr,19v,1642-09-05,83,p[ai]d Capt[ain] Symon Rugely Capt[ain] of a troop of horse for mounting himself and his officers,280,0,0
534,V0534,tr,19v,1642-09-05,83,p[ai]d Capt[ain] Fra[ncis] Hall for on mo[nths] pay of his companie of 48 sold[ier]s in Coll[onel] Essex regiment,44,16,0
535,V0535,tr,19v,1642-09-05,84,p[ai]d Abraham webb apothery to his Excellence & the whole Army for providing his Chest tent wagon & hors,200,0,0
536,V0536,tr,19v,1642-09-05,50,p[ai]d Captaine John Raymon for a mo[nths] pay of 53 soldiers in the regim[en]t of Collonell Hambden from [th]e 29 aug[us]t,49,9,4
537,V0537,tr,19v,1642-09-05,30,p[ai]d Collonel Grantham for 11 wagons,440,0,0
538,V0538,tr,19v,1642-09-05,40,p[ai]d Collonell Merricke for 11 wagons,440,0,0
539,V0539,tr,19v,1642-09-05,40,more p[ai]d him for on mo[nths] pay for himself & certaine officers,74,4,0
540,V0540,tr,19v,1642-09-05,85,p[ai]d leifften[an]t Collonel Coningham for on mo[nths] pay of his compa[ny] of 61 sold[ier]s in Coll[onel] Essex reg[imen]t to begine 30 Aug[us]t last,56,18,-
541,V0541,tr,19v,1642-09-05,85,"p[ai]d Thomas Symond[es] for monies disbursed by the hand[es] of Ric[hard] Touy of Bristoll for armes and Amunition by him provided and bought by order of m[aste]r Allexand[e]r Popham, m[aste]r strood & m[aste]r Ash",172,4,4
542,V0542,tr,19v,1642-09-05,13,p[ai]d Collonell John Hambden for 11 wag[ons],440,0,0
543,V0543,tr,19v,1642-09-05,38,p[ai]d Collonel Hollis for 11 wagons,440,0,0
544,V0544,tr,19v,1642-09-05,36,p[ai]d Richard Thurston surgeon to Collonel Goodwins reg[imen]t for provision of 3 horses 24 pownd[es] his chest 15 & for his wagon 20,59,0,0
545,V0545,close table,19v,1642-09-05,,,C18130,1,5
546,V0546,pb,20r,1642-09-05,,20r,,,
547,V0547,table (single row),20r,1642-09-05,,Som[m]eth the paym[entes] on the other side,C18130,1,5
548,V0548,head,20r,1642-09-05,,5 [Septem]bre 1642,,,
549,V0549,open table,20r,1642-09-05,16,p[ai]d Collonel S[i]r w[illia]m Constable for on mo[nths] pay and entertainm[en]t of the officers of his reg[imen]t from the 27 Aug[us]t,542,16,0
550,V0550,tr,20r,1642-09-05,12,p[ai]d the lord St John for on mo[nths] pay for [th]e officers of his troop by way of imprest,139,6,0
551,V0551,tr,20r,1642-09-05,,more for the entertainm[en]t of the officers of his regim[en]t to begine from the 27 aug[us]t,542,16,0
552,V0552,tr,20r,1642-09-05,16,p[ai]d Capt[ain] Arthur Evelin for a mo[nths] pay for himself & the officers of his troope,349,6,0
553,V0553,tr,20r,1642-09-05,14,p[ai]d my lord Brooke for 11 wagons,440,0,0
554,V0554,tr,20r,1642-09-05,33,p[ai]d Collonell Cholmley for 11 wagons,440,0,0
555,V0555,tr,20r,1642-09-05,86,p[ai]d Captain Henry Carew for on mo[nths] pay of his compa[ny] of 50 sol[diers] in my lord whartons regiment begin 29 aug[us]t,46,13,4
556,V0556,tr,20r,1642-09-05,30,p[ai]d Collonel Grantham for on mo[nths] pay of the officers of his regiment from [th]e 27 aug[us]t,542,16,0
557,V0557,tr,20r,1642-09-05,,p[ai]d John Smith on of the Comissaries apointed for valuinge & inrooling of horses & armes for his entertainm[en]t allowed him from the 17 June last inclusive to the 11 Aug[us]t last Inclusive being 56 dayes,28,0,0
558,V0558,tr,20r,1642-09-05,,more p[ai]d him for on mo[nths] pay for on mo[nths] pay to begine the 12 aug[us]t,14,0,0
559,V0559,tr,20r,1642-09-05,,p[ai]d Thomas Lloyd comissarie as above for his entertainm[en]t from the 17 June last inclusive to the 11 Aug[us]t inclusive beinge 56 dayes,28,0,0
560,V0560,tr,20r,1642-09-05,69,p[ai]d the Earle of Peterborrough g[enara]ll of the ordinance for on months entertainm[en]t from the 30 July last,140,0,0
561,V0561,tr,20r,1642-09-05,,more p[ai]d him as captaine of a troope of of horse for mounting 3 corporall[es] 42 more 2 trumpeters 1 farrier & sadler 32l more for scarff[es] 30,104,0,0
562,V0562,tr,20r,1642-09-05,,more p[ai]d him for providinge horses for his troope of 60 harqueb[usiers] besid[es] offic[er]s,1030,0,0
563,V0563,tr,20r,1642-09-05,,more for on mo[nths] pay for the officers of his troope to begin from the 30 of Julie last,139,6,0
564,V0564,tr,20r,1642-09-05,78,p[ai]d Nicho[las] Bond Comissarie g[enera]ll of the victuall[es] for on mo[nths] pay for himself & men from [th]e 30 of Julie to the 27 aug[us]t exclusive,36,8,-
565,V0565,close table,20r,1642-09-05,,,C22693,8,9
566,V0566,pb,20v,1642-09-05,,20v,,,
567,V0567,table (single row),20v,1642-09-05,,Sommeth the paym[entes] on the other side,C22693,8,9
568,V0568,head,20v,1642-09-05,,5 [Septem]bre 1642,,,
569,V0569,open table,20v,1642-09-05,4,p[ai]d S[i]r w[illia]m Lewis by way of imprest for the service of Portsmouth,2000,0,0
570,V0570,tr,20v,1642-09-05,26,p[ai]d 2 [Septem]bre p[ai]d Capt[ain] George Austin for allowance made unto him of 60 great sadles and bitt[es] for his said troop at 50s,150,-,
571,V0571,tr,20v,1642-09-05,26,more for on mo[nths] pay for 20 horses to compleat his troope the said mo[nth] to begin the 29 Aug[us]t,70,0,0
572,V0572,tr,20v,1642-09-05,87,p[ai]d Capt[ain] Thomas Rush for on mo[nths] pay of his compa[ny] of 66 sold[ier]s in S[i]r w[illia]m Fairfax regiment from [th]e 3 present,61,12,-
573,V0573,tr,20v,1642-09-05,87,p[ai]d Capt[ain] [...] [^Osmond williams^] for on mo[nths] pay of 69 sold[ier]s of my lord mandevill[es] reg[imen]t from the 1 [Septem]bre,64,8,-
574,V0574,tr,20v,1642-09-05,88,p[ai]d w[illia]m Tuke for on mo[nths] pay of his compa[ny] of 61 sol[diers] in S[i]r w[illia]m Fairfax reg[imen]t from the 27 Aug[us]t,56,18,-
575,V0575,close table,20v,1642-09-05,,p[ai]d Thomas vincent for monies by him disbursed in this present service,50,-,-
576,V0576,head,20v,1642-09-06,,6 [September 1642],,,
577,V0577,open table,20v,1642-09-06,9,p[ai]d m[aste]r John Page Captaine to my lord Rochford for on mo[nths] pay from the 30 July last & for a mo[nths] pay for his servant at 4s.8d the weeke,12,2,8
578,V0578,tr,20v,1642-09-06,,more to provid necessaries for his attendance,20,-,-
579,V0579,tr,20v,1642-09-06,102,p[ai]d Docter Dorisla Advocate of the army by way of advance for his provision,100,-,-
580,V0580,tr,20v,1642-09-06,52,p[ai]d Capt[ain] Chichester for on mo[nths] pay for 12 harqueb[usiers] to begine from the 2 [Septem]bre,42,-,-
581,V0581,tr,20v,1642-09-03,19,p[ai]d Captaine George Tomson for scarff[es] w[hi]ch was sett downe & p[ai]d the 3 present but not drawne out,30,-,-
582,V0582,tr,20v,1642-09-06,88,p[ai]d Captain Robert Palmer for i m[onths] pay of 70 sold[ier]s part of my lord mandevil[es] reg[imen]t from the 27 aug[us]t,65,6,8
583,V0583,tr,20v,1642-09-06,45,p[ai]d Captaine [^thomas^] Tirrel for mountinge his 3 corporall[es] 42 for 2 trumpeters a farrier and sadler 32l,74,-,-
584,V0584,tr,20v,1642-09-06,11,p[ai]d m[aste]r Symon Ash Chaplaine to my lord Mandevill for on mo[nths] advance,20,0,0
585,V0585,close table,20v,1642-09-06,,,C25509,16,1
586,V0586,pb,21r,1642-09-06,,21r,,,
587,V0587,table (single row),21r,1642-09-06,,Somethe the paym[entes] on the other side,C25509,16,1
588,V0588,head,21r,1642-09-06,,6 [Septem]bre [1642],,,
589,V0589,open table,21r,1642-09-06,77,p[ai]d S[i]r Phillipe Stapleton for i mo[nths] pay & entertainm[en]t of the officers of a troope of Cuirassiers,231,14,0
590,V0590,tr,21r,1642-09-06,56,p[ai]d Captain Edward Clerke for mounting his 3 corporall[es] 42l for 2 trumpeters a farier & sadler 32 for scarfs 30l,104,0,[...]
591,V0591,tr,21r,1642-09-06,89,p[ai]d Capt[ain] Devereux Gibbons for one months pay of 56 sold[ier]s in my lord whartons regiment from the 29 Aug[us]t,52,5,4
592,V0592,tr,21r,1642-09-06,89,p[ai]d Robert Goodwine for on mo[nths] pay of his compa[ny] of 64 sold[ier]s in my lord mandevill[es] regim[en]t from the 3 present,59,14,8
593,V0593,tr,21r,1642-09-06,62,p[ai]d Capt[ain] Gray for 1 mo[nths] pay of his compa[ny] of 70 sol[diers] in S[i]r w[illia]m Constables reg[imen]t from the 29 aug[us]t,65,6,8
594,V0594,tr,21r,1642-09-06,90,p[ai]d Capt[ain] James whicherley for on mo[nths] pay of his compa[ny] of 63 sol[diers] in my lord Robert[es] reg[imen]t from the 30 aug[us]t,58,16,0
595,V0595,tr,21r,1642-09-06,90,p[ai]d S[i]r Gilbert Gerrard T[reasur]er of the Army for his entertainm[en]t at 40s p[er] diem from the 1 Aug[us]t to the 31 inclusive,62,0,0
596,V0596,tr,21r,1642-09-06,,more for 2 clark[es] at 2s p[er] diem each,6,4,-
597,V0597,tr,21r,1642-09-06,91,p[ai]d Capt[ain] vernon deputye Tr[easur]er for his entertainm[en]t the same time at 6s 8d p[er] diem,10,6,8
598,V0598,tr,21r,1642-09-06,,more for 3 clark[es] allowed him at 2s a peece p[er] diem for 31 daies,9,6,0
599,V0599,tr,21r,1642-09-06,91,p[ai]d Captaine william willoughby by way of imprest for the charge of securinge the Blockhouse at Gravesend and the ordinance at wolwich,100,0,0
600,V0600,tr,21r,1642-09-06,92,p[ai]d S[i]r Samuel luke Captaine of a troop of harquebusiers for mountinge himself and officers,280,0,0
601,V0601,tr,21r,1642-09-06,92,p[ai]d m[aste]r Edward Ash w[hi]ch was p[ai]d the 5 present for soe much by him disbursed before hand for supplie of the Army in sommersetsh[ire],200,0,0
602,V0602,tr,21r,1642-09-06,24,p[ai]d my lord say Captaine of a troope of horse for mountinge himself & officers,280,0,0
603,V0603,close table,21r,1642-09-06,,,C27029,9,5
604,V0604,pb,21v,1642-09-06,,21v,,,
605,V0605,table (single row),21v,1642-09-06,,Sommeth the paym[entes] on the other side,C27029,9,5
606,V0606,head,21v,1642-09-06,,6 [September 1642],,,
607,V0607,open table,21v,1642-09-06,82,p[ai]d Capt[ain] Edward Berry for mounting 3 corporall[es] 42l for 2 trumpeters a farier & a sadler 32,74,0,0
608,V0608,tr,21v,1642-09-06,,more for provision of 60 great sadles and Bitt[es] at 50s. 150l. & for scarf[es],180,-,-
609,V0609,tr,21v,1642-09-06,22,p[ai]d the Lord Rochford for 11 wagons for his regim[en]t at 40l a peece,440,-,-
610,V0610,tr,21v,1642-09-06,20,p[ai]d Leifften[an]t Coll[onel] Davies for allowance of 20 wagons to attend my lord G[enera]ll[es] owne traine by way of advance at 40l,800,-,-
611,V0611,tr,21v,1642-09-06,93,p[ai]d S[i]r Ant[ony] st John Captaine of 57 soldiers in the g[enera]l[es] reg[imen]t from the 3 present,53,4,-
612,V0612,tr,21v,1642-09-06,93,p[ai]d Captain Edward wat[es] Captaine of a compa[ny] of 70 sold[ier]s in my lord mandivel[es] reg[imen]t from the 1 present,65,6,8
613,V0613,tr,21v,1642-09-06,24,p[ai]d Collonell Essex for 11 wagon for his reg[imen]t,440,-,-
614,V0614,tr,21v,1642-09-06,7,p[ai]d the Lord wharton capt[ain] of a troop of 80 harqueb[usiers] for 1 mo[nths] advance for his said troop & 3l.10s unp[ai]d to his l[ordshi]p w[hi]ch was due the last mo[nths] pay in all,422,16,-
615,V0615,tr,21v,1642-09-06,,more for scarf[es] for his troope,40,-,-
616,V0616,tr,21v,1642-09-06,94,p[ai]d Capt[ain] Thomas Hatcher captaine of a troope of horse for mounting himself & officers,280,0,0
617,V0617,tr,21v,1642-09-06,40,p[ai]d S[i]r John merricke for 2 wagons as sergant major G[enera]ll,80,0,0
618,V0618,tr,21v,1642-09-06,94,p[aid] S[i]r Christopher wray Capt[ain] of a troop of horse for mountinge himself & offic[er]s,280,0,0
619,V0619,tr,21v,1642-09-06,37,p[ai]d S[i]r Phillip Stapleton captaine of my lord G[enera]ll[es] owne troop for furnishinge 46 great sadles & bitt[es] at 50s,115,0,0
620,V0620,close table,21v,1642-09-06,12,p[ai]d Collonel John Browne for an allowance made to his sold[ier]s that came from hull 30. 6. for his surgeon[es] chest 15l for marshall[es] Irons 7l in all,52,6,0
621,V0621,head,21v,1642-09-07,,7 [September 1642],,,
622,V0622,open table,21v,1642-09-07,19,p[ai]d Captaine Robert Burill for his pay of his troope of 60 har[quebusiers] for on mo[nth] to begine from the 20 august,349,6,-
623,V0623,close table,21v,1642-09-07,,,C30701,8,1
624,V0624,pb,22r,1642-09-07,,22r,,,
625,V0625,table (single row),22r,1642-09-07,,Sommeth the paym[entes] on the other side,C30701,8,1
626,V0626,head,22r,1642-09-07,,7 Septemb[e]r 1642,,,
627,V0627,open table,22r,1642-09-07,21,p[ai]d Collonell S[i]r w[illia]m Fairfax for advance of 11 wagons for his regiment at 40l,440,0,0
628,V0628,tr,22r,1642-09-07,33,p[ai]d S[i]r w[illia]m Balfour Captaine of a troope of Cuirassiers of 80 for on mo[nths] entertainm[en]t of the said troop to begine from the 19 August,550,4,0
629,V0629,tr,22r,1642-09-07,23,p[ai]d Collonel Henry Martin for leviinge 1200 men to serve in his reg[imen]t,600,0,0
630,V0630,tr,22r,1642-09-07,95,p[ai]d Capt[ain] Mathew Draper for a monthes pay of 52 harqueb[usiers] under my l[ord] Gen[era]ll[es] command from the 3 pres[ent],182,0,0
631,V0631,tr,22r,1642-09-07,,more for mountinge 3 corporall[es] 42l 2 trumpeters 1 farier & sadler 32 more for scarff[es] 26l,100,0,0
632,V0632,tr,22r,1642-09-07,35,p[ai]d my lord mandevill for on mo[nths] pay for the officers of his regiment from the 27 aug[us]t,542,16,0
633,V0633,tr,22r,1642-09-07,,more for 11 wagons for his regim[en]t,440,0,0
634,V0634,tr,22r,1642-09-07,69,p[ai]d the Earle of Peeterborrough Gen[era]ll of the Ordinance for the pay and entertainm[en]t of himself and the rest of the officers of the traine of Artiglirie to begine from the 27 aug[us]t last,2420,2,8
635,V0635,tr,22r,1642-09-07,95,p[ai]d Captain Henry Blundell for on mo[nths] pay of his compa[ny] of 70 soldiers of S[i]r Thomas Grantham[es] regiment to begine from the first present,65,6,8
636,V0636,tr,22r,1642-09-07,28,p[ai]d my lord hastings for furnishing his farier & sadler w[i]th necessaries & materiall[es],10,0,0
637,V0637,tr,22r,1642-09-07,24,p[ai]d leifftenn[an]t James webb for on mo[nths] pay of 64 soldiers of collonel Essex regiment to begin from [th]e 5 present,59,14,8
638,V0638,close table,22r,1642-09-07,sallery,p[ai]d m[aste]r Thomas Jackson chaplaine to S[i]r w[illia]m waler for his provision of necessaries for his attendance on the reg[imen]t,20,0,0
639,V0639,head,22r,1642-09-07,,No. 3.,,,
640,V0640,open table,22r,1642-09-07,21,p[ai]d Captain william Anselme 16l for mountinge of his farrier & sadler & 10l by way of imprest to furnish them w[i]th necessaries & materiall[es],26,0,0
641,V0641,close table,22r,1642-09-07,,,C36157,12,1
642,V0642,pb,22v,1642-09-07,,22v,,,
643,V0643,table (single row),22v,1642-09-07,,Sommeth the paym[entes] on the other side,C36157,12,1
644,V0644,head,22v,1642-09-08,,8 September 1642,,,
645,V0645,open table,22v,1642-09-08,34,p[ai]d Captaine horatio Carew for 1 mo[nths] pay for his troope 60 harqueb[usiers] to begine from the 8th [Septem]ber,349,6,[...]
646,V0646,tr,22v,1642-09-08,,more for 1 mo[nths] pay as serg[ean]t major of S[i]r william walers regiment to begin fro[m] the 6th of Aug[us]t last inclusive,16,16,0
647,V0647,tr,22v,1642-09-08,43,p[ai]d Collonell Edwin Sandys for on months pay of a troope of 60 harqueb[usiers] besid[es] officers by advance the war[ran]t was in the name of serg[ean]t major dowglas,349,6,-
648,V0648,tr,22v,1642-09-08,96,p[ai]d Captaine w[illia]m Henricke Butler for one monthes pay of his compa[ny] of 55 sold[ier]s of Collonel Essex regiment to begine from the 3 present,51,6,8
649,V0649,tr,22v,1642-09-08,82,p[ai]d Captain Edward Berry for on mo[nths] pay to himself & officers from the 30 of Julie last,139,6,0
650,V0650,tr,22v,1642-09-08,7,"p[ai]d m[aste]r Samuell well[es] Chaplaine to Coll[onel] Essex regiment from on mo[nths] pay due to him from the 30 Julie 5l.12s, the Col[onel] havinge rec[eive]d the other 1/2 mo[nths] pay & likewise for on whole mo[nth] for his servant at 4s.8d the weeke. 18s.8 in all",6,10,8
651,V0651,tr,22v,1642-09-08,96,paid unto m[aste]r Geo[rge] Paylor & m[aste]r Jo[hn] Falkoner officers of the armory in the tower by way of imprest for repayringe certaine defective arms & musket[es] in the tower for this service,100,0,0
652,V0652,tr,22v,1642-09-08,14,p[ai]d Collonel Dulbier quartermaster g[enera]ll for 1 mo[nths] pay of his troope of 60 harqueb[usiers] to begine from the 7 pres[en]t,349,6,0
653,V0653,tr,22v,1642-09-08,,more to him by way of advance for the farrier and sadler to be defalked out of ther pay at 5s a week,10,-,-
654,V0654,tr,22v,1642-09-08,49,p[ai]d Captain Thomas Pudsey captaine of the g[enera]ll[es] guard of harberdiers for on mo[nths] pay at 20s p[er] diem to comence from the 30th of Julie Inclusive to the 28 aug[us]t exclusive 28l more for the advance of on mo[nths] pay 28 as also for an allowance made to him by way of advance for a wagon 40 In all,96,0,0
655,V0655,tr,22v,1642-09-08,,more for furnishinge 30 sword[es] for 30 halberdiers at 30s a peece,45,0,0
656,V0656,close table,22v,1642-09-08,,,137670,9,5
657,V0657,pb,23r,1642-09-08,,23r,,,
658,V0658,table (single row),23r,1642-09-08,,Sommeth the paym[entes] on the other side,C37670,9,5
659,V0659,head,23r,1642-09-08,,8 [Septem]bre 1642,,,
660,V0660,open table,23r,1642-09-08,28,p[ai]d my lord hastings for a mo[nths] pay of his troope & offic[er]s,349,6,0
661,V0661,tr,23r,1642-09-08,6,p[ai]d Callibut Downinge for on 1/2 mo[nths] pay due to him from the 30 Julie last 5.12. & for a month for his mann 18.8,6,10,8
662,V0662,tr,23r,1642-09-08,51,p[ai]d Capt[ain] walter Longe for 8 dayes pay for himself & officers of his troop from the 13 aug[us]t Inclusive to the 20 exclusive & 45 horses of his troope,84,16,0
663,V0663,close table,23r,1642-09-08,,more for an arrear of pay due to himself & officers from the 29 Julie inclusive on w[hi]ch day his com[issi]on bears date unto the 13 of Aug[us]t exclusive on w[hi]ch day the troop was mustered,74,12,-
664,V0664,head,23r,1642-09-09,,9 [September 1642],,,
665,V0665,open table,23r,1642-09-09,37,p[ai]d S[i]r Phillipe Stapleton Captaine of the g[enera]ll[es] guard for a mo[nths] pay of his troope of 100 Cuirassiers to begine from the 13 of this instant [Septem]bre,1120,0,0
666,V0666,tr,23r,1642-09-09,,p[ai]d m[aste]r Robert Chambers Aud[ito]r of the acc[oun]t[es] for th [...] expedition by advance for furnishinge himself and Clerk[es],50,0,0
667,V0667,tr,23r,1642-09-09,31,p[ai]d James Senior provost marshall g[enera]ll of the foot for on mo[nths] entertainm[en]t for himself officers and 20 men 84 4 8 more for on mo[nths] pay for his wagon to begin from the 21 Aug[us]t 6-10.8,90,15,4
668,V0668,tr,23r,1642-09-09,4,p[ai]d Serjant Major Urry for his service & entertainm[en]t,150,0,0
669,V0669,tr,23r,1642-09-09,24,p[ai]d my Lord Saye for advance of on months pay for the sold[ier]s of his regiment uppon acc[oun]tt,746,13,4
670,V0670,tr,23r,1642-09-09,,more for allowance of 11 wagons for his regiment,440,-,-
671,V0671,tr,23r,1642-09-09,97,p[ai]d Captaine Robert Vivers for mounting 3 corporall[es] 42l more 2 trumpeters on farrier & a sadler 32 more for scarff[es] 30,104,0,0
672,V0672,tr,23r,1642-09-09,84,p[ai]d unto Abraham Webb Apothecary for the g[enera]ll[es] owne p[er]son & the whole army for on mo[nths] pay to begin the 30 Julie last,14,0,0
673,V0673,close table,23r,1642-09-09,,,C40901,2,9
674,V0674,pb,23v,1642-09-09,,23v,,,
675,V0675,table (single row),23v,1642-09-09,,Sommeth the paym[entes] on the other side,C40901,2,9
676,V0676,head,23v,1642-09-09,,9 [Septem]bre [1642],,,
677,V0677,open table,23v,1642-09-09,13,"p[ai]d John Anthony surgeon to Collonel Sand[es] for soe much monie to him advanced for provision of 3 horses 12. for on mo[nths] maintenance for them from the 7 [Septem]bre 4l.4s, more for on monthes pay for himself & mates from the 3 of Julie last 12.12 for his chest 5l & for advance of 1/2 a wagon 20l",63,16,-
678,V0678,tr,23v,1642-09-09,56,p[ai]d Captaine Edward Clerke for on mo[nths] pay for himself officers & 55 horse to begin from [th]e 2 [Septem]bre,331,16,-
679,V0679,tr,23v,1642-09-09,,more for sadles & furniture,150,-,-
680,V0680,tr,23v,1642-09-09,97,p[ai]d S[i]r Christ[opher] wray capt[ain] of a troop of horse for providinge 60 great sadles and bitt[es],150,-,-
681,V0681,tr,23v,1642-09-09,,more for padsadles & bridles for 2 trumpet[er]s a farier & sadler,6,0,0
682,V0682,tr,23v,1642-09-09,,more for mounting 3 corporall[es] 42l two trumpet[er]s a farier & saddler 32,74,0,0
683,V0683,tr,23v,1642-09-09,98,p[ai]d Captaine Mathew Draper for entertainm[en]t of certaine officers of his troop from [th]e 30 Julie inclusive to the 4 of this instant [Septem]bre exclusive being 35 dayes,125,16,-
684,V0684,tr,23v,1642-09-09,,more for on mo[nths] pay for the officers of his troope from [th]e 4 [Septem]bre,114,2,-
685,V0685,tr,23v,1642-09-09,47,p[ai]d Captaine Oliver Cromwell for on mo[nths] pay of his troope from the 29 of August,210,-,-
686,V0686,tr,23v,1642-09-09,,more for on mo[nths] pay of the officers of his troope from [th]e 30 Julie Inclusive to the 29 aug[us]t inclusive beinge 31 dayes 154.4.6 more from the 29 aug[us]t exclusive 139.6.,293,10,6
687,V0687,tr,23v,1642-09-09,14,p[ai]d m[aste]r James Nalton Chaplaine to Coll[onel] Grantham for his provision of necessaries 1/2 a mo[nths] pay for him self & a whole for his man,26,10,8
688,V0688,tr,23v,1642-09-09,15,p[ai]d Richard Thurston surgeon to Coll[onel] Arthur Goodwin for on mo[nths] pay for himself and mates from the 27 aug[us]t last,12,12,-
689,V0689,tr,23v,1642-09-09,98,p[ai]d Capt[ain] John Bridges for a mo[nths] pay of 70 sol[diers] in my lord Brook[es] regiment from [th]e 5 present,68,6,8
690,V0690,tr,23v,1642-09-09,30,p[ai]d lawrence Loe surgeon to his exelence for on mo[nths] pay from the [?27?] aug[us]t last,28,-,-
691,V0691,tr,23v,1642-09-09,99,p[ai]d Capt[ain] John Drake for 1 mo[nths] pay of his companie of 55 sold[ier]s in my lord mandevill[es] reg[imen]t from [th]e 1 present,51,6,8
692,V0692,close table,23v,1642-09-09,,,C42603,19,3
693,V0693,pb,24r,1642-09-09,,24r,,,
694,V0694,table (single row),24r,1642-09-09,,Sommeth [th]e paym[entes] on the other side,C42603,19,3
695,V0695,head,24r,1642-09-09,,9 [Septem]bre [1642],,,
696,V0696,open table,24r,1642-09-09,,p[ai]d m[aste]r John ward Commissarie g[enera]ll of [th]e provision for horse for 1 months pay for himself and deputies from [th]e 30 Julie inclusive,36,12,-
697,V0697,tr,24r,1642-09-09,,more for on mo[nths] pay from the 27 aug[us]t inclusive,36,12,-
698,V0698,tr,24r,1642-09-09,100,p[ai]d Docter St John Phisition to my Lord G[enera]ll[es] owne person for soe much to him advanced for his accomodacon,100,-,-
699,V0699,tr,24r,1642-09-09,,more for on mo[nths] entertainm[en]t from the 30 July last,9,6,8
700,V0700,close table,24r,1642-09-09,100,Docter Richard Gardiner docter of Phizicke to the army by way of advance,100,0,0
701,V0701,head,24r,1642-09-10,,10 [September 1642],,,
702,V0702,open table,24r,1642-09-10,101,p[ai]d Captaine Thomas Lidcot for on mo[nths] entertainm[en]t for himself officers and whole troop by way of imprest,349,6,-
703,V0703,tr,24r,1642-09-10,25,p[ai]d Captaine Adrian Scroope for an arreer of pay due to himself & officers from the 30 of Julie inclusive to the 25 aug[us]t exclusive being 26 dayes,129,7,0
704,V0704,tr,24r,1642-09-10,64,p[ai]d m[aste]r George Milward for a bill of exchange directed from my lord of Bedford about the busines in som[m]ersetshir,100,-,-
705,V0705,tr,24r,1642-09-10,22,p[ai]d Mons[ieu]r de Bois leifft[enant] Gen[era]ll of the Artigliry in part of a warr[an]t of 3000 for providinge wagons boat[es] and other materiall[es] for the trayne,1000,0,0
706,V0706,tr,24r,1642-09-10,49,p[ai]d Captaine Thomas Pudsey for 30 halbert[es] for my lord g[enera]ll[es] guard - a mo[nths] advance at 18d p[er] diem,63,0,0
707,V0707,tr,24r,1642-09-10,70,p[ai]d my Lord Fildinge Capt[ain] of a troop of horse for on mo[nths] entertainm[en]t for 58 harqueb[usiers] a horsbacke from the [?2?] [Septem]bre,203,0,0
708,V0708,tr,24r,1642-09-10,,more for mountinge 3 corporall[es] 42l 2 trumpeters a farrier & a sadler 32,74,0,0
709,V0709,tr,24r,1642-09-10,,more for scarff[es],30,0,0
710,V0710,tr,24r,1642-09-10,,more advanct to his farier & sadler,10,-,-
711,V0711,close table,24r,1642-09-10,,,144845,3,0
712,V0712,pb,24v,1642-09-10,,24v,,,
713,V0713,table (single row),24v,1642-09-10,,Sommeth [th]e paym[entes] on the other side,C44845,3,0
714,V0714,head,24v,1642-09-12,,12 September 1642,,,
715,V0715,open table,24v,1642-09-12,101,delivered unto m[aste]r william Jessope by S[i]r Guilbert Gerrerd[es] order,500,-,-
716,V0716,tr,24v,1642-09-12,,Rec[eived] this 500l p[er] me Will[iam] Jessop,,,
717,V0717,tr,24v,1642-09-12,101,more for him to accompt for 100l p[ai]d to Captaine Bradly uppon a warr[an]t of more monie,100,-,-
718,V0718,close table,24v,1642-09-12,,Will[iam] Jessop,,,
719,V0719,head,24v,1642-09-19,,19 September [1642] in northampton,,,
720,V0720,open table,24v,1642-09-19,102,p[ai]d m[aste]r Robert Chambers for soe much advanced to him as Secretarye of the army,100,0,0
721,V0721,tr,24v,1642-09-19,22,p[ai]d to John Hallford deputy leifft[enant] to leifftenn[an]t g[enera]ll de Boys for the paym[en]t of wagons gunners & matrosses uppon accompt this monie was p[ai]d the 12 present,100,0,0
722,V0722,tr,24v,1642-09-12,38,p[ai]d Collonel Hollis at northampton the 5 & 12 [Septem]bre at northampton for on 1/2 monthes pay for his officers and soldiers,829,10,-
723,V0723,tr,24v,1642-09-12,33,p[ai]d Collonell [^Henry^] Cholmly as above,829,10,-
724,V0724,close table,24v,1642-09-13,13,p[ai]d Collonell Hambden for the use of his reg[imen]t uppon acc[oun]tt the 13 [Septem]bre,200,-,
725,V0725,head,24v,1642-09-26,,26 [September 1642],,,
726,V0726,open table,24v,1642-09-26,,p[ai]d Ambrose Rotton for his charges and expences in prosecution of divers services for the state,30,0,0
727,V0727,tr,24v,1642-09-26,19,p[ai]d Captaine Ro[bert] burghill first comissarie for the valuing & inroling of horses at lond[o]n for his pay & entertainm[en]t for 3 whole months endinge the 10 present,42,-,-
728,V0728,tr,24v,1642-09-26,11,p[ai]d serjant major Gunter for soe much dew to himself officers & troope of harquebusiers to the first of [Octo]bre next wherof 200l was paid [th]e 5 [Septem]bre at northampton & 152.18. hear at worcester,352,18,-
729,V0729,tr,24v,1642-09-26,13,p[ai]d Collonel Hamden by way of imprest,500,0,0
730,V0730,tr,24v,1642-09-26,11,p[ai]d serjant major Gunter as major of the gen[era]ll[es] reg[imen]t of horse for his for his pay from the 15 Aug[us]t inclusive to the first [Octo]bre exclusive beinge 47 dayes,28,4,0
731,V0731,tr,24v,1642-09-26,11,p[ai]d Capt[ain] Thomas Temple for a mo[nths] pay for his troop to begine from the 1 [Octo]bre next,349,6,-
732,V0732,close table,24v,1642-09-26,,,148806,11,0
733,V0733,pb,25r,1642-09-26,,25r,,,
734,V0734,table (single row),25r,1642-09-26,,Sommeth the paym[entes] on the other side,C48806,11,0
735,V0735,head,25r,1642-09-26,,26 [Septem]bre [1642],,,
736,V0736,table (single row),25r,1642-09-26,14,p[ai]d my lord Brook[es] in full paym[en]t of his pay & the said troop untill the 1 [Octo]bre next,175,13,0
737,V0737,head,25r,1642-09-27,,27 [September 1642],,,
738,V0738,open table,25r,1642-09-27,51,p[ai]d Captaine walter longe for on mo[nths] paye for himself officers and troope to begine the 17 of this instant [Septem]bre inclusive,349,6,-
739,V0739,tr,25r,1642-09-27,9,p[ai]d my lord Gray for pay of his officers & troope to the last [Septem]bre 191l.12d & also for on 1/2 mo[nths] pay for his troop to begin the 1 [Octo]bre 174.13. in all,365,14,-
740,V0740,tr,25r,1642-09-27,38,p[ai]d Collonel Hollis for on 1/2 months pay for the officers and soldiers of his regiment,829,10,-
741,V0741,tr,25r,1642-09-27,15,"p[ai]d Captaine Nathaniel Fines in full payment of himself and officers of his troope untill the 1 [Octo]bre next inclusive 149.16., more p[ai]d him at northampton uppon his acc[oun]tt 200l",349,16,0
742,V0742,tr,25r,1642-09-27,99,p[ai]d John ward Comissary g[enera]ll of the provision for the horse for on mo[nths] pay for himself and deputyes from the 24 [Septem]bre,36,8,
743,V0743,tr,25r,1642-09-27,47,p[ai]d Capt[ain] oliver Cromwell for arrers of his troop & 1/2 a mo[nths] pay to beginn from the i [Octo]bre,234,11,0
744,V0744,tr,25r,1642-09-27,42,p[ai]d John Baldwin provost marshall g[enera]ll of the horse for intertainm[en]t of his self & menn to the 30 [Septem]bre 15l.15s. more for 1/2 a mo[nths] pay from the 1 [Octo]bre 24:10,40,5,0
745,V0745,tr,25r,1642-09-27,101,p[ai]d Captaine Lidcott for 1 mo[nths] pay of his troope to beginn uppon [th]e 1 [Octo]bre,349,6,0
746,V0746,tr,25r,1642-09-27,102,p[ai]d Docter Dorisla advocate of [th]e army for his pay for 2 whole months & 7 days to end the last of [Septem]bre,63,0,0
747,V0747,tr,25r,1642-09-27,78,p[ai]d Nicholas Bond Comissary g[enera]ll for provision of victuall[es] for pay of himself and deputies for on whole mo[nth] & 6 days to end the 30 [Septem]bre 44l.4s as likewise for severall provisions and cariages for [th]e army 22 this is 20l short sett downe [?posted?] forward [...],46,4,-
748,V0748,tr,25r,1642-09-27,82,p[ai]d Captaine Edward Berrye for severall arrears & on 1/2 mo[nths] pay for his troop as appears by the warr[an]t begin 1 [Octo]bre,229,7,0
749,V0749,tr,25r,1642-09-27,83,p[ai]d Capt[ain] Hall the like for severall arreers & 1/2 mo[nths] pay for his troope beginning 1 [Octo]bre,261,19,0
750,V0750,tr,25r,1642-09-27,26,p[ai]d Captain George Austin for severall arrears & 1/2 a mo[nths] pay as above,336,17,6
751,V0751,close table,25r,1642-09-27,,,152474,7,6
752,V0752,pb,25v,1642-09-27,,25v,,,
753,V0753,table (single row),25v,1642-09-27,,Sommeth [th]e paym[entes] on the other side,C52474,7,6
754,V0754,head,25v,1642-09-29,,29 [September 1642],,,
755,V0755,open table,25v,1642-09-29,10,p[ai]d the Earle of Stamf[ord] for 15 days for the soldiers of his regiment beginninge the 16 pre[sen]t as by the warr[an]t appears,258,10,0
756,V0756,tr,25v,1642-09-29,103,p[ai]d Dr Burgess on of my lord g[enera]ll[es] chaplains for 2 whole mo[nths] & 7 dayes for himself and servant & 1/2 a wagon as by the warr[an]t,47,6,-
757,V0757,tr,25v,1642-09-29,103,p[ai]d Capt[ain] John Fines for the arrears of his troop & 1/2 a mo[nths] pay from the 1 [Octo]bre as by [th]e warr[an]t,438,15,6
758,V0758,tr,25v,1642-09-29,44,p[ai]d Capt[ain] Henry Ireton for entertainm[en]t of him self and other officers of his troop for 2 whole monthes and 7 dayes endinge the 1 [Octo]bre next,313,8,6
759,V0759,tr,25v,1642-09-29,68,p[ai]d Capt[ain] Robert Turner for his arreers & 1/2 a mo[nths] pay for his compa[ny] of 86 soldiers for the 1 [Octo]bre,83,2,6
760,V0760,tr,25v,1642-09-29,60,p[ai]d Capt[ain] Ambrose Tindall the like for his compa[ny] of 77 sold[ier]s,74,8,-
761,V0761,close table,25v,1642-09-29,104,p[ai]d w[illia]m Purfroy leifft[enant] Collonel of a regim[en]t of Foat to be raised in this service after the rate of 20s p[er] diem from the 30 Julie to the 1 [Octo]bre being 2 mo[nths] 7 dayes,63,0,0
762,V0762,head,25v,1642-09-30,,30 September [1642],,,
763,V0763,open table,25v,1642-09-30,19,p[ai]d Captaine Burghill for arrers of his trope and a monthes pay endinge [th]e 28 [Octo]bre,548,18,0
764,V0764,tr,25v,1642-09-30,77,p[ai]d Capt[ain] Bretterige In my lo[rd] g[enera]ll[es] regim[en]t for his arrears for a compa[ny] of 75 soldiers & 1/2 a mo[nths] paye to end 14 [Octo]bre,72,10,0
765,V0765,tr,25v,1642-09-30,50,p[ai]d Capt[ain] John Raymond for arreers of his companie of 70 soldiers & for a 1/2 mo[nths] pay to begine from the 1 [Octo]bre,45,6,8
766,V0766,tr,25v,1642-09-30,4,p[ai]d Sergent [^major^] urrye for part of on mo[nths] pay for his troope consistinge of 70 harqueb[usiers] besid[es] officers beginninge the 19 of [Septem]bre besid[es] 200 by him rec[eive]d,284,6,0
767,V0767,tr,25v,1642-09-30,71,p[ai]d Captaine Mathews for the arrers of his compa[ny] of 69 soldiers & alsoe for 1 1/2 months pay to end the 14 [Octo]bre,61,9,6
768,V0768,tr,25v,1642-09-30,37,p[ai]d S[i]r Phillip stapleton for the officers of [th]e g[enera]ll[es] troope of Cuirassiers for i months pay of the said officers endinge the 28 [Octo]bre,261,2,0
769,V0769,tr,25v,1642-09-30,10,p[ai]d my lord of stamford for the pay of severall companies of his reg[imen]t mentioned in the warrant,130,11,4
770,V0770,tr,25v,1642-09-30,22,p[ai]d Mons[ieu]r de Boys toward[es] the payment of the cariages of the traine of Artigliry,431,0,0
771,V0771,tr,25v,1642-09-30,80,p[ai]d Lawrence Loe surgeon for the g[eneralles] p[er]son for 1 mo[nths] pay for himself and mates beginning the 27 aug[us]t last,28,0,0
772,V0772,close table,25v,1642-09-30,,,155616,1,6
773,V0773,pb,26r,1642-09-30,,26r,,,
774,V0774,table (single row),26r,1642-09-30,,Sommeth the paym[entes] on the other side,C55616,1,6
775,V0775,head,26r,1642-09-30,,30 September 1642,,,
776,V0776,open table,26r,1642-09-30,72,p[ai]d Captaine leventhorpe for arrears of his compa[ny] of 83 soldiers of the g[enera]ll[es] regim[en]t & for on half mo[nths] pay to end the 14 [Octo]bre,90,4,8
777,V0777,tr,26r,1642-09-30,35,p[ai]d my lord Mandevill for pay to himself officers and regiment accordinge to the warr[an]t & for an whole mo[nth] to begine 1 [Octo]bre,1005,3,4
778,V0778,tr,26r,1642-09-30,67,p[ai]d Capt[ain] Devoreux for 15 days paye for 86 soldiers of his Ex[cellencys] regim[en]t & for 1/2 mo[nth] to end the 14 [Octo]bre,83,2,6
779,V0779,close table,26r,1642-09-30,105,p[ai]d Sergeant major Banfeild for 15 days pay for 110 sold[ier]s of [th]e same reg[imen]t & more for 1/2 a mo[nths] pay to beginn 1 [Octo]bre,106,6,8
780,V0780,head,26r,1642-10-01,,No 4 1 [Octo]bre 1642,,,
781,V0781,open table,26r,1642-10-01,71,p[ai]d Capt[ain] Thomas Skinner for 15 daies pay for 55 soldiers endinge 30 [Septem]bre 27 - more for 1/2 a mo[nths] pay endinge the 14 [Octo]bre 25.13.4,52,13,4
782,V0782,tr,26r,1642-10-01,76,p[ai]d Capt[ain] Skrimshee the like for his compa[ny] of 79 sold[ier]s,76,7,4
783,V0783,tr,26r,1642-10-01,43,p[ai]d Collonel Sand[es] for pay for himself & offic[er]s from the 30 Julie to the 13 aug[us]t,76,13,0
784,V0784,tr,26r,1642-10-01,26,p[ai]d Captaine Austine for soe much monie by him to be expended to clear the pay of the troope of serjant major Dowglas deceased to this 1 [Octo]bre 130l as also for on 1/2 months pay for the said troop consistinge of 60 harqueb[usiers] beginning from the first [Octo]bre 174.13. in all,304,13,0
785,V0785,tr,26r,1642-10-01,22,p[ai]d Mons[ieu]r de Boys for service of the traine of Artigliry,20,0,0
786,V0786,tr,26r,1642-10-01,,more toward[es] the entertainm[en]t & charge of the traine of Artigl[ery] 600l and alsoe toward[es] the charge of the fortifications in and about worcester 300,900,0,0
787,V0787,tr,26r,1642-10-01,82,p[ai]d Capt[ain] Berrye for on mo[nths] pay for the officers of his troop & for arrers of pay,174,2,6
788,V0788,tr,26r,1642-10-01,12,p[ai]d Collonel John Browne of a regiment of dragooners for a mo[nth] and 7 dayes paye for the officers of his regim[en]t,518,3,6
789,V0789,tr,26r,1642-10-01,44,p[ai]d Capt[ain] Henry Ireton for on mo[nths] paye for his troope of 60 harqueb[usiers] by way of imprest,349,6,0
790,V0790,tr,26r,1642-10-01,10,p[ai]d my lord Stamfort for pay of the offic[er]s of his troope for 5 daies ended the 5 aug[us]t and alsoe for on mo[nths] pay for his whole troop to begine the 1 [Octo]bre,374,3,6
791,V0791,tr,26r,1642-10-01,,more for 1/2 a mo[nths] pay for his regiment of foot consisting of 778 sold[ier]s to begin 1 [Octo]bre,634,9,4
792,V0792,close table,26r,1642-10-01,,,160381,10,2
793,V0793,pb,26v,1642-10-01,,26v,,,
794,V0794,table (single row),26v,1642-10-01,,Som[m]eth [th]e paym[entes] on the other side,C60381,10,2
795,V0795,head,26v,1642-10-01,,1 [Octo]bre 1642,,,
796,V0796,open table,26v,1642-10-01,105,p[ai]d Capt[ain] Rob[er]t Farington for 15 daies pay for his compa[ny] of 58 sold[ier]s of Coll[onel] Hamdens reg[imen]t and alsoe for 1/2 a mo[nths] pay endinge 14 [Octo]bre,64,1,4
797,V0797,tr,26v,1642-10-01,107,p[ai]d leifft[enant] Coll[onel] wagstaff of the same reg[imen]t for his compa[ny] of 160 sold[ier]s as before,154,13,4
798,V0798,tr,26v,1642-10-01,107,p[ai]d Capt[ain] Hercules Arnett of [th]e same reg[imen]t for his compa[ny] of 100 sold[ier]s as before,96,13,4
799,V0799,tr,26v,1642-10-01,104,p[ai]d Capt[ain] Nicholl[es] of the same reg[imen]t for his compa[ny] of 98 sold[ier]s as above,94,14,8
800,V0800,tr,26v,1642-10-01,18,p[ai]d Capt[ain] James Sheffeild captaine of a troope of 60 harqueb[usiers] for the arrers of his troope to the last [Septem]bre 191.1.0. and alsoe for on 1/2 mo[nths] pay for his whole troop to begine from the 1 [Octo]bre 174.13.,365,14,-
801,V0801,tr,26v,1642-10-01,14,p[ai]d the lord Brook[es] for on 1/2 mo[nths] pay for his troope of 60 harqueb[usiers] to begine [th]e 1 [Octo]bre,174,13,0
802,V0802,tr,26v,1642-10-01,73,p[ai]d John Browne as capt[ain] of 100 dragooners for the arrers of the said troope as alsoe for on 1/2 mo[nths] pay to end [th]e 14 [Octo]bre,172,10,-
803,V0803,tr,26v,1642-10-01,73,p[ai]d Capt[ain] Robert Mayne capt[ain] of a troop drago[ons] consistinge of 75 for ther arre[ar]s and 1/2 a monthes pay as before,117,17,6
804,V0804,tr,26v,1642-10-01,73,p[ai]d Capt[ain] Robert More capt[ain] of a compa[ny] of 81 dragoners for ther arre[ar]s & 1/2 a mo[nths] pay as before,127,11,6
805,V0805,tr,26v,1642-10-01,106,p[ai]d serg[ean]t major Gilbert blare for a companye of 96 drago[ons] as before,169,4,-
806,V0806,tr,26v,1642-10-01,106,p[ai]d Capt[ain] w[illia]m Buchan Capt[ain] of 91 dragoners for ther arrers & 1/2 a mo[nths] pay as before,156,9,9
807,V0807,close table,26v,1642-10-01,12,p[ai]d Coll[onel] John Browne for the arrers of his owne troop of 94 drago[ons] & 1/2 a mo[nths] paye,162,3,0
808,V0808,head,26v,1642-10-03,,3 [Octo]bre 1642,,,
809,V0809,open table,26v,1642-10-03,33,p[ai]d Collonel Cholmlye Collonell of a regiment for 1200 foat besid[es] officers for on 1/2 months pay for the said regiment ended the 26 [Septem]bre,829,10,-
810,V0810,tr,26v,1642-10-03,,more for arreers of his reg[imen]t to the last [Septem]bre & for 1/2 a mo[nths] pay of 1128 men besid[es] officers to the 14 [Octo]bre,1165,18,0
811,V0811,tr,26v,1642-10-03,10,p[ai]d Capt[ain] Francis Fines for on 1/2 monthes paye of his troope to begine from [th]e 1 [Octo]bre,174,13,0
812,V0812,tr,26v,1642-10-03,78,p[ai]d Capt[ain] Draper for on 1/2 mo[nths] pay for his troop of 52 harqueb[usiers] besid[es] officers to beginn [?1?] october,148,1,-
813,V0813,tr,26v,1642-10-03,,more for arrears of his troop as by [th]e warr[an]t,47,0,0
814,V0814,close table,26v,1642-10-03,,,164602,17,7
815,V0815,pb,27r,1642-10-03,,27r,,,
816,V0816,table (single row),27r,1642-10-03,,Sommeth [th]e paym[entes] on the other side,164602,17,7
817,V0817,head,27r,1642-10-03,,[Octo]bre 3 [1642],,,
818,V0818,open table,27r,1642-10-03,40,p[ai]d S[i]r John merricke for 35 dayes pay as sergeant major gen[era]ll of the Army at 40s p[er] diem and for his pay as president of the councell of warr In all,96,5,0
819,V0819,tr,27r,1642-10-03,,"more as collonell of a regim[en]t, & captaine of a compa[ny] &c.",18,11,0
820,V0820,tr,27r,1642-10-03,16,p[ai]d Captain Arthur Evelin for a mo[nths] paye for his troope beginninge 1 [Octo]bre,174,13,0
821,V0821,tr,27r,1642-10-03,33,p[ai]d S[i]r w[illia]m Balfour captaine of a troope of 80 cuirassiers a mo[nths] entertainm[en]t of the officers & troope from the 26 Sept[embe]r,624,4,0
822,V0822,tr,27r,1642-10-03,12,p[ai]d the Lord St John for the arrears & a monthes pay for the officers of his regiment to beginn the 1 [Octo]bre,407,4,0
823,V0823,tr,27r,1642-10-03,29,p[ai]d Captaine Edward wingat for pay of 1/2 a monthe for himself officers & troope to end the 14 [Octo]bre,174,13,0
824,V0824,tr,27r,1642-10-03,6,p[ai]d Callibut Downing Chaplaine to the lord Robert[es] for his pay & his servant[es] endinge the last [Septem]bre,15,3,4
825,V0825,tr,27r,1642-10-03,108,p[ai]d Capt[ain] Styles for 15 dayes pay of his compa[ny] of 93 sold[ier]s of Coll[onel] Hambdens regim[en]t endinge the last [Septem]bre 46.10. & for 1/2 a monthes pay of the said compa[ny] endinge [th]e 14 [Octo]bre,89,18,0
826,V0826,close table,27r,1642-10-03,63,p[ai]d Captaine John needham for pay of his foot compa[ny] as by [th]e warr[an]t - this monie was paid the 29 [Septem]bre,38,14,0
827,V0827,head,27r,1642-10-04,,4 [Octo]bre [1642],,,
828,V0828,open table,27r,1642-10-04,6,p[ai]d Adoniram Bifeild Chaplaine to S[i]r Henry Cholmlye for his and his servant[es] pay,17,10,0
829,V0829,tr,27r,1642-10-04,5,p[ai]d Stephen marshall Chaplaine to my Lord G[enera]ll for himself and servant,16,2,0
830,V0830,tr,27r,1642-10-04,78,sett downe short in Nicholas Bond[es] paym[en]t [th]e 27 [Septem]bre,20,0,0
831,V0831,tr,27r,1642-10-04,58,p[ai]d Collonell Hollis for the arrears and halff a mo[nths] pay for his reg[imen]t of 1130 men as by the warr[an]tt,1024,12,6
832,V0832,tr,27r,1642-10-04,108,p[ai]d S[i]r Anthony St John for arrears of his compa[ny] of [^75^] sold[ier]s & for 14 dayes beginning the 1 [Octo]bre,62,19,6
833,V0833,tr,27r,1642-10-04,47,p[ai]d Captaine Oliver Cromwell in full of on 1/2 mo[nths] pay of his troop of 80 harqueb[usiers] beginning 1 [Octo]bre,35,0,0
834,V0834,tr,27r,1642-10-04,13,p[ai]d John Anthonye suregeon to Collonel Sandis regim[en]t of horse for the arreers of his pay to the 1 [Octo]bre,21,0,0
835,V0835,close table,27r,1642-10-04,,,167439,6,11
836,V0836,pb,27v,1642-10-04,,27v,,,
837,V0837,table (single row),27v,1642-10-04,,Sommeth the paym[entes] on the other side,167439,6,11
838,V0838,head,27v,1642-10-04,,4 [Octo]bre [1642],,,
839,V0839,table (single row),27v,1642-10-04,12,p[ai]d John Blockman wagon m[aste]r of Collonel Brownes regim[en]t for his pay for 2 mo[nths] & 7 dayes to [th]e 30 [Septem]bre,9,9,-
840,V0840,head,27v,1642-10-05,,5 [October 1642],,,
841,V0841,open table,27v,1642-10-05,102,p[ai]d Robert Chambers as secretarye of the councell of warr for his entertainm[en]t as secretarie of the councell of warr for 2 mo[nths] 7 days,31,10,-
842,V0842,tr,27v,1642-10-05,5,p[ai]d obediah sedgwicke chaplaine to Collonell Hollis for his & his mans pay to the last [Septem]bre,8,3,4
843,V0843,tr,27v,1642-10-05,13,p[ai]d Collonell Hambden for pay & entertainment of himself & officers of his reg[imen]t of 9 compa[nies] from the 16 [Septem]bre to the 14 [Octo]bre,506,1,-
844,V0844,tr,27v,1642-10-05,,more for on 1/2 months paye of 184 sold[ier]s being his owne compa[ny] to begin [th]e 1 [Octo]bre & for the arrears of the said compa[ny],177,17,4
845,V0845,tr,27v,1642-10-05,78,p[ai]d nicholas Bond for severall charges by him laid out as by the warr[an]t app[ear]s,68,10,0
846,V0846,tr,27v,1642-10-05,49,p[ai]d my lord Generall for his entertainm[en]t as G[e]n[era]ll of the armye for on mo[nth] & 7 dayes endinge the 30 [Septem]bre at xl p[er] diem,350,0,0
847,V0847,tr,27v,1642-10-05,49,p[ai]d Captain Pudsey for a mo[nths] pay of 30 halberdiers and 18d p[er] diem,63,0,0
848,V0848,tr,27v,1642-10-05,,more p[ai]d him for his owne entertainm[en]t as Capt[ain] of the said guard for his arreers and a mo[nths] pay begininge the 1 [Octo]bre,34,-,-
849,V0849,tr,27v,1642-10-05,109,p[ai]d Captaine Vernon deputy T[reasur]er of the armye for his entertainm[en]t & 6s.8d p[er] diem from the 31 of Aug[us]t to the 30 [Septem]bre inclusive beinge 30 dayes,10,0,0
850,V0850,tr,27v,1642-10-05,,more for 3 clark[es] allowed at 2s p[er] diem,9,0,0
851,V0851,tr,27v,1642-10-05,10,p[ai]d m[aste]r John sedgwick Chaplaine to the Earle of stamf[ord] for his pay and his mans to the last [Septem]bre,8,3,4
852,V0852,tr,27v,1642-10-05,11,p[ai]d simeon Ash Champlaine to my lord mandevill[es] Regim[en]t for his pay & his servant[es] to the last [Septem]bre,14,14,0
853,V0853,tr,27v,1642-10-05,30,p[ai]d Colonel Thomas Ballard for the entertainm[en]t of himself officers and soldi[er]s from the 24. [Septem]bre to the 15 [Octo]bre exclusive,966,7,0
854,V0854,tr,27v,1642-10-05,66,p[ai]d S[i]r Arthur Hazelrige for 1/2 a month pay due to himself officers and troop from the 1 [Octo]bre,174,13,-
855,V0855,tr,27v,1642-10-05,64,p[ai]d Capt[ain] valentine walton for his troop as above,174,13,0
856,V0856,tr,27v,1642-10-05,28,p[ai]d my lord Hastings for 9 dayes for his troop to end 14 [Octo]bre,112,5,6
857,V0857,close table,27v,1642-10-05,,exemened,170157,13,5
858,V0858,pb,28r,1642-10-05,,28r,,,
859,V0859,table (single row),28r,1642-10-05,,Som[m]eth [th]e paym[entes] on the other side,170157,13,5
860,V0860,head,28r,1642-10-05,,5 [Octo]bre 1642,,,
861,V0861,open table,28r,1642-10-05,107,p[ai]d Lionell Coplye uppon acc[oun]tt to be imployed for the spetiall service of the state,200,0,0
862,V0862,tr,28r,1642-10-05,86,p[ai]d Richard Thurston surgeon to Collonel Goodwins regiment for his and his mates pay endinge the 1 [Octo]bre,21,0,0
863,V0863,close table,28r,1642-10-05,11,p[ai]d Captaine Thomas Temple for 7 dayes pay for his troope ending the 30 [Septem]bre,87,6,6
864,V0864,head,28r,1642-10-06,,6 [October 1642],,,
865,V0865,open table,28r,1642-10-06,49,p[ai]d the Lord Robert[es] for his & the offic[er]s pay of his regim[en]t consistinge of 9 compa[nies] except the chaplaine from the 17 aug[us]t to the 15 [Octo]bre,855,1,0
866,V0866,tr,28r,1642-10-06,12,p[ai]d my lord St John for on 1/2 mo[nths] pay for his whole troope beginning 1 [Octo]bre,174,13,0
867,V0867,tr,28r,1642-10-06,,more for the pay of his reg[imen]t of 800 sol[dier]s for on 1/2 mo[nth] to end the 14 [Octo]bre,373,6,8
868,V0868,tr,28r,1642-10-06,13,p[ai]d m[aste]r w[illia]m Spurstow chaplaine to Coll[onel] Hampden for his and his servant[es] pay ending 30 [Septem]bre,15,3,4
869,V0869,tr,28r,1642-10-06,80,p[ai]d Lawrence Loe my lord g[enera]ll[es] surgeon for maintenance of his bidett[es] 2 mo[nths] 7 day,14,14,0
870,V0870,close table,28r,1642-10-06,15,p[ai]d Collonell Arthur Goodwin for his pay and entertainm[en]t as Collonell of a reg[imen]t of horse to the 1 [Octo]bre,94,10,0
871,V0871,head,28r,1642-10-07,,7 [October 1642],,,
872,V0872,open table,28r,1642-10-07,20,p[ai]d liefftenn[an]t Collonel davies by the hand[es] of sergeant major Bamfeild for 21 daies pay for the officers of my lord g[enera]ll[es] reg[imen]t to end the 14 [Octo]bre,496,13,0
873,V0873,tr,28r,1642-10-07,11,p[ai]d Sergeant Major Gunter for on whole monthes pay for his troope to begine [th]e 1 [Octo]bre,349,6,0
874,V0874,tr,28r,1642-10-07,22,p[ai]d Mons[ieu]r de Boys for soe much advanced for levy of 100 fierlock[es],50,0,0
875,V0875,tr,28r,1642-10-07,,more p[ai]d him for entertainm[en]t of the officers of the traine of Artigliry (except the g[enera]ll) from the 23 [Septem]bre to [th]e 14 [Octo]bre 21 days,1710,2,0
876,V0876,tr,28r,1642-10-07,21,p[ai]d olive Reiston widdow the relict of will[ia]m Reiston liefftenn[an]t to Capt[ain] Anslme slaine near worster for her releif,20,0,0
877,V0877,tr,28r,1642-10-07,21,p[ai]d Elizabeth Daniel his Cornet[es] wiffe John Daniell likewise slaine ther for her releif,20,0,0
878,V0878,tr,28r,1642-10-07,50,p[ai]d Henry Bilingsley assistant to [th]e sergeant major generall for his entertainm[en]t from the 27 Aug[us]t to the first [Octo]bre,52,10,-
879,V0879,close table,28r,1642-10-07,,,174691,18,11
880,V0880,pb,28v,1642-10-07,,28v,,,
881,V0881,table (single row),28v,1642-10-07,,Sommeth the other side,174691,18,11
882,V0882,head,28v,1642-10-08,,October 8 1642,,,
883,V0883,open table,28v,1642-10-08,66,p[ai]d S[i]r Arthur Hazelrig for pay of himself officers and troope for 5 dayes endinge the last [Septem]bre,62,7,6
884,V0884,tr,28v,1642-10-08,44,p[ai]d Captaine Richard Greenvill for remaine of a mo[nths] pay for himself & officers uppon acc[oun]tt,49,6,-
885,V0885,tr,28v,1642-10-08,33,p[ai]d S[i]r Henry Cholmlye Collonel of a reg[imen]t of 1128 men for paym[en]t of the said reg[imen]t for 14 dayes to end the 28 of [Octo]bre,814,10,-
886,V0886,tr,28v,1642-10-08,110,p[ai]d Captaine Richard Ingoldsbye for 29 dayes paye of 100 sold[ier]s in Coll[onel] Hambd[e]ns reg[imen]t to end [th]e 14 [Octo]bre,96,13,4
887,V0887,close table,28v,1642-10-08,110,p[ai]d sargeant major Bariffe as well for 29 dayes paye for 74 sold[ier]s beginning 16 [Septem]bre last. as alsoe for 11 sold[ier]s more to compleat his troope begining [th]e 1 [Octo]bre,77,2,8
888,V0888,head,28v,1642-10-09,,9 [October 1642],,,
889,V0889,table (single row),28v,1642-10-09,75,p[ai]d S[i]r John meldrome for his paye and entertainm[en]t at 40s p[er] diem for 29 days to [th]e 1 [Octo]bre exclu[sive],38,-,-
890,V0890,head,28v,1642-10-10,,10 [October 1642],,,
891,V0891,open table,28v,1642-10-10,77,p[ai]d Captaine John Hall for 1/2 a mo[nths] pay for his troop to end the 28 [Octo]bre,174,13,-
892,V0892,tr,28v,1642-10-10,35,p[ai]d Captaine Keightley for 8 dayes pay of his troop to the 14 [Octo]bre,99,16,-
893,V0893,tr,28v,1642-10-10,24 S[i]r J[oh]n Meld[rums] regem[en]t,p[ai]d the Lord Say for entertainm[en]t of himself officers & reg[imen]t of 658 sold[ier]s for on 1/2 mo[nth] to end the 28 [Octo]bre,535,19,4
894,V0894,tr,28v,1642-10-10,14,p[ai]d the Lord Brooke Collonel of a regim[en]t of dragoon[er]s for pay of 370 drag[oons] for 7 dayes to begine from the 8 [Octo]bre,194,9,-
895,V0895,tr,28v,1642-10-10,,more p[ai]d him uppon acc[oun]tt for charges of raisinge and bringinge horses to Wor[cester],100,0,0
896,V0896,tr,28v,1642-10-10,,more for 1/2 a mo[nths] pay of the officers of [th]e said regement,242,4,0
897,V0897,tr,28v,1642-10-10,,more uppon accompt for providing 300 saddles for dragoon[er]s,150,0,0
898,V0898,tr,28v,1642-10-10,33,p[ai]d S[i]r will[ia]m Balfour for 2 mo[nths] pay and entertainm[en]t as Collonel of a reg[imen]t of horse ended 26 [Septem]bre at 30s p[er] diem,84,0,0
899,V0899,tr,28v,1642-10-10,,more as leifftenn[an]t g[enera]ll of the horse for 2 mo[nths] 7 days at 40s p[er] diem ended last [Septem]bre,126,0,0
900,V0900,tr,28v,1642-10-10,,more [^as Capt[ain] of^] 80 cuirassiers for an arreer due to himself and officers to the 17 aug[us]t,105,8,0
901,V0901,close table,28v,1642-10-10,,,177642,3,9
902,V0902,pb,29r,1642-10-10,,29r,,,
903,V0903,table (single row),29r,1642-10-10,,Sommeth [th]e paym[entes] on the other side,177642,3,9
904,V0904,head,29r,1642-10-11,,11 October 1642,,,
905,V0905,open table,29r,1642-10-11,79,p[ai]d Captaine Marke Grimes for arrears of his compa[ny] of 67 sold[ier]s of my lord Robert[es] Reg[imen]t & alsoe for on mo[nths] pay to end [th]e 28 pres[en]t,73,14,0
906,V0906,tr,29r,1642-10-11,105,p[ai]d sargeant major Bamfeild beinge for 1 monthes pay of his compa[ny] of 107 soldiers in my lord g[enera]ll[es] regiment to beginn from the 22 august last this monie was p[ai]d in a some of 100 the 16 [Septem]bre,99,18,-
907,V0907,tr,29r,1642-10-11,22,p[ai]d Mons[ieu]r de Boys uppon acc[oun]tt toward[es] the charges of cariage of the traine of Artigliry this monie was p[ai]d [th]e 28 [Septem]bre,200,0,0
908,V0908,tr,29r,1642-09-19,10,p[ai]d my lord Stamford for allowance of 11 wagons for his regiment at xll a wagon - this was p[ai]d the 19 [Septem]bre at northamp[ton],440,0,0
909,V0909,tr,29r,1642-09-30,41,p[ai]d Capt[ain] John Hamond Captaine of a troope of harquebusiers for himself officers and sold[ier]s to begine from the first [Octo]bre - this was paid the 30 [Septem]bre,329,8,0
910,V0910,tr,29r,1642-10-04,111,p[ai]d the Lord Rochford as Collonel of a regiment & Captaine of a compa[ny] for 7 dayes arreer to the 1 [Octo]bre & 1/2 a monthes pay more - this monie was p[ai]d [th]e 4 [Octo]bre,47,5,0
911,V0911,close table,29r,1642-10-11,,all thease 5 by m[aste]r Chambers noat[es] first,,,
912,V0912,head,29r,1642-10-11,,11 [Octo]bre [1642],,,
913,V0913,open table,29r,1642-10-11,102,p[ai]d m[aste]r Robert Chambers for soe much by him disbursed at severall times for cariage of packet[es] and other services of [th]e state,48,13,0
914,V0914,tr,29r,1642-10-11,111,p[ai]d Captaine John mill in my lord Robert[es] Reg[imen]t for paye of his compa[ny] of 65 sould[ier]s to end the 28 [Octo]bre,66,10,0
915,V0915,tr,29r,1642-10-11,112,p[ai]d Capt[ain] John Mercer of the same reg[imen]t for 42 sold[ier]s 14 dayes to end the 28 pres[en]t,19,12,0
916,V0916,tr,29r,1642-10-11,76,p[ai]d Captaine Jo[hn] walker for 68 sold[ier]s of [th]e same reg[imen]t for 7 dayes to [th]e last [Septem]bre & for on mo[nths] more to end the 28 [Octo]bre,79,6,8
917,V0917,tr,29r,1642-10-11,112,p[ai]d Capt[ain] Jonathan Ellyott for 49 sold[ier]s of the same reg[imen]t for 4 dayes paye 6.10.8. & a mo[nth] for 44 to end the 28 [...] 30 16,37,6,8
918,V0918,tr,29r,1642-10-11,113,p[ai]d leifft[enant] Collonel will[ia]m Hunter of the same reg[imen]t for arrears & 21 dayes pay for 59 sold[ier]s endinge the 28 [Octo]bre,42,4,-
919,V0919,tr,29r,1642-10-11,113,p[ai]d Sergeant major Hurrye of [th]e same Regiment for pay of 65 sol[dier]s to the 28 [Octo]bre,53,2,-
920,V0920,close table,29r,1642-10-11,,,179179,3,1
921,V0921,pb,29v,1642-10-11,,29v,,,
922,V0922,table (single row),29v,1642-10-11,,Sommeth [th]e paym[entes] on the other side,179179,3,1
923,V0923,head,29v,1642-10-11,,11 [Octo]bre 1642,,,
924,V0924,open table,29v,1642-10-11,37,p[ai]d S[i]r phillipe Stapleton for pay of my Lord g[enera]ll[es] troope of Cuirassiers for arrers & 1/2 a mo[nths] pay to begin from the 15 present,720,0,0
925,V0925,tr,29v,1642-10-11,29,p[ai]d Captaine John Bird for 7 dayes paye for his troop to end [th]e 14 present,87,6,6
926,V0926,tr,29v,1642-10-11,114,p[ai]d m[aste]r Anthony Allen Scoutmaster g[enera]ll by way of advance for provision of horses to be by him imployed in the service,100,0,0
927,V0927,tr,29v,1642-10-11,15,p[ai]d Collonell Arthur Goodwin in full payment of his troop to the 14 [Octo]bre inclu[sive] besid[es] 300l rec[eive]d of my lord saye,161,11,6
928,V0928,tr,29v,1642-10-11,114,p[ai]d S[i]r Thomas Sannd[er]s for his troop as above of Collonel Goodwins reg[imen]t,161,11,6
929,V0929,tr,29v,1642-10-11,45,p[ai]d Capt[ain] Thomas Tirrel of the same regim[en]t for his troop as above,161,11,6
930,V0930,tr,29v,1642-10-11,61,p[ai]d S[i]r Sigismond Allexand[e]r sergeant major to that reg[imen]t for his troop as above,161,11,6
931,V0931,tr,29v,1642-10-11,44,p[ai]d Capt[ain] Richard Greenvill for his troop in the said reg[imen]t as above,161,11,6
932,V0932,tr,29v,1642-10-11,15,p[ai]d m[aste]r Edward Perkins Chaplaine to [th]e said regiment for furnishing himself w[i]th necessa[ries],20,0,0
933,V0933,tr,29v,1642-10-11,14,p[ai]d m[aste]r will[ia]m wickins Chaplaine to my lord Brook[es] Reg[imen]t on foot for several allowances as by the warr[an]t,34,14,-
934,V0934,tr,29v,1642-10-11,86,p[ai]d Capt[ain] Henry Carew for arrears & on mo[nths] pay of his compa[ny] of 50 sold[ier]s ending 28 [Octo]bre,55,0,0
935,V0935,tr,29v,1642-10-11,100,p[ai]d Doct[o]r Richard Gardiner phisision of the Army by him to be destributed to the maymed sold[ier]s,50,0,0
936,V0936,tr,29v,1642-10-11,24 S[i]r J[oh]n Meldr[ums] regem[en]t,p[ai]d the lord saye & seale for 14 dayes paye of 2 capt[ain]s and ther offic[er]s belonging to his Reg[imen]t to end the 28 pre[sen]t & alsoe for the pay of 141 sold[ier]s for [th]e same time,107,16,0
937,V0937,close table,29v,1642-10-11,25,p[ai]d my lord Stamford by waye of imprest uppon accompt,300,0,0
938,V0938,head,29v,1642-10-12,,12 [October 1642],,,
939,V0939,open table,29v,1642-10-12,69,p[ai]d Collonell wardlaw for pay and entertainm[en]t of the officers and soldiers of his regiment of dragoon[er]s vizt for soe much as is unpaid & shalbe due from [th]e 1 to [th]e 14 [Octo]bre,861,1,6
940,V0940,tr,29v,1642-10-12,,p[ai]d Doct[o]r odlinge phisition for soe much allowed him for his service & expences in the army from [th]e 30 Julie to [th]e first [Octo]bre,21,0,0
941,V0941,tr,29v,1642-10-12,26,p[ai]d Captaine John Fleming for arrears of his troop & pay to the end of [Octo]bre,212,1,6
942,V0942,close table,29v,1642-10-12,,,182556,0,1
943,V0943,pb,30r,1642-10-12,,30r,,,
944,V0944,table (single row),30r,1642-10-12,,Sommeth [th]e paym[entes] on the other side,182556,0,1
945,V0945,head,30r,1642-10-12,,12 [Octo]bre [1642],,,
946,V0946,open table,30r,1642-10-12,119,p[ai]d Sergeant Major Urrey for soe much remaininge due to him uppon his last mo[nths] pay this monie was lent him by my lord g[enera]ll & p[ai]d him againe,100,0,0
947,V0947,tr,30r,1642-10-12,49,p[ai]d the Lord Robert[es] for pay of his co[m]panie of 111 sold[ier]s for on mo[nth] to end [th]e 28 [Octo]bre,103,12,0
948,V0948,tr,30r,1642-10-12,7,p[ai]d my Lord wharton uppon acc[oun]tt toward[es] the pay and entertainm[en]t of himself offic[er]s and souldiers,150,0,0
949,V0949,tr,30r,1642-10-12,92,p[ai]d S[i]r Samuell Luke for pay of the officers and soldiers of his troop to the 28 daye of october,212,1,6
950,V0950,tr,30r,1642-10-12,65,Paid leifftenn[an]t Collonel Parkinson for soe much due & to be due to the 14 of this instant [Octo]bre for the pay of 479 sold[ier]s in the reg[imen]t of my lord Mandevill belonginge to severall Captaines mentioned in the warr[an]tt the pay to end the 11 november next,454,14,0
951,V0951,close table,30r,1642-10-12,55,p[ai]d Captaine Thomas ward for 29 dayes pay for his compa[ny] of 90 soldiers in my lord gen[era]ll[es] Regiment endinge the 14 [Octo]bre,87,-,-
952,V0952,head,30r,1642-10-13,,13 [October 1642],,,
953,V0953,open table,30r,1642-10-13,43,p[ai]d Collonell Sand[es] for the pay of his officers and sould[ier]s of his troope of 80 harquebusiers to the 28 oc[to]bre,419,6,0
954,V0954,tr,30r,1642-10-13,42,p[ai]d John Baldwin provost marshall g[enera]ll of the horse 1/2 mo[nths] pay for himself leifften[an]t & [?8?] menn to beginn the 15 [Octo]bre,24,10,-
955,V0955,tr,30r,1642-10-13,16,p[ai]d w[illia]m winter Chaplaine to my lord St John for his provision pay and servant[es] pay to the last [Septem]bre,34,14,0
956,V0956,tr,30r,1642-10-13,111,p[ai]d the lord Rochford for pay of severall companies of his reg[imen]t to end the 28 [Octo]bre as by the warrent,464,11,8
957,V0957,tr,30r,1642-10-13,31,p[ai]d James Senior provost marshall g[enera]ll for pay of himself officers and menn to [th]e first [Octo]bre,113,8,4
958,V0958,tr,30r,1642-10-13,,more for a man of Justice,4,11,0
959,V0959,tr,30r,1642-10-13,14,p[ai]d Quarter m[aste]r G[enera]ll Dulbier for arrears of his troop & 1/2 mo[nths] pay from [th]e 15 pre[sen]t,299,8,0
960,V0960,tr,30r,1642-10-13,81,p[ai]d Captaine Bushell Capt[ain] leifftenn[ant] of my lord G[enera]ll[es] compa[ny] for arrears and pay of the said compa[ny] to the 15 [Octo]bre,174,0,8
961,V0961,close table,30r,1642-10-13,,,185197,17,3
962,V0962,pb,30v,1642-10-13,,30v,,,
963,V0963,table (single row),30v,1642-10-13,,Sommeth the paym[entes] on the other side,185197,17,3
964,V0964,head,30v,1642-10-13,,13 [Octo]bre [1642],,,
965,V0965,open table,30v,1642-10-13,22,p[ai]d mons[ieu]r de Boyes uppon accompt for waggons,300,0,0
966,V0966,tr,30v,1642-10-13,15,p[ai]d Capt[ain] Natha[niel] Fines for the officers and sold[ier]s of his troope to the 28 present,349,6,0
967,V0967,tr,30v,1642-10-13,15,more for 7 dayes for that troope,34,16,6
968,V0968,close table,30v,1642-10-13,75,p[ai]d S[i]r John Meldrome for 12 dayes pay to him as Collonel at 40s p[er] diem,24,-,-
969,V0969,head,30v,1642-10-14,,No 5 14 [October 1642],,,
970,V0970,table (single row),30v,1642-10-14,25,p[ai]d Captaine Hercules Langrish for pay of his troope for on mo[nth] to end the 11 [Novem]bre,349,6,-
971,V0971,head,30v,1642-10-15,,15 [October 1642],,,
972,V0972,open table,30v,1642-10-15,26,p[ai]d leifftenn[an]te Richard Stevens for providing 10 great saddles w[i]th furniturs for repleating Capt[ain] Austins troope,12,10,-
973,V0973,tr,30v,1642-10-15,14,p[ai]d the lord Brooke uppon acc[oun]tt for his regiment on foot,200,-,-
974,V0974,tr,30v,1642-10-15,132,p[ai]d Anthony Falstaff deputy to the wagon master for soe much by him expended for the maintenance of 80 horses in his service for 8 days,18,11,6
975,V0975,tr,30v,1642-10-15,115,p[ai]d Captaine Jude leigh for pay of his compa[ny] of Foot in the lord whartons reg[imen]t uppon acc[oun]tt,30,-,-
976,V0976,tr,30v,1642-10-15,10,p[ai]d Captaine Francis Fines for 1/2 mo[nths] pay for his troope to end 28 october,174,13,4
977,V0977,tr,30v,1642-10-15,,p[ai]d m[aste]r George Haward who was imployed & wounded in the late service at worcester,20,-,-
978,V0978,tr,30v,1642-10-15,100,p[ai]d Docter Richard Gardner to be distributed to sicke & maimed sold[ier]s in wo[rceste]r,30,0,0
979,V0979,tr,30v,1642-10-15,98,p[ai]d Capt[ain] Draper for 1/2 a mo[nths] pay of his troop from the 14 to [th]e 28 [Octo]bre of 52 sol[diers],148,1,-
980,V0980,tr,30v,1642-10-15,115,p[ai]d Capt[ain] John Bromhall for arrears & pay of his compa[ny] of 45 sold[ier]s in Coll[onel] Hamdens reg[imen]t to the 28 present,35,4,8
981,V0981,tr,30v,1642-10-15,43,p[ai]d the lord willoughby of Parham for 15 days pay of his troope of 80 harquebusiers endinge 14 pr[esen]t,170,-,-
982,V0982,tr,30v,1642-10-15,,more for the arrears of his said troope & his paye as collonell of a regiment of horse,135,19,6
983,V0983,tr,30v,1642-10-15,52,p[ai]d Captaine Charles Chichester for on mo[nths] pay of his troop of 60 harquebusiers to end [th]e 18 [Octo]bre,349,6,-
984,V0984,tr,30v,1642-10-15,26,p[ai]d Captaine George Austin for on 1/2 mo[nths] pay of his troop endinge the 28. present,174,13,0
985,V0985,tr,30v,1642-10-15,28,p[ai]d the lord Hastings for 1/2 a mo[nths] pay of his troope to end 28. present,174,13,0
986,V0986,tr,30v,1642-10-15,47,p[ai]d Capt[ain] oliver Cromwell for 1/2 mo[nths] pay of his troop of 80 harquebusiers to the 28 present,209,13,0
987,V0987,close table,30v,1642-10-15,,,188138,10,9
988,V0988,pb,31r,1642-10-15,,31r,,,
989,V0989,table (single row),31r,1642-10-15,,Sommeth [th]e paym[entes] on the other side,188139,10,9
990,V0990,head,31r,1642-10-17,,17 [October 1642],,,
991,V0991,open table,31r,1642-10-17,30,p[ai]d Collonel Ballard for pay of his regim[en]t of 726 sould[ier]s to [th]e 28 [Octo]bre,636,6,-
992,V0992,tr,31r,1642-10-17,116,p[ai]d Captaine Henry Rowe Capt[ain] Edward Froadsham & Capt[ain] John Duncan Capt[ain]s of Pioners for leviinge 600 pioners,30,0,0
993,V0993,tr,31r,1642-10-17,116,p[ai]d Capt[ain] Daniell Redman for arrears of his compa[ny] of 66 soldiers of my lord Mandevill[es] regiment & for a mo[nths] pay to [th]e 11 [Novem]bre,107,16,-
994,V0994,tr,31r,1642-10-17,88,p[ai]d Robert Palmer as above for his compa[ny] of 72 sold[ier]s of the same reg[imen]t,117,12,0
995,V0995,tr,31r,1642-10-17,63,p[ai]d Captaine [^Thomas Hamond^] for [^24 days^] pay endinge the 28 [Octo]bre of his troope,299,8,
996,V0996,tr,31r,1642-10-17,16,p[ai]d Capt[ain] Arthur Evelin for 1/2 a mo[nths] pay for his troope endinge 28 [Octo]bre,174,13,0
997,V0997,close table,31r,1642-10-17,69,p[ai]d my lord of Peeterburrough as Captaine of a troope of 60 harqueb[usiers] for pay of his troop to [th]e 28 [Octo]bre,136,0,0
998,V0998,head,31r,1642-10-18,,18 [October 1642],,,
999,V0999,open table,31r,1642-10-18,13,p[ai]d Collonel Hamden for on 1/2 mo[nths] pay of his reg[imen]t of 963 sold[ier]s 449.2 & for 1/2 mo[nth] for the officers of 10 compa[nies] to [th]e 28 [Octo]bre 270.18,720,6,8
1000,V1000,tr,31r,1642-10-18,14,p[ai]d the Lord Brook[es] for 1/2 a mo[nths] pay for his troope endinge the 28 [Octo]bre 1642,174,13,0
1001,V1001,tr,31r,1642-10-18,35,p[ai]d Captaine Keightly his troop as above,174,13,-
1002,V1002,tr,31r,1642-10-18,102,p[ai]d m[aste]r Robert Chambers by way of imprest to be by him expended in the service,50,0,0
1003,V1003,tr,31r,1642-10-18,7,p[ai]d the Lord wharton for pay of his officers and troop[ers] uppon acc[oun]t,323,17,6
1004,V1004,tr,31r,1642-10-18,9,p[ai]d my lord Gray for 1/2 mo[nths] pay for his troop ending 28 [Octo]bre,174,13,0
1005,V1005,tr,31r,1642-10-18,43,p[ai]d Captaine Fra[ncis] Tomson for 11 days pay of his troope to the 28 [Octo]bre inclu[sive],137,4,6
1006,V1006,tr,31r,1642-10-18,18,p[ai]d Capt[ain] James Sheffeild for 1/2 a mo[nths] pay of his troope to end 28 present,174,13,0
1007,V1007,tr,31r,1642-10-18,38,p[ai]d Collonell Hollis for 1/2 a mo[nths] pay for the officers and sold[ier]s of his reg[imen]t from the 15 present,796,19,2
1008,V1008,tr,31r,1642-10-18,17,p[ai]d Captaine pretty for arrears of his trop to [th]e 29 [Octo]bre,137,4,6
1009,V1009,close table,31r,1642-10-18,,,192504,9,5
1010,V1010,pb,31v,1642-10-18,,31v,,,
1011,V1011,table (single row),31v,1642-10-18,,Sommeth the paym[entes] on the other side,192504,9,5
1012,V1012,head,31v,1642-10-18,,18 [Octo]bre [1642],,,
1013,V1013,open table,31v,1642-10-18,114,p[ai]d Anthony Allen for the provision of gunpowder for the service of [th]e state,100,-,-
1014,V1014,tr,31v,1642-10-18,8,p[ai]d S[i]r w[illia]m waler Coll[onel] of a reg[imen]t of horse for arrears of his owne troop to the 29th present,137,4,6
1015,V1015,tr,31v,1642-10-18,13,p[ai]d Capt[ain] Fra[ncis] Dowet for 1/2 a mo[nths] paye for his troope to end the 28 present,174,13,-
1016,V1016,tr,31v,1642-10-18,105,p[ai]d Serjant Major Bamfield for 14 days pay for 958 sold[ier]s of my lord Gennerall[es] reg[imen]t to end the 28 [Octo]bre,447,1,4
1017,V1017,tr,31v,1642-10-18,105,more for 1/2 a mo[nths] pay for the officers of 10 compa[nies] of [tha]t reg[imen]t to end as above,270,18,-
1018,V1018,tr,31v,1642-10-18,18,p[ai]d Captaine Edward Aiscough for 15 days pay of his troop to the 28 present,187,2,6
1019,V1019,tr,31v,1642-10-18,66,p[ai]d S[i]r Arthur Hazelrige for 1/2 a mo[nths] pay for his troop to end the 28 [Octo]bre,174,13,-
1020,V1020,tr,31v,1642-10-18,35,p[ai]d my lord Mandevill as captaine of a foot compa[ny] of 85 sold[ier]s for arreers and alsoe for a mo[nths] pay of the said sold[ier]s to end [th]e 11 [Novem]bre,110,-,-
1021,V1021,tr,31v,1642-10-18,67,p[ai]d Capt[ain] Nicholas Devoreux for pay of 72 dragone[er]s in [...] reg[imen]t for 15 dayes to end 28 [Octo]bre,81,-,-
1022,V1022,tr,31v,1642-10-18,10,p[ai]d my lord Stamfo[rd] for 1 mo[nths] pay for 986 sold[ier]s of his reg[imen]t to end the 11 [Novem]bre 733.12 & for on mo[nths] pay for the officers of 10 compa[nies] of his reg[imen]t to end 11 [Novem]bre 541.16,1275,8,
1023,V1023,tr,31v,1642-10-18,12,p[ai]d my lord St John for 1/2 mo[nths] pay for his troope to end the 29 [Octo]bre exc[lusive],174,13,-
1024,V1024,tr,31v,1642-10-18,7,p[ai]d my lord wharton toward[es] the paym[en]t of his reg[imen]t of foot uppon accompt,200,-,-
1025,V1025,tr,31v,1642-10-18,15,p[ai]d Collonel Arthur Goodwine for 1/2 a mo[nths] pay for his troope to begine the 15 [Octo]bre,174,13,0
1026,V1026,close table,31v,1642-10-18,45,p[ai]d Captaine Thomas Tyrrell in the reg[imen]t of Collonel Goodwine for 1/2 a mo[nths] pay for his troope to end the 29 present exclusive,174,13,0
1027,V1027,head,31v,1642-10-19,,19 [October 1642],,,
1028,V1028,open table,31v,1642-10-19,117,p[ai]d C[aptain] Benjamin Hooke for arrears of his compa[ny] of 60 sold[ier]s in my lord Rochford reg[imen]t for [th]e 10 octob[er] & for 19 dayes pay for 70 sold[ier]s to [th]e 28 [Octo]bre,70,6,8
1029,V1029,tr,31v,1642-10-19,117,p[ai]d Capt[ain] Thomas drake of the same reg[imen]t for 25 dayes to the 28 [Octo]bre,43,6,8
1030,V1030,close table,31v,1642-10-19,,,196300,2,1
1031,V1031,pb,32r,1642-10-19,,32r,,,
1032,V1032,table (single row),32r,1642-10-19,,Sommeth [th]e paym[entes] on the other side,196300,2,1
1033,V1033,head,32r,1642-10-19,,19 [Octo]bre [1642],,,
1034,V1034,open table,32r,1642-10-19,37,p[ai]d Captaine John neal for 1/2 mo[nths] pay for his troop uppon acc[oun]tt,174,13,0
1035,V1035,tr,32r,1642-10-19,60,p[ai]d Captain Ambrose Tindall for 15 days pay for his compa[ny] of 60 drag[oons] in Collonel Midletons reg[imen]t to end [th]e 28 [Octo]bre,67,0,0
1036,V1036,tr,32r,1642-10-19,118,p[ai]d Capt[ain] Symon mathew captaine of drag[oons] uppon acc[oun]tt,70,0,0
1037,V1037,tr,32r,1642-10-19,80,p[ai]d Lawrence Loe my lord g[enera]ll[es] surgeon toward[es] the payment of the cures of divers maimed sold[ier]s left in the Cittie,40,0,0
1038,V1038,tr,32r,1642-10-19,17,p[ai]d James Swright surgeon of S[i]r w[illia]m Balfours reg[imen]t as by [th]e war[rant],21,0,0
1039,V1039,tr,32r,1642-10-19,18,p[ai]d James Cooke surgeon to Collonel Midleton for soe much advanced to furnish his chest himself & mates,27,0,0
1040,V1040,tr,32r,1642-10-19,118,p[ai]d sergeant major Berry for 14 dayes paye of his whole troope to [th]e 28 [Octo]bre,174,13,0
1041,V1041,tr,32r,1642-10-19,34,p[ai]d Capt[ain] Anthonie Mildmay for of officers and sold[ier]s of his troop to [th]e 28 [Octo]bre,127,7,-
1042,V1042,tr,32r,1642-10-19,14,p[ai]d Jams nalton Chaplaine of Collonel Granthams reg[imen]t,9,11,4
1043,V1043,tr,32r,1642-10-19,83,p[ai]d Captain Symon Ridgley for 1/2 a mo[nths] pay for his troop to beginn [th]e 19 present,174,13,0
1044,V1044,tr,32r,1642-10-19,68,p[ai]d Capt[ain] Robert Turner for 15 dayes for 89 dragoon[er]s to begine [th]e 14 present,100,2,6
1045,V1045,tr,32r,1642-10-19,56,p[ai]d Capt[ain] Edward Clarke for 17 dayes pay for his troope to end [th]e 28 [Octo]bre,212,1,6
1046,V1046,tr,32r,1642-10-19,119,p[ai]d Serjant major urrey for 12 days pay for his troop of 70 harquebusiers to [th]e 29 [Octo]bre,164,14,0
1047,V1047,tr,32r,1642-10-19,119,more for allowance made to him for scarff[es],35,-,-
1048,V1048,tr,32r,1642-10-19,119,p[ai]d Edward Pilkington for part of the pay of himself & other gun smiths sent from lond[on],50,0,0
1049,V1049,tr,32r,1642-10-19,,p[ai]d Francis nevill d[octo]r of Phizicke by way of imprest,30,-,-
1050,V1050,close table,32r,1642-10-19,102,p[ai]d Docter Dorisla for on mo[nths] pay to end 28 [Octo]bre,28,0,0
1051,V1051,head,32r,1642-10-20,,20 [October 1642],,,
1052,V1052,table (single row),32r,1642-10-20,43,p[ai]d Collonel Sandys for his pay as colonel of a reg[imen]t of horse to [th]e 14 [Octo]bre,73,10,-
1053,V1053,head,32r,1642-10-23,,23 [October 1642],,,
1054,V1054,table (single row),32r,1642-10-23,75,p[ai]d S[i]r John Meldrom Collonel of a regim[en]t of foot for paym[en]t of the said regiment by way of imprest,200,-,-
1055,V1055,head,32r,1642-10-25,,25 [October 1642],,,
1056,V1056,open table,32r,1642-10-25,21,p[ai]d to Collonel Fairfax toward[es] the pay of his regiment uppon acc[oun]t,500,0,0
1057,V1057,close table,32r,1642-10-25,,,198579,7,5
1058,V1058,pb,32v,1642-10-25,,32v,,,
1059,V1059,table (single row),32v,1642-10-25,,Sommeth the paym[entes] on the other side,198579,7,5
1060,V1060,head,32v,1642-10-25,,25 [October 1642],,,
1061,V1061,table (single row),32v,1642-10-25,[...],p[ai]d Captaine Thomas sand[er]s for one half months pay of his troope endinge [th]e 28 [Octo]bre,174,13,0
1062,V1062,head,32v,1642-10-26,,26 [October 1642],,,
1063,V1063,table (single row),32v,1642-10-26,120,p[ai]d S[i]r John norwich toward[es] the paym[en]t of his troope of 70 harquebusiers uppon acc[oun]tt,200,-,-
1064,V1064,head,32v,1642-10-27,,27 [Octo]bre 1642,,,
1065,V1065,open table,32v,1642-10-27,51,p[ai]d Captaine walter longe for 1/2 a mo[nths] pay for his troope uppon accompt,174,13,-
1066,V1066,tr,32v,1642-10-27,14,p[ai]d my lord Brooke for a fortnights pay for the officers of his reg[imen]t of foot & himself,275,7,4
1067,V1067,tr,32v,1642-10-27,14,more toward[es] the pay of his sold[ier]s uppon acc[oun]t,200,-,-
1068,V1068,tr,32v,1642-10-27,25,p[ai]d Captain Adrian Scroop for 6 dayes pay for his troop from [th]e 18 to the 24 [Octo]bre,74,17,-
1069,V1069,tr,32v,1642-10-27,48,p[ai]d the Lord willoughby for 9 dayes pay for his owne troop of 80 harqueb[usiers] from the 15 to the 24 [Octo]bre 134 - 16.6. as alsoe for his owne pay as collonel of a reg[imen]t of horse at 30s p[er] diem 13l.10s.,148,6,6
1070,V1070,tr,32v,1642-10-27,48,p[ai]d william Porker Chaplaine of that regiment for his pay being 2 mo[nths] & 21 dayes,30,16,0
1071,V1071,tr,32v,1642-10-27,46,p[ai]d S[i]r william Constable Collonel of a reg[imen]t of Foot toward[es] payment of the said reg[imen]t by way of imprest,1000,-,-
1072,V1072,tr,32v,1642-10-27,44,p[ai]d Capt[ain] Richard Greenvill for on 1/2 mo[nths] pay for his troop to end the 29 [Octo]bre,174,13,0
1073,V1073,tr,32v,1642-10-27,17,p[ai]d Sargeant major Prettye for 1/2 mo[nths] pay of his troope uppon acc[oun]t,174,13,0
1074,V1074,tr,32v,1642-10-27,19,p[ai]d Capt[ain] Rob[er]t Burghill for 1/2 mo[nths] pay for his troope from [th]e 15 [Octo]bre,174,13,0
1075,V1075,tr,32v,1642-10-27,21,p[ai]d S[i]r w[illia]m waler for 1/2 mo[nths] pay of his troop uppon accompt,174,13,0
1076,V1076,tr,32v,1642-10-27,27,p[ai]d Capt[ain] John Hall the like,174,13,-
1077,V1077,tr,32v,1642-10-27,10,p[ai]d Capt[ain] Fra[ncis] Fines the like,174,13,-
1078,V1078,tr,32v,1642-10-27,41,p[ai]d Capt[ain] John Hamond the like,174,13,-
1079,V1079,tr,32v,1642-10-27,33,p[ai]d sergeant major w[illia]m Balfour [th]e like,174,13,-
1080,V1080,tr,32v,1642-10-27,75,p[ai]d S[i]r John Meldrom for his pay as collonel of a brigad at 40s p[er] diem at 40s p[er] diem and as collonel of a reg[imen]t at 45s for on whole mo[nth] endinge [th]e 28 [Octo]bre,119,0,0
1081,V1081,tr,32v,1642-10-27,29,p[ai]d Capt[ain] Edward wingat toward[es] the payment of his troop uppon acc[oun]t,100,-,-
1082,V1082,close table,32v,1642-10-27,,,202474,4,3
1083,V1083,pb,33r,1642-10-27,,33r,,,
1084,V1084,table (single row),33r,1642-10-27,,Som[m]eth [th]e payment[es] on the other side,202474,4,3
1085,V1085,head,33r,1642-10-27,,27 [Octo]bre 1642,,,
1086,V1086,open table,33r,1642-10-27,119,p[ai]d my lord Rochford for pay and entertainm[en]t of himself & officers of his reg[imen]t for 1/2 a mo[nth] uppon accompt,274,7,8
1087,V1087,tr,33r,1642-10-27,45,p[ai]d Capt[ain] Thomas Tirrell for 12 days pay for the officers of his trope from the 30 Julye to the xi Aug[us]t,59,14,0
1088,V1088,tr,33r,1642-10-27,29,p[ai]d Capt[ain] John Bird for 1/2 a mo[nths] paye to [th]e 28 [Octo]bre,174,13,0
1089,V1089,close table,33r,1642-10-27,34,p[ai]d Capt[ain] Anto[ny] mildmay for 1/2 a mo[nths] paye,174,13,0
1090,V1090,head,33r,1642-10-28,,28 [October 1642],,,
1091,V1091,open table,33r,1642-10-28,63,p[ai]d Captaine John needham for arrears of his compa[ny] & 1/2 a mo[nths] pay advance to beginn the 29 [Octo]bre,208,14,6
1092,V1092,tr,33r,1642-10-28,75,p[ai]d S[i]r John meldrom for 20 dayes pay for his whole regiment of Foot from [th]e 22 [Octo]bre to the xith november exclusive,667,11,6
1093,V1093,tr,33r,1642-10-28,43,p[ai]d Capt[ain] Fra[ncis] Tomson for 1/2 a months pay for his troop himself & officers,174,13,0
1094,V1094,tr,33r,1642-10-28,120,p[ai]d Captaine marmeduke Cooper Captaine of that troope of horse wherof the late lord St John was Captaine toward[es] payment of the troope uppon accompt,100,0,0
1095,V1095,tr,33r,1642-10-28,141,p[ai]d the mayor of Evesham for monie lent and disburst by him,75,0,0
1096,V1096,tr,33r,1642-10-28,64,p[ai]d Captain Valentine walton from 1/2 mo[nths] pay for his troope to [th]e 29 [Octo]bre,174,13,0
1097,V1097,tr,33r,1642-10-28,98,p[ai]d Captain Mathew draper captaine of my lord[es] gen[eralles] troope of harquebusiers for on 1/2 mo[nths] pay of the said troope to beginne from [th]e 29 [Octo]bre,148,1,-
1098,V1098,tr,33r,1642-10-28,92,p[ai]d S[i]r Samuel luke for soe much lent my lord St John uppon acc[oun]t of his reg[imen]t in worster,200,0,0
1099,V1099,tr,33r,1642-10-28,64,p[ai]d the Earle of Bedford for payment of his troope of Cuirassiers uppon acc[oun]t,200,0,0
1100,V1100,tr,33r,1642-10-28,127,p[ai]d S[i]r Edward Peyto leifften[an]t g[enera]ll of the Artigliry for 1/2 a mo[nths] pay for [th]e traine of Artigliry to [th]e 29 [Octo]bre,724,14,8
1101,V1101,tr,33r,1642-10-28,14,p[ai]d the Lord Brooke for 1/2 a mo[nths] pay for his troop to begine the 29 [Octo]bre,174,13,0
1102,V1102,tr,33r,1642-10-28,30,p[ai]d Collonel Ballard uppon acc[oun]t of his reg[imen]t,250,0,0
1103,V1103,tr,33r,1642-10-28,33,p[ai]d Collonel Cholmly uppon acc[oun]t of his reg[imen]t,200,-,-
1104,V1104,tr,33r,1642-10-28,121,p[ai]d Captaine John warburton for pay of himself officers and sold[ier]s to [th]e 29 [Octo]bre,50,9,0
1105,V1105,close table,33r,1642-10-28,,,206506,1,1
1106,V1106,pb,33v,1642-10-28,,33v,,,
1107,V1107,table (single row),33v,1642-10-28,,Sommeth the paym[entes] on the other side,206506,1,1
1108,V1108,head,33v,1642-10-28,,[Octo]bre 28 1642,,,
1109,V1109,open table,33v,1642-10-28,105,p[ai]d sargeant major Bamfeild toward[es] the pay and entertainm[en]t of the officers and sold[ier]s of the g[enera]ll[es] own reg[imen]t by accompt,500,0,0
1110,V1110,tr,33v,1642-10-28,18,p[ai]d Capt[ain] Edward Aiscough for pay of his troop uppon acc[oun]t,100,-,-
1111,V1111,tr,33v,1642-10-28,44,p[ai]d Capt[ain] Henry Irton for on 1/2 mo[nths] pay of his troope uppon acc[oun]tt,174,13,-
1112,V1112,tr,33v,1642-10-28,18,p[ai]d Capt[ain] James Sheffeild for 1/2 a mo[nths] pay for his troope,174,13,-
1113,V1113,tr,33v,1642-10-28,26,p[ai]d Capt[ain] John Fleming for on week[es] pay for his troope,87,3,4
1114,V1114,tr,33v,1642-10-28,28,p[ai]d the lord Hastings for a week[es] pay for his troope,87,3,4
1115,V1115,tr,33v,1642-10-28,73,p[ai]d sergeant major w[illia]m Roberts for pay of inferior officers & 244 sold[ier]s a week,103,3,3
1116,V1116,tr,33v,1642-10-28,7,p[ai]d Robert Longe for a week[es] pay for the inferior officers and sold[ier]s of my Lord whartons reg[imen]t,215,3,4
1117,V1117,tr,33v,1642-10-28,30,p[ai]d Collonel Grantham for on week[es] pay for his leift[enan]t[es] & other inferior offic[er]s,50,8,0
1118,V1118,tr,33v,1642-10-28,105,p[ai]d sargeant major Bamfeild toward[es] the payment of my lord g[enera]l[es] reg[imen]t uppon accompt,150,0,0
1119,V1119,close table,33v,1642-10-28,111,p[ai]d my Lord Rochford for pay of 710 sold[ier]s of his regiment for a weeke,166,3,4
1120,V1120,head,33v,1642-10-29,,29 [October 1642],,,
1121,V1121,open table,33v,1642-10-29,38,p[ai]d Collonel Hollis for a week[es] pay for his reg[imen]t & inferior officers,368,2,6
1122,V1122,tr,33v,1642-10-29,9,p[ai]d my lord Gray for a week[es] pay for his troope,87,3,4
1123,V1123,tr,33v,1642-10-29,116,p[ai]d Captain Edward Frodsham captaine of Pione[er]s for raisinge of pione[er]s,25,0,0
1124,V1124,tr,33v,1642-10-29,97,p[ai]d leifftenn[an]t Fra[ncis] Botteler for 1/2 a mo[nths] pay for himself 2 corporall[es] & 12 troop[er]s of Capt[ain] vivers troop,37,16,0
1125,V1125,tr,33v,1642-10-29,26,p[ai]d Captaine George Austin toward[es] the paym[en]t of his troope,100,0,0
1126,V1126,tr,33v,1642-10-29,60,p[ai]d Capt[ain] Ambrose Tindall captain of a troop of dragon[er]s in Coll[onel] midletons reg[imen]t for 15 days to [th]e 29 [Octo]bre,35,5,0
1127,V1127,tr,33v,1642-10-29,68,p[ai]d Capt[ain] Robert Turner as above,35,5,0
1128,V1128,tr,33v,1642-10-29,67,p[ai]d Capt[ain] Nicholas Devoreux as above,35,5,0
1129,V1129,tr,33v,1642-10-29,116,p[ai]d Capt[ain] John Dungan toward[es] paym[en]t of his uppon acc[oun]t for Pioneers,20,0,0
1130,V1130,tr,33v,1642-10-29,116,p[ai]d Capt[ain] Henry Row as above,20,-,-
1131,V1131,close table,33v,1642-10-29,,,209078,8,6
1132,V1132,pb,34r,1642-10-29,,34r,,,
1133,V1133,table (single row),34r,1642-10-29,,Sommeth [th]e paym[entes] on the other side,209078,8,6
1134,V1134,head,34r,1642-10-29,,29 [Octo]bre 1642,,,
1135,V1135,open table,34r,1642-10-29,37,p[ai]d S[i]r Phillipe Stapleton capt[ain] of my lord g[enera]l[es] owne troope of Cuirassiers toward[es] paym[en]t of the gentlemen of the said troop for 7 days,280,0,0
1136,V1136,tr,34r,1642-10-29,125,p[ai]d Collonel midleton Collonel of a reg[imen]t of dragon[er]s for 15 dayes pay for officers & sold[ier]s the collonel excepted & 90 sol[dier]s belonginge to his owne troope,198,4,6
1137,V1137,tr,34r,1642-10-29,101,p[ai]d Capt[ain] Thomas lidcot toward[es] paym[en]t of his officers & troop,100,-,-
1138,V1138,tr,34r,1642-10-29,45,p[ai]d Capt[ain] Thomas Tirrell for a week[es] pay for his officers & troope,87,3,4
1139,V1139,tr,34r,1642-10-29,49,p[ai]d Captain Pudsey captaine of my lord[es] guard of harberdiers for his & ther payment upon acc[oun]tt,50,0,0
1140,V1140,tr,34r,1642-10-29,122,p[ai]d leifftenn[an]t John farmer leifft[enan]t to S[i]r James Ramseys troop uppon acc[oun]tt,50,0,0
1141,V1141,tr,34r,1642-10-29,69,p[ai]d the Earle of Peeterborrogh toward[es] the pay of his troop uppon acc[oun]tt,100,0,0
1142,V1142,close table,34r,1642-10-29,100,p[ai]d Docter Gardinter & docter odlinge for releiff of the sicke & mamed sold[ier]s in warwicke,100,-,-
1143,V1143,head,34r,1642-10-29,,No 6,,,
1144,V1144,table (single row),34r,1642-10-29,25,p[ai]d Captaine [^George Austen^] toward[es] the payment of his troop uppon acc[oun]tt,100,-,-
1145,V1145,head,34r,1642-11-01,,November 1. 1642.,,,
1146,V1146,open table,34r,1642-11-01,125,p[ai]d Collonel John midleton toward[es] paym[en]t of his troope of 80 harq[uebusiers],100,0,0
1147,V1147,close table,34r,1642-11-01,133,p[ai]d Captaine Georg Hurlocke toward[es] the payment of his compa[ny] of Foot in Col[onel] Hollis reg[imen]t,30,0,0
1148,V1148,head,34r,1642-11-02,,2 [November 1642],,,
1149,V1149,table (single row),34r,1642-11-02,42,p[ai]d m[aste]r John Boldwine provost marshall g[enera]ll of the horse for his pay pay and his officers to [th]e 29 [Octo]bre,49,0,0
1150,V1150,head,34r,1642-11-04,,4 [November 1642],,,
1151,V1151,open table,34r,1642-11-04,132,p[ai]d Anthony Falstaff for paym[en]t of wagons uppon acc[oun]tt,100,0,0
1152,V1152,tr,34r,1642-11-04,24,p[ai]d in woster by Arthur Chambres for my lord St Johns Regiment uppon acc[oun]tt to Collonel Essex,1289,12,-
1153,V1153,tr,34r,1642-11-04,,more delivered to the said Collonel Tho[mas] Essex in worster uppon acc[oun]t of the said reg[imen]t,90,0,0
1154,V1154,tr,34r,1642-11-04,40,p[ai]d to the companies of S[i]r John merrick[es] Reg[imen]t in woster by [th]e governer Essex order,750,0,0
1155,V1155,tr,34r,1642-11-04,47,p[ai]d Capt[ain] Kerle in woster for a mo[nths] pay for himself officers & troop of 56 to begin 19 [Octo]bre,335,6,0
1156,V1156,tr,34r,1642-11-04,43,p[ai]d Collonel Sand[es] In worster by Arthur Chambers for himself officers troop & wagons uppon acc[oun]tt by the governer of worsters direct[ion],535,10,0
1157,V1157,close table,34r,1642-11-04,,,213423,4,4
1158,V1158,pb,34v,1642-11-04,,34v,,,
1159,V1159,open table,34v,1642-11-04,,Sommethe [th]e paym[entes] on the other side,213423,4,4
1160,V1160,tr,34v,1642-11-04,7,p[ai]d in worster to will[ia]m vinter chaplain to Collonel Tho[mas] Essex 16.4. till [th]e 11 [Novem]bre p[ai]d 31 [Octo]bre,16,4,-
1161,V1161,close table,34v,1642-11-04,13,p[ai]d John Anthony Surgeon to Coll[onel] Sand[es] for hims & two mates to end 28 [Octo]bre. in worster,16,16,-
1162,V1162,head,34v,1642-11-08,,8 [Novem]bre 1642. In London.,,,
1163,V1163,open table,34v,1642-11-08,12,p[ai]d Collonel Browne for 1/2 a mo[nths] pay for 537 dragoone[er]s of his reg[imen]t to [th]e 29 [Octo]bre,563,17,-
1164,V1164,tr,34v,1642-11-08,69,p[ai]d Collonel wardlaw for his officers & 600 dragooners of his reg[imen]t to [th]e 29 [Octo]bre,979,19,-
1165,V1165,tr,34v,1642-11-08,11,p[ai]d Captaine Thomas Temple for 1/2 a mo[nths] pay for his troop uppon acc[oun]tt,174,13,-
1166,V1166,tr,34v,1642-11-08,11,p[ai]d serjant major Gunter for 1/2 a mo[nths] pay for his troop & officers,174,13,-
1167,V1167,tr,34v,1642-11-08,15,p[ai]d Capt[ain] Nathaneel Fines for 1/2 a mo[nths] pay for his troop uppon accompt,174,13,-
1168,V1168,tr,34v,1642-11-08,103,p[ai]d Capt[ain] John Fines as above,174,13,-
1169,V1169,tr,34v,1642-11-08,13,p[ai]d Capt[ain] Fra[ncis] Dowett uppon acc[oun]tt his troope for 1/2 a mo[nth],174,13,-
1170,V1170,tr,34v,1642-11-08,14,p[ai]d my lord Brook[es] for pay of his Regiment by way of imprest,400,-,-
1171,V1171,tr,34v,1642-11-08,47,p[ai]d Capt[ain] Oliver Cromwell for 1/2 a mo[nths] pay of his troope of 80 harquebusiers uppon acc[oun]tt,209,13,-
1172,V1172,close table,34v,1642-11-08,69,p[ai]d Collonel wardlaw for his reg[imen]t of dragooners uppon accompt,200,0,0
1173,V1173,head,34v,1642-11-09,,9 [November 1642],,,
1174,V1174,open table,34v,1642-11-09,37,p[ai]d S[i]r Phillip Stapleton for 1/2 a mo[nths] pay for [th]e Gentlemen of my lord g[enera]ll[es] troope uppon acc[oun]tt,560,-,-
1175,V1175,tr,34v,1642-11-09,,more for on whole mo[nths] pay for the officers of the said troope,284,5,-
1176,V1176,tr,34v,1642-11-09,13,p[ai]d Collonel Hambden toward[es] the pay of his Regim[en]t uppon accompt,800,0,0
1177,V1177,tr,34v,1642-11-09,78,p[ai]d m[aste]r Nicholas Bond Commissary of the victuall[es] for some provisions specified in the warr[an]tt,44,15,-
1178,V1178,tr,34v,1642-11-09,7,p[ai]d my lord wharton for 1/2 mo[nths] pay for his troop of 80 harque[busiers],209,13,-
1179,V1179,tr,34v,1642-11-09,51,p[ai]d Capt[ain] walter long for 1/2 a mo[nths] pay for his troop,174,6,0
1180,V1180,tr,34v,1642-11-09,120,p[ai]d Capt[ain] Marmeduke Cooper uppon acc[oun]tt for his troope,150,-,-
1181,V1181,tr,34v,1642-11-09,66,p[ai]d S[i]r Arthur Hazelrig for 1/2 a mo[nths] pay for his troop,174,13,-
1182,V1182,close table,34v,1642-11-09,,exam,219080,10,4
1183,V1183,pb,35r,1642-11-09,,35r,,,
1184,V1184,table (single row),35r,1642-11-09,,Sommeth the paym[entes] on the other side,219080,10,4
1185,V1185,head,35r,1642-11-09,,9 no[vembe]r [1642],,,
1186,V1186,open table,35r,1642-11-09,4,p[ai]d John Perne who beinge listed in the Irish service & rec[eive]d 12l is now quartermaster to Capt[ain] J[ohn] urrye & receaves 18l the remainer of 30l,18,0,0
1187,V1187,tr,35r,1642-11-09,4,p[ai]d Collonell John urry for 1/2 a mo[nths] pay for his troope of 70 harquebusiers,192,8,-
1188,V1188,tr,35r,1642-11-09,41,p[ai]d Isaac Cavalier Cornet to Captaine John Hammond for paym[en]t of the troop upon accompt,60,-,-
1189,V1189,tr,35r,1642-11-09,120,p[ai]d S[i]r John norrich Collonel of a regiment of dragooners for paym[en]t of his officers and sold[ier]s uppon acc[oun]tt,400,-,-
1190,V1190,tr,35r,1642-11-09,83,p[ai]d Capt[ain] Symon Rudgly for 1/2 a mo[nths] pay for his troop uppon acc[oun]tt,174,13,-
1191,V1191,tr,35r,1642-11-09,111,p[ai]d my lord Rochford for 14 dayes paym[en]t for the soldiers of his reg[imen]t 710 begininge the 5 present & some officers,602,14,0
1192,V1192,tr,35r,1642-11-09,105,Sergeant major Banfeild toward[es] paym[en]t of the officers and sold[ier]s of my lord G[enera]ll[es] regiment uppon acc[oun]tt,500,-,-
1193,V1193,tr,35r,1642-11-09,33,p[ai]d Collonel Cholmly for pay of the officers and sold[ier]s of his regiment by way of imprest,614,-,-
1194,V1194,tr,35r,1642-11-09,30,p[ai]d Collonell Ballard for 1/2 a mo[nths] pay for the officers and sold[ier]s of his reg[imen]t uppon acc[oun]t,636,13,4
1195,V1195,tr,35r,1642-11-09,132,p[ai]d m[aste]r Anthony Fasstaff toward[es] defraying chargis of draft horses uppon accompt,150,-,-
1196,V1196,tr,35r,1642-11-09,81,p[ai]d Captaine Thomas Bushell toward[es] the pay of the g[enera]ll[es] owne compa[ny] for 1/2 a month,100,-,-
1197,V1197,tr,35r,1642-11-09,35,p[ai]d Captaine Edward Keightly for 1/2 a mo[nths] pay for his troop uppon acc[oun]t,174,13,-
1198,V1198,tr,35r,1642-11-09,45,p[ai]d Captaine Tirrell for 1/2 a mo[nths] pay of his troope,174,13,-
1199,V1199,tr,35r,1642-11-09,118,p[ai]d leifftenn[an]t Edward Sand[er]s for 1/2 a mo[nths] pay of sargeant major Berrys troope,174,13,-
1200,V1200,tr,35r,1642-11-09,44,p[ai]d Captaine Henrye Ireton for a months pay of his troop uppon [^acc[oun]t^],349,6,-
1201,V1201,tr,35r,1642-11-09,133,p[ai]d m[aste]r w[illia]m Barton the Committe for Lancreshire for the leviinge of dragoon[er]s ther uppon accompt,500,0,0
1202,V1202,tr,35r,1642-11-09,56,p[ai]d Captaine Edward Clerke for his troop uppon acc[oun]tt,174,13,-
1203,V1203,close table,35r,1642-11-09,,,224076,16,8
1204,V1204,pb,35v,1642-11-09,,35v,,,
1205,V1205,table (single row),35v,1642-11-09,,Sommeth [th]e paym[entes] on the other side,224076,16,8
1206,V1206,head,35v,1642-11-10,,November 10th [1642],,,
1207,V1207,open table,35v,1642-11-10,48,p[ai]d the Lord willoughby of parrham for himself officers & troop uppon accompt,230,8,-
1208,V1208,tr,35v,1642-11-10,,p[ai]d w[illia]m de morgey surgeon of that reg[imen]t,25,4,-
1209,V1209,tr,35v,1642-11-10,69,p[ai]d the Earle of Peeterborrough for payment of his officers of his troop & reg[imen]t as by the warr[an]t,550,13,-
1210,V1210,tr,35v,1642-11-10,40,p[ai]d sergeant major g[enera]ll Mericke for his owne severall payes & other officers,151,4,-
1211,V1211,tr,35v,1642-11-10,121,p[ai]d sergeant major Carey toward[es] paym[en]t of his troop by way of imprest,250,-,-
1212,V1212,tr,35v,1642-11-10,121,p[ai]d Captaine John warberton for 1/2 a mo[nths] pay for his officers & 30 soldiers in my Lord Robert[es] reg[imen]t,35,0,0
1213,V1213,tr,35v,1642-11-10,25,p[ai]d Captain Adrian Scroop for 1/2 a mo[nths] paye for his troope uppon accompt,174,13,-
1214,V1214,tr,35v,1642-11-10,33,p[ai]d Captaine w[illia]m Balfour the like,174,13,-
1215,V1215,tr,35v,1642-11-10,115,p[ai]d Captaine John Bromhall for entertainm[en]t of his officers & sold[ier]s in the Reg[imen]t of Collonel Hampden,123,10,-
1216,V1216,tr,35v,1642-11-10,122,p[ai]d S[i]r James Ramsey for his trope uppon accompt,174,13,-
1217,V1217,tr,35v,1642-11-10,26,p[ai]d Captaine John Fleming for on whole month for his troop,349,6,-
1218,V1218,tr,35v,1642-11-10,33,p[ai]d S[i]r w[illia]m Balfour for on mo[nths] pay of his troope of Cuirassiers ending 3 present,392,-,-
1219,V1219,tr,35v,1642-11-10,75,p[ai]d S[i]r John Meldrome for wagons allowed him as Collonell,32,11,-
1220,V1220,tr,35v,1642-11-10,114,p[ai]d Anthony Allen scoutmaster g[enera]ll for paymaster of himself & 20 menn to [th]e 10th november,276,-,-
1221,V1221,tr,35v,1642-11-10,122,p[ai]d Captaine Samuell Bosa for entertainm[en]t of himself & his officers being reformados who attended [th]e G[enera]ll[es] person in [th]e Army,96,-,-
1222,V1222,tr,35v,1642-11-10,61,p[ai]d S[i]r Sigismond Alexander for 2 1/2 months pay for his troop in 2 severall warr[an]t[es],349,6,-
1223,V1223,tr,35v,1642-11-10,21,p[ai]d Captain w[illia]m Anselm leifften[an]t of my lord of Bedford Troop of Cuirassiers uppon acc[oun]t,200,0,0
1224,V1224,tr,35v,1642-11-10,46,p[ai]d S[i]r w[illia]m Cunstable for paym[en]t of his Regiment uppon accompt,300,0,0
1225,V1225,tr,35v,1642-11-10,49,p[ai]d my lord Robert[es] for his regiment uppon acc[oun]tt,300,,
1226,V1226,close table,35v,1642-11-10,,examend,228261,17,8
1227,V1227,pb,36r,1642-11-10,,36r,,,
1228,V1228,table (single row),36r,1642-11-10,,Sommeth [th]e paym[entes] on the other side,228261,17,8
1229,V1229,head,36r,1642-11-11,,November 11 [1642],,,
1230,V1230,open table,36r,1642-11-11,177,p[ai]d m[aste]r w[illia]m Ponier marchant for a brige planck[es] & other necessaries to [th]e same,60,0,0
1231,V1231,tr,36r,1642-11-11,30,p[ai]d Collonel Ballard for 674 sold[ier]s of his regiment presented in Tuttle feild[es] for guift monie at 2s 6d a peece,84,5,0
1232,V1232,tr,36r,1642-11-11,105,p[ai]d Sergeant major Bamfield for 700 men of my Lord G[enera]ll[es] regiment,87,10,0
1233,V1233,tr,36r,1642-11-11,51,p[ai]d Captaine walter longe for 1/2 a mo[nths] pay for his troop uppon acc[oun]tt,174,13,0
1234,V1234,tr,36r,1642-11-11,28,p[ai]d the lord Hastings the like,174,13,-
1235,V1235,tr,36r,1642-11-11,63,p[ai]d Captaine Thomas Hamond the like,174,13,0
1236,V1236,tr,36r,1642-11-11,44,p[ai]d Captaine Richard Green[^vill^] the like,174,13,0
1237,V1237,tr,36r,1642-11-11,9,p[ai]d the Lord Grey the like for his troop,174,13,0
1238,V1238,tr,36r,1642-11-11,15,p[ai]d Collonel Arthur Goodwine the like,174,13,0
1239,V1239,tr,36r,1642-11-11,103,p[ai]d Captaine John Fines the like,174,13,-
1240,V1240,tr,36r,1642-11-11,43,p[ai]d Captaine Francis Tomson the like,174,13,0
1241,V1241,tr,36r,1642-11-11,101,p[ai]d Captaine Thomas lidcott the like,174,13,0
1242,V1242,tr,36r,1642-11-11,18,p[ai]d Captaine Edward Ascough the other 100l was p[ai]d [th]e 28 [Octo]bre,74,13,0
1243,V1243,tr,36r,1642-11-11,,more p[ai]d him for furnishing his troop w[i]th 20 great saddles bitt[es] & other furniture,50,0,0
1244,V1244,tr,36r,1642-11-11,19,p[ai]d Captaine Burghill for 1/2 mo[nths] pay,174,13,-
1245,V1245,tr,36r,1642-11-11,37,p[ai]d Captaine John neal the like,174,13,-
1246,V1246,tr,36r,1642-11-11,17,p[ai]d Sergeant major pretty the like,174,13,0
1247,V1247,tr,36r,1642-11-11,25.4.0,more for his pay as Sergeant major,29,4,0
1248,V1248,tr,36r,1642-11-11,16,p[ai]d Captaine Arthur Evelin for his troop,174,13,0
1249,V1249,tr,36r,1642-11-11,34,p[ai]d Captaine Anthony mildmay the like,174,13,0
1250,V1250,tr,36r,1642-11-11,26,p[ai]d Captaine Georg Austine the like,174,13,-
1251,V1251,tr,36r,1642-11-11,27,p[ai]d Captaine John Halle the like,174,13,-
1252,V1252,tr,36r,1642-11-11,78,p[ai]d m[aste]r nicholas Bond Commissarie of the victuall[es] for provisions bought & paym[en]t of officers as by [th]e warr[an]t,444,4,8
1253,V1253,tr,36r,1642-11-11,,more for allowance of himself & other officers by another warr[an]t,88,6,8
1254,V1254,tr,36r,1642-11-11,68,p[ai]d Captaine Robert Turner for 1/2 a monthes pay to begin the 29 [Octo]bre for himself & officers & 48 dragoones,83,6,0
1255,V1255,tr,36r,1642-11-11,123,p[ai]d sergeant major Melvian sergeant major of horse beinge on of the scot[es] offic[er]s latelie intertaind in the service for one mo[nths] pay as sergeant major & captaine,71,8,0
1256,V1256,tr,36r,1642-11-11,14,p[ai]d m[aste]r James nalton Chaplaine to Coll[onel] Grantham for a mo[nths] pay,12,2,8
1257,V1257,close table,36r,1642-11-11,,ex[amined],232140,12,8
1258,V1258,pb,36v,1642-11-11,,36v,,,
1259,V1259,table (single row),36v,1642-11-11,,Sommeth [th]e paym[entes] on the other side,232140,12,8
1260,V1260,head,36v,1642-11-11,,11 november [1642],,,
1261,V1261,open table,36v,1642-11-11,69,p[ai]d the Earle of Peeterborrough for entertainm[en]t of his troope of 60 harque[busiers] for 14 days from [th]e 10 present,105,-,-
1262,V1262,tr,36v,1642-11-11,69,more for levy monie of 600 fierlock[es] 300l & for drums halbert[es] colours & partisans,340,-,-
1263,V1263,tr,36v,1642-11-11,69,more for 2 chaplains of the traine of Artiglery,40,-,-
1264,V1264,tr,36v,1642-11-11,5,p[ai]d m[aste]r Marshall Chaplaine to his excell[ency] for 6 week[es] pay for himself & his mann,18,4,-
1265,V1265,tr,36v,1642-11-11,15,p[ai]d Richard Thurston surgeon to Collonel Goodwines reg[imen]t for his & his mat[es] pay uppon acc[oun]tt,29,-,-
1266,V1266,tr,36v,1642-11-11,7,p[ai]d the lord wharton for a mo[nths] pay for the officers of his reg[imen]t,422,16,-
1267,V1267,tr,36v,1642-11-11,75,p[ai]d S[i]r John Meldrom Collonel of a reg[imen]t of foot uppon acc[oun]t by way of imprest,400,-,-
1268,V1268,tr,36v,1642-11-11,114,p[ai]d S[i]r Thomas Sand[er]s for 1/2 mo[nths] pay for his troop,174,13,-
1269,V1269,tr,36v,1642-11-11,116,p[ai]d Henry Roe Captain of 200 pion[eer]s uppon acc[oun]t,30,-,-
1270,V1270,tr,36v,1642-11-11,116,p[ai]d Capt[ain] Edward Frodsham the like,30,-,-
1271,V1271,tr,36v,1642-11-11,116,p[ai]d Captaine John Duncan [th]e like,25,-,-
1272,V1272,tr,36v,1642-11-11,67,p[ai]d leifften[an]t Thomas lawrence [^for^] pay of severall officers in a compa[ny] of dragoon[er]s under Captain devoreux,16,16,-
1273,V1273,tr,36v,1642-11-11,30,p[ai]d Collonel Ballard for his pay at 40s a day from the x [Octo]bre to [th]e 11 novemb[e]r,64,-,-
1274,V1274,tr,36v,1642-11-11,123,p[ai]d Francis martin sergeant major G[enera]ll of a brigade for 32 days pay ending the 11 present at 10s p[er] diem,16,0,0
1275,V1275,tr,36v,1642-11-11,64,p[ai]d m[aste]r w[illia]m Ben Chaplaine to my lord of Bedford[es] reg[imen]t of horse for his & his servant[es] pay provision of necessaries & wagon,82,9,-
1276,V1276,tr,36v,1642-11-11,124,p[ai]d sergeant major Bellye sergeant major wood & Captaine waddall 3 scot[es] officers latelie intertaind,88,-,-
1277,V1277,tr,36v,1642-11-11,21,p[ai]d S[i]r w[illia]m Fairfax toward[es] the paym[en]t of his reg[imen]t,300,-,-
1278,V1278,tr,36v,1642-11-11,109,p[ai]d Lionel Coply Comissary g[enera]ll of the musters for 3 mo[nths] pay for himself & officers,126,0,0
1279,V1279,tr,36v,1642-11-11,15,p[ai]d Collonel Arthur Goodwine for a whole mo[nths] pay for himself as collonel at 30s p[er] diem,42,-,-
1280,V1280,tr,36v,1642-11-11,120,p[ai]d S[i]r John norwich by way of imprest for his troop 200. & toward[es] the pay of 3 compa[ny] of dragoon[er]s wherof he is Collonell 200,400,-,-
1281,V1281,tr,36v,1642-11-11,64,p[ai]d Hugh ward surgeon to the Earle of Bedford for his pay to the 11 [Novem]bre,25,10,-
1282,V1282,close table,36v,1642-11-11,,,234916,0,8
1283,V1283,pb,37r,1642-11-11,,37r,,,
1284,V1284,table (single row),37r,1642-11-11,,Sommeth the paym[entes] on the other side,234916,0,8
1285,V1285,head,37r,1642-11-11,,November 11 [1642],,,
1286,V1286,open table,37r,1642-11-11,65,p[ai]d S[i]r Edward Dodsworth Comissary g[enera]ll of the musters for horse for a mo[nths] pay ending 22 [Octo]bre & deputys,35,-,-
1287,V1287,tr,37r,1642-11-11,,more for another mo[nths] pay endinge 18 [Novem]bre,35,-,-
1288,V1288,close table,37r,1642-11-11,8,p[ai]d James Bricknell surgeon to S[i]r w[illia]m walers Reg[imen]t of horse for his pay & severall allowances to the 12 [Novem]bre,90,11,0
1289,V1289,head,37r,1642-11-12,,12 [November 1642],,,
1290,V1290,open table,37r,1642-11-12,19,p[ai]d Mathew Broad surgeon to [th]e traine of Artigliry for furnishing his chest & other occations,55,8,-
1291,V1291,tr,37r,1642-11-12,31,p[ai]d James Senior provost marshall g[enera]ll of the foot for 1/2 a mo[nths] pay for himself and officers,46,11,-
1292,V1292,tr,37r,1642-11-12,124,p[ai]d Sergeant major neal for an arrear of pay due to himself,61,1,4
1293,V1293,tr,37r,1642-11-12,75,p[ai]d S[i]r John meldrom for guift monie of 400 sold[ier]s of his reg[imen]t,50,0,0
1294,V1294,tr,37r,1642-11-12,125,p[ai]d Phillip Cotton provost marshall to Coll[onel] midletons reg[imen]t of dragooners for pay,3,10,-
1295,V1295,tr,37r,1642-11-12,,p[ai]d Richard Grevill quartermaster to the said reg[imen]t,3,10,-
1296,V1296,tr,37r,1642-11-12,125,p[ai]d Collonel Georg mill for pay and entertainm[en]t as Collonel of a reg[imen]t of Foot to commence the 1 [Octo]bre last,42,-,-
1297,V1297,tr,37r,1642-11-12,111,p[ai]d for guiftmonie of 518 foot in my lord Rochford[es] regiment,64,15,0
1298,V1298,tr,37r,1642-11-12,125,p[ai]d S[i]r John midleton by way of imprest for that Reg[imen]t that was my lord Fildings,200,0,0
1299,V1299,tr,37r,1642-11-12,126,p[ai]d m[aste]r John Coply uppon acc[oun]t for providing musket & Carabin Arrowes charges & quivers,20,0,0
1300,V1300,tr,37r,1642-11-12,46,p[ai]d S[i]r w[illia]m Constable for guift monie of 450 foot of his regim[en]t,56,5,
1301,V1301,tr,37r,1642-11-12,126,p[ai]d Capt[ain] Cannon for providinge of Bullet bostard musket Carabin & musket shot,50,-,-
1302,V1302,tr,37r,1642-11-12,11,p[ai]d sergeant major Gunter for 1/2 a mo[nths] pay of his troope,174,10,-
1303,V1303,tr,37r,1642-11-12,11,more for on whole month for himself as sergeant major to begine 29 [Octo]bre,16,16,-
1304,V1304,tr,37r,1642-11-12,,p[ai]d Roger Barwicke Carter for hier of his Cart & 4 horses at 14s p[er] diem for 42 days,23,9,9
1305,V1305,tr,37r,1642-11-12,,p[ai]d Thomas Robinson wagoner for 60 dayes besid[es] 12l.3s alredy rec[eive]d,29,17,0
1306,V1306,tr,37r,1642-11-12,,p[ai]d Henry Hempson for 47 days,18,8,-
1307,V1307,tr,37r,1642-11-12,19,p[ai]d Robert Helliard wagoner to [th]e traine of Artigliry for part of his pay for 8 week[es] 4 days,38,19,-
1308,V1308,tr,37r,1642-11-12,,p[ai]d John Little page Carter for part of his pay for 9 week[es] 2 days for his cart & horses,26,19,
1309,V1309,tr,37r,1642-11-12,,p[ai]d Henry horn besid[es] 15l.10s by him rec[eive]d for 41 daies pay,25,20,-
1310,V1310,close table,37r,1642-11-12,,,236084,0,9
1311,V1311,pb,37v,1642-11-12,,37v,,,
1312,V1312,table (single row),37v,1642-11-12,,Sommeth [th]e paym[entes] on the other side,236084,0,9
1313,V1313,head,37v,1642-11-12,,12 novemb[e]r 1642,,,
1314,V1314,open table,37v,1642-11-12,,p[ai]d Richard Johnson Carter for his teame & 4 horses for 9 dayes,5,8,-
1315,V1315,close table,37v,1642-11-12,,"p[ai]d John Bruce, Thomas Robert[es] & John Kent Carters for hier of ther severall teams 21 days each",26,7,-
1316,V1316,head,37v,1642-11-14,,14 novemb[e]r 1642,,,
1317,V1317,open table,37v,1642-11-14,64,p[ai]d the Earle of Bedford for his severall payes for 1 monthe endinge 10 november,246,-,-
1318,V1318,tr,37v,1642-11-14,25,p[ai]d Captaine Langreish for 1/2 a mo[nths] pay for his troope,174,13,-
1319,V1319,tr,37v,1642-11-14,69 880.19,p[ai]d Collonel wardlaw for 1/2 a mo[nths] pay for his officers & regiment of dragooners to begine from [th]e 29 [Octo]bre,680,19,-
1320,V1320,tr,37v,1642-11-14,66,p[ai]d S[i]r Arthur Hazelrige for 1/2 a mo[nths] pay for his troope,174,13,-
1321,V1321,tr,37v,1642-11-14,127,p[ai]d Henry Poole Cittizen to be imployed in [th]e publicke service,100,-,-
1322,V1322,tr,37v,1642-11-14,49,p[ai]d Capt[ain] Thomas Pudsey for on mo[nths] pay for him self as captaine of my lord[es] guard of Halberdiers & for 30 halberdiers,91,-,-
1323,V1323,tr,37v,1642-11-14,176,p[ai]d Michael Barke Edward Pilkinton & 8 other Gunsmiths apointed for his present service,18,4,-
1324,V1324,tr,37v,1642-11-14,84,p[ai]d Abraham webb Apothecary for 3 mo[nths] pay endinge [th]e 18 novemb[e]r,42,-,-
1325,V1325,tr,37v,1642-11-14,100,p[ai]d Docter John smith [^St John^] for 3 mo[nths] pay endinge as above,28,-,-
1326,V1326,tr,37v,1642-11-14,29,p[ai]d Capt[ain] Edward wingat for 1/2 a mo[nths] pay for his troope,174,13,-
1327,V1327,tr,37v,1642-11-14,102,p[ai]d Docter Dorisla for 1/2 a mo[nths] pay as advocate,14,-,-
1328,V1328,tr,37v,1642-11-14,7,p[ai]d my lord wharton for 1/2 a mo[nths] pay as Coll[onel] of a reg[imen]t,31,10,-
1329,V1329,tr,37v,1642-11-14,127,p[ai]d S[i]r Edward Peto for pay of himself and officers of the traine of Artiglirye for 14 days endinge [th]e 11 present,724,7,8
1330,V1330,tr,37v,1642-11-14,99,p[ai]d m[aste]r John ward Comissary g[enera]ll for [th]e provision of horse for pay of himself and deputies for on month ending [th]e 18 present,36,8,0
1331,V1331,tr,37v,1642-11-14,14,p[ai]d m[aste]r James nalton Chaplaine to Coll[onel] Grantham for 14 dayes pay ending [th]e 11 pres[en]t,6,1,4
1332,V1332,tr,37v,1642-11-14,11,p[ai]d m[aste]r Symon Ash Chaplaine to the lord Mandevill for a mo[nths] pay 12.12.0,12,12,-
1333,V1333,tr,37v,1642-11-14,104,p[ai]d w[illia]m purfroy for his pay as lefftenn[an]t Coll[onel] from [th]e 1 [Octo]bre to the 12 present,43,-,-
1334,V1334,tr,37v,1642-11-14,128,p[ai]d sergeant major Robert[es] toward[es] pay of the officers of [th]e reg[imen]t w[hi]ch belonge to Coll[onel] charles Essex,304,4,-
1335,V1335,close table,37v,1642-11-14,,,239018,0,9
1336,V1336,pb,38r,1642-11-14,,38r,,,
1337,V1337,table (single row),38r,1642-11-14,,Sommeth payment[es] on the other side,239018,0,9
1338,V1338,head,38r,1642-11-14,,november 14 - 1642,,,
1339,V1339,open table,38r,1642-11-14,122,p[ai]d S[i]r James Ramsey collonel of a Regiment of horse & Commissary genn[era]ll toward[es] his pay & entertainm[en]t uppon accompt,400,-,-
1340,V1340,tr,38r,1642-11-14,128,p[ai]d Quartermaster g[enera]ll Dulbier for 1/2 a mo[nths] pay for his troop from [th]e 28 [Octo]bre,174,13,-
1341,V1341,tr,38r,1642-11-14,88,p[ai]d Captaine Robert Palmer for pay of 63 sold[ier]s of his compa[ny] in my lord monchest[er]s reg[imen]t for on mo[nths] pay from the 5 [Novem]bre when the compa[ny] was mustered,58,16,0
1342,V1342,tr,38r,1642-11-14,129,p[ai]d Capt[ain] Daniel Redman the like,58,16,-
1343,V1343,close table,38r,1642-11-14,129,p[ai]d Capt[ain] Fra[ncis] Sawyer the like for 52 sol[diers],48,10,8
1344,V1344,head,38r,1642-11-15,,15 november [1642] No 7,,,
1345,V1345,open table,38r,1642-11-15,8,p[ai]d S[i]r w[illia]m waler for 1/2 a mo[nths] paye for his troope uppon accompt,174,13,-
1346,V1346,tr,38r,1642-11-15,14,p[ai]d my lord Brooke the like,174,13,0
1347,V1347,tr,38r,1642-11-15,64,p[ai]d Hugh ward surgeon of my lord of Bedford[es] regiment of horse for 14 days pay from the 11 [Novem]bre,8,8,0
1348,V1348,close table,38r,1642-11-15,98,p[ai]d Captaine Mathew Draper for remaind[e]r of his troop being 30 menn to beginn the 12 of november,100,13,0
1349,V1349,head,38r,1642-11-16,,16 [November 1642],,,
1350,V1350,open table,38r,1642-11-16,92,p[ai]d S[i]r Samuel luke for 1/2 a mo[nths] pay to end the 12 [Novem]bre for his troope,174,13,
1351,V1351,tr,38r,1642-11-16,64,p[ai]d Captaine walton for 1/2 a mo[nths] pay of his troope endinge 11 [Novem]bre,174,13,-
1352,V1352,tr,38r,1642-11-16,13,p[ai]d Collonell Hambden for pay of his Regiment uppon acc[oun]tt,800,0,0
1353,V1353,tr,38r,1642-11-16,164,p[ai]d Collonel John Hurrey for 1/2 a mo[nths] pay for his troope of 70 harque[busiers] uppon accompt,192,8,-
1354,V1354,tr,38r,1642-11-16,17,p[ai]d sergeant major Pretty for buyinge 15 great sadles & other furniture for recrutinge his troope,37,10,
1355,V1355,tr,38r,1642-11-16,,more for on mo[nth] & 16 dayes pay for a gunsmith allowed his troope at 2s.6d p[er] diem,5,10,
1356,V1356,tr,38r,1642-11-16,33,p[ai]d Coronell Cholmly for guift monie of 600 soldiers of his reg[imen]t at 2s.6d,75,0,0
1357,V1357,close table,38r,1642-11-09,101,p[ai]d m[aste]r Jessope w[hi]ch he is to charge to his acc[oun]tt [th]e 9 present,100,0,0
1358,V1358,head,38r,1642-11-19,,19 [November 1642],,,
1359,V1359,open table,38r,1642-11-19,19,p[ai]d Jeremy Chancy wagoner belonging to the traine for hier of his teame & 4 horses for 65 dayes,26,10,0
1360,V1360,tr,38r,1642-11-19,19,p[ai]d w[illia]m Hatchett as above,23,10,3
1361,V1361,tr,38r,1642-11-19,49,p[ai]d my lord Robert[es] toward[es] the pay of the sold[ier]s of his reg[imen]t uppon acc[oun]tt,300,0,0
1362,V1362,tr,38r,1642-11-19,,more for the officers of his regiment,318,9,-
1363,V1363,close table,38r,1642-11-19,,,242445,6,8
1364,V1364,pb,38v,1642-11-19,,38v,,,
1365,V1365,table (single row),38v,1642-11-19,,Sommeth the paym[entes] on the other side,242445,6,8
1366,V1366,head,38v,1642-11-21,,21 November 1642,,,
1367,V1367,open table,38v,1642-11-21,130,p[ai]d Sergeant major Botteler for pay of his compa[ny] of 100 sold[ier]s in my lord peterborrough[es] regiment to beginne the 15 [Novem]bre,93,6,8
1368,V1368,tr,38v,1642-11-21,130,p[ai]d Captaine John Smith & Captaine Henry Gauler captains of 2 severall foot companies in [th]e Regiment of sergeant major g[enera]ll Skippon,100,-,-
1369,V1369,close table,38v,1642-11-21,131,"p[ai]d Captaine Roger Clay Captaine Samuel Turner Capt[ain] Peeter Gale Capt[ain] George more Capt[ain] Ralph Tasker Captain w[illia]m Hamond Capt[ain] mathew Skalticke & Capt[ain] Jams white, 8 capt[ain]s in the Regement of Collonell skippon toward[es] ther pay & entertainm[en]t of themselves officers & sold[ier]s uppon acc[oun]tt",400,-,-
1370,V1370,head,38v,1642-11-22,,22 [November 1642],,,
1371,V1371,open table,38v,1642-11-22,126,p[ai]d Captaine Cannon purvior g[enera]ll for the traine of Artigliry toward[es] his pay for 4 mo[nths],120,-,-
1372,V1372,close table,38v,1642-11-22,69,p[ai]d Capt[ain] John Duncan Captaine leifftenn[an]t of my lord of Peeterborroughs compa[ny] of fierlock[es] for on mo[nths] pay for the said compa[ny] from the 15 present 93 6 8 & for on mo[nths] pay for the officers from the 9th 46.4. in all,139,10,8
1373,V1373,head,38v,1642-11-23,,23 [November 1642],,,
1374,V1374,open table,38v,1642-11-23,131,p[ai]d leifft[enant] Coll[onel] Holman for a monthes pay advance as leifft[enant] Coll[onel] of a reg[imen]t in [th]e County of yorke,42,-,-
1375,V1375,tr,38v,1642-11-23,30,p[ai]d Collonel Grantham for 3 week[es] pay for [th]e officers of his reg[imen]t uppon acc[oun]tt,407,2,-
1376,V1376,close table,38v,1642-11-23,132,p[ai]d m[aste]r Fastaff wagon m[aste]r G[enera]ll by a warrent of the 21 [Octo]bre for payment of cariages,180,-,-
1377,V1377,head,38v,1642-11-24,,24 [November 1642],,,
1378,V1378,open table,38v,1642-11-24,121,p[ai]d Captaine John warberton in my lord Robert[es] Reg[imen]t for severall payment[es] conteined in his warr[an]tt,49,10,-
1379,V1379,tr,38v,1642-11-23,[Novem]bre 23,p[ai]d Roger dickeson surgeon apointed to attend the army for monie to provide his chest 15 & 14 dayes pay for himself & mates to Comence the 12 november 6.6.,21,6,
1380,V1380,tr,38v,1642-11-24,19,p[ai]d another Roger dickson surgeon to Coll[onel] Bulstred for furnishinge his chest 15l & 1 mo[nths] pay for himself and mates 12.12,27,12,-
1381,V1381,tr,38v,1642-11-24,,p[ai]d Ralph nicholson on of the surgeons apointed to attend the army for his advance monie & 14 dayes paye,21,6,0
1382,V1382,close table,38v,1642-11-24,,,244047,0,0
1383,V1383,pb,39r,1642-11-24,,39r,,,
1384,V1384,table (single row),39r,1642-11-24,,Sommeth [th]e paym[entes] on the other side,244047,0,0
1385,V1385,head,39r,1642-11-23,,23 [November 1642],,,
1386,V1386,open table,39r,1642-11-23,125,p[ai]d w[illia]m Bickerton wagon m[aste]r to Collonel midletons Reg[imen]t of dragooners for his hier of his team & six horses as by his warr[an]t appears 60 wherof he rec[eive]d 20 rest[es],40,2,3
1387,V1387,tr,39r,1642-11-23,66,p[ai]d Capt[ain] Anthony Sanderson as wel for 1 monthes pay of 50 soldiers to Comence from the 12 november 46.13.4. as also for 1 mo[nths] pay for himself & officers of his compa[ny] from [th]e 17. novemb[e]r 42,88,13,4
1388,V1388,tr,39r,1642-11-23,38,p[ai]d Capt[ain] will[ia]m Burbz C[aptain] Jo[hn] Francis C[aptain] Richard Beaton & C[aptain] Georg Hurlocke Capt[ains] of severall foot compa[nies] late in [th]e reg[imen]t of Denzill Hollis as well for pay of themselvs 3 other private Captains latelie deseased and other officers contained in the warr[an]tt & sold[ier]s,356,8,8
1389,V1389,tr,39r,1642-11-23,38,p[ai]d Thomas Egerton quartermaster to Coll[onel] Hollis for his pay for 5 week[es] at 5s a daye,8,15,-
1390,V1390,tr,39r,1642-11-23,14,p[ai]d the Lord Brooke for guift monie of 480 sold[ier]s of his regiment,60,0,0
1391,V1391,tr,39r,1642-11-23,19,p[ai]d w[illia]m Harison wagoner attending the traine of Artigliry for hier of his teame & 4 horses from [th]e 7 [Septem]bre to the 23 [Octo]bre 47 dayes at 14s p[er] diem he havinge rec[eive]d 10l.10s in part,22,8,0
1392,V1392,tr,39r,1642-11-23,30,p[ai]d Collonel Grantham towards paye of [th]e officers of his Reg[imen]t by imprest,200,-,-
1393,V1393,tr,39r,1642-11-23,66,p[ai]d Capt[ain] Ant[ony] Sanderson for guift monie of 50 sold[ier]s of his compa[ny],6,5,-
1394,V1394,close table,39r,1642-11-23,132,p[ai]d the 21 of novemb[e]r to [th]e wagoner g[enera]ll for paym[en]t of draft horses belonginge to [th]e traine,150,-,-
1395,V1395,head,39r,1642-11-24,,24 [November 1642],,,
1396,V1396,open table,39r,1642-11-24,40,p[ai]d S[i]r John merricke for his severall pays as by [th]e warr[an]t,55,0,0
1397,V1397,tr,39r,1642-11-24,34,p[ai]d Capt[ain] Horatio Cary for 30 sadles bitt[es] & other furniture for his troope,75,-,-
1398,V1398,tr,39r,1642-11-24,63,p[ai]d Captain Thomas Hamond [th]e 23 pres[en]t the like for sadles & bitt[es],75,0,0
1399,V1399,tr,39r,1642-11-24,,more for guift monie for 18 of his troop that appeard in Chelsey feild[es],4,10,-
1400,V1400,tr,39r,1642-11-24,125,p[ai]d Collonel John midleton for his pay wagons & other things contained in the warr[an]t,340,-,-
1401,V1401,tr,39r,1642-11-24,125,p[ai]d w[illia]m Bickerton for his pay as wagon m[aste]r to Collonel midletons reg[imen]t of drag[oon]s by 2 warr[an]ts,4,4,-
1402,V1402,tr,39r,1642-11-24,125,p[ai]d Richard Grevill quarter m[aste]r of that reg[imen]t for his pay for 14 days at 5s p[er] diem from [th]e 10 present,3,10,-
1403,V1403,tr,39r,1642-11-24,105,p[ai]d Sergent major Bamfield toward[es] pay of my lord g[enera]ll[es] reg[imen]t of foot uppon acc[oun]tt,500,0,0
1404,V1404,close table,39r,1642-11-24,,,246036,16,3
1405,V1405,pb,39v,1642-11-24,,39v,,,
1406,V1406,open table,39v,1642-11-24,,Sommeth [th]e paym[entes] on the other side,246036,13,3
1407,V1407,close table,39v,1642-11-24,75,p[ai]d S[i]r John meldrom Collonel as well for arears of himself & officers as for his pay as collonel as by [th]e warr[an]t,71,9,-
1408,V1408,head,39v,1642-11-26,,26 [November 1642],,,
1409,V1409,open table,39v,1642-11-26,134,p[ai]d Anto[ny] Smith Captaine of a compa[ny] of 70 sold[ier]s in my lord Robert[es] Reg[imen]t for pay of the said compa[ny] as by the warr[an]tt,57,17,4
1410,V1410,close table,39v,1642-11-26,120,p[ai]d S[i]r John norwich Collonel of a regiment of dragooners [th]e 23 & 26 november,400,-,-
1411,V1411,head,39v,1642-11-28,,28 [November 1642],,,
1412,V1412,open table,39v,1642-11-28,33,p[ai]d sergeant major w[illia]m Balfour toward[es] the payment of the officers and sold[ier]s of his troope uppon acc[oun]tt,350,-,-
1413,V1413,tr,39v,1642-11-28,81,p[ai]d Captain Thomas Bushell [th]e 23 & 29 present toward[es] paym[en]t of the g[enera]ll[es] compa[ny] uppon acc[oun]tt,100,-,-
1414,V1414,tr,39v,1642-11-28,111,p[ai]d the lord Rochford toward[es] the payment of [th]e officers and sold[ier]s of his regim[en]t uppon accompt,300,-,-
1415,V1415,tr,39v,1642-11-29,103,p[ai]d Capt[ain] John Fines [th]e 23 & 29 [November] for 1/2 a mo[nths] pay for the officers & soldiers of his troop,174,13,-
1416,V1416,tr,39v,1642-11-28,15,p[ai]d Capt[ain] Nathaneel Fines the like,174,13,-
1417,V1417,tr,39v,1642-11-28,61,p[ai]d S[i]r Sigismond Alexander [th]e like,174,13,-
1418,V1418,tr,39v,1642-11-28,61,more for his pay for 119 dayes as sergeant major to Collonel Goodwins reg[imen]t at 12s p[er] diem ending [th]e 26 [Novem]bre,71,8,-
1419,V1419,close table,39v,1642-11-28,134,p[ai]d Collonel Cromwell for 1/2 a mo[nths] pay for his troope of 80 harqueb[usiers] uppon acc[oun]tt,209,13,-
1420,V1420,head,39v,1642-11-29,,29 [November 1642],,,
1421,V1421,open table,39v,1642-11-29,114,p[ai]d Anto[ny] Allen Scoutmaster for monie by him expended for service of [th]e state,61,9,7
1422,V1422,tr,39v,1642-11-29,33,p[ai]d Collonel Cholmlye toward[es] the pay of him self officers and regiment,814,-,-
1423,V1423,tr,39v,1642-11-29,118,p[ai]d Captain Symon mathewes for 1/2 a mo[nths] paye for 30 dragoon[er]s to begin 12 [Novem]bre inclusive,64,8,-
1424,V1424,tr,39v,1642-11-29,116,p[ai]d Captaine Frodsham towards payment of his Pyoners,25,-,-
1425,V1425,close table,39v,1642-11-29,20,p[ai]d Richard Tomkins surgeon to Coll[onel] Skippons Reg[imen]t for furnishing his chest,15,-,-
1426,V1426,head,39v,1642-11-30,,30 november [1642],,,
1427,V1427,open table,39v,1642-11-30,30,p[ai]d Collonel Ballard toward[es] paym[en]t of the officers and sold[ier]s of his reg[imen]t,500,-,-
1428,V1428,close table,39v,1642-11-30,,,249600,17,2
1429,V1429,pb,40r,1642-11-30,,40r,,,
1430,V1430,table (single row),40r,1642-11-30,,Sommeth [th]e paym[entes] on the other side,249600,17,2
1431,V1431,head,40r,1642-11-23,,23. 30. November [1642],,,
1432,V1432,open table,40r,1642-11-23,41,p[ai]d Captaine John Hamon for 1/2 a mo[nths] pay for [th]e officers and soldiers of his troop,174,13,-
1433,V1433,tr,40r,1642-11-23,18,p[ai]d Captaine Edward Aiscough the like,174,13,-
1434,V1434,tr,40r,1642-11-23,18,more for 10 great sadles & furniture,25,-,-
1435,V1435,tr,40r,1642-11-23,16,p[ai]d Capt[ain] Arthur Evelin for 1/2 a mo[nths] pay for his troop,174,13,-
1436,V1436,tr,40r,1642-11-23,89,p[ai]d C[aptain] Symon Rudglie the like,174,13,-
1437,V1437,tr,40r,1642-11-23,13,p[ai]d Capt[ain] Francis Dowett the like,174,13,-
1438,V1438,tr,40r,1642-11-23,34,p[ai]d sergeant major Horatio Cary the like,174,13,-
1439,V1439,tr,40r,1642-11-23,21,p[ai]d C[aptain] w[illia]m Anselme toward[es] payment of my lord of Bedford[es] troop of Cuirassiers uppon acc[oun]tt,200,-,-
1440,V1440,tr,40r,1642-11-23,18,p[ai]d Captaine James Sheffeild for a mo[nths] pay for his troop 349.6.,349,6,-
1441,V1441,tr,40r,1642-11-23,69,p[ai]d my lord of Peeterborrough for a months pay for himself and officers of his regiment of Fierlock[es] to begine from the 9 present,374,14,8
1442,V1442,tr,40r,1642-11-23,4,p[ai]d Collonel Urrey for payment of his troop of 80 harqueb[usiers] uppon acc[oun]tt,150,-,-
1443,V1443,tr,40r,1642-11-23,,More for his pay as he was sergeant major to S[i]r w[illia]m Balfours reg[imen]t uppon acc[oun]tt,50,-,-
1444,V1444,tr,40r,1642-11-23,116,p[ai]d C[aptain] Henry Roe toward[es] payment of his pione[er]s,25,0,0
1445,V1445,tr,40r,1642-11-23,135,p[ai]d Capt[ain] mathew scaltike C[aptain] Henry gaule C[aptain] Jo[hn] Smith & C[aptain] Henry [...] 4 Capt[ains] latelie entertained in my lord G[enera]ll[es] reg[imen]t of Foot for advance of a whole monthes pay for themselves leifft[enants] & Ensigns,123,4,-
1446,V1446,tr,40r,1642-11-23,,more p[ai]d them for providing Coll[our]s partizans halbert[es] and drums & wagons,112,-,-
1447,V1447,tr,40r,1642-11-23,135,p[ai]d Captaine Bevill Predieux for a mo[nths] pay of 91 sold[ier]s in my lord Peterborros reg[imen]t to begin [th]e 21 present,84,18,8
1448,V1448,tr,40r,1642-11-23,136,p[ai]d leifft[enant] Coll[onel] Francis Farfax [th]e like,84,18,8
1449,V1449,tr,40r,1642-11-23,33,p[ai]d C[aptain] Gilbert Carr Captaine leifft[enant] to S[i]r w[illia]m Balfours troop of Cuirassiers for a whole mo[nths] pay advance at 24s p[er] die[m],47,12,-
1450,V1450,tr,40r,1642-11-23,127,p[ai]d S[i]r Edward Peyton Captaine of a compa[ny] of 92 fierlock[es] in my lord Peeterborroughs reg[imen]t for a mo[nth],85,17,4
1451,V1451,close table,40r,1642-11-23,,,252361,6,6
1452,V1452,pb,40v,1642-11-23,,40v,,,
1453,V1453,table (single row),40v,1642-11-23,,Som[m]eth [th]e paym[entes] on the other side,252361,6,6
1454,V1454,head,40v,1642-11-30,,30 November 1642,,,
1455,V1455,open table,40v,1642-11-30,80,Paid lawrence loe surgeon for monies by him expended for the sicke and wounded soldiers in Coventry & for his owne charges and supply of his chest,100,-,-
1456,V1456,tr,40v,1642-11-30,11,p[ai]d C[aptain] Thomas Temple for 1/2 a mo[nths] pay for his troop,174,13,-
1457,V1457,close table,40v,1642-11-30,128,p[ai]d John Dulbier quartermaster generall toward[es] his pay and entertainm[en]t of xxs p[er] diem,150,-,-
1458,V1458,head,40v,1642-12-01,,No. 8 1 December [1642],,,
1459,V1459,open table,40v,1642-12-01,126,p[ai]d m[aste]r John Copley for provision of 100 dozen of arrowes & quivers and other necessaries to be by him delivered to S[i]r Edward Peto,32,10,-
1460,V1460,tr,40v,1642-12-01,109,p[ai]d Captaine Vernon deputy tresorer of the Armye for his pay and entertainm[en]t from the 30 of [Septem]bre to the 30th october inclusive beinge 30 dayes at 6.8d p[er] diem,10,-,-
1461,V1461,tr,40v,1642-12-01,,more for 3 clark[es] allowed him at 2s p[er] diem each,9,0,0
1462,V1462,tr,40v,1642-12-01,,more from the 30. [Octo]bre to the 30 [Novem]bre,10,-,-
1463,V1463,tr,40v,1642-12-01,,for his 3 clark[es] as above,9,-,-
1464,V1464,close table,40v,1642-12-01,121,p[ai]d Captaine John warberton for the officers and soldiers pay of his compa[ny] in the Reg[imen]t of the lord Robert[es] to the 2 pre[sen]t,39,6,18
1465,V1465,head,40v,1642-12-03,,3 December [1642],,,
1466,V1466,open table,40v,1642-12-03,48,p[ai]d w[illia]m Parker Chaplaine to my lord willougbyes Reg[imen]t for his and his mans pay to the 3 [Decem]bre,21,12,8
1467,V1467,tr,40v,1642-12-03,48,p[ai]d Isaac de Morque Chirurgeon the said Reg[imen]t for his pay and bidett[es] to the 3 [December],25,4,-
1468,V1468,tr,40v,1642-12-03,127,p[ai]d S[i]r Edward Peyto for 1/2 a mo[nths] pay for the traine of Artigliry uppon acc[oun]tt,724,15,8
1469,V1469,tr,40v,1642-12-03,15,Collonel Goodwin toward[es] the pay of his troope,174,13,0
1470,V1470,tr,40v,1642-12-03,48,p[ai]d the lord willoughby for guift monie to 59 horsemen w[hi]ch apeared under his comand in Chelsey feild,14,15,0
1471,V1471,tr,40v,1642-12-03,127,p[ai]d S[i]r Edward Peyto for a whole mo[nths] pay for 74 Fierlock[es] of his compa[ny] to begin [th]e 23 [Novem]bre,69,1,4
1472,V1472,tr,40v,1642-12-03,118,p[ai]d Capt[ain] Symon Mathewes toward[es] payment of 32 soldiers dragone[er]s of his troop,68,12,-
1473,V1473,close table,40v,1642-12-03,,,253994,9,10
1474,V1474,pb,41r,1642-12-03,,41r,,,
1475,V1475,table (single row),41r,1642-12-03,,Sommeth [th]e payment[es] on the other side,253994,9,10
1476,V1476,head,41r,1642-12-03,,December 3 [1642],,,
1477,V1477,open table,41r,1642-12-03,56,p[ai]d major G[enera]ll Skippon for provision of 12 cull[er]s w[i]th apurtenances for his reg[imen]t,48,-,-
1478,V1478,tr,41r,1642-12-03,,more for a whole monthes pay for his troope of [...] harquebusiers uppon acc[oun]tt,448,14,-
1479,V1479,tr,41r,1642-12-03,137,p[ai]d Captaine John mead Capt[ain] of a compa[ny] of Foot in the Reg[imen]t of Coll[onel] Holborn for a mo[nths] pay for his officers and compa[ny] to Commenc the 25th of november,42,-,-
1480,V1480,tr,41r,1642-12-03,,more for levy monie of the said compa[ny],50,-,-
1481,V1481,tr,41r,1642-12-03,6,p[ai]d Edward Cooke surgeon to my lord Robert[es] Reg[imen]t for 2 mo[nths] pay ending 9 [Decem]bre,25,4,-
1482,V1482,tr,41r,1642-12-03,25,p[ai]d Captain Adrian Scroop toward[es] the payment of his troop uppon acc[oun]tt,100,0,0
1483,V1483,tr,41r,1642-12-03,98,p[ai]d Capt[ain] Mathew Draper for pay of his troop for arrears & 14 dayes pay [^begining^] [th]e the 28 [Novem]bre,167,4,-
1484,V1484,tr,41r,1642-12-03,,more for 50 saddles & the furniture,125,-,-
1485,V1485,tr,41r,1642-12-03,42,p[ai]d John Baldwine provost marshall g[enera]ll of the horse for [^1/2 mo[nths]^] pay of himself leifft[enant] & 8 menn at 35 p[er] diem begining 25 [Novem]bre,24,10,-
1486,V1486,tr,41r,1642-12-03,78,p[ai]d nic[holas] Bond Comissarie of the victuall[es] for 1/2 a mo[nths] pay for himself & officers & laborers ending 25 [Novem]bre as also for provisions for the army,174,3,2
1487,V1487,tr,41r,1642-12-03,114,p[ai]d S[i]r Thomas Sand[er]s for 1/2 a mo[nths] pay for his troop uppon acc[oun]tt,174,13,-
1488,V1488,tr,41r,1642-12-03,6,p[ai]d Doc[ter] Downing Chaplain to my lord Robert[es] Reg[imen]t for his entertainm[en]t for 2 mo[nths] 5 day[es] & his mans endinge [th]e 1 [Decem]bre,25,0,8
1489,V1489,tr,41r,1642-12-03,137,p[ai]d leifft[enant] Coll[onel] Holborne toward[es] payment of his foot compa[ny] uppon acc[oun]tt,50,-,-
1490,V1490,tr,41r,1642-12-03,,more p[ai]d him as Collonel of a Reg[imen]t of Foot and his officers for 1 whole mo[nth] to begin the 26 [Novem]bre,180,12,-
1491,V1491,tr,41r,1642-12-03,,more p[ai]d him for leviinge his own compa[ny] his leifft[enant] Coll[onel] sergeant major and 3 other compa[nies],325,-,-
1492,V1492,tr,41r,1642-12-03,138,p[ai]d Capt[ain] Thomas Read for a mo[nths] pay for 97 sold[ier]s of his compa[ny] in [th]e Reg[imen]t above beginning the 25 november,90,10,8
1493,V1493,tr,41r,1642-12-03,138,p[ai]d w[illia]m Rainborow Capt[ain] of 83 sold[ier]s in the same Reg[imen]t for a mo[nths] pay as above,77,9,-
1494,V1494,tr,41r,1642-12-03,,more p[ai]d Capt[ain]s Rainsborro & Read for a mo[nths] pay for ther officers to begin as above,84,-,-
1495,V1495,tr,41r,1642-12-03,47,p[ai]d C oliver Cromwell toward[es] pay of himself officers & troop uppon a[ccoun]tt,209,4,-
1496,V1496,close table,41r,1642-12-03,,,256415,14,4
1497,V1497,pb,41v,1642-12-03,,41v,,,
1498,V1498,table (single row),41v,1642-12-03,,Sommeth [th]e paym[entes] on the other side,256415,14,4
1499,V1499,head,41v,1642-12-03,,3 December [1642],,,
1500,V1500,open table,41v,1642-12-03,125,p[ai]d Coll[onel] Midleton for on mo[nths] pay for his troop of 70 harquebusiers uppon acc[oun]tt,384,6,-
1501,V1501,tr,41v,1642-12-03,,more for 20 great saddles & furniture,50,-,-
1502,V1502,tr,41v,1642-12-03,114,p[ai]d Anto[ny] Allen Scoutm[aste]r for pay of himself & 20 men for 21 dayes at 6l a day ending 1 [Decem]bre,126,-,-
1503,V1503,tr,41v,1642-12-03,92,p[ai]d S[i]r Samuel luke for 1/2 a mo[nths] pay for his troope uppon acc[oun]tt,174,13,-
1504,V1504,tr,41v,1642-12-03,66,p[ai]d S[i]r Arthur Hazelrig the like,174,13,-
1505,V1505,tr,41v,1642-12-03,75,p[ai]d S[i]r Jo[hn] Meldrom toward[es] payment of himself officers and reg[imen]t uppon acc[oun]tt,600,-,-
1506,V1506,tr,41v,1642-12-03,48,p[ai]d the lord willoughby for pay of himself as collonell & a whole mo[nths] pay of his troope of 80 harquebusiers begining [?9?] [Novem]bre,461,6,-
1507,V1507,tr,41v,1642-12-03,101,p[ai]d Captaine Lidcot the 29 november upp[on] accompt,100,-,-
1508,V1508,tr,41v,1642-12-03,,p[ai]d w[illia]m Bickerton wagoner attending on the magazine of victuall[es] in full of the hier of 2 cart[es] and 12 horses for 16 dayes at 42s p[er] diem havinge rec[eive]d 4l in part,29,12,
1509,V1509,tr,41v,1642-12-03,123,p[ai]d sergeant major melvine for on mo[nths] pay as sergeant major & Capt[ain] reformado endinge [th]e 28 [Novem]bre,71,8,-
1510,V1510,tr,41v,1642-12-03,139,p[ai]d sergeant major Thomas wood for a mo[nths] pay as above,33,10,-
1511,V1511,tr,41v,1642-12-03,75,p[ai]d S[i]r John Meldrom for pay on mo[nth] uppon accompt as Coll[onel] of a reg[imen]t Coll[onel] of a brigade 119 & for maintenance of his wagons the same time at 11s.4d p[er] diem 16.4.,135,4,-
1512,V1512,tr,41v,1642-12-03,120,p[ai]d Coll[onel] norwich for pay of his self officers and troop uppon accompt,140,-,-
1513,V1513,tr,41v,1642-12-03,15,p[ai]d Capt[ain] Nathaneel Fines for 1/2 a mo[nths] pay for his troop uppon accompt,174,13,-
1514,V1514,tr,41v,1642-12-03,103,p[ai]d C[aptain] John Fines the like,174,13,-
1515,V1515,tr,41v,1642-12-03,69,p[ai]d to the Earle of Peeterborrow the like,174,13,-
1516,V1516,tr,41v,1642-12-03,120,p[ai]d Capt[ain] Marmeduke Cooper toward[es] payment of his troop uppon accompt,150,-,-
1517,V1517,tr,41v,1642-12-03,44,p[ai]d Richard Greenvill for 1/2 a mo[nths] pay for his troope,174,13,-
1518,V1518,tr,41v,1642-12-03,139,p[ai]d Capt[ain] Archeball waddell for his entertainm[en]t as Capt[ain] for on mo[nth] past,21,-,-
1519,V1519,tr,41v,1642-12-03,56,p[ai]d Capt[ain] Edward Clarke for 1/2 a mo[nths] pay for his troop uppon acc[oun]tt,174,13,-
1520,V1520,tr,41v,1642-12-03,,more p[ai]d him for 20 great saddles bitt[es] & furniture,50,-,-
1521,V1521,close table,41v,1642-12-03,,,259990,11,4
1522,V1522,pb,42r,1642-12-03,,42r,,,
1523,V1523,table (single row),42r,1642-12-03,,Sommeth [th]e payment[es] on the other side,259990,11,4
1524,V1524,head,42r,1642-12-05,,December 5 1642,,,
1525,V1525,open table,42r,1642-12-05,11,p[ai]d Captain Thomas Temple for 1/2 a months pay for his troope uppon accompt,174,13,-
1526,V1526,tr,42r,1642-12-05,11,more for 30 sadles & bitt[es] & other furnitur,75,0,0
1527,V1527,tr,42r,1642-12-05,10,p[ai]d C[aptain] Francis Fines for 1/2 a mo[nths] pay for himself officers & 25 sold[ier]s,113,8,0
1528,V1528,tr,42r,1642-12-05,,more for another 1/2 mo[nths] pay uppon acc[oun]tt,113,8,0
1529,V1529,tr,42r,1642-12-05,18,p[ai]d C[aptain] James Sheffeild for a mo[nths] pay for his whole troop uppon accompt,349,6,-
1530,V1530,tr,42r,1642-12-05,41,p[ai]d C[aptain] John Hamond for 1/2 a mo[nths] pay for his [^troop^],174,13,-
1531,V1531,tr,42r,1642-12-05,9,p[ai]d the lord Gray for 1/2 a mo[nths] pay for his [^troop^],174,13,-
1532,V1532,tr,42r,1642-12-05,35,p[ai]d C[aptain] Edward Keightly for 1/2 a mo[nths] pay for his troop uppon acc[oun]tt,174,13,0
1533,V1533,tr,42r,1642-12-05,35,more p[ai]d him for another 1/2 month,174,13,0
1534,V1534,tr,42r,1642-12-05,,more p[ai]d him for 20 great saddles & furniture,50,0,0
1535,V1535,tr,42r,1642-12-05,19,p[ai]d major Burghill for 1/2 a mo[nths] pay for his troope uppon acc[oun]tt,174,13,-
1536,V1536,tr,42r,1642-12-05,45,p[ai]d C[aptain] Thomas Terrill for 1/2 a mo[nths] pay,174,13,0
1537,V1537,tr,42r,1642-12-05,,more for 42 great saddles and furnitur,105,0,0
1538,V1538,tr,42r,1642-12-05,11,p[ai]d sergeant major Gunter for 1/2 a mo[nths] pay,174,13,
1539,V1539,tr,42r,1642-12-05,,more for his pay as sergeant major to the 26 [Novem]bre,16,16,0
1540,V1540,tr,42r,1642-12-05,89,p[ai]d leifft[enant] Sannd[er]s for a mo[nths] pay for the troop latelie belonging to C[aptain] Berry,349,6,-
1541,V1541,tr,42r,1642-12-05,,more for 1/2 a mo[nths] pay for [th]e said troop,174,13,-
1542,V1542,tr,42r,1642-12-05,83,p[ai]d C[aptain] Symon Rudglie for 1/2 a mo[nths] pay for his trop,174,13,0
1543,V1543,tr,42r,1642-12-05,,more for 57 horse mustred in Chelsey feild at 5s a horse,14,5,-
1544,V1544,tr,42r,1642-12-05,175,p[ai]d Edward Edlinge for 50 quarter of oat[es] rec[eived] for the use of the army,31,5,-
1545,V1545,tr,42r,1642-12-05,99,p[ai]d Jo[hn] ward Comissarie g[enera]ll for provision for the horse for a mo[nths] pay for himself and deputies to [th]e 15 [Decem]bre exclusive,36,8,0
1546,V1546,tr,42r,1642-12-05,68,p[ai]d C[aptain] Robert Turner for 1/2 a mo[nths] pay for his troope of dragooners uppon accompt,32,18,0
1547,V1547,tr,42r,1642-12-05,140,Coll[onel] Georg Langham for 1/2 a mo[nths] pay for himself and the officers of his reg[imen]t endinge the 12 present inclusive,249,18,0
1548,V1548,tr,42r,1642-12-05,125,p[ai]d m[aste]r John Symond[es] chaplaine to Coll[onel] Middletons Reg[imen]t for his provision of necessaries,20,-,-
1549,V1549,tr,42r,1642-12-05,17,p[ai]d James Swright Surgeon to S[i]r w[illia]m Balfours Reg[imen]t for his mo[nths] entertainm[en]t & Bidet[es] from the 28 [Octo]bre,16,16,0
1550,V1550,tr,42r,1642-12-05,81,p[ai]d C[aptain] Thomas Bushell Captaine of my lord G[enera]ll[es] owne compa[ny] toward[es] paym[en]t of that compa[ny],50,0,0
1551,V1551,close table,42r,1642-12-05,,excam[ined],263360,15,4
1552,V1552,pb,42v,1642-12-05,,42v,,,
1553,V1553,table (single row),42v,1642-12-05,,Sommeth [th]e payment[es] on the other side,263360,15,4
1554,V1554,head,42v,1642-12-05,,December 5 [1642],,,
1555,V1555,open table,42v,1642-12-05,46,p[ai]d S[i]r w[illia]m Constable toward[es] payment of the officers and sold[ier]s of his Reg[imen]t uppon accompt,600,-,-
1556,V1556,tr,42v,1642-12-05,112,p[ai]d C[aptain] Jonathan Elliott for the pay of the sold[ier]s of his compa[ny] in my lord Robert[es] Regiment as by [th]e warrent,34,4,8
1557,V1557,tr,42v,1642-12-05,[...],p[ai]d m[aste]r John oxenbrige Chaplaine to S[i]r James Ramseis Reg[imen]t for provision of necessaries,20,-,-
1558,V1558,tr,42v,1642-12-05,122,more for his pay and his servant[es] for 2 mo[nths] and 15 dayes to [th]e 1 decemb[e]r,30,15,4
1559,V1559,tr,42v,1642-12-05,140,p[ai]d the Earle of manchester for 6 week[es] pay for the officers of his reg[imen]t uppon accompt,744,9,-
1560,V1560,tr,42v,1642-12-05,176,p[ai]d nicholas Barke & other gunsmiths for ther and ther servant[es] pay for 3 week[es] ending the last november,27,6,-
1561,V1561,tr,42v,1642-12-05,9,p[ai]d m[aste]r John Page Chaplaine to my lord Rochford[es] Reg[imen]t for his and his servant[es] pay to the 3 dec[ember],18,4,-
1562,V1562,tr,42v,1642-12-05,64,p[ai]d Obediah Coysh quarterm[aste]r to Capt[ain] walton troop for 3 week[es] pay for the officers and 39 sold[ier]s upon accompt,206,17,-
1563,V1563,tr,42v,1642-12-05,138,p[ai]d Thomas Read Capt[ain] of a Foot compa[ny] in Coll[onel] Holborns Reg[imen]t for pay of 97 sold[ier]s & 3 corporall[es] belonging to his compa[ny] for 4 days dew to them befor ther muster,13,10,8
1564,V1564,tr,42v,1642-12-05,138,p[ai]d C[aptain] w[illia]m Rainsborowe the like for 83 sold[ier]s,11,13,4
1565,V1565,tr,42v,1642-12-05,80,p[ai]d Lawrence Loe surgeon to my lord G[enera]ll[es] p[er]son for pay and entertainm[en]t of himself & mates for 2 mo[nths] begining from [th]e 23 [Septem]bre last & his bidet[es] according to the warr[ant],68,16,-
1566,V1566,tr,42v,1642-12-05,49,p[ai]d C[aptain] Thomas Pudsey for my lord G[enera]ll[es] pay and entertainm[en]t as G[enera]ll of the Army for 2 whole mo[nths] beginning the 1 [Octo]bre to the 26 [Novem]bre exclusive,560,-,-
1567,V1567,tr,42v,1642-12-05,49,more p[ai]d him for a mo[nths] pay for himself as Captaine of my lo[rd] G[enera]ll[es] guard of holberdiers at 20s p[er] diem 28l as also for pay of his 30 menn for a mo[nths] a 18d p[er] diem a peece 63l in all,91,0,0
1568,V1568,tr,42v,1642-12-05,102,p[ai]d m[aste]r Robert Chambers for 2 mo[nths] pay as secretarye of the Army to the 26 [Novem]bre exclusive at xs p[er] diem,28,0,0
1569,V1569,tr,42v,1642-12-05,130,p[ai]d John Botteler sergeant major to my Lord Peeterborroughs Reg[imen]t for levy monie for 200 menn 100l. for coll[our]s halbert[es] and drums 40l. surgeons chest 15l marshall[es] Irons 7l in all,162,-,-
1570,V1570,close table,42v,1642-12-05,,,265977,11,4
1571,V1571,pb,43r,1642-12-05,,43r,,,
1572,V1572,table (single row),43r,1642-12-05,,Sommeth [th]e payment[es] on the other side,265977,11,4
1573,V1573,head,43r,1642-12-05,,December 5 [1642],,,
1574,V1574,open table,43r,1642-12-05,[?141?],p[ai]d Coll[onel] vane Coll[onel] of a Reg[imen]t of dragoon[er]s for pay of 78 sold[ier]s of his owne compa[ny] for a whole mo[nth] begining the 18 [Novem]bre,163,16,
1575,V1575,tr,43r,1642-12-05,65,p[ai]d S[i]r Edward Dodsworth Comissary g[enera]ll for the musters of horse for a mo[nths] pay for himself and deputies,35,-,-
1576,V1576,tr,43r,1642-12-05,60,p[ai]d Ambrose Tindall late Captaine of a compa[ny] of dragooners in Coll[onel] midletons reg[imen]t for his pay for 37 days to [th]e 4 [Decem]bre,37,-,-
1577,V1577,tr,43r,1642-12-05,142,p[ai]d Coll[onel] Berkley toward[es] pay and entertainment of [th]e officers and sold[ier]s of his Reg[imen]t,300,0,0
1578,V1578,tr,43r,1642-12-05,37,p[ai]d S[i]r Phillip Stapleton for a whole mo[nths] pay for the officers of the g[enera]ll[es] troop of Cuirassiers & for docter Burges & his servant[es] pay,272,2,8
1579,V1579,tr,43r,1642-12-05,,more for 1/2 a mo[nths] pay for the gentlemen of the said troop uppon accompt,560,-,-
1580,V1580,tr,43r,1642-12-05,75,p[ai]d John Meldrom Capt[ain] of a troope of harqueb[usiers] uppon accompt,100,0,0
1581,V1581,tr,43r,1642-12-05,,more for 20 great sadles & furniture,50,0,0
1582,V1582,tr,43r,1642-12-05,132,p[ai]d Anto[ny] Fastaff Comissarie of the draft horses toward[es] defreyinge the charges of the horses uppon accompt,100,0,0
1583,V1583,tr,43r,1642-12-05,,more by another warr[an]tt,200,0,0
1584,V1584,tr,43r,1642-12-05,142,p[ai]d Capt[ain] w[illia]m [?Burly?] late captaine of a companie of Foot in Collonell Hollis Regiment for an arrear of pay of severall officers in the said Reg[imen]t for on weeke ending 22 [Novem]bre,36,15,0
1585,V1585,tr,43r,1642-12-05,136,p[ai]d sergeant major g[enera]ll Skippon for a fortnight[es] pay for the officers and soldiers of his Reg[imen]t uppon acc[oun]tt,965,18,4
1586,V1586,tr,43r,1642-12-05,,more p[ai]d him for soe much advanced for 4 wagons for 8 Captains of his Reg[imen]t,160,-,-
1587,V1587,tr,43r,1642-12-05,128,p[ai]d Quarter m[aste]r G[enera]ll Dalbier for 30 great saddles & furniture,87,10,-
1588,V1588,tr,43r,1642-12-05,73,p[ai]d Collonell John Browne for pay of himself officers and dragoone[er]s of his Reg[imen]t from [th]e 1 [Octo]bre to the 15 [Novem]bre beinge on mo[nths] & 18 dayes,801,1,-
1589,V1589,tr,43r,1642-12-05,43,p[ai]d Collonel Sandys for a mo[nths] pay for himself as Collonel as also toward[es] the payment of his troop of 80 harqueb[usiers] upon acc[oun]t,251,13,0
1590,V1590,tr,43r,1642-12-05,13,p[ai]d Jo[hn] Anthony surgeon to that Reg[imen]t for a mo[nths] entertainm[en]t of himself mates & bidett[es] from [th]e 26 [Novem]bre inclusive,16,16,-
1591,V1591,tr,43r,1642-12-05,125,p[ai]d w[illia]m Bickerton wagon m[aste]r to Coll[onel] midletons Reg[imen]t & Richard Grevill q[uar]ter m[aste]r to the said Reg[imen]t for 14 days pay endinge the 14 [Decem]bre,5,12,-
1592,V1592,close table,43r,1642-12-05,,,270120,15,4
1593,V1593,pb,43v,1642-12-05,,43v,,,
1594,V1594,table (single row),43v,1642-12-05,,Sommeth the payment[es] on the other side,270120,15,4
1595,V1595,head,43v,1642-12-05,,5 December [1642],,,
1596,V1596,table (single row),43v,1642-12-05,143,p[ai]d S[i]r J[oh]n Seton Collonel of a Regim[en]t of dragoon[er]s uppon acc[oun]tt this is on of [th]e 300l p[ai]d S[i]r J[oh]n Seton,100,,
1597,V1597,head,43v,1642-12-06,,6 [Decem]bre [1642],,,
1598,V1598,open table,43v,1642-12-06,12,p[ai]d Richard Brown Collonel of a Regiment of dragooners uppon acc[oun]tt,300,-,-
1599,V1599,close table,43v,1642-12-06,143,p[ai]d Robert longe Captaine of a foat compa[ny] late in my lord whartons Reg[imen]t for 1 mo[nths] pay for himself & sergeant ended the 2 [Decem]bre,23,2,-
1600,V1600,head,43v,1642-12-08,,8 [December 1642],,,
1601,V1601,open table,43v,1642-12-08,51,p[ai]d Captaine walter long for 1/2 mo[nths] pay for his troop,174,13,-
1602,V1602,close table,43v,1642-12-08,33,p[ai]d S[i]r w[illia]m Balfour for remainder due to him of the last mo[nths] pay 175.12. as also for a whole months pay for his troop of Cuirassi[er]s uppon acc[oun]tt 565.12.,741,4,-
1603,V1603,head,43v,1642-12-09,,9 [December 1642],,,
1604,V1604,open table,43v,1642-12-09,136,p[ai]d sergeant major Skippon for provision of 20 scarff[es] for the compleating of his troope,10,-,-
1605,V1605,tr,43v,1642-12-09,122,p[ai]d Captaine Samuel Bosa Capt[ain] reformado of a troop of horse for the pay of himself leifft[enant] and Cornet for 38 days ending 5 present,133,19,-
1606,V1606,tr,43v,1642-12-09,63,p[ai]d Capt[ain] Thomas Hamond for 1/2 a mo[nths] pay for his troop uppon accompt,174,13,-
1607,V1607,tr,43v,1642-12-09,20,p[ai]d w[illia]m Davis leifft[enant] Coll[onel] of the g[enera]lls owne Regiment for pay of leifft[enant] Collonel uppon acc[oun]tt,200,0,0
1608,V1608,tr,43v,1642-12-09,34,p[ai]d Capt[ain] Anto[ny] Mildmay for buying 45 great sadeles and furniture,112,10,-
1609,V1609,tr,43v,1642-12-09,17,p[ai]d m[aste]r william morton Chaplaine to S[i]r w[illia]m Balfour for provision of necessaries,20,-,-
1610,V1610,close table,43v,1642-12-09,17,more for pay of himself and servant for 2 whole monthes & 25 days,30,15,-
1611,V1611,head,43v,1642-12-10,,10 [December 1642],,,
1612,V1612,open table,43v,1642-12-10,17,p[ai]d sergeant major Pretty for 1/2 a mo[nths] pay for his troop 174.13 more for his gunsmith 1.15,176,8,-
1613,V1613,tr,43v,1642-12-10,,more for 4 saddles & furniture,10,-,-
1614,V1614,tr,43v,1642-12-10,,more for 1/2 a mo[nths] pay as sergent major,8,8,0
1615,V1615,tr,43v,1642-12-10,135,p[ai]d Capt[ain] Mathew Scalticke for a mo[nths] pay for 81 sold[ier]s in my lord G[enera]ll[es] reg[imen]t to begin 3 pres[en]t,75,12,-
1616,V1616,tr,43v,1642-12-10,130,p[ai]d Capt[ain] John Smith as above for 90 sold[ier]s,84,-,-
1617,V1617,tr,43v,1642-12-10,144,p[ai]d Capt[ain] Henry Gauler as above for 83,77,9,4
1618,V1618,tr,43v,1642-12-10,14,p[ai]d the lord Brooke toward[es] payment of the officers and sold[ier]s of his reg[imen]t uppon acc[oun]tt,234,16,-
1619,V1619,tr,43v,1642-12-10,,more for 1/2 a mo[nths] pay for his troope,174,13,-
1620,V1620,tr,43v,1642-12-10,33,p[ai]d major w[illia]m Balfour for 1/2 a mo[nths] pay for his troope,174,13,0
1621,V1621,tr,43v,1642-12-10,29,p[ai]d Capt[ain] John Bird for 7 days pay for his troop,87,6,6
1622,V1622,close table,43v,1642-12-10,,,273244,17,2
1623,V1623,pb,44r,1642-12-10,,44r,,,
1624,V1624,table (single row),44r,1642-12-10,,Sommeth [th]e paym[entes] on the other side,273244,17,2
1625,V1625,head,44r,1642-12-10,,10 December [1642],,,
1626,V1626,open table,44r,1642-12-10,76,p[ai]d S[i]r w[illia]m Constable toward[es] paym[en]t of his Regiment on foot uppon acc[oun]tt,400,-,-
1627,V1627,tr,44r,1642-12-10,176,p[ai]d Capt[ain] David Traile Capt[ain] w[illia]m Abernethy C[aptain] Robert Rutherford Ensigne w[illia]m blare Ensigne Georg Borthick & Ensigne David midleton latelie entertaind as reformados in this exp[edition] for a whol mo[nths] pay uppon acc[oun]tt,75,12,-
1628,V1628,tr,44r,1642-12-10,116,p[ai]d Capt[ain] Edward Frodsham Capt[ain] of pion[eer]s toward[es] payment of his compa[ny] uppon acc[oun]tt,30,-,-
1629,V1629,tr,44r,1642-12-10,116,p[ai]d Captaine Henry Roe as above,30,0,0
1630,V1630,tr,44r,1642-12-10,164,p[ai]d Capt[ain] John Hewson for a mo[nths] pay of 74 sold[ier]s in my lord G[enera]ll[es] Reg[imen]t,69,0,0
1631,V1631,tr,44r,1642-12-10,111,p[ai]d the Lord Rochford toward[es] the pay of his Regiment uppon acc[oun]tt,400,0,0
1632,V1632,tr,44r,1642-12-10,37,p[ai]d S[i]r Phillip Stapleton for 1/2 a mo[nths] pay for the gentlemen of my lord G[enera]ll[es] troop,560,0,0
1633,V1633,tr,44r,1642-12-10,w[illia]m Sedg[wick],p[ai]d m[aste]r obediah sedgwicke for pay to himself and his servant,13,1,4
1634,V1634,tr,44r,1642-12-10,15,p[ai]d Richard Thurston surgeon to Collonel Goodwins Reg[imen]t of horse for his pay & advance to end the 24 day of december,25,4,-
1635,V1635,tr,44r,1642-12-10,144,p[ai]d Capt[ain] Richard Tyrrell for 1/2 a mo[nths] pay for himself officers & 40 men uppon acc[oun]t,139,13,-
1636,V1636,tr,44r,1642-12-10,13,p[ai]d Capt[ain] Dowett for 20 great saddles & furniture,50,-,-
1637,V1637,tr,44r,1642-12-10,145,p[ai]d Capt[ain] Georg Blunt Capt[ain] of a Foot compa[ny] in my lord of Peeterborroughs Reg[imen]t for a mo[nths] pay to begine the 21 novemb[er],92,8,-
1638,V1638,tr,44r,1642-12-10,30,p[ai]d Collonel Ballard toward[es] paym[en]t of his Reg[imen]t uppon accompt,400,-,-
1639,V1639,tr,44r,1642-12-10,100,p[ai]d docter Richard Gardiner on of the Phisitions belonging to the Army for 4 mo[nths] & 11 dayes pay at 6 8 p[er] diem to the last [Novem]bre,41,0,0
1640,V1640,tr,44r,1642-12-10,49,p[ai]d the lord Robert[es] for severall payment[es] belonging to his Reg[imen]t of Foot as by [th]e war[rant] app[ear]s,121,6,-
1641,V1641,tr,44r,1642-12-10,145,p[ai]d Allexand[e]r urrey Capt[ain] of a Foot compa[ny] in the said Reg[imen]t for severall payment[es] as by [th]e warr[ant],63,14,-
1642,V1642,tr,44r,1642-12-10,146,p[ai]d w[illia]m Hunter Capt[ain] of a compa[ny] in the said Regi[men]t as above,49,10,-
1643,V1643,tr,44r,1642-12-10,146,p[ai]d Capt[ain] Andrew Smith as above,25,4,-
1644,V1644,tr,44r,1642-12-10,76,p[ai]d Capt[ain] John walker as above,61,14,-
1645,V1645,tr,44r,1642-12-10,111,p[ai]d Capt[ain] John mill as above,55,18,-
1646,V1646,tr,44r,1642-12-10,147,p[ai]d Cap[tain] Henry wansey the like,20,10,8
1647,V1647,tr,44r,1642-12-10,79,p[ai]d C[aptain] marke Grimes the like,86,15,4
1648,V1648,tr,44r,1642-12-10,6,p[ai]d w[illia]m Rawlins quarter m[aste]r & Humphrey Tremouth provost marshall of the said Regi[men]t,28,0,0
1649,V1649,close table,44r,1642-12-10,,,276083,7,6
1650,V1650,pb,44v,1642-12-10,,44v,,,
1651,V1651,table (single row),44v,1642-12-10,,Sommeth the payment[es] on the other side,276083,7,6
1652,V1652,head,44v,1642-12-10,,10 December [1642],,,
1653,V1653,open table,44v,1642-12-10,69,p[ai]d James wardlaw Collonel of a Regi[men]t of dragoon[er]s in discharg of the said Regi[men]t to [th]e 10 pres[en]t as by the warr[an]t,923,6,-
1654,V1654,tr,44v,1642-12-10,47,p[ai]d Capt[ain] Fra[ncis] Tomson toward[es] pay of his troop uppon acc[oun]tt,151,-,-
1655,V1655,tr,44v,1642-12-10,33,p[ai]d Collonel Henry Cholmly for pay of 8 compa[nies] of sold[ier]s in his Regi[men]t being 552 men for 14 days from [th]e 23 [Novem]bre,,,
1656,V1656,close table,44v,1642-12-10,105,p[ai]d sergeant major Bamfeild toward[es] pay of my lord G[enera]ll[es] Regi[men]t uppon acc[oun]tt,500,0,0
1657,V1657,head,44v,1642-12-12,,12 [December 1642],,,
1658,V1658,open table,44v,1642-12-12,40,p[ai]d S[i]r John Merricke for a whole mo[nths] pay as coll[onel] of a Regi[men]t & other paym[entes] as by [th]e war[rant],74,4,-
1659,V1659,tr,44v,1642-12-12,136,p[ai]d Major g[enera]ll Skippon w[hi]ch he lent to S[i]r John Seaton toward[es] paym[en]t of his reg[imen]t of dragoon[er]s w[hi]ch is to be charged to S[i]r Jo[hn] seton[es] acc[oun]tt this is [th]e second 100l p[ai]d him,100,-,-
1660,V1660,close table,44v,1642-12-12,8,p[ai]d S[i]r w[illia]m waller Collonel of a reg[imen]t of horse toward[es] payment of the said Regi[men]t & other troops and divers compa[nies] of Dragoone[er]s under his command uppon acc[oun]t,500,0,0
1661,V1661,head,44v,1642-12-17,,No 9 17 [December 1642],,,
1662,V1662,open table,44v,1642-12-17,127,p[ai]d S[i]r Edward Peito toward[es] making the fortification in & about windsor,200,-,-
1663,V1663,tr,44v,1642-12-17,25,p[ai]d Captain  [^langresh^] for 1/2 a mo[nths] pay for his troop uppon acc[oun]tt,174,13,-
1664,V1664,close table,44v,1642-12-17,147,"p[ai]d Leifftenn[an]t Collonel Aldrich, major of S[i]r John meldrom Brigad for 6 week[es] pay as major beginning the last [Octo]bre at xs p[er] diem",21,-,-
1665,V1665,head,44v,1642-12-18,,18 [December 1642],,,
1666,V1666,open table,44v,1642-12-18,130,p[ai]d Sergeant major Botteler captaine of a foot compa[ny] in my lord Peeterborrough[es] reg[imen]t for on mo[nths] pay of 100 soldiers from the 13 [Decem]bre,93,6,8
1667,V1667,close table,44v,1642-12-18,148,p[ai]d Capt[ain] Alban Cox for pay of the officers & 50 troop[er]s for a mo[nths] as by the warr[an]t,223,6,-
1668,V1668,head,44v,1642-12-19,,19 [December 1642],,,
1669,V1669,open table,44v,1642-12-19,47,p[ai]d Capt[ain] Oliver Cromwell for 1/2 a mo[nths] pay for his troop of 80 harque[busiers] begining 10 pres[en]t,204,13,-
1670,V1670,tr,44v,1642-12-19,76,p[ai]d Capt[ain] Jo[hn] walker for 14 [^daies^] pay for himself & officers of a foot compa[ny] from the 22 [Novem]bre In my lord Robert[es] Regi[men]t,20,6,0
1671,V1671,tr,44v,1642-12-19,148,p[ai]d Capt[ain] Richard Hodgson for paym[en]t of 75 pioneers of his compa[ny] & officers from [th]e 15 [Novem]bre to [th]e 7 december inclus[ive],70,10,-
1672,V1672,close table,44v,1642-12-19,,,279338,12,2
1673,V1673,pb,45r,1642-12-19,,45r,,,
1674,V1674,table (single row),45r,1642-12-19,,Sommeth the payment[es] on the other side,279338,12,2
1675,V1675,head,45r,1642-12-19,,19 December 1642,,,
1676,V1676,open table,45r,1642-12-19,27,p[ai]d Capt[ain] John Hale for 1/2 a mo[nths] pay for his troop uppon acc[oun]tt,174,13,0
1677,V1677,tr,45r,1642-12-19,132,p[ai]d Anto[ny] Fastaff Comissarie of the train of draft horses uppon acc[oun]tt,300,-,-
1678,V1678,tr,45r,1642-12-19,149,p[ai]d w[illia]m Cheese Capt[ain] of a compa[ny] of pioners for pay of his officers and compa[ny] as by [th]e warr[an]tt,44,12,0
1679,V1679,tr,45r,1642-12-19,140,p[ai]d Coll[onel] Langham for 14 dayes pay of 688 sold[ier]s of his Regi[men]t beginning [th]e 22 of november,321,1,4
1680,V1680,tr,45r,1642-12-19,75,p[ai]d S[i]r John Meldrom for severall pays of his regim[en]t as by the warr[an]t,189,17,4
1681,V1681,tr,45r,1642-12-19,,more for an arrer to make up his last mo[nths] pay for his reg[imen]t,70,2,-
1682,V1682,tr,45r,1642-12-19,64,p[ai]d Hugh ward surgeon to my lord of Bedford[es] Regi[men]t for pay of himself mates & Bidet[es] for a mo[nth] beginning the 18 [Novem]bre & for 14 dayes advance to end the 29 pres[en]t,25,4,-
1683,V1683,tr,45r,1642-12-19,149,p[ai]d L[ieutenant] Coll[onel] James afflock for his pay as L[ieutenant] Coll[onel] reformado for 6 week[es] begining 1 [Novem]bre,63,-,-
1684,V1684,tr,45r,1642-12-19,150,p[ai]d Benjamin wigfall Captaine of a foot compa[ny] in Coll[onel] Holborns Regi[men]t for pay of his compa[ny] & officers as by [th]e warr[an]t,72,16,-
1685,V1685,tr,45r,1642-12-19,43,p[ai]d Capt[ain] Fra[ncis] Tomson for 1/2 mo[nths] pay for his troop uppon acc[oun]tt,174,13,-
1686,V1686,tr,45r,1642-12-19,164,p[ai]d Capt[ain] John Hewson for 1 mo[nths] pay of the officers of his compa[ny] begining the 6 decemb[e]r,42,-,-
1687,V1687,tr,45r,1642-12-19,45,p[ai]d Capt[ain] Thomas Tirrell toward[es] paym[en]t of his troop uppon acc[oun]tt,50,0,0
1688,V1688,tr,45r,1642-12-19,30,p[ai]d Collonel Ballard for pay of his officers & sold[ie]rs of his Regi[men]t as by the warr[an]t for 1/2 a month pay,498,12,8
1689,V1689,tr,45r,1642-12-19,26,p[ai]d Capt[ain] Georg Austin toward[es] paym[en]t of his troop uppon acc[oun]tt,100,-,-
1690,V1690,tr,45r,1642-12-19,10,p[ai]d Capt[ain] Francis Fines for 1/2 a mo[nths] pay for his troope,113,8,-
1691,V1691,tr,45r,1642-12-19,50,p[ai]d Collonel Billinsly for his pay as L[ieutenant] Collonel and assistant to the S[ergeant] major g[enera]ll ending the 16 present at 30s p[er] diem,84,0,0
1692,V1692,tr,45r,1642-12-19,102,p[ai]d Docter Dorisla for a mo[nths] pay as advocate of the Army from [th]e 11 [Novem]bre to [th]e 8 present,28,-,-
1693,V1693,tr,45r,1642-12-19,92,p[ai]d S[i]r Samuel luke for 1/2 a mo[nths] pay for his troop uppon acc[oun]tt,174,13,-
1694,V1694,tr,45r,1642-12-19,150,p[ai]d C[aptain] Benjamin wigfall for a fortnight pay for 69 sold[ier]s of his compa[ny] from [th]e 6 pre[sen]t,32,4,-
1695,V1695,close table,45r,1642-12-19,,,281897,8,6
1696,V1696,pb,45v,1642-12-19,,45v,,,
1697,V1697,table (single row),45v,1642-12-19,,Sommeth [th]e paym[entes] on the other side,281897,18,6
1698,V1698,head,45v,1642-12-19,,19 December [1642],,,
1699,V1699,open table,45v,1642-12-19,130,p[ai]d Capt[ain] Jo[hn] smith for 18 days pay for 2 sergeant[es] 2 drums & 3 corporall[es] of his compa[ny] from [th]e 3 [Decem]bre to the 21,7,4,-
1700,V1700,tr,45v,1642-12-19,125,p[ai]d Phillip Cotton provost marshall to Coll[onel] midletons Regi[men]t of dragoon[er]s for a mo[nths] pay beg[inning] 11 [Novem]bre,7,-,-
1701,V1701,tr,45v,1642-12-19,125,p[ai]d Richard Grevill quarter m[aste]r as above,3,10,-
1702,V1702,tr,45v,1642-12-19,151,p[ai]d Capt[ain] Jo[hn] withers for a mo[nths] pay for 97 sold[ier]s in Coll[onel] Holbornes Regi[men]t begining [th]e 2 [Decem]bre,90,10,8
1703,V1703,close table,45v,1642-12-19,151,p[ai]d C[aptain] Richard [^Henry^] withers for 14 days paye for himself officers & 23 sold[ier]s in the said Regi[men]t beg[inning] 24 november,31,14,8
1704,V1704,head,45v,1642-12-20,,20 [December 1642],,,
1705,V1705,open table,45v,1642-12-20,33,p[ai]d Coll[onel] Cholmly for pay of 552 soldiers of his Regi[men]t for 14 days beginning [th]e 23 [Novem]bre,515,4,-
1706,V1706,tr,45v,1642-12-20,119,p[ai]d Edward Pilkinton for divers working tooles belonging to gunsmiths w[hi]ch wear lost in the service and by him repared,3,19,-
1707,V1707,tr,45v,1642-12-20,114,p[ai]d Anthony Allen scoutmaster g[enera]ll for 21 days pay for himself & 20 men from the 1 december to the 22 excl[usive] at 6s p[er] diem,126,-,-
1708,V1708,close table,45v,1642-12-20,101,p[ai]d Capt[ain] Thomas Lidcot for his troop uppon Acc[oun]tt,100,-,-
1709,V1709,head,45v,1642-12-21,,21 [December 1642],,,
1710,V1710,open table,45v,1642-12-21,127,p[ai]d S[i]r Edward Peyto for 1/2 a mo[nths] pay for the officers of the traine of Artigliry beg[inning] 25 [Novem]bre,724,15,8
1711,V1711,tr,45v,1642-12-21,98,p[ai]d Captaine mathew draper for 1/2 a mo[nths] pay for the officers & sold[ier]s of my lord[es] troop of harque[busiers] the lieff[enant] excepted,162,1,-
1712,V1712,tr,45v,1642-12-21,20,p[ai]d Alexander hughs surgeon to major g[enera]ll skippon for soe much advanct for his chest,15,0,0
1713,V1713,tr,45v,1642-12-21,144,p[ai]d Capt[ain] Henry Gauler for pay of 2 serg[ean]t[es] 2 drum[mer]s & 3 corporall[es] for 18 days beg[inning] 3 [Decem]bre,7,4,-
1714,V1714,tr,45v,1642-12-21,120,p[ai]d Capt[ain] Marmeduke Cooper for 1/2 a mo[nths] pay for his troop uppon acc[oun]tt,174,13,-
1715,V1715,tr,45v,1642-12-21,176,p[ai]d michael Barke Pilkenton and the rest of the gunsmith for 3 week[es] pay ending [th]e 21 [Decem]bre,27,6,-
1716,V1716,tr,45v,1642-12-21,5,p[ai]d Thomas Jenck[es] provost marshall to [th]e late reg[imen]t of Collonel Hollis for 1 mo[nths] pay ending [th]e 26 [Novem]bre at 5s p[er] diem,7,-,-
1717,V1717,tr,45v,1642-12-21,,more as provost marshal to C[ollone]ll Skippons Regi[men]t for Irons & 1/2 a wagon,27,-,-
1718,V1718,close table,45v,1642-12-21,,,283927,10,6
1719,V1719,pb,46r,1642-12-21,,46r,,,
1720,V1720,table (single row),46r,1642-12-21,,Summeth [th]e paym[entes] on the other side,283927,10,6
1721,V1721,head,46r,1642-12-21,,December 21 [1642],,,
1722,V1722,open table,46r,1642-12-21,135,p[ai]d Capt[ain] mathew Scaltike for 28 dayes pay for 2 sergeant[es] 2 drum[mer]s & 3 corporalle[es] from [th]e 3 present,7,4,0
1723,V1723,tr,46r,1642-12-21,11,p[ai]d Sergeant major gunter for 1/2 a mo[nths] pay for his troop uppon acc[oun]t,174,13,-
1724,V1724,tr,46r,1642-12-21,,p[ai]d w[illia]m Hallford for soe much by him disbursed for cariage of severall sort[es] of Ammunition from Kinton feild to warwicke & other places for the use of the Army,15,2,6
1725,V1725,tr,46r,1642-12-21,17,p[ai]d Sergeant major Pretty toward[es] paym[en]t of that troop wherof latlie Capt[ain] Fleming was Captaine uppon acc[oun]t,100,0,0
1726,V1726,tr,46r,1642-12-21,,more for 20 great sadles & furniture for that troop,50,0,0
1727,V1727,close table,46r,1642-12-21,68,p[ai]d Capt[ain] Turner for a mo[nths] pay for [th]e officers & 25 soldiers of his compa[ny] in [th]e g[enera]ll[es] reg[imen]t beginine [th]e 26 [Novem]bre,65,6,8
1728,V1728,head,46r,1642-12-22,,22 [December 1642],,,
1729,V1729,open table,46r,1642-12-22,17,p[ai]d S[e]rgeant major Prettye for 1/2 a mo[nths] pay for his troop & gunsmith,176,8,0
1730,V1730,tr,46r,1642-12-22,16,p[ai]d C[aptain] Arthur Evelin for 1/2 a mo[nths] pay for his troope,174,13,0
1731,V1731,tr,46r,1642-12-22,21,p[ai]d C[aptain] Anselme for a mo[nths] pay for my lord of Bedford[es] troop of Cuirassiers,321,16,0
1732,V1732,tr,46r,1642-12-22,103,p[ai]d C[aptain] John Fines for 1/2 a mo[nths] pay for his troop,174,13,-
1733,V1733,tr,46r,1642-12-22,15,p[ai]d C[aptain] Nat[haniel] Fines the like,174,13,-
1734,V1734,tr,46r,1642-12-22,9,p[ai]d my lord Grey the like,174,13,-
1735,V1735,tr,46r,1642-12-22,14,p[ai]d my lord Brook[es] the like,174,13,-
1736,V1736,tr,46r,1642-12-22,18,p[ai]d Capt[ain] Edward Aiscough the like,174,13,-
1737,V1737,tr,46r,1642-12-22,15,p[ai]d Collonel Goodwine the like,174,13,-
1738,V1738,tr,46r,1642-12-22,44,p[ai]d Capt[ain] Ireton the like,174,13,-
1739,V1739,tr,46r,1642-12-22,25,p[ai]d Capt[ain] Scroop toward[es] paym[en]t of his troop,100,-,-
1740,V1740,tr,46r,1642-12-22,128,p[ai]d Quarter m[aste]r G[enera]ll Dulbier for a mo[nths] pay for his troope,349,6,-
1741,V1741,tr,46r,1642-12-22,52,p[ai]d Capt[ain] Chichester for a mo[nths] pay for his troop,349,6,-
1742,V1742,tr,46r,1642-12-22,152,p[ai]d major John Meldrom Major to S[i]r w[illia]m Balfours reg[imen]t of horse for his pay & 25 menn of his troop to [th]e 8 present,121,16,0
1743,V1743,tr,46r,1642-12-22,152,p[ai]d Capt[ain] Hugh [?Fains?] capt[ain] of a Foot compa[ny] in Coll[onel] Holborns Regi[men]t for 1/2 a mo[nths] pay for 102 sold[ier]s begining [th]e 16 dec[ember],47,12,-
1744,V1744,tr,46r,1642-12-22,119,p[ai]d sergeant major Alexander Urrey for severall pays to his sold[ier]s as by the war[rant],12,18,-
1745,V1745,close table,46r,1642-12-22,,,287216,2,8
1746,V1746,pb,46v,1642-12-22,,46v,,,
1747,V1747,table (single row),46v,1642-12-22,,Sommeth the paym[entes] on the other side,287216,2,8
1748,V1748,head,46v,1642-12-22,,22 December [1642],,,
1749,V1749,open table,46v,1642-12-22,15,p[ai]d m[aste]r Edward Perkins Chaplaine to Coll[onel] Goodwins Regi[men]t for his & his mans pay for 2 mo[nths],24,5,4
1750,V1750,tr,46v,1642-12-22,4 fo. 95 182,p[ai]d Collonel John urrey for 1/2 a mo[nths] pay for his troop of 70 harquebusiers,192,3,-
1751,V1751,tr,46v,1642-12-06,7,p[ai]d the lord wharton [th]e 23 november & 6 december for 1/2 a mo[nths] pay for his troope,209,13,-
1752,V1752,close table,46v,1642-12-06,15,p[ai]d Collonel Goodwine the dayes above for a fortnight[es] pay for his troope,174,13,-
1753,V1753,head,46v,1642-12-26,,26 [December 1642],,,
1754,V1754,open table,46v,1642-12-26,153,p[ai]d Capt[ain] Georg Rouse for 14 dayes pay for 100 sold[ier]s in my of Peterboroughs Regi[men]t begining [th]e 16 present,46,13,4
1755,V1755,tr,46v,1642-12-26,127,p[ai]d S[i]r Edward Peyten for 92 sold[ier]s in [th]e same Regi[men]t beg[inning] 17 d[i]tto,42,18,8
1756,V1756,tr,46v,1642-12-26,25,p[ai]d Capt[ain] Langreish for 1/2 a mo[nths] pay for his trop upon acc[oun]tt,174,13,-
1757,V1757,tr,46v,1642-12-26,51,p[ai]d Capt[ain] walter long the like,174,13,-
1758,V1758,tr,46v,1642-12-26,83,p[ai]d Capt[ain] Rudglie [th]e like,174,13,-
1759,V1759,tr,46v,1642-12-26,44,p[ai]d Capt[ain] Richard Greenvile [th]e like,174,13,-
1760,V1760,tr,46v,1642-12-26,114,p[ai]d Capt[ain] Thomas sand[er]s the like,174,13,-
1761,V1761,tr,46v,1642-12-26,125 84,p[ai]d John midleton for two whole mo[nths] pay as Collonel & 7 dayes from [th]e 24 [Octo]bre to [th]e 26 [Decem]bre exclusive at 30s p[er] diem,94,10,-
1762,V1762,tr,46v,1642-12-26,,more for 1/2 a mo[nths] pay for [th]e officers and 67 troopers,186,18,-
1763,V1763,tr,46v,1642-12-26,142 1382,p[ai]d Collonel Barkley in full of his war[rant] three hundreth pownd[es] therof being p[ai]d [th]e 5 present,1082,14,2
1764,V1764,tr,46v,1642-12-26,13,p[ai]d Collonel Hambden toward[es] pay of his Regiment uppon accompt,1000,-,-
1765,V1765,tr,46v,1642-12-26,69,p[ai]d the Earle of Peeterborrough for 30 dayes pay as marshall g[e]n[era]ll of the feild beg[inning] 18 [Novem]bre at 6l p[er] diem,180,-,-
1766,V1766,tr,46v,1642-12-26,78,p[ai]d Comissarie Bond for his & his offic[er]s pay & severall disboursm[entes] as by [th]e warr[ant],102,12,-
1767,V1767,tr,46v,1642-12-26,153,p[ai]d Capt[ain] John Inwood for pay of himself officers & 45 drago[ons] in Coll[onel] Fanes Regi[men]t beg[inning] 18 [Novem]bre inclusive,160,6,0
1768,V1768,close table,46v,1642-12-26,,,291586,14,2
1769,V1769,pb,47r,1642-12-26,,47r,,,
1770,V1770,table (single row),47r,1642-12-26,,Sommeth the paym[entes] on the other side,291586,14,2
1771,V1771,head,47r,1642-12-26,,26 December [1642],,,
1772,V1772,open table,47r,1642-12-26,66,p[ai]d Capt[ain] Anthony Sanderson in my g[enera]ll[es] Regi[men]t for pay of his compa[ny] as by [th]e warr[an]t,84,4,8
1773,V1773,tr,47r,1642-12-26,31,p[ai]d James Senior Provost marshall g[e]n[era]ll for pay of himself and his men to [th]e 24 [Decem]bre as by [th]e warr[ant],139,13,-
1774,V1774,tr,47r,1642-12-26,148,p[ai]d Capt[ain] Albon Cox for pay of his officers and troop as by [th]e warr[ant],169,8,-
1775,V1775,tr,47r,1642-12-26,7,p[ai]d the lord wharton for 1/2 a mo[nths] pay for 80 harquebusiers uppon acc[oun]tt,209,13,0
1776,V1776,tr,47r,1642-12-26,154,p[ai]d Collonell Bulstrood toward[es] pay of his regiment uppon acc[oun]tt,300,-,-
1777,V1777,tr,47r,1642-12-26,36,p[ai]d Capt[ain] Robert Pye toward[es] payment of his troope uppon accompt,70,0,0
1778,V1778,tr,47r,1642-12-26,30,p[ai]d Collonel Ballard for his owne pay as collonell & major of a brigade for on mo[nth] beg[inning] 11 [Novem]bre,70,-,-
1779,V1779,tr,47r,1642-12-26,37,p[ai]d Capt[ain] John Neal for a fornight pay for his troop uppon acc[oun]t,174,13,-
1780,V1780,tr,47r,1642-12-26,63,p[ai]d Capt[ain] Thomas Hamond for severall payes for his officers and troop as by [th]e warr[an]tt,137,3,-
1781,V1781,tr,47r,1642-12-26,46,p[ai]d S[i]r w[illia]m Constable toward[es] paym[en]t of the officers & soldiers of his Regiment,500,-,-
1782,V1782,tr,47r,1642-12-26,33,p[ai]d S[i]r Henry Cholmly for [th]e full pay of the officers & sold[ier]s of his Regi[men]t ending the 27 day decemb[e]r as alsoe for a mo[nths] pay ending [th]e 24 december,608,1,-
1783,V1783,tr,47r,1642-12-26,145,p[ai]d Capt[ain] Blunt for pay of 99 sold[ier]s in [th]e my L[ord] Peeterborroughs Regi[men]t for 14 dayes beg[inning] 19 dec[ember] inclusive,46,4,-
1784,V1784,tr,47r,1642-12-26,81,p[ai]d C[aptain] Bushell for an arreer of pay of 40 soldiers of [th]e g[eneralles] compa[ny] w[hi]ch wear formerly in other compa[nies],16,0,0
1785,V1785,tr,47r,1642-12-26,81,more toward[es] the pay of the said compa[ny] upon acc[oun]t,100,0,0
1786,V1786,tr,47r,1642-12-26,44,p[ai]d Capt[ain] Henry Ireton for 14 days pay of his troop uppon acc[oun]t,174,13,-
1787,V1787,tr,47r,1642-12-26,69,p[ai]d the Earle of Peeterborrough for a mo[nths] pay of 100 sold[ier]s of his owne compa[ny] beg[inning] 13 [Decem]b[er],93,6,8
1788,V1788,tr,47r,1642-12-26,21,l[ieutenant] Coll[onel] Fairfax capt[ain] of a compa[ny] in the s[ai]d Regi[men]t for 14 days for 91 sold[ier]s fro[m] [th]e 16 [Decem]bre,42,9,4
1789,V1789,tr,47r,1642-12-26,11,p[ai]d sergeant major Gunter to buy 2 great sadles & furniture,5,-,
1790,V1790,close table,47r,1642-12-26,,,294527,2,10
1791,V1791,pb,47v,1642-12-26,,47v,,,
1792,V1792,table (single row),47v,1642-12-26,,Sommeth the paym[entes] on the other side,294527,2,10
1793,V1793,head,47v,1642-12-27,,27 decemb[e]r 1642,,,
1794,V1794,open table,47v,1642-12-27,127,p[ai]d S[i]r Edward peto for 14 days pay of 74 fierlock[es] of his compa[ny] beg[inning] 21 dec[ember],34,6,8
1795,V1795,tr,47v,1642-12-27,,more for pay of himself & officers as by the warr[an]tt,44,2,
1796,V1796,tr,47v,1642-12-27,154,p[ai]d Ca[ptain] Georg Dundass capt[ain] of a compa[ny] of dragon[er]s late in Coll[onel] wardlaws reg[imen]t uppon acc[oun]tt,50,-,
1797,V1797,tr,47v,1642-12-27,60,p[ai]d Capt[ain] Ambrose Tindall for 18 days pay for himself as capt[ain] of a compa[ny] of dragoon[er]s from [th]e 5 to [th]e 23 present,18,-,
1798,V1798,tr,47v,1642-12-27,12,p[ai]d Coll[onel] Richard Browne toward[es] pay of his Regiment of dragoon[er]s uppon acc[oun]tt,1000,-,
1799,V1799,tr,47v,1642-12-27,136,p[ai]d sergeant major g[e]n[era]ll skipton for 14 dayes pay of all the officers of his Regi[men]t & 946 sold[ier]s from [th]e 4 to the 17 pres[en]t,730,9,8
1800,V1800,tr,47v,1642-12-27,136,more for a mo[nths] pay as segeant major g[enera]ll from [th]e 15 [Decem]bre at xls p[er] diem,56,-,-
1801,V1801,tr,47v,1642-12-27,116,p[ai]d Capt[ain] Henry Row capt[ain] of Pioneers for arrers dew unto him uppon acc[oun]tt for paym[en]t of his menn & other charges w[hi]ch ended 19 pres[en]t & also for 7 days pay for 63 pion[eer]s ending 26 [Decem]bre,84,6,6
1802,V1802,tr,47v,1642-12-27,116,p[ai]d Capt[ain] Edward Frodsham toward[es] payment of his pioneers uppon acc[oun]tt,50,-,-
1803,V1803,tr,47v,1642-12-27,26,p[ai]d Capt[ain] Georg Austin for 2 mo[nths] pay for himself as captaine of a troop of horse ending [th]e 22 present,109,4,-
1804,V1804,tr,47v,1642-12-27,33,p[ai]d S[i]r w[illia]m Balfour for 3 week[es] pay for his troop of 80 cuirassiers uppon acc[oun]tt,424,4,-
1805,V1805,tr,47v,1642-12-27,111,p[ai]d the Lord Rochford toward[es] the pay of his Regiment uppon acc[oun]tt,300,0,0
1806,V1806,tr,47v,1642-12-27,122,p[ai]d S[i]r James Ramsey for his owne pay for 3 monthes & pay of himself & pay for his troop,899,5,-
1807,V1807,tr,47v,1642-12-27,155,p[ai]d Capt[ain] Bestney Mason toward[es] pay of his compa[ny] of dragoon[er]s in S[i]r Jo[hn] seton reg[imen]t,100,0,0
1808,V1808,close table,47v,1642-12-27,155,p[ai]d Captaine Richard Fincher another Capt[ain] dragooner toward[es] pay of his compa[ny] of the same Regiment,50,-,-
1809,V1809,head,47v,1642-12-27,,No 10,298477,0,8
1810,V1810,pb,48r,1642-12-27,,48r,,,
1811,V1811,table (single row),48r,1642-12-27,,Sommeth the paym[entes] on the other side,298477,0,8
1812,V1812,head,48r,1642-12-29,,29 [December 1642],,,
1813,V1813,table (single row),48r,1642-12-29,49 28 [Decem]bre,p[ai]d the lord G[e]n[era]ll w[hi]ch he lent for S[i]r John Setons Regiment w[hi]ch is put to his accompt this is the third 100l p[ai]d him uppon [th]e war[ran]t,100,-,-
1814,V1814,head,48r,1642-12-30,,30 [December 1642],,,
1815,V1815,open table,48r,1642-12-30,109,p[ai]d Captaine Vernon for his pay and entertainm[en]t as deputy Tr[easur]er of the Army from [th]e 30 [Novem]bre to [th]e 30 [Decem]bre inclusive being 30 dayes at 6s 8d p[er] diem,10,0,0
1816,V1816,close table,48r,1642-12-30,,more for 3 clark[es] allowed him for [th]e same time at 2s p[er] diem each,9,0,0
1817,V1817,head,48r,1643-01-09,,9 Januarye 1642[/3],,,
1818,V1818,open table,48r,1643-01-09,49,p[ai]d my lord Robert[es] for a whole mo[nths] pay for the officers of his reg[imen]t uppon acc[oun]tt,317,2,0
1819,V1819,tr,48r,1643-01-09,,more for 1/2 a mo[nths] pay for the officers & severall compa[nies] of soldiers of his reg[imen]t as by the warr[an]tt,392,2,4
1820,V1820,tr,48r,1643-01-09,,more uppon another warr[an]tt for his compa[ny],36,0,8
1821,V1821,tr,48r,1643-01-09,113,p[ai]d w[illia]m Hunter leifften[ant] Collonel of that Regi[men]t for pay of his compa[ny] as by [th]e warr[ant],29,1,-
1822,V1822,tr,48r,1643-01-09,147,p[ai]d Capt[ain] Henry Wansey of that reg[imen]t for his compa[ny],32,19,4
1823,V1823,tr,48r,1643-01-09,,more p[ai]d him by another warr[an]tt,41,1,4
1824,V1824,tr,48r,1643-01-09,111,p[ai]d Capt[ain] John mill for pay of his compa[ny] in the same Regi[men]t,20,15,4
1825,V1825,tr,48r,1643-01-09,112,p[ai]d Capt[ain] Jonathan Elliott for pay of his compa[ny] in the same Regi[men]t,22,5,4
1826,V1826,tr,48r,1643-01-09,119,p[ai]d John Urrey major to the said Regi[men]t for his compa[ny],16,16,0
1827,V1827,tr,48r,1643-01-09,146,p[ai]d Capt[ain] Andrew Smith for his compa[ny] in the said Regi[men]t,66,10,0
1828,V1828,tr,48r,1643-01-09,49,p[ai]d the lord Robert[es] for captaine John walkers compa[ny] late of his reg[imen]t,19,12,-
1829,V1829,tr,48r,1643-01-09,79,p[ai]d C[aptain] marke Grime for his compa[ny] in this Regi[men]t,17,14,8
1830,V1830,tr,48r,1643-01-09,162,p[ai]d Capt[ain] smith wilkinson for his compa[ny] in the said Regi[men]t,86,1,4
1831,V1831,tr,48r,1643-01-09,40,p[ai]d S[i]r John Merricke for a mo[nths] pay beginning the 18 [Novem]bre at 5l p[er] diem as gennerall of the ordinance,140,0,0
1832,V1832,tr,48r,1643-01-09,,more for other severall pays as by [th]e warr[an]tt,74,4,0
1833,V1833,tr,48r,1643-01-09,69,p[ai]d the Earle of Peeterborrow for a mo[nths] pay of himself Feild officers and 4 captains of his Regi[men]t beginning [th]e 7 [Decem]bre,415,16,0
1834,V1834,tr,48r,1643-01-09,136,p[ai]d major g[e]n[era]ll skipton for 14 dayes pay for the officers & sold[ier]s of his reg[imen]t ending [th]e 31 [Decem]bre,730,9,0
1835,V1835,tr,48r,1643-01-09,,more for a mo[nths] pay of his troop of 80 harqueb[usiers] beg[inning] 20 [Decem]bre,448,14,0
1836,V1836,close table,48r,1643-01-09,,,301503,5,0
1837,V1837,pb,48v,1643-01-09,,48v,,,
1838,V1838,table (single row),48v,1643-01-09,,Sommeth [th]e paym[entes] on the other side,301503,5,0
1839,V1839,head,48v,1643-01-06,,January 6 1642[/3],,,
1840,V1840,open table,48v,1643-01-06,47,p[ai]d Capt[ain] oliver Cromwell for 1/2 a mo[nths] pay for his troop of 80 harg[ebusiers] uppon accompt,214,13,-
1841,V1841,tr,48v,1643-01-06,18,p[ai]d C[aptain] Edward Aiscough for a mo[nths] pay for his troop uppon accompt,349,6,-
1842,V1842,tr,48v,1643-01-06,18,p[ai]d Capt[ain] Sheffeild the like,349,6,-
1843,V1843,tr,48v,1643-01-06,156,p[ai]d the lord mordent the like to beg[in] the 1 december,349,6,-
1844,V1844,tr,48v,1643-01-06,156,p[ai]d major w[illia]m Balfour uppon acc[oun]tt the like,349,6,-
1845,V1845,tr,48v,1643-01-06,177,p[ai]d Coll[onel] Hurrey for his troop uppon acc[oun]tt,150,0,0
1846,V1846,tr,48v,1643-01-06,63,p[ai]d Capt[ain] Thomas Hamond for his troop uppon acc[oun]tt,100,0,0
1847,V1847,tr,48v,1643-01-06,41,p[ai]d C[aptain] John Hammond toward[es] the Remainder of his troope uppon accompt,50,0,0
1848,V1848,tr,48v,1643-01-06,120,p[ai]d S[i]r John norwich for a mo[nths] pay for his troop uppon acc[oun]tt,349,6,-
1849,V1849,tr,48v,1643-01-06,26,p[ai]d Capt[ain] Georg Austin toward[es] paym[en]t of his troope uppon acc[oun]tt,100,0,0
1850,V1850,tr,48v,1643-01-06,44,p[ai]d Capt[ain] Ireton the like,100,-,-
1851,V1851,tr,48v,1643-01-06,16,p[ai]d Capt[ain] Arthur Evelin [th]e like,100,-,
1852,V1852,tr,48v,1643-01-06,120,p[ai]d C[aptain] marmaduke Cooper for 1/2 a mo[nths] pay for his troop,174,13,-
1853,V1853,tr,48v,1643-01-06,44,p[ai]d C[aptain] Richard Greenvill the like,174,13,-
1854,V1854,tr,48v,1643-01-06,92,p[ai]d S[i]r Samuell luke [th]e like,174,13,-
1855,V1855,tr,48v,1643-01-06,27,p[ai]d C[aptain] John Hale for 1/2 a mo[nths] pay,174,13,-
1856,V1856,tr,48v,1643-01-06,15,p[ai]d Coll[onel] Arthur Goodwine the like for his troop,174,13,-
1857,V1857,tr,48v,1643-01-06,,more for a mo[nths] pay for himself as collonel uppon acc[oun]tt,42,-,-
1858,V1858,tr,48v,1643-01-06,36,p[ai]d C[aptain] Robert Pye toward[es] paym[en]t of his troope uppon acc[oun]tt,104,13,-
1859,V1859,tr,48v,1643-01-06,10,p[ai]d Capt[ain] Fra[ncis] Fines for a whole mo[nths] pay for himself officers & 27 troop[er]s from [th]e 27 [Decem]bre when they wear mustered,225,8,-
1860,V1860,tr,48v,1643-01-06,11,p[ai]d sergeant major Gunter for 1/2 a mo[nths] pay for his troop uppon acc[oun]tt,174,13,-
1861,V1861,tr,48v,1643-01-06,103,p[ai]d Capt[ain] John Fines toward[es] payment of his troop uppon acc[oun]tt,100,-,
1862,V1862,tr,48v,1643-01-06,15,p[ai]d C[aptain] Nathaneel Fines the like,100,-,-
1863,V1863,tr,48v,1643-01-06,157,p[ai]d Ca[ptain] Richard Crosse the like,100,-,
1864,V1864,tr,48v,1643-01-06,118,p[ai]d leifft[enant] Sanderson for major Berries troop the like,100,-,-
1865,V1865,close table,48v,1643-01-06,,,305884,7,0
1866,V1866,pb,49r,1643-01-06,,49r,,,
1867,V1867,table (single row),49r,1643-01-06,,Sommeth the paym[entes] on the other side,305884,7,-
1868,V1868,head,49r,1643-01-06,,man;y,,,
1869,V1869,open table,49r,1643-01-06,25,p[ai]d C[aptain] Hercules Langrish toward[es] payment of his troop uppon acc[oun]tt,100,0,0
1870,V1870,tr,49r,1643-01-06,148,p[ai]d Capt[ain] Alban Cox the like,100,0,0
1871,V1871,tr,49r,1643-01-06,83,p[ai]d Capt[ain] Symon Rudgly the like,100,-,-
1872,V1872,tr,49r,1643-01-06,101,p[ai]d Thomas Lydcott for his troop uppon acc[oun]tt,60,0,0
1873,V1873,tr,49r,1643-01-06,25,p[ai]d Capt[ain] Adrian Scroop the like,60,0,0
1874,V1874,tr,49r,1643-01-06,154,p[ai]d Coll[onel] Bulstred toward[es] payment of his Regiment uppon acc[oun]tt,300,0,0
1875,V1875,tr,49r,1643-01-06,12,p[ai]d Coll[onel] Richard Brown the like for his Regi[men]t,500,0,0
1876,V1876,tr,49r,1643-01-06,142,p[ai]d Collonel Barkley the like for his Regiment,400,0,0
1877,V1877,tr,49r,1643-01-06,127,p[ai]d S[i]r Edward Peyto toward[es] payment of the traine of Artigliry,400,0,0
1878,V1878,tr,49r,1643-01-06,30,p[ai]d Collonel Ballard for his severall pays for a mo[nth] beg[inning] 24 [Decem]bre,119,-,-
1879,V1879,tr,49r,1643-01-06,140,p[ai]d Collonel Georg Langham uppon acc[oun]tt of his reg[imen]t,600,0,0
1880,V1880,tr,49r,1643-01-06,46,p[ai]d S[i]r william Constable [th]e like for his Regi[men]t,400,0,0
1881,V1881,tr,49r,1643-01-06,125,p[ai]d Collonel John midleton for 1/2 a mo[nths] pay for his owne troop of 67 harg[ebusiers],186,16,0
1882,V1882,tr,49r,1643-01-06,37,p[ai]d S[i]r Phillip stapleton for 1/2 a mo[nths] pay for [th]e gentlemen of my lord[es] troop,560,0,0
1883,V1883,tr,49r,1643-01-06,75,p[ai]d S[i]r John meldrom toward[es] paym[en]t of the officers and soldiers of his reg[imen]t,300,0,0
1884,V1884,tr,49r,1643-01-06,132,p[ai]d Comissarie Fastaffe toward[es] payment of draft horses uppon acc[oun]tt,300,0,0
1885,V1885,tr,49r,1643-01-06,48,p[ai]d the lord willoughby of Parrham for a mo[nths] pay for himself as Collonel beg[inning] 3 december 42l more for a mo[nths] paye for his troop of 80 harg[ebusiers] uppon acc[oun]tt,461,6,-
1886,V1886,tr,49r,1643-01-06,152,p[ai]d sergeant major John meldrom for pay of himself officers & 25 troopers for 18 days from the 9 [Decem]bre to [th]e 27,145,6,0
1887,V1887,tr,49r,1643-01-06,49,p[ai]d Capt[ain] Pudsey capt[ain] of my lord[es] guard of halberdiers for a whole mo[nths] pay for himself & 30 menn uppon acc[oun]tt,[...],0,0
1888,V1888,close table,49r,1643-01-06,,,311167,15,0
1889,V1889,pb,49v,1643-01-06,,49v,,,
1890,V1890,table (single row),49v,1643-01-06,,Sommeth the payment[es] on the other side,311167,15,-
1891,V1891,head,49v,1643-01-06,,6 January 1642[/3],,,
1892,V1892,open table,49v,1643-01-06,139,p[ai]d sergeant major Archibald wooddall for a mo[nths] pay of the officers of his compa[ny] in Coll[onel] Holborns Regi[men]t to begin [th]e 1 [Decem]bre & 14 days pay for 68 soldiers beg[inning] 27 [Decem]bre,73,14,8
1893,V1893,tr,49v,1643-01-06,20,p[ai]d Samuel Ventris provost marshall to S[i]r John Norwich reg[imen]t of dragoon[er]s for Irons,7,-,
1894,V1894,tr,49v,1643-01-06,137,p[ai]d Capt[ain] John mede for a mo[nths] pay for the officers and sold[ier]s of his compa[ny] in Coll[onel] Holborns reg[imen]t as by [th]e warr[an]t,95,13,4
1895,V1895,tr,49v,1643-01-06,178,p[ai]d m[aste]r w[illia]m Church major of windsor for soe much by him disbursed for firing & Candell[es] for severall court[es] of guard in windsor from [th]e 28 november to the 26 december,22,0,0
1896,V1896,tr,49v,1643-01-06,78,p[ai]d Nicholas Bond Comissary of [th]e victuall[es] for pay of himself & officers & provisions uppon acc[oun]tt,94,18,6
1897,V1897,tr,49v,1643-01-06,118,p[ai]d Capt[ain] Symon Mathews for 3 weeks pay for himself officers & 44 dragoon[er]s ending [th]e 18 [Decem]bre exclusive,118,13,0
1898,V1898,tr,49v,1643-01-06,80,p[ai]d Lawrence Lowe surgeon to his Exce[llency] for pay of himself mates & bidet[es] for a mo[nth],34,16,-
1899,V1899,tr,49v,1643-01-06,,p[ai]d Ralph nicholson surgeon of the army for a mo[nths] pay for himself & mates,12,12,-
1900,V1900,tr,49v,1643-01-06,,p[ai]d Roger Dixon another surgeon of the Army the like for a mo[nths] pay,12,12,-
1901,V1901,tr,49v,1643-01-06,145,p[ai]d Capt[ain] Georg Blunt for 14 days paye for [?93?] sold[ier]s in my peeterborrows regiment from [th]e 2 Janu[ary],46,4,-
1902,V1902,tr,49v,1643-01-06,149,p[ai]d Capt[ain] w[illia]m Cheese for 11 days entertainm[en]t of 38 pioneers of his compa[ny] beg[inning] 22 [Decem]bre,20,18,0
1903,V1903,tr,49v,1643-01-06,116,p[ai]d Capt[ain] Edward Frodsham capt[ain] of pion[eer]s in full paym[en]t of the remainder of his acc[oun]tt due to his compa[ny] to [th]e 29 [Decem]bre last,27,7,-
1904,V1904,tr,49v,1643-01-06,68,p[ai]d Robert Turner capt[ain] of a Foot compa[ny] in [th]e Gen[era]ll[es] reg[imen]t for pay of his officers & sold[ier]s as by [th]e warr[an]tt,37,5,4
1905,V1905,tr,49v,1643-01-06,150,p[ai]d C[aptain] Benjamin wigfall Capt[ain] of a Foot compa[ny] in Coll[onel] Holborns reg[imen]t for pay of his compa[ny] as by the warr[an]tt,52,10,-
1906,V1906,tr,49v,1643-01-06,154,p[ai]d C[aptain] Georg Dondass capt[ain] of 120 drag[oon]s in the g[e]n[er]all[es] reg[imen]t for payment of the said troop uppon accompt,100,-,-
1907,V1907,close table,49v,1643-01-06,,,311923,18,10
1908,V1908,pb,50r,1643-01-06,,50r,,,
1909,V1909,table (single row),50r,1643-01-06,,Sommeth [th]e paym[entes] on the other side,311923,18,10
1910,V1910,head,50r,1643-01-06,,6 Januarye [1642/3],,,
1911,V1911,open table,50r,1643-01-06,142,p[ai]d John Castle late leifften[an]t to L[ieutenant] C[olone]ll Burlz late capt[ain] of a Foot compa[ny] in Coll[onel] Hollis reg[imen]t for his pay at 4s p[er] diem for 7 week[es] begining 19 [Novem]bre,9,16,0
1912,V1912,close table,50r,1643-01-06,148,p[ai]d Capt[ain] Richard Hodgson for 14 days pay of his compa[ny] of pioneers cont[aining] 73 ending [th]e 3 present,58,2,-
1913,V1913,head,50r,1643-01-09,,9 [January 1642/3],,,
1914,V1914,table (single row),50r,1643-01-09,49,p[ai]d my lord g[e]n[era]ll for his exc[ellencies] pay & entertainm[en]t for a whole mo[nth] beg[inning] [th]e 26 november at xl p[er] diem,280,0,0
1915,V1915,head,50r,1643-01-10,,10 [January 1642/3],,,
1916,V1916,open table,50r,1643-01-10,75,p[ai]d S[i]r John meldrom to be given by way of reward to them that made the work[es] at Ockingham,20,0,0
1917,V1917,close table,50r,1643-01-10,138,p[ai]d Captaine Read toward[es] payment of his foot compa[ny] in Coll[onel] Holborns reg[imen]t uppon acc[oun]tt,40,-,-
1918,V1918,head,50r,1643-01-13,,13 [January 1642/3],,,
1919,V1919,open table,50r,1643-01-13,77,p[ai]d Captaine Bretterige capt[ain] of a foot compa[ny] in my lord G[e]n[era]ll[es] reg[imen]t for pay of 20 menn of his compa[ny] for 38 dayes from the 14 [Octo]bre,25,6,8
1920,V1920,tr,50r,1643-01-13,55,p[ai]d Captaine ward & Capt[ain] Leventhorp two capt[ains] of my lord g[e]n[era]ll[es] reg[imen]t uppon accompt toward[es] recrewing their compa[nies],40,0,0
1921,V1921,tr,50r,1643-01-13,105,p[ai]d Sargeant major Bamfield toward[es] payment of the officers & soldiers of my lord[es] owne Regi[men]t,500,0,0
1922,V1922,close table,50r,1643-01-13,127,p[ai]d S[i]r Edward Peyto toward[es] charges of the Trenches about windsor,100,0,0
1923,V1923,head,50r,1643-01-14,,14 [January 1642/3],,,
1924,V1924,open table,50r,1643-01-14,137,p[ai]d Coll[onel] Holborne toward[es] pay of his Regiment uppon acc[oun]tt,500,0,0
1925,V1925,close table,50r,1643-01-14,69,p[ai]d Coll[onel] wardlaw Coll[onel] of a reg[imen]t of dragooners for his owne pay as Coll[onel] & & Capt[ain] for a whol month begining [th]e 10 [Decem]bre inclu[sive] at 50s p[er] diem,70,0,0
1926,V1926,head,50r,1643-01-14,,No. 11,,,
1927,V1927,table (single row),50r,1643-01-14,30,p[ai]d Coll[onel] Ballard for severall payment[es] belonginge to his Regi[men]t as by [th]e warr[anttes],521,6,8
1928,V1928,head,50r,1643-01-21,,21 Janu[ary 1642/3],,,
1929,V1929,open table,50r,1643-01-21,12,p[ai]d Collonel Richard Browne toward[es] payment of his Regiment of dragoon[er]s,200,0,0
1930,V1930,tr,50r,1643-01-21,106,p[ai]d Serjant major Blare Captaine of a troop of horse toward[es] paym[en]t of his troop uppon accompt,200,0,0
1931,V1931,close table,50r,1643-01-21,,,314488,10,2
1932,V1932,pb,50v,1643-01-21,,50v,,,
1933,V1933,table (single row),50v,1643-01-21,,Som[m]eth [th]e payment[es] on the other side,314488,10,2
1934,V1934,head,50v,1643-01-21,,21 Janu[ary] 1642[/3],,,
1935,V1935,open table,50v,1643-01-21,136,p[ai]d Sargeant major Skipton toward[es] payment of his Regiment uppon acc[oun]tt,400,-,
1936,V1936,tr,50v,1643-01-21,81,p[ai]d Capt[ain] Thomas Bushell toward[es] payment of my lord g[e]n[era]ll[es] compa[ny] of Foot,150,-,-
1937,V1937,close table,50v,1643-01-21,111,p[ai]d The lord Rochford for payment of divers of his officers as by the warr[an]t,281,18,6
1938,V1938,head,50v,1643-01-26,,26 Janu[ary 1642/3],,,
1939,V1939,open table,50v,1643-01-26,145,p[ai]d George Blunt captaine of a foot compa[ny] in my lord Peeterborroughs reg[imen]t for 14 dayes pay for 99 soldiers beg[inning] [th]e 16 Janu[ary],46,4,0
1940,V1940,tr,50v,1643-01-26,154,p[ai]d Collonell Bulstrood toward[es] the pay & entertainm[en]t of the officers of his reg[imen]t,500,0,0
1941,V1941,tr,50v,1643-01-26,13,p[ai]d Coll[onel] John Hambden for remains & pay of his officers and soldiers to the 20 Janu[ary] excl[usive] as by [th]e warr[an]tt,1003,10,-
1942,V1942,tr,50v,1643-01-26,118,p[ai]d Symon mathews Capt[ain] of a compa[ny] of drago[ons] for on mo[nths] pay for the officers & 44 drago[ons] begining the 18 [Decem]bre,158,4,0
1943,V1943,tr,50v,1643-01-26,8,p[ai]d S[i]r w[illia]m waler for a whole mo[nths] pay for his troop uppon accompt,349,6,0
1944,V1944,tr,50v,1643-01-26,156,p[ai]d Major w[illia]m Balfour the like,349,6,-
1945,V1945,tr,50v,1643-01-26,33,p[ai]d S[i]r w[illia]m Balfour the like for his troope of cuirassiers,565,12,-
1946,V1946,tr,50v,1643-01-26,18,p[ai]d m[aste]r John Symond[es] Chaplaine to Coll[onel] Midletons Regi[men]t for his and his mans pay for 3 mo[nths] ending the 15 Janu[ary] inclu[sive],36,18,0
1947,V1947,tr,50v,1643-01-26,126,p[ai]d John Copley for 150 dozen of musket arrowes & the apurtenances,50,0,0
1948,V1948,tr,50v,1643-01-26,51,p[ai]d Ca[ptain] walter long for a mo[nths] pay for his troop,349,6,-
1949,V1949,tr,50v,1643-01-26,27,p[ai]d C[aptain] John Hale the like,349,6,-
1950,V1950,tr,50v,1643-01-26,136,p[ai]d l[ieutenant] C[olone]ll Francis Fairfax captaine of a foot compa[ny] in my lord Peeterborroughs reg[imen]t for pay of 92 soldiers for 3 week[es] ending the 19 present,63,13,-
1951,V1951,tr,50v,1643-01-26,142,p[ai]d Coll[onel] Henry Barklye for entertainm[en]t of the officers of his reg[imen]t by way of advance,541,16,0
1952,V1952,tr,50v,1643-01-26,142,more p[ai]d him toward[es] the pay of the off[icer]s & soldiers of his reg[imen]t uppon accompt,300,0,0
1953,V1953,tr,50v,1643-01-26,65,p[ai]d S[i]r Edward Dodsworth Comiss[ary] g[e]n[era]ll for the musters of horse for a mo[nths] pay for himself ending the 13 Janu[ary] & a mo[nths] pay for his deputies endinge [th]e 15 ditto,35,0,0
1954,V1954,close table,50v,1643-01-26,,,320018,9,8
1955,V1955,pb,51r,1643-01-26,,51r,,,
1956,V1956,table (single row),51r,1643-01-26,,Sommeth the paym[entes] on the other side,320018,9,8
1957,V1957,head,51r,1643-01-23,,23 January 1642[/3],,,
1958,V1958,open table,51r,1643-01-23,36,p[ai]d S[i]r Robert Pye for a whole mo[nths] pay for his troop,349,6,0
1959,V1959,tr,51r,1643-01-23,9,p[ai]d m[aste]r Jo[hn] Page Chaplaine to my lord Rochford[es] reg[imen]t for pay of him and his servant for 7 week[es] to [th]e 21 Janu[ary],21,4,8
1960,V1960,tr,51r,1643-01-23,103,p[ai]d Capt[ain] John Fines for on whol mo[nths] pay for his troope deductinge 100l p[ai]d the 6 Janu[ary] uppon acc[oun]tt,249,6,0
1961,V1961,tr,51r,1643-01-23,15,p[ai]d Capt[ain] nathaneel Fines the like,249,6,0
1962,V1962,tr,51r,1643-01-23,152,p[ai]d major Jo[hn] Meldrom for pay of himself officers & 49 troopers for a mo[nth] begining the 29 [Decem]bre,282,16,-
1963,V1963,tr,51r,1643-01-23,156,p[ai]d the lord mordent for a whole mo[nths] pay for his troope,349,6,-
1964,V1964,tr,51r,1643-01-23,130,p[ai]d major Botteler Capt[ain] of a foot compa[ny] in my lord Peeterborroes reg[imen]t for 14 days pay for 100 soldiers beg[inning] 11 Janu[ary] incl[usive],46,13,4
1965,V1965,tr,51r,1643-01-23,50,p[ai]d C[aptain] John Raymond for severall pay[ments] to his compa[ny] of foot brought from Ipswich as by the warr[an]t,32,10,8
1966,V1966,tr,51r,1643-01-23,60,p[ai]d Thomas Seager late cornet to Ambrose Tindall Capt[ain] of dragooners from pay due to him for on mo[nth] & x dayes from the 15 [Novem]bre to [th]e 23 [Decem]bre excl[usive] at 5s p[er] diem,9,10,0
1967,V1967,tr,51r,1643-01-23,155,p[ai]d Richard Fincher Capt[ain] of a compa[ny] of drago[ons] being 100 menn all unhorst uppon accompt,100,0,0
1968,V1968,tr,51r,1643-01-23,61,p[ai]d S[i]r Sigismond Alexander for a mo[nths] pay for his troop uppon accompt,349,6,-
1969,V1969,tr,51r,1643-01-23,136,p[ai]d major g[e]n[era]ll skippon for his pay as major g[e]n[era]ll of [th]e army for on mo[nth] beg[inning] 13 Ja[nuary] endinge [th]e 9 feb[ruary] at xls p[er] diem,56,0,0
1970,V1970,tr,51r,1643-01-23,136,more p[ai]d him toward[es] paym[en]t of the officers and soldiers of his Regi[men]t uppon accompt,1000,0,0
1971,V1971,tr,51r,1643-01-23,136,more for provision of 2 wagons & 1/2,100,0,0
1972,V1972,tr,51r,1643-01-23,136,more for 1/2 mo[nths] pay for his troop of 80 harg[ebusiers] the leifftenn[an]t being allowed Capt[ains] paye,224,7,0
1973,V1973,tr,51r,1643-01-23,33,p[ai]d Coll[onel] Cholmlye toward[es] pay of the officers and sold[ier]s of his regiment uppon acc[oun]tt,600,0,0
1974,V1974,tr,51r,1643-01-23,45,p[ai]d Capt[ain] Tyrrell toward[es] paym[en]t of his troop uppon acc[oun]tt,200,0,0
1975,V1975,tr,51r,1643-01-23,69,p[ai]d the lord Peeterborrough capt[ain] of a foot compa[ny] in his owne Regi[men]t for a mo[nths] pay of 100 soldiers beg[inning] 11 Janu[ary] incl[usive],93,6,8
1976,V1976,tr,51r,1643-01-23,16,p[ai]d Capt[ain] Arthur Evelin for a mo[nths] pay for his troope w[i]th 100l rec[eive]d the 6 Janu[ary],249,6,0
1977,V1977,close table,51r,1643-01-23,,,324580,14,0
1978,V1978,pb,51v,1643-01-23,,51v,,,
1979,V1979,table (single row),51v,1643-01-23,,Sommeth [th]e paym[entes] on the other side,324580,14,0
1980,V1980,head,51v,1643-01-23,,23 Janu[ary] 1642[/3],,,
1981,V1981,open table,51v,1643-01-23,15,p[ai]d Coll[onel] Goodwine for 1/2 a mo[nths] pay for his troope,174,13,-
1982,V1982,tr,51v,1643-01-23,37,p[ai]d S[i]r Phillip stapleton for 1/2 a mo[nths] pay for [th]e gentlemen of my lord g[e]n[era]ll[es] troop uppon acc[oun]tt,560,0,0
1983,V1983,tr,51v,1643-01-23,37,more for a whole mo[nths] pay for the officers of the said troope uppon accompt,272,2,-
1984,V1984,tr,51v,1643-01-23,98,p[ai]d Capt[ain] mathew draper for my lord g[e]n[era]ll[es] owne troop of harg[ebusiers] for soe much remaining due uppon the last 1/2 mo[nths] pay ending the 8 Janu[ary] 62.1.0 & alsoe for another 1/2 mo[nths] pay for [th]e said troop beg[inning] 9 pres[en]t 162.1.0,224,2,-
1985,V1985,tr,51v,1643-01-23,157,p[ai]d Capt[ain] Robert Thomson C[aptain] of a foot compa[ny] in Coll[onel] Langhams Regi[men]t toward[es] pay of the officers and soldiers of his compa[ny] uppon acc[oun]tt,120,0,0
1986,V1986,tr,51v,1643-01-23,125,p[ai]d C[olone]ll midleton for a whole mo[nths] pay for his troop of 67 harg[ebusiers] uppon accompt,373,12,
1987,V1987,tr,51v,1643-01-23,92,p[ai]d S[i]r samuell luke for a whole mo[nths] pay for his troop uppon accompt,349,6,-
1988,V1988,tr,51v,1643-01-23,46,p[ai]d S[i]r w[illia]m Constable toward[es] paym[en]t of the officers & sold[ier]s of his the reg[imen]t uppon acc[oun]tt,500,0,0
1989,V1989,tr,51v,1643-01-23,44,p[ai]d Capt[ain] Ric[hard] Greenvill for 1/2 a mo[nths] pay for his troop uppon acc[oun]tt,174,13,-
1990,V1990,tr,51v,1643-01-23,56,p[ai]d Capt[ain] Edward Clarke toward[es] payment of his troop uppon acc[oun]tt,200,0,0
1991,V1991,close table,51v,1643-01-23,63,p[ai]d Capt[ain] Thomas Hamond toward[es] paym[en]t of his troop uppon accompt,200,-,-
1992,V1992,head,51v,1643-01-24,,24 [January 1642/3],,,
1993,V1993,open table,51v,1643-01-24,78,p[ai]d nic[hola]s Bond Comissarie of the victuall[es] uppon a warrent of the 20 present,256,10,-
1994,V1994,tr,51v,1643-01-24,122,p[ai]d m[aste]r John oxenbrige Chaplaine of S[i]r James Ramsies Regi[men]t for a mo[nths] pay for himself and his servant beg[inning] 1 [Decem]bre incl[usive],12,6,8
1995,V1995,tr,51v,1643-01-24,178,p[ai]d to the maior of windsor for provision of fier and Candles for the guard[es],23,6,3
1996,V1996,tr,51v,1643-01-24,122,p[ai]d S[i]r James Ramey for a whole mo[nths] pay for his troop,349,6,-
1997,V1997,tr,51v,1643-01-24,44,p[ai]d C[aptain] Henry Ireton the like,349,6,-
1998,V1998,tr,51v,1643-01-24,158,p[ai]d Capt[ain] Thomas Jackson toward[es] paym[en]t of the officers & sold[ier]s of his compa[ny] in Coll[onel] langhams Regi[men]t,120,0,0
1999,V1999,tr,51v,1643-01-24,17,p[ai]d James Swright surgeon to S[i]r w[illia]m Balfours Regi[men]t for 2 mo[nths] pay for himself 2 mates & 3 Bidet[es] to the 21 present,33,10,-
2000,V2000,close table,51v,1643-01-24,,,328873,8,11
2001,V2001,pb,52r,1643-01-24,,52r,,,
2002,V2002,table (single row),52r,1643-01-24,,Som[e]th [th]e paym[entes] on the other side,328873,8,11
2003,V2003,head,52r,1643-01-24,,24 Janu[ary] 1642[/3],,,
2004,V2004,open table,52r,1643-01-24,19,p[ai]d major Burghill for a mo[nths] pay of his troop of horse uppon accompt,349,6,-
2005,V2005,tr,52r,1643-01-24,11,p[ai]d Major Gunter for 1/2 a mo[nths] pay for his troope uppon acc[oun]tt,174,13,0
2006,V2006,tr,52r,1643-01-24,18,p[ai]d Captaine James Sheffeild the like,174,13,0
2007,V2007,tr,52r,1643-01-24,140,p[ai]d Collonel Georg Langham toward[es] payment of the officers and soldiers of his Regi[men]t uppon accompt,900,0,0
2008,V2008,tr,52r,1643-01-24,137,p[ai]d Collonel James Holborne the like for his Regi[men]t,600,0,0
2009,V2009,tr,52r,1643-01-24,49,p[ai]d Capt[ain] Thomas Pudsey for a whole mo[nths] pay for himself & 30 men of my lord[es] guard,91,0,0
2010,V2010,tr,52r,1643-01-24,48,p[ai]d the lord willoughby for soe much by him lent to Coll[onel] Ballard for payment of a monthes advance unto Capt[ain] manly Capt[ain] Bower C[aptain] Cracroft & C[aptain] Fowke 4 leifft[enant]s & 3 ensigns being officers of the reg[imen]t of the said Coll[onel] Ballard,119,0,0
2011,V2011,tr,52r,1643-01-24,157,p[ai]d Capt[ain] Richard Cross for a whole mo[nths] pay for his troop uppon acc[oun]tt deducting 100l p[ai]d the 6 Janu[ary],249,6,0
2012,V2012,tr,52r,1643-01-24,176,p[ai]d thease scot[es] officers reformados for a whole mo[nths] pay uppon accompt vizt,,,
2013,V2013,tr,52r,1643-01-24,,John Hume leif[tenan]t of horse 25.4.0,,,
2014,V2014,tr,52r,1643-01-24,,w[illia]m master quarterm[aste]r of horse 12.12.0,,,
2015,V2015,tr,52r,1643-01-24,,Arthur sincler leiff[tenan]t on foot 5.12.0,,,
2016,V2016,tr,52r,1643-01-24,,Ensigne w[illia]m Blare 4.4,47,12,0
2017,V2017,tr,52r,1643-01-24,176,"p[ai]d Capt[ain] Kennywood, C[aptain] Rotherford Capt[ain] Abernaithy C[aptain] Rob[er]t Hunter & C[aptain] david Hunter Capt[ain] Reformados on foot for the severall pays for 1 mo[nth] uppon acc[oun]tt",105,0,0
2018,V2018,tr,52r,1643-01-24,176,p[ai]d Capt[ain] James Strahan [^captaine^] reformado 21.0.0,,,
2019,V2019,tr,52r,1643-01-24,,Capt[ain] Archibald straham 21.0.0,,,
2020,V2020,tr,52r,1643-01-24,,Capt[ain] Francis midleton 21.0.0,,,
2021,V2021,tr,52r,1643-01-24,,all Capt[ain] reformados on foot for a whole mo[nth],63,0,0
2022,V2022,tr,52r,1643-01-24,176,p[ai]d Capt[ain] James dowglas & C[aptain] Andrew Andrew Jackson Capt[ain] reformados of horse for a mo[nths] pay uppon acc[oun]tt,109,4,0
2023,V2023,tr,52r,1643-01-24,176,p[ai]d Capt[ain] w[illia]m Carr Capt[ain] reformado of horse for a mo[nths] pay for himself & his leiftennent Robert Monorgan uppon acc[oun]tt,79,16,0
2024,V2024,tr,52r,1643-01-24,7,p[ai]d Robert Hughes Ensigne [^In^] the Regi[men]t of my lord wharton toward[es] curing his wound[es] & for 2 mo[nths] & 3 week[es] pay to [th]e 19 Ja[nuary],24,11,-
2025,V2025,tr,52r,1643-01-24,11,p[ai]d Capt[ain] Thomas Temple for a mo[nths] pay for his troope uppon acc[oun]tt,349,6,
2026,V2026,close table,52r,1643-01-24,,,332309,15,11
2027,V2027,pb,52v,1643-01-24,,52v,,,
2028,V2028,table (single row),52v,1643-01-24,,Som[m]eth [th]e paym[entes] on the other side,332309,15,11
2029,V2029,head,52v,1643-01-24,,24 [January 1642/3],,,
2030,V2030,open table,52v,1643-01-24,43,p[ai]d Capt[ain] Fra[ncis] Tomson for a whole mo[nths] pay for his troop uppon accompt,349,6,-
2031,V2031,tr,52v,1643-01-24,5,p[ai]d Thomas shemond[es] surgeon to the g[e]n[era]ll[es] owne Regi[men]t as well for soe much advanced for furnishing his chest 15l & alsoe for furnishing himself & 2 mates w[i]th horses [^12^],27,-,
2032,V2032,tr,52v,1643-01-24,7,p[ai]d Timothy langly surgeon for his Cost and charges expended about the embalming the bodie of Coll[onel] charles Essex,36,-,-
2033,V2033,tr,52v,1643-01-24,75,p[ai]d S[i]r Jo[hn] Meldrom for a mo[nths] pay for himself as Collonel of a brigade & coll[onel] of a reg[imen]t & Capt[ain] of a compa[ny] & for maintenance of 2 wagons & 1/2 he having formerlie rec[eive]d the some of 59.10,75,16,-
2034,V2034,tr,52v,1643-01-24,25,p[ai]d m[aste]r Edward Perkins Chaplaine of Coll[onel] Goodwins reg[imen]t for 2 mo[nths] pay for himself & servant uppon acc[oun]tt,24,1,4
2035,V2035,tr,52v,1643-01-24,154,p[ai]d Georg Dundass Capt[ain] of a compa[ny] of drago[ons] toward[es] paym[en]t of his compa[ny] uppon acc[oun]tt,150,0,0
2036,V2036,tr,52v,1643-01-24,,p[ai]d Haniball Chambers asistant to the q[uarte]r m[aster]r G[e]n[era]ll uppon accompt,10,0,0
2037,V2037,tr,52v,1643-01-24,177,p[ai]d Coll[onel] Hurrey for a mo[nths] pay of his troop of 70 harqueb[usiers] uppon acc[oun]tt,384,16,-
2038,V2038,tr,52v,1643-01-24,120,p[ai]d S[i]r John norrwich toward[es] paym[en]t of his troop uppon acc[oun]tt,100,0,0
2039,V2039,tr,52v,1643-01-24,17,p[ai]d Sergeant major Pretty for a mo[nths] pay for his troope & 3.10 for his gunsmith,352,16,-
2040,V2040,tr,52v,1643-01-24,160,p[ai]d Georg melvin Capt[ain] of a compa[ny] of drag[oons] toward[es] pay of the compa[ny] upon acc[oun]t,60,-,-
2041,V2041,tr,52v,1643-01-24,158,p[ai]d peeter Hayward Capt[ain] of a compa[ny] of drag[oons] in Coll[onel] melvs reg[imen]t toward[es] pay of the said compa[ny] uppon acc[oun]tt,200,0,0
2042,V2042,tr,52v,1643-01-24,49,p[ai]d the lord Robert[es] toward[es] paym[en]t of the officers & sold[ier]s of his reg[imen]t uppon acc[oun]tt,300,0,0
2043,V2043,tr,52v,1643-01-24,111,p[ai]d the lord Rochford in part of a warr[an]t of 583.9.8,400,0,0
2044,V2044,tr,52v,1643-01-24,26,p[ai]d olive Royston wiff of w[illia]m Royston late leifft[enant] to Capt[ain] Austin for arrear due to him at the time of his death,20,0,0
2045,V2045,tr,52v,1643-01-24,178,p[ai]d Elizabeth Primrose wiff of Edward Primrose capt[ain] of a foot compa[ny] in the reg[imen]t of Coll[onel] Ballard for 49 days as capt[ain] begining the 19 [Novem]bre at 15s p[er] diem,36,15,0
2046,V2046,close table,52v,1643-01-24,,,334836,6,3
2047,V2047,pb,53r,1643-01-24,,53r,,,
2048,V2048,table (single row),53r,1643-01-24,,Sommeth the paym[entes] on the other side,334836,6,3
2049,V2049,head,53r,1643-01-??,,Janu[ary] 1642[/3],,,
2050,V2050,open table,53r,1642-10-19,159,p[ai]d Captaine George Haward beinge given him as a reward this was p[ai]d [th]e 19 [Octo]bre,20,-,-
2051,V2051,tr,53r,1642-10-23,127,p[ai]d S[i]r Edward Peto toward[es] payment of Cariages in the traine of Artigliry this was p[ai]d the 21 & 23 [Octo]bre,300,0,0
2052,V2052,tr,53r,1642-10-05,20,p[ai]d [^leifft[enant]^] Collonel davis the 5 [octo]bris uppon acc[oun]t,100,0,0
2053,V2053,tr,53r,1642-10-19,121,p[ai]d Major Cary the 19 of [Octo]bre uppon acc[oun]tt,100,-,-
2054,V2054,tr,53r,1642-09-26,28,p[ai]d the lord Hastings the 26 [Septem]bre uppon accompt,30,7,-
2055,V2055,tr,53r,1642-09-05,18,p[ai]d Captaine Sheiffeild In northampton [th]e 5 [Septem]bre uppon accompt,200,0,0
2056,V2056,tr,53r,1642-09-05,14,p[ai]d the lord Brooke [th]e like,200,-,-
2057,V2057,tr,53r,1642-09-05,9,p[ai]d the lord Gray the like,200,-,-
2058,V2058,close table,53r,1642-09-05,30,p[ai]d Coll[onel] Ballard the like,197,-,-
2059,V2059,head,53r,1643-01-??,,No. 12,,,
2060,V2060,table (single row),53r,1643-01-17,38,p[ai]d Collonell Hollis uppon accompt of his Regiment; the warr[an]t [^dated 9 [Novem]bre^] miscarried in the hand of his Clarke but the acknowledgm[en]t I have [th]e 17 Janu[ary],600,0,0
2061,V2061,head,53r,1643-02-04,,4 February 1642[/3],,,
2062,V2062,open table,53r,1643-02-04,127,p[ai]d S[i]r Edward Peto toward[es] payment of the traine of Artigliry uppon acc[oun]tt,1000,0,0
2063,V2063,tr,53r,1643-02-04,111,p[ai]d my lord Rochfort [^in full^] for severall payment to his regiment as by the warr[an]tt of [th]e 24 Janu[ary] [th]e rest was p[ai]d the 24 Ja[nuary],183,9,4
2064,V2064,tr,53r,1643-02-04,132,p[ai]d Anthony Fastaff Comissarie of [th]e draft horses toward[es] ther pay uppon accompt,200,0,0
2065,V2065,tr,53r,1643-02-04,105,p[ai]d sergeant major Bamfeild toward[es] pay of the ould companies of my lord gene[ra]ll[es] regiment,200,0,0
2066,V2066,tr,53r,1642-10-15,78,p[ai]d nicholas Bond Commissarye of the victuall[es] the 8 & 15 [Octo]bre for provision of victuall[es] for the Army,500,0,0
2067,V2067,close table,53r,1643-02-04,43,p[ai]d Capt[ain] Francis Tomson for 8 great sadles & furniture,20,0,0
2068,V2068,head,53r,1643-02-21,,21 [February 1642/3],,,
2069,V2069,open table,53r,1643-02-21,92,p[ai]d S[i]r Samuel luke Scoutmaster g[enera]ll for monie to be imployed in that service,150,0,0
2070,V2070,tr,53r,1643-02-21,73,p[ai]d John Carrs Capt[ain] leifft[enant] of that reg[imen]t of dragooners wherof John Brown was Coll[onel] for his pay from [th]e 15 no[vembe]r to [th]e 25 Jan[uary] being 2 mo[nths] 3 week[es] at 7s p[er] diem,26,19,0
2071,V2071,close table,53r,1643-02-21,,,339064,1,7
2072,V2072,pb,53v,1643-02-21,,53v,,,
2073,V2073,table (single row),53v,1643-02-21,,Sommeth [th]e paym[entes] on the other side,339064,1,7
2074,V2074,head,53v,1643-02-22,,Februarye 22 1642[/3],,,
2075,V2075,table (single row),53v,1643-02-22,105,p[ai]d Sergeant major Bamfeild uppon acc[oun]tt of my lord G[e]n[era]ll[es] reg[imen]t,500,0,0
2076,V2076,head,53v,1643-02-23,,23 [February 1642/3],,,
2077,V2077,table (single row),53v,1643-02-23,160,p[ai]d Edward Freeman Captaine of a troope of dragooners for [th]e present service of [th]e state,20,0,0
2078,V2078,head,53v,1643-02-24,,24 [February 1642/3],,,
2079,V2079,open table,53v,1643-02-24,49,p[ai]d C[aptain] Thomas Pudsey being soe much expended by Collonel Barker according to my lord g[enera]ll[es] order for releiff of mained sold[ier]s at Coventree,200,0,0
2080,V2080,tr,53v,1643-02-24,,p[ai]d George Bulmer imployed for [th]e service of the state for maintenance of 27 horse from [th]e 24 [Decem]bre to [th]e 24 present beinge nine week[es] at 7l.7s a weeke,66,3,-
2081,V2081,close table,53v,1643-02-24,154,p[ai]d Georg Dundasse Captaine of a troop of dragooners for and toward[es] pay and entertainm[en]t of him self officers & sold[ier]s p[er] acc[oun]tt,400,-,-
2082,V2082,head,53v,1643-02-27,,27 [February 1642/3],,,
2083,V2083,open table,53v,1643-02-27,49,p[ai]d the lord g[e]n[era]ll for his pay as g[e]n[era]ll for one whole month begining [th]e 24 [Decem]bre at xl p[er] diem,280,-,-
2084,V2084,close table,53v,1643-02-27,,p[ai]d Richard Greeneway & 3 others for spetiall service donn to the state,12,-,-
2085,V2085,head,53v,1643-02-28,,28 [February 1642/3],,,
2086,V2086,open table,53v,1643-02-28,160,p[ai]d George Melvill Capt[ain] of a troop of dragooners of 100 men for a mo[nths] pay for himself officers & soldiers from [th]e 3 Janu[ary],275,16,-
2087,V2087,tr,53v,1643-02-28,25,p[ai]d C[aptain] Adrian Scroop toward[es] the payment of his troop uppon accompt,300,-,-
2088,V2088,tr,53v,1643-02-28,132,p[ai]d Comissarie Fostaff toward[es] paym[en]t of the draft horse charge,1000,0,0
2089,V2089,close table,53v,1643-02-28,8,p[ai]d S[i]r w[illia]m waler for & toward[es] the payment of the troops and dragooners now Inployed in the west uppon acc[oun]tt,600,-,-
2090,V2090,head,53v,1643-03-01,,1 Marche 1642[/3],,,
2091,V2091,open table,53v,1643-03-01,75,p[ai]d [^S[i]r John^] meldrom toward[es] the charg of the worke at ockingham,30,-,-
2092,V2092,tr,53v,1643-03-01,153,p[ai]d Capt[ain] George Rowle Capt[ain] of a foot compa[ny] in my lord Peeterborrows reg[imen]t for 3 week[es] pay of 100 soldiers beg[inning] 30 [Decem]bre,69,19,6
2093,V2093,tr,53v,1643-03-01,127,p[ai]d S[i]r Edward Peyto for a whole mo[nths] pay for the traine of Artigliry,1449,11,4
2094,V2094,tr,53v,1643-03-01,43,p[ai]d C[aptain] Fra[ncis] Tomson for a mo[nths] pay for the officers & soldiers of his troope,349,6,-
2095,V2095,close table,53v,1643-03-01,,,344616,17,5
2096,V2096,pb,54r,1643-03-01,,54r,,,
2097,V2097,table (single row),54r,1643-03-01,,Sommeth [th]e paym[entes] on the other side,344616,17,5
2098,V2098,head,54r,1643-03-02,,2 Marche 1642[/3],,,
2099,V2099,open table,54r,1643-03-02,109,p[ai]d Capt[ain] vernon for his pay and entertainm[en]t as deputy T[reasur]er of the army from the 30 [Decem]bre inclusive to [th]e 29 Janu[ary] inclu[sive] at 6s.8d p[er] diem being 30 days,10,0,0
2100,V2100,tr,54r,1643-03-02,,more for 3 clark[es] allowed him at 2s p[er] diem each,9,-,-
2101,V2101,tr,54r,1643-03-02,,more for himself & his clark[es] from the 29 Janu[ary] to [th]e 28 Feb[ruary] inclusive,19,-,-
2102,V2102,tr,54r,1643-02-20,132,p[ai]d Collonel Holmsted the 20 February In london w[hi]ch was taken out of the mony sent me uppon accompt of the Regi[men]t,200,0,
2103,V2103,tr,54r,1643-02-20,161,p[ai]d Captaine Thomas Leventhorp & Capt[ain] ward Captains of 2 severall compa[ny] in my lord g[e]n[era]ll[es] owne Regi[men]t for leviinge of menn to recrute the comp[anie]s p[ai]d in london by w[illia]m Jessop as above,100,0,0
2104,V2104,tr,54r,1643-03-02,161,p[ai]d Captaine Maynard for and toward payment of his troop of dragooners uppon accompt,100,0,0
2105,V2105,tr,54r,1643-03-02,15,p[ai]d Collonell nathaneel Fines uppon accompt when he went to ward glocester,1500,0,0
2106,V2106,close table,54r,1642-10-01,8,p[ai]d S[i]r w[illia]m waler [th]e 1 [Octo]bre for amunition of powther and shot by him taken up when he went to take Portsmouth,34,10,0
2107,V2107,head,54r,1643-03-02,,2 march [1642/3],,,
2108,V2108,open table,54r,1643-03-02,44,p[ai]d Capt[ain] Richard Greenvill for a mo[nths] pay for his troope uppon accompt,349,6,0
2109,V2109,tr,54r,1643-03-02,15,p[ai]d Coll[onel] Goodwine the like,349,6,0
2110,V2110,tr,54r,1643-03-02,7,p[ai]d the lord wharton the like for his troop of 80 harg[ebusiers],419,6,0
2111,V2111,tr,54r,1643-03-02,36,p[ai]d S[i]r Robert Pye [th]e like for his troop,349,6,0
2112,V2112,tr,54r,1643-03-02,106,p[ai]d sergeant major Blare the like for his troope,349,6,0
2113,V2113,tr,54r,1643-03-02,45,p[ai]d Captaine Thomas Tirrell toward[es] pay of his troop uppon acc[oun]tt,300,0,0
2114,V2114,tr,54r,1643-03-02,49,p[ai]d the lord Robert[es] for severall payment[es] to the officers and soldiers of his Regi[men]t as by [th]e warrent app[eare]th,818,16,8
2115,V2115,tr,54r,1643-03-02,162,p[ai]d Capt[ain] smith wilkinson of the same Regi[men]t for pay of the officers and soldiers of his compa[ny] as by the warr[an]tt,78,1,4
2116,V2116,tr,54r,1643-03-02,33,p[ai]d Collonel Cholmlye in part of a warr[an]t of the 28 Feb[ruary] of 1035.10,900,0,0
2117,V2117,tr,54r,1643-03-02,75,p[ai]d S[i]r John meldrom for a mo[nths] pay for the officers & 478 soldiers of his reg[imen]t,919,11,-
2118,V2118,close table,54r,1643-03-02,,,351422,6,5
2119,V2119,pb,54v,1643-03-02,,54v,,,
2120,V2120,table (single row),54v,1643-03-02,,Sommeth [th]e paym[entes] on the other side,351422,6,5
2121,V2121,head,54v,1643-03-02,,2 march [1642/3],,,
2122,V2122,open table,54v,1643-03-02,15,p[ai]d Richard Thurston surgeon to Coll[onel] Goodwins reg[imen]t for pay for himself 2 mat[es] and allowance of 3 bidet[es] at 12s p[er] diem for 9 week[es] begining [th]e 24 [Decem]bre & ending [th]e 24 Febr[uary],37,16,-
2123,V2123,tr,54v,1643-03-02,142,p[ai]d Collonel Barklye for a whole mo[nths] pay for himself officers & 901 soldiers of his reg[imen]t endinge [th]e 31 Janu[ary],1382,14,8
2124,V2124,tr,54v,1643-03-02,46,p[ai]d Coll[onel] Constable for and toward[es] on months pay of the officers and soldiers of his reg[imen]t upp[on] accompt,900,0,0
2125,V2125,tr,54v,1643-03-02,137,p[ai]d Collonel Holborne for a mo[nths] pay of the officers & 660 soldiers of his regiment uppon accompt 1167.16. p[ai]d in part,1000,0,0
2126,V2126,tr,54v,1643-03-02,69,p[ai]d the Earle of Peeterborrow for a mo[nths] pay for the officers of his reg[imen]t consisting of 8 compa[nies] from [th]e 4 January,457,16,-
2127,V2127,tr,54v,1643-03-02,135,p[ai]d C[aptain] Bevill Predieux for a mo[nths] pay of 90 soldiers of his reg[imen]t uppon accompt in [th]e Regi[men]t of my lord of Peeterborrough,84,18,8
2128,V2128,tr,54v,1643-03-02,69,p[ai]d for my lord of Peeterborrowes owne companie of [?103?] soldiers for a mo[nths] paye from [th]e 8 February ending the 7 march,93,6,8
2129,V2129,tr,54v,1643-03-02,136,p[ai]d Francis Fairfax leifft[enant] Collonel of the same Regi[men]t for a mo[nths] pay of his compa[ny] of 91 soldiers ending [th]e 16 Febr[uary],84,18,8
2130,V2130,tr,54v,1643-03-02,153,p[ai]d C[aptain] George Rowse for a mo[nths] pay of 100 sold[ier]s of the same reg[imen]t uppon accompt,93,6,8
2131,V2131,tr,54v,1643-03-02,174,p[ai]d C[aptain] w[illia]m Gualter for paym[en]t of his office[r]s and sold[ier]s in the same reg[imen]t as by [th]e warr[an]t,86,4,8
2132,V2132,tr,54v,1643-03-02,145,p[ai]d C[aptain] Georg Blunt for a mo[nths] pay of 99 sold[ier]s of his compa[ny] in the same Regi[men]t endinge the 12 Febr[uary],92,8,-
2133,V2133,tr,54v,1643-03-02,130,p[ai]d major Jo[hn] Botteler for a mo[nths] pay of his compa[ny] of 100 sold[ier]s in the same Regi[men]t endinge [th]e 21 febr[uary],93,6,8
2134,V2134,tr,54v,1643-03-02,127,p[ai]d S[i]r Edward Peyton for a mo[nths] entertainm[en]t of 92 sold[ier]s in the s[ai]d reg[imen]t ending [th]e 27 Janu[ary],85,17,-
2135,V2135,tr,54v,1643-03-02,152,p[ai]d major meldrom for a mo[nths] pay for a mo[nths] pay for himself officers & 49 troopers begining 24 Janu[ary],282,16,-
2136,V2136,tr,54v,1643-03-02,136,p[ai]d major g[e]n[era]ll skippon for a mo[nths] pay of the officers and 1033 soldiers of his reg[imen]t uppon acc[oun]tt 1589.18.8 of this p[ai]d,1400,-,-
2137,V2137,close table,54v,1643-03-02,,,357597,16,1
2138,V2138,pb,55r,1643-03-02,,55r,,,
2139,V2139,table (single row),55r,1643-03-02,,Som[e]th [th]e paym[entes] on the other side,357597,16,1
2140,V2140,head,55r,1643-03-02,,march 2 1642[/3],,,
2141,V2141,open table,55r,1643-03-02,156,p[ai]d major Balfour for a whole mo[nths] pay for his troop uppon accompt,349,6,-
2142,V2142,tr,55r,1643-03-02,140,p[ai]d Coll[onel] Langham for a mo[nths] pay for [th]e officers & 908 sold[ier]s of his Regi[men]t from [th]e 10th Janu[ary] to the vith Feb[ruary] 1389.5.4 p[ai]d of this in part,1200,0,0
2143,V2143,tr,55r,1643-03-02,108,p[ai]d major Bamfeild for on mo[nths] pay of the officers and sold[ier]s of my lord g[e]n[era]ll[es] Regi[men]t uppon accompt,1892,-,-
2144,V2144,tr,55r,1643-03-02,157,p[ai]d C[aptain] Crosse for on whole mo[nths] pay for his troop,349,6,0
2145,V2145,close table,55r,1643-03-02,154,p[ai]d Coll[onel] Bulstrood toward[es] payment of his reg[imen]t uppon accompt [th]e war[ran]t was 1211. I paid in part,900,-,-
2146,V2146,head,55r,1643-03-03,,3 [March 1642/3],,,
2147,V2147,open table,55r,1643-03-03,136,p[ai]d major skippon in part of a warr[an]tt of 448:4.0 for his troop,400,0,0
2148,V2148,tr,55r,1643-03-03,125,p[ai]d Coll[onel] midleton in part of a warr[an]t of three hundreth seventy three pownd[es] 12s for his troop,300,0,0
2149,V2149,tr,55r,1643-03-03,33,p[ai]d S[i]r w[illia]m Balfour in part of a warr[an]tt of 565.12.0 for a mo[nths] pay for his troope,400,-,-
2150,V2150,tr,55r,1643-03-03,17,p[ai]d m[aste]r w[illia]m Morton Chaplaine to S[i]r w[illia]m Balfour reg[imen]t for his and his servant[es] pay to the 25 Janu[ary],24,5,4
2151,V2151,tr,55r,1643-03-03,13,p[ai]d Coll[onel] Jo[hn] Hambden in part of a warr[an]t of 1334.1.4 for his reg[imen]t,1000,0,0
2152,V2152,tr,55r,1643-03-03,11,p[ai]d major Gunter in part of a warr[an]t of 349.6. for a mo[nths] pay for his troop,300,-,-
2153,V2153,tr,55r,1643-03-03,18,p[ai]d Capt[ain] James Sheffeild the like,300,-,-
2154,V2154,tr,55r,1643-03-03,30,p[ai]d Coll[onel] Ballard in part of a warr[an]t of 849.16. for his reg[imen]t,700,-,-
2155,V2155,tr,55r,1643-03-03,132,p[ai]d Coll[onel] Holmstead for a mo[nths] pay for for [th]e officers & 774 sold[ier]s to [th]e 4 march,1264,4,-
2156,V2156,tr,55r,1643-03-03,37,p[ai]d S[i]r Phillip stapleton in part of a warr[an]t of 1339.2.0. for a mo[nths] pay for [th]e gentlemen of my lord g[e]n[era]ll[es] troope,1000,0,0
2157,V2157,tr,55r,1643-03-03,111,p[ai]d the lord Rochford uppon accompt of his reg[imen]t,350,0,0
2158,V2158,tr,55r,1643-03-03,7,p[ai]d Edward & will[ia]m Browne & will[iam] Heydon Ensigne bearer [^late^] officers of [th]e lord whartons Regi[men]t for [th]e pay due to them for 2 monthes and three week[es] from [th]e 4 of november to [th]e 19 Janu[ary] as by [th]e war[rant],42,7,-
2159,V2159,close table,55r,1643-03-03,,,368369,4,5
2160,V2160,pb,55v,1643-03-03,,55v,,,
2161,V2161,table (single row),55v,1643-03-03,,Sommeth [th]e paym[entes] on the other side,368369,4,5
2162,V2162,head,55v,1643-03-03,,march 3 [1642/3],,,
2163,V2163,open table,55v,1643-03-03,127,p[ai]d S[i]r Edward Peto for paym[en]t of his officers & soldiers of his compa[ny] of fierlock[es] as by [th]e warr[an]te,113,3,4
2164,V2164,close table,55v,1643-03-03,26,p[ai]d Quartermaster Benjamin Blackberry for and toward[es] the payment of the troop of Capt[ain] Jo[hn] Fleming now riding in the troop late under the Comand of major Pretty uppon accompt,40,-,-
2165,V2165,head,55v,1643-03-04,,4 marche [1642/3],,,
2166,V2166,open table,55v,1643-03-04,162,p[ai]d Captaine daniell welky & Captaine Robert melvill captains of foot compa[nies] for on mo[nths] pay uppon acc[oun]tt being presentlie to be imployed in the service in North hampton shir,42,-,-
2167,V2167,close table,55v,1643-03-04,142,p[ai]d david Barkley for a whole months pay to be advanced as Collonell,42,-,-
2168,V2168,head,55v,1643-03-06,,6 march [1642/3],,,
2169,V2169,open table,55v,1643-03-06,,p[ai]d John waylet surgeon for 15 week[es] pay endinge [th]e 6 of Febr[uary] besid[es] 3l.15s. rec[eive]d in part therof,15,-,-
2170,V2170,tr,55v,1643-03-06,176,p[ai]d michael Barke Edward Pilkinton & & 5 other m[aste]r gunsmithes for pay for 9 week[es] at 7l p[er] weeke & for 3 servant[es] at 42s a weeke endinge [th]e 22 Feb[ruary],81,18,-
2171,V2171,tr,55v,1643-03-06,163,p[ai]d w[illia]m Turpin gentleman for the espetiall service of the state,100,0,0
2172,V2172,tr,55v,1643-03-06,104,p[ai]d leifft[enant] Collonel Purfroy for his pay as leifft[enant] Coll[onel] for 60 daies from the 1 Janu[ary] to the 6 of march,60,0,0
2173,V2173,close table,55v,1643-03-06,156,p[ai]d [th]e lord mordent for a mo[nths] pay for his troop uppon accompt,349,6,0
2174,V2174,head,55v,1643-03-07,,7 march [1642/3],,,
2175,V2175,open table,55v,1643-03-07,27,p[ai]d Captaine John Halle in p[ar]t of a mo[nths] pay of his trope,150,0,0
2176,V2176,tr,55v,1643-03-07,122,p[ai]d S[i]r James Ramsey the like,150,0,0
2177,V2177,tr,55v,1643-03-07,52,p[ai]d C[aptain] Chichester,100,0,0
2178,V2178,tr,55v,1643-03-07,163,p[ai]d C[aptain] Boswell in part for his troope,100,0,0
2179,V2179,tr,55v,1643-03-07,4,p[ai]d Coll[onel] urrey in p[ar]t of a warr[ant] for his troope,250,0,0
2180,V2180,tr,55v,1643-03-06,29,p[ai]d Capt[ain] Edward wingate in part of a warr[ant] of 811.17 for his troop in 2 paym[entes] of the 10 [Decem]bre & 6 march,250,0,0
2181,V2181,tr,55v,1643-03-07,16,p[ai]d Capt[ain] Evelin in part of a war[rant] for his troope of 300l,150,0,0
2182,V2182,close table,55v,1643-03-07,,,370362,11,9
2183,V2183,pb,56r,1643-03-07,,56r,,,
2184,V2184,table (single row),56r,1643-03-07,,Sommeth [th]e paym[entes] on the other side,370302,11,9
2185,V2185,head,56r,1643-03-07,,March 7 1642[/3],,,
2186,V2186,open table,56r,1643-03-07,63,p[ai]d Capt[ain] Thomas Hamond in part of a warr[ant] of 300l for his troope,150,0,0
2187,V2187,tr,56r,1643-03-07,37,p[ai]d S[i]r phillipe Stapleton more in part of a warr[ant] of 1339.2.0,44,0,0
2188,V2188,tr,56r,1643-03-07,12,p[ai]d Coll[onel] Richard Browne in part of a warr[ant] of 349.6.0 for his troop,200,0,0
2189,V2189,tr,56r,1643-03-07,120,p[ai]d S[i]r John norrich toward[es] payment of his troope uppon accompt,100,0,0
2190,V2190,tr,56r,1643-03-07,83,p[ai]d Capt[ain] Symon Rudglie in part of a warr[ant] of 500l for his troop,300,0,0
2191,V2191,tr,56r,1643-03-07,101,p[ai]d Capt[ain] Lidcot in part of a warr[ant] of 200l,100,0,0
2192,V2192,tr,56r,1643-03-07,26,p[ai]d C[aptain] George Austin in part of a warr[ant] of 150l uppon accompt,100,0,0
2193,V2193,tr,56r,1643-03-07,165,p[ai]d C[aptain] Edward Sand[er]s in part of a warr[ant] of 250l toward[es] payment of his troope,140,0,0
2194,V2194,tr,56r,1643-03-07,98,p[ai]d C[aptain] mathew draper in part of a warr[ant] of 324.2.0. for a mo[nths] pay for his troope,200,0,0
2195,V2195,tr,56r,1643-03-07,92,p[ai]d S[i]r Samuell luke in part of a warr[ant] of 349.6.0 for a mo[nths] pay for his troope,200,0,0
2196,V2196,tr,56r,1643-03-07,75,p[ai]d the lady Katharin Essex wiffe of S[i]r w[illia]m Essex for his 3 mo[nths] pay uppon accompt in part of a warr[an]t of 63,40,0,0
2197,V2197,tr,56r,1643-03-07,148,p[ai]d C[aptain] Richard Hodgson Capt[ain] of a compa[ny] of Pyoners in part of a warr[an]t of 28l,17,10,0
2198,V2198,tr,56r,1643-03-07,116,p[ai]d C[aptain] Henry Rowe capt[ain] of pioneers in part of a warr[ant] of 48.15.0.,25,0,0
2199,V2199,tr,56r,1643-03-07,116,p[ai]d C[aptain] Frodsham in part of a warr[ant] of 35.10,20,0,0
2200,V2200,tr,56r,1643-03-07,149,p[ai]d Capt[ain] Cheese another Capt[ain] of pioneers in p[ar]t of a warr[an]t of 30.4.0.,17,10,0
2201,V2201,tr,56r,1643-03-07,5,p[ai]d Thomas shemond[es] surgeon to my lord[es] Regi[men]t of horse in part of a warr[ant] of 33.12,17,12,-
2202,V2202,tr,56r,1643-03-07,156,p[ai]d John Brak[es] late a trooper in major Belfours troope who by reason of manie wound[es] Rec[eive]d at the battle of Keinton hath rec[eive]d noe pay from [th]e 23 [Octo]bre to [th]e 7 march being due to him 16.17.6. p[ai]d in part,10,0,0
2203,V2203,tr,56r,1643-03-07,156,p[ai]d daniel Prescot anoth[e]r trooper in part of 15.2.6,10,0,0
2204,V2204,tr,56r,1643-03-07,156,p[ai]d Jo[hn] Keynon anoth[e]r troop[e]r in p[ar]t of a war[rant] of 17.12.6,10,0,0
2205,V2205,tr,56r,1643-03-07,156,p[ai]d Thomas wright anoth[e]r troop[er] in p[ar]t of 17.5.0,10,0,0
2206,V2206,tr,56r,1643-03-07,156,p[ai]d Hugh Atkinson another troop[er] in p[ar]t of 17.0.0,10,0,0
2207,V2207,tr,56r,1643-03-07,65,p[ai]d S[i]r Edward dodsworth in p[ar]t of a warr[an]t of 70.0.0,50,0,0
2208,V2208,close table,56r,1643-03-07,,,372134,3,9
2209,V2209,pb,56v,1643-03-07,,56v,,,
2210,V2210,table (single row),56v,1643-03-07,,Sommeth [th]e paym[entes] on the other side,372134,3,9
2211,V2211,head,56v,1643-03-07,,March 7 1642[/3],,,
2212,V2212,table (single row),56v,1643-03-07,[...],Captaine Anselme in p[ar]t of a war[rant] of [?560?].12.0 for a mo[nths] pay for my lord of Bedford[es] troop,400,-,-
2213,V2213,head,56v,1643-03-08,,8 marche [1642/3],,,
2214,V2214,open table,56v,1643-03-08,92,p[ai]d S[i]r Samuell luke to be expended for [th]e service of the state,100,-,-
2215,V2215,tr,56v,1643-03-08,148,p[ai]d Albon Cox Captaine of a troop of hors uppon acc[oun]tt,20,-,-
2216,V2216,tr,56v,1643-03-08,,p[ai]d docter Odlinge on of the phisitions of the Army for 3 mo[nths] pay from [th]e 1 december to the 28 Febr[uary] at 6s.8d p[er] diem,28,-,-
2217,V2217,tr,56v,1643-03-08,23,p[ai]d m[aste]r Bowles Chaplain to S[i]r John meldroms Regiment for 2 mo[nths] & a half pay from [th]e 15 [Decem]bre to the 22 Febr[uary],28,-,-
2218,V2218,tr,56v,1643-03-08,23,p[ai]d m[aste]r w[illia]m Sedgwicke chaplaine for S[i]r will[ia]m Constables Regi[men]t for 2 mo[nths] pay for himself and his servant uppon accompt,24,5,4
2219,V2219,tr,56v,1643-03-08,179,p[ai]d m[aste]r w[illia]m Pickering on of the gentlemen of my lord g[e]n[era]ll[es] lieffguard for soe much laid out by him for raising of dragoon horses,26,10,
2220,V2220,tr,56v,1643-03-08,,p[ai]d Hister Price widdow for monies by her expended in provisions for sick & maimed soldiers at warwicke,5,-,-
2221,V2221,close table,56v,1643-03-08,6,p[ai]d m[aste]r Calibut downinge Chaplaine to my lord Robert[es] Regi[men]t for 3 mo[nths] pay for himself & servant ending 22 Feb[ruary],35,16,-
2222,V2222,head,56v,1643-03-09,,9 [March 1642/3],,,
2223,V2223,open table,56v,1643-03-09,116,p[ai]d Capt[ain] Frodsham in full of a warr[an]t of [th]e 27 Febr[uary],15,10,-
2224,V2224,tr,56v,1643-03-09,33,p[ai]d S[i]r w[illia]m Balfour in full of a war[rant] of the 28 Febr[uary],165,12,-
2225,V2225,tr,56v,1643-03-09,126,p[ai]d Capt[ain] Peeter Cannon for [th]e buyinge of severall things belonging to the traine of Artigliry uppon acc[oun]tt,300,-,-
2226,V2226,tr,56v,1643-03-09,6,p[ai]d Edward Cooke surgeon to my lord Robert[es] Regi[men]t for 2 mo[nths] & 10 dayes pay for him & 2 mat[es] to the 14 Febr[uary],29,14,-
2227,V2227,tr,56v,1643-03-09,89,p[ai]d Anthony Macham liefft[enant] to Capt[ain] Gibbons in my lord whartons Regi[men]t for a mo[nths] pay uppon accompt,5,12,-
2228,V2228,close table,56v,1643-03-09,,,373318,3,1
2229,V2229,pb,57r,1643-03-09,,57r,,,
2230,V2230,table (single row),57r,1643-03-09,,Sommeth [th]e paym[entes] on the other side,343318,3,1
2231,V2231,head,57r,1643-03-09,,marche 9 1642[/3],,,
2232,V2232,open table,57r,1643-03-09,125,p[ai]d Collonell midleton [th]e remainer of a war[ran]t of the 28 Febr[uary] of 373.12,73,12,-
2233,V2233,tr,57r,1643-03-09,125,more p[ai]d him for 2 whole monthes due to him as Collonell from [th]e Janu[ary] to [th]e 26 Fe[bruary] at 30s p[er] diem,84,0,0
2234,V2234,tr,57r,1643-03-09,61,p[ai]d liefft[enant] Strelly toward[es] pay of the troop late S[i]r Sigismond Alexand[e]r uppon acc[oun]tt,150,0,0
2235,V2235,tr,57r,1643-03-09,98,p[ai]d Jo[hn] Bridges and w[illia]m dod 2 troop[er]s of Cap[tain] drap[er]s troop wounded at Kinton in part of a warr[ant] for 18 week[es] pay 31 10.0,20,0,0
2236,V2236,tr,57r,1643-03-09,60,p[ai]d nicholas Trowgood & John Kendale 2 sergeant[es] of that compa[ny] of dragoones wherof Capt[ain] Tindall was capt[ain] in part of a warr[an]t of [th]e 9 march of 28l,20,0,0
2237,V2237,tr,57r,1643-03-09,,p[ai]d docter Nevill on of Phisitions of the Army toward[es] his entertainm[en]t uppon acc[oun]tt,30,0,0
2238,V2238,tr,57r,1643-03-09,100,p[ai]d m[aste]r Richard Gardiner another Phisition,30,-,
2239,V2239,tr,57r,1643-03-09,,p[ai]d Rober Jones a wounded troop[er] in part of a warr[ant] of 9 pres[en]t of 15,10,0,0
2240,V2240,tr,57r,1643-03-09,118,p[ai]d Capt[ain] Symon Mathewes uppon acc[oun]tt for his troop of dragoon[er]s,60,0,0
2241,V2241,tr,57r,1643-03-09,165,p[ai]d Cap[tain] Thomas Rog[er]s capt[ain] of Foot latlie in [th]e Regi[men]t of C[olone]ll Grantham for pay due to himself and severall other officers uppon acc[oun]tt,50,0,0
2242,V2242,tr,57r,1643-03-09,98,p[ai]d Capt[ain] mathew drap[er] in full of a war[rant] of 28 Febr[ruary] of 324.2,124,2,-
2243,V2243,tr,57r,1643-03-09,33,p[ai]d Gilbert Carr Capt[ain] leifftenn[ant] to S[i]r w[illia]m Balfours troop in part of a war[rant] dated [th]e 2 Febr[uary] of 69.14,50,-,-
2244,V2244,close table,57r,1643-03-09,17,p[ai]d Major w[illia]m Pretty in part of a war[rant] dated [th]e 28 Febr[uary] of 352.16.,250,0,0
2245,V2245,head,57r,1643-03-10,,10 [March 1642/3],,,
2246,V2246,open table,57r,1643-03-10,41,p[ai]d Capt[ain] Rob[er]t Hammon beinge soe much due to C[aptain] J[oh]n Hammon late capt[ain] of a troope of horse deceased,54,0,0
2247,V2247,tr,57r,1643-03-10,130,p[ai]d Jo[hn] Smith Capt[ain] of a Foot compa[ny] in [th]e g[enera]ll[es] reg[imen]t uppon accompt,50,0,0
2248,V2248,tr,57r,1643-03-10,135,p[ai]d C[aptain] Mathew Scalticke [th]e like,50,0,0
2249,V2249,tr,57r,1643-03-10,144,p[ai]d C[aptain] Henry Gauler the like,40,0,0
2250,V2250,tr,57r,1643-03-10,164,p[ai]d C[aptain] John Huson [th]e like,50,0,0
2251,V2251,tr,57r,1643-03-10,66,p[ai]d C[aptain] Anthony Sanderson [th]e like,30,0,0
2252,V2252,close table,57r,1643-03-10,,,374543,17,1
2253,V2253,pb,57v,1643-03-10,,57v,,,
2254,V2254,table (single row),57v,1643-03-10,,Sommeth [th]e paym[entes] on the other side,374543,17,1
2255,V2255,head,57v,1643-03-10,,marche 10 1642[/3],,,
2256,V2256,open table,57v,1643-03-10,4,p[ai]d Coll[onel] urry the remainer of a warr[ant] of 384.16. of [th]e 28 febr[uary],134,16,-
2257,V2257,tr,57v,1643-03-10,4,more for pay due to him as Coll[onel] of a Regi[men]t of horse,100,-,-
2258,V2258,close table,57v,1643-03-10,26,p[ai]d C[aptain] George Austine Capt[ain] of a troope of horse in part of a warr[an]tt of [th]e 29 [Novem]bre,80,-,-
2259,V2259,head,57v,1643-03-11,,11 [March 1642/3],,,
2260,V2260,table (single row),57v,1643-03-11,81,p[ai]d Capt[ain] Thomas Bushell toward[es] [th]e pay of my lord g[e]n[era]ll[es] owne compa[ny] uppon acc[oun]tt,30,-,-
2261,V2261,head,57v,1643-03-17,,17 Marche [1642/3],,,
2262,V2262,open table,57v,1643-03-17,49,p[ai]d Thomas Pudsey for soe much disbursed by Jams Kirle Esquire receaver of my lord g[e]n[era]ll[es] Rent[es] in Herefordshir toward[es] payment of his Regi[men]t & troope of horse,280,-,-
2263,V2263,tr,57v,1643-03-17,102,p[ai]d Robert Chambers secretary of the army for soe much by him disbursed in messages cariage of packet[es] reward[es] & the like from [th]e 16 [Octo]bre to [th]e 27 febr[ruary],120,18,2
2264,V2264,tr,57v,1643-03-17,9,p[ai]d m[aste]r Jo[hn] Page chaplaine to my lord Rochford[es] Regi[men]t for his & his servant[es] pay for 2 mo[nths] endinge [th]e 18 march,24,5,4
2265,V2265,tr,57v,1643-03-17,75,p[ai]d S[i]r Jo[hn] Meldrom for 1/2 a mo[nths] pay for him in severall offices,67,13,4
2266,V2266,tr,57v,1643-03-17,49,p[ai]d Adam Baynard Capt[ain] leifft[enant] of my lord g[enera]ll[es] troope of liff guard for his pay to the 15 march,68,12,-
2267,V2267,tr,57v,1643-03-17,176,p[ai]d Capt[ain] david Kininmont C[aptain] Robert Rotherford C[aptain] david Hunter C[aptain] Robert Hunter & capt[ain] w[illia]m Abernethy reformado captains of Foot for ther severall paies for a mo[nths] uppon acc[oun]t at 21l each,105,0,0
2268,V2268,tr,57v,1643-03-17,45,p[ai]d Capt[ain] Thomas Tirrill for making up his last mo[nths] pay for his [?troop?],49,6,-
2269,V2269,close table,57v,1643-03-17,50,p[ai]d Collonel Billinsly toward [^his^] pay as assistant g[e]n[era]ll of the Army uppon acc[oun]tt,50,-,-
2270,V2270,head,57v,1643-03-18,,18 [March 1642/3],,,
2271,V2271,open table,57v,1643-03-18,7,p[ai]d Robert Hughs late ensigne to a foot compa[ny] in my lord whartons reg[imen]t for his pay as ensigne from [th]e 19 Janu[ary] to [th]e 17 march being 57 dayes,8,11,-
2272,V2272,tr,57v,1643-03-18,40,p[ai]d S[i]r Jo[hn] merricke for severall payes belonging to him self as by [th]e warr[an]t,214,4,0
2273,V2273,close table,57v,1643-03-18,,,375877,2,11
2274,V2274,pb,58r,1643-03-18,,58r,,,
2275,V2275,table (single row),58r,1643-03-18,,Sommeth [th]e paym[entes] on the other side,375877,2,11
2276,V2276,head,58r,1643-03-24,,24 march [1642/3],,,
2277,V2277,table (single row),58r,1643-03-24,176,p[ai]d James Browne leifft[enant] reformado of horse for a months pay p[er] acc[oun]tt,11,4,-
2278,V2278,head,58r,1643-03-29,,29 [March 1643],,,
2279,V2279,table (single row),58r,1643-03-29,132,p[ai]d Anthony Fastaff Comissary of the draft horses uppon acc[oun]tt,10,-,-
2280,V2280,head,58r,1643-03-29,,No 13,,,
2281,V2281,open table,58r,1643-03-29,109,p[ai]d Captaine Vernon deputy Th[reasure]r of [th]e Army for his pay from [th]e 28 Febr[uary] to the 30 march inclusive at 6s.8d p[er] diem,10,0,0
2282,V2282,close table,58r,1643-03-29,,more for 3 clark[es] allowed him at 2s p[er] diem each,9,0,0
2283,V2283,head,58r,1643-04-10,,Aprill 10 [1643],,,
2284,V2284,open table,58r,1643-04-10,136,p[ai]d major generall Skippon for 1/2 a monthes pay for the officers and 1033 soldiers of his reg[imen]t uppon acc[oun]tt,794,19,4
2285,V2285,tr,58r,1643-04-10,78,p[ai]d Comissary Bond for provision of victuall[es] delivered out by severall sutlers to severall regiment[es] of the Army to be deducted out of ther pay,200,0,0
2286,V2286,tr,58r,1643-04-10,,more for pay to him self deputies and other officers uppon accompt,200,-,-
2287,V2287,tr,58r,1643-04-10,166,p[ai]d Coll[onel] George Melve to be by him paid to sergeant major heborne beinge soe much by him p[ai]d to some of the officers of the Army now prisoners at Oxford,30,0,0
2288,V2288,tr,58r,1643-04-10,100,p[ai]d Docter St John on of the phisitions of the Army for 9 week[es] pay beg[inning] 19 [Novem]bre,21,0,0
2289,V2289,tr,58r,1643-04-10,63,p[ai]d Capt[ain] Thomas Hamon for 1/2 a mo[nths] pay for his troop uppon accompt,174,13,-
2290,V2290,tr,58r,1643-04-10,,more for 1/2 a mo[nths] pay for the officers and sold[ier]s of the troop late in major prettyes Command,107,16,
2291,V2291,tr,58r,1643-04-10,33,p[ai]d Coll[onel] Cholmly toward[es] the pay of his Regi[men]t for 1/2 a mo[nths] uppon accompt,517,15,-
2292,V2292,tr,58r,1643-04-10,125,p[ai]d Coll[onel] midleton for 1/2 a months pay for his troop uppon acc[oun]tt,186,16,0
2293,V2293,tr,58r,1643-04-10,11,p[ai]d major Gunter for 1/2 a mo[nths] pay for his troop uppon acc[oun]tt,209,13,-
2294,V2294,tr,58r,1643-04-10,16,p[ai]d Capt[ain] Evelin for 1/2 a mo[nths] pay for his troop uppon accompt,174,13,-
2295,V2295,tr,58r,1643-04-10,142,p[ai]d Coll[onel] Barkley for 1/2 a mo[nths] pay for his reg[imen]t uppon acc[oun]tt,691,7,4
2296,V2296,close table,58r,1643-04-10,,exam[in]ed,379225,19,7
2297,V2297,pb,58v,1643-04-10,,58v,,,
2298,V2298,table (single row),58v,1643-04-10,,Sommeth [th]e paym[entes] on the other side,379225,19,7
2299,V2299,head,58v,1643-04-12,,12 Aprill [1643],,,
2300,V2300,open table,58v,1643-04-12,49,p[ai]d Capt[ain] Pudsey for a whole mo[nths] pay for himself & 30 of my lord[es] guard of harbediers uppon accompt,91,-,-
2301,V2301,tr,58v,1643-04-12,127,p[ai]d S[i]r Edward Peyto uppon accompt of the traine of Artigliry in part of a warr[an]t of 1449.11.4,1000,-,-
2302,V2302,tr,58v,1643-04-12,106,p[ai]d Major Blare for 1/2 a mo[nths] pay for his troop uppon acc[oun]tt,174,13,-
2303,V2303,tr,58v,1643-04-12,176,p[ai]d [th]e gunsmiths for 3 week[es] uppon acc[oun]t,27,6,-
2304,V2304,tr,58v,1643-04-12,25,p[ai]d liefft[enant] maximilian Petty for 1/2 a months pay for himself officers and 35 troop[er]s of C[aptain] scroops troop,99,15,-
2305,V2305,tr,58v,1643-04-12,156,p[ai]d the lord mordent for 1/2 a month for his troop,174,13,-
2306,V2306,tr,58v,1643-04-12,43,p[ai]d Capt[ain] Fra[ncis] Tomson the like,174,13,-
2307,V2307,tr,58v,1643-04-12,98,p[ai]d Capt[ain] draper the like,169,1,-
2308,V2308,tr,58v,1643-04-12,44,p[ai]d Captaine Greenvile the like,174,13,-
2309,V2309,tr,58v,1643-04-12,119,p[ai]d major w[illia]m urrey the like,192,8,-
2310,V2310,tr,58v,1643-04-12,156,p[ai]d major Belfour the like,174,13,-
2311,V2311,tr,58v,1643-04-12,122,p[ai]d S[i]r James Ramsey the like,174,13,
2312,V2312,tr,58v,1643-04-12,18,p[ai]d Ca[ptain] Sheffeild the like,174,13,-
2313,V2313,tr,58v,1643-04-12,83,p[ai]d Ca[ptain] [^Rudgly^] the like,174,13,-
2314,V2314,tr,58v,1643-04-12,157,p[ai]d C[aptain] Crosse the like,209,13,-
2315,V2315,tr,58v,1643-04-12,92,p[ai]d S[i]r Samuel luke the like,209,13,-
2316,V2316,tr,58v,1643-04-12,12,p[ai]d Coll[onel] Browne the like for his troop,174,13,-
2317,V2317,tr,58v,1643-04-12,45,p[ai]d C[aptain] Thomas Tirell the like,174,13,-
2318,V2318,tr,58v,1643-04-12,36,p[ai]d S[i]r Robert Py the like,174,13,-
2319,V2319,tr,58v,1643-04-12,7,p[ai]d the lord wharton the like,209,13,-
2320,V2320,tr,58v,1643-04-12,15,p[ai]d Coll[onel] Goodwine the like,174,13,-
2321,V2321,tr,58v,1643-04-12,52,p[ai]d Capt[ain] Chichester the like,174,13,-
2322,V2322,tr,58v,1643-04-12,110,p[ai]d Capt[ain] Fra[ncis] Ingoldesby the like,137,4,-
2323,V2323,tr,58v,1643-04-12,109,p[ai]d Comissary Coply for monie by him disbursed for the service,100,-,-
2324,V2324,tr,58v,1643-04-12,,more for a whole mo[nths] pay for the officers of his troop,132,6,-
2325,V2325,tr,58v,1643-04-12,49,p[ai]d my lord G[e]n[era]ll for a mo[nths] entertainm[en]t beg[inning] 21 Janu[ary],280,0,0
2326,V2326,tr,58v,1643-04-12,,more for another month beg[inning] 18 febr[uary],280,0,0
2327,V2327,close table,58v,1643-04-12,,ex[amined],384634,7,7
2328,V2328,pb,59r,1643-04-12,,59r,,,
2329,V2329,table (single row),59r,1643-04-12,,Som[m]eth the paym[entes] on the other side,384634,7,7
2330,V2330,head,59r,1643-04-12,,12 Aprill 1643,,,
2331,V2331,open table,59r,1643-04-12,127,p[ai]d S[i]r Edward Peyto for 1/2 a mo[nths] pay for him self officers & 74 Fier lock[es] of his compa[ny],56,6,0
2332,V2332,tr,59r,1643-04-12,15,p[ai]d m[aste]r Edward Perkins chaplaine to Coll[onel] Goodwins regim[en]t for 2 mo[nths] pay for him & his servant uppon acc[oun]tt,24,5,4
2333,V2333,tr,59r,1643-04-12,122,p[ai]d m[aste]r John Oxenbrig Chaplaine to S[i]r James Ramseis reg[imen]t the like,24,5,4
2334,V2334,tr,59r,1643-04-12,65,p[ai]d S[i]r Edward dodsworth [th]e remaind[e]r of a warr[an]t of the 1 march,20,0,0
2335,V2335,tr,59r,1643-04-12,137,p[ai]d Coll[onel] Holborn for 1/2 a mo[nths] pay for the officers and sold[ier]s of his reg[imen]t uppon accompt,578,18,0
2336,V2336,tr,59r,1643-04-12,69,p[ai]d the Earle of Peterborrough the like for his Regi[men]t,586,2,-
2337,V2337,tr,59r,1643-04-12,49,p[ai]d the Lord Robert[es] the like for his Regi[men]t,598,18,0
2338,V2338,tr,59r,1643-04-12,132,p[ai]d Coll[onel] Holmstead the like for his Regi[men]t,632,2,-
2339,V2339,tr,59r,1643-04-12,46,p[ai]d S[i]r w[illia]m Constable the like for his Regi[men]t,514,10,0
2340,V2340,tr,59r,1643-04-12,154,p[ai]d Coll[onel] Bulstrood the like for his Regi[men]t,605,10,-
2341,V2341,tr,59r,1643-04-12,140,p[ai]d Collonel langham the like for his Regi[men]t,694,12,8
2342,V2342,tr,59r,1643-04-12,75,p[ai]d S[i]r Jo[hn] Meldrom  the like for his Regi[men]t,529,1,-
2343,V2343,tr,59r,1643-04-12,30,p[ai]d Coll[onel] Ballard  the like for his Regi[men]t,443,16,0
2344,V2344,tr,59r,1643-04-12,166,p[ai]d Coll[onel] Melve the like for his Regi[men]t,774,18,0
2345,V2345,tr,59r,1643-04-12,105,p[ai]d major Bamfeild the like for my lord g[e]n[era]ll[es] Regi[men]t,946,-,-
2346,V2346,tr,59r,1643-04-12,13,p[ai]d Coll[onel] Hambden for his Regi[men]t,832,3,-
2347,V2347,tr,59r,1643-04-12,37,p[ai]d S[i]r Phill[i]p stapleton the like for the gentlemen of my lord[es] lieff guard,669,11,-
2348,V2348,tr,59r,1643-04-12,18,p[ai]d m[aste]r symond[es] Chaplain to Coll[onel] midletons reg[imen]t for a mo[nths] pay for him & s[e]rvant,12,2,8
2349,V2349,tr,59r,1643-04-12,119,p[ai]d Major urrey toward[es] his entert[ainmen]t uppon acc[oun]tt,100,0,0
2350,V2350,tr,59r,1643-04-12,136,p[ai]d Capt[ain] Bevil Predieux Capt[ain] of a foot compa[ny] in my lord Peterborrough[es] Regi[men]t for a mo[nths] pay for 91 sold[ier]s upo[n] acc[oun]tt,84,18,8
2351,V2351,tr,59r,1643-04-12,26,p[ai]d Capt[ain] G. Austine for 1/2 a mo[nths] pay for officers & 38 troop[er]s,84,9,0
2352,V2352,tr,59r,1643-04-12,84,p[ai]d m[aste]r Abraham webb Apothecary for severall paym[entes] as by [th]e warr[an]t,169,-,-
2353,V2353,close table,59r,1643-04-12,,,393615,16,3
2354,V2354,pb,59v,1643-04-12,,59v,,,
2355,V2355,table (single row),59v,1643-04-12,,Som[m]eth [th]e paym[entes] on the other side,393615,16,3
2356,V2356,head,59v,1643-04-12,,12 Aprill 1643,,,
2357,V2357,open table,59v,1643-04-12,61,p[ai]d S[i]r Sigismond Alexand[e]r for 2 mo[nths] pay [?at?] 20s p[er] diem,56,0,0
2358,V2358,tr,59v,1643-04-12,32,p[ai]d widdow dowglas [th]e relict of major dowglas slaine at worcester,50,-,-
2359,V2359,tr,59v,1643-04-12,176,p[ai]d leifft[enant] vestinghoven & Cornet schwekhowsen duch reformados in part of pay due to them,40,-,-
2360,V2360,tr,59v,1643-04-12,120,p[ai]d S[i]r Jo[hn] norrich for 1/2 a mo[nths] pay for [th]e officers & 26 troop[er]s of his troope,83,13,-
2361,V2361,tr,59v,1643-04-12,,p[ai]d the traine of Artigliry in p[ar]t of a war[ran]t of the 11 Ap[ri]ll,'0000 [sic: entry deleted],-,-
2362,V2362,tr,59v,1643-04-12,33,p[ai]d S[i]r w[illia]m Balfour for 1/2 a mo[nths] pay for his troope uppon acc[oun]tt,282,16,-
2363,V2363,tr,59v,1643-04-12,61,p[ai]d C[aptain] Richard Fines for a whole mo[nths] pay for the the time he Comanded S[i]r Sigismond Alexand[er]s troope,54,12,-
2364,V2364,tr,59v,1643-04-12,166,p[ai]d Capt[ain] Charles ducket Capt[ain] of a a Foat compa[ny] in S[i]r Jo[hn] Hamdens Regi[men]t for several paym[entes] as by [th]e war[rant],170,1,-
2365,V2365,tr,59v,1643-04-12,122,p[ai]d C[aptain] Samuell Bosa for a mo[nths] pay for a mo[nths] pay for his self as captaine of horse his lieff[tenant] & Antient,98,14,-
2366,V2366,tr,59v,1643-04-12,132,p[ai]d m[aste]r Falstaff Comissary of the draft horses uppon acc[oun]tt,700,-,-
2367,V2367,tr,59v,1643-04-12,136,p[ai]d major G[e]n[era]ll skippon for 1/2 a monthes pay for his troop,224,7,-
2368,V2368,tr,59v,1643-04-12,154,p[ai]d Capt[ain] dundasse toward[es] paym[en]t of his compa[ny] of dragoon[er]s upp[o]n acc[oun]tt,200,-,-
2369,V2369,tr,59v,1643-04-12,123,p[ai]d Capt[ain] melvine for 1 / 2 a mo[nths] pay for his officers & dragon[er]s,100,-,-
2370,V2370,tr,59v,1643-01-06,69,p[ai]d my lord of Peeterborrow [th]e 6 Janu[ary] in part of a warr[an]t of [th]e 3 [Decem]bre for wagons,200,0,0
2371,V2371,tr,59v,1643-04-12,143,p[ai]d in part of 6 warrent[es] due to the severall Captains of the Regi[men]t of dragoners under Collonel seton according to [th]e noat[es] warent[es] & receipt[es] - captaine sparro had his warr[an]t to rec[eive] the [?rem?] in Lond[o]n [?1378?],870,0,0
2372,V2372,tr,59v,1643-04-12,166,p[ai]d major Bains in part of severall warent[es] for the officers of [th]e said Regi[men]t now under Collonel melves  Comand,1050,-,-
2373,V2373,close table,59v,1643-04-12,,,397795,19,3
2374,V2374,p,59v,1643-04-12,,an acc[oun]t sent to london to S[i]r Gilbert Gerrard to this day.,,,
2375,V2375,pb,60r,1643-04-12,,60r,,,
2376,V2376,table (single row),60r,1643-04-12,,Sommeth [th]e paym[entes] on the other side,397795,19,3
2377,V2377,head,60r,1643-04-13,,13 Aprill [1643],,,
2378,V2378,open table,60r,1643-04-13,69,p[ai]d my lord of Peeterborrough toward[es] his entertainm[en]t as marshall of the feild uppon accompt,200,0,0
2379,V2379,tr,60r,1643-04-13,122,p[ai]d Capt[ain] Bosa for 1/2 a mo[nths] pay for the oficers and 30 sold[ier]s of his troop,122,3,0
2380,V2380,tr,60r,1643-04-13,92,p[ai]d S[i]r Samuel luke toward[es] his pay as Scout m[aste]r generall uppon accompt,200,0,0
2381,V2381,tr,60r,1643-04-13,116,p[ai]d Henry Row Capt[ain] of Pion[eer]s in full of a warr[an]t of [th]e 28 Febr[uary],23,15,0
2382,V2382,tr,60r,1643-04-13,148,p[ai]d Richard Hodgson C[aptain] of pion[eer]s in ful of a war[rant] of the 16 febr[uary],10,10,0
2383,V2383,tr,60r,1643-04-13,149,p[ai]d w[illia]m Chees Capt[ain] of Pioneers in full of a warr[an]t of the 27 febr[uary],12,14,0
2384,V2384,tr,60r,1643-04-13,111,p[ai]d my lord Rochford for 1/2 a mo[nths] pay for his Regi[men]t uppon accompt,410,13,4
2385,V2385,tr,60r,1643-04-13,21,p[ai]d Capt[ain] Anselme for 1/2 a mo[nths] pay for him self office[rs] & 96 cuirassiers upon acc[oun]t,322,0,0
2386,V2386,tr,60r,1643-04-13,173,p[ai]d Capt[ain] Adam Baynard for 1/2 a mo[nths] pay for that troop w[hi]ch latelie was S[i]r Sygismond Alexand[er]s uppon acc[oun]t,174,13,0
2387,V2387,tr,60r,1643-04-13,152,p[ai]d major Meldrom for 1/2 a mo[nths] pay for his troop,141,8,0
2388,V2388,tr,60r,1643-04-13,101,p[ai]d Capt[ain] Lidcot for a paym[en]t of his troop uppo acc[oun]t,100,0,0
2389,V2389,tr,60r,1643-04-13,31,p[ai]d Capt[ain] senior provost marshall g[e]n[era]ll in p[ar]t of a war[ran]t of the 12 present- this war[ran]t is mislaid 186.4.,100,0,0
2390,V2390,tr,60r,1643-04-13,120 this warr[an]t was d[elivere]d to m[aste]r Jessope to pay the rest,p[ai]d S[i]r John norrich in part of a war[ran]t of 1938.16.6 of [th]e 7 march,200,0,0
2391,V2391,tr,60r,1643-04-13,100,p[ai]d Docter Gardiner on of [th]e phisitions of [th]e Army for a mo[nths] pay beginning [th]e 1 march,9,6,8
2392,V2392,tr,60r,1643-04-13,,p[ai]d Docter nevill [th]e like uppon acc[oun]tt,9,6,8
2393,V2393,tr,60r,1643-04-13,163,p[ai]d Capt[ain] Boswell for 1/2 a mo[nths] pay for his troope,157,3,-
2394,V2394,tr,60r,1643-04-13,,p[ai]d Cornet Jo[hn] mansell for a reward for taking [th]e kings coll[our]s at hopton heath,20,0,0
2395,V2395,tr,60r,1643-04-13,173,p[ai]d Capt[ain] Edward sand[er]s for paym[en]t of his troop & new recrut[es] uppon accompt,200,0,0
2396,V2396,tr,60r,1643-04-13,128,p[ai]d Quarter m[aste]r g[e]n[era]ll dulbier for a whole months pay for himself officers & tropers from [th]e 9 [Decem]bre to [th]e 6 Janu[ary],349,6,0
2397,V2397,close table,60r,1643-04-13,,,400558,17,11
2398,V2398,pb,60v,1643-04-13,,60v,,,
2399,V2399,table (single row),60v,1643-04-13,,Sommeth the paym[entes] on the other side,400558,17,11
2400,V2400,head,60v,1643-04-13,,13 Aprill [1643],,,
2401,V2401,open table,60v,1643-04-13,102,p[ai]d docter dorisla advocate of the Army in part of a warrent of 56l dated [th]e 12 Aprill,28,0,0
2402,V2402,tr,60v,1643-04-13,89,p[ai]d Capt[ain] devereux Gibbons Captaine of a late compa[ny] in my lord whartons Regi[men]t for an arrear of pay due to him for [th]e offic[er]s and sold[ier]s of his compa[ny] for a whole mo[nth] to [th]e 23 [Octo]bre,52,5,4
2403,V2403,tr,60v,1643-04-13,42,p[ai]d John Baldwin provost marshall g[e]n[era]ll of [th]e horse for 2 mo[nths] pay for himself leifft[enant] & 8 menn beg[inning] 10 [Decem]bre,98,-,-
2404,V2404,tr,60v,1643-04-13,26,p[ai]d quartermaster Benjamine Blackberry toward[es] payment of himself on Corporall & 16 troop[er]s of Cap[tain] Fleming troop uppon accompt,40,-,-
2405,V2405,tr,60v,1643-04-13,26,more p[ai]d him for 1/2 a mo[nths] pay for himself,6,6,-
2406,V2406,tr,60v,1643-04-13,,p[ai]d John Bridges & w[illia]m Dod wounded troop[er]s in full of a warrent of [th]e 9 march,11,10,-
2407,V2407,tr,60v,1643-04-13,,p[ai]d Jo[hn] Brake [th]e like,6,17,6
2408,V2408,tr,60v,1643-04-13,136,p[ai]d major Generall skippon a whole months pay as major g[enera]ll beginning [th]e 14 Janu[ary] at 40s p[er] diem,56,-,-
2409,V2409,tr,60v,1643-04-13,17,p[ai]d James wright surgeon to S[i]r w[illia]m Balfours Regi[men]t for a month pay for him self and mates beg[inning] [th]e 21 Janu[ary],16,16,0
2410,V2410,tr,60v,1643-04-13,122,p[ai]d Lewellin price surgeon to S[i]r Jam[es] Ramsies Regiment for 1/2 a mo[nths] pay for himself & mates uppon accoun[tt],8,8,-
2411,V2411,tr,60v,1643-04-13,15,p[ai]d Richard Thurston surgeon to Coll[onel] Goodwin for a whole mo[nths] pay beginning [th]e 25 Febru[ary],16,16,-
2412,V2412,tr,60v,1643-04-13,64,p[ai]d Hugh ward surgeon to the reg[imen]t that was the Earle of Bedfords for 6 week[es] pay endinge the 10th february,25,4,-
2413,V2413,tr,60v,1643-04-13,50,p[ai]d Coll[onel] Bilingsly assistant to the major gen[era]ll for his entertainm[en]t uppon acc[oun]t,50,-,-
2414,V2414,tr,60v,1643-04-13,171,p[ai]d Capt[ain] Robotham for a mo[nths] pay as Cap[tain] of a troop of horse beg[inning] 7 Ap[ri]ll,54,6,-
2415,V2415,tr,60v,1643-04-13,29,p[ai]d Capt[ain] wingate toward[es] paym[en]t of his officers and troop[er]s uppon acc[oun]tt,100,0,0
2416,V2416,tr,60v,1643-04-13,27,p[ai]d C[aptain] J[ohn] Hale for 1/2 a mo[nths] pay for his troop uppon acc[oun]t,174,13,-
2417,V2417,close table,60v,1643-04-13,,,401303,19,9
2418,V2418,pb,61r,1643-04-13,,61r,,,
2419,V2419,table (single row),61r,1643-04-13,,Sommeth [th]e paym[entes] on the other side,401303,19,9
2420,V2420,head,61r,1643-04-13,,Ap[ri]ll 13 [1643],,,
2421,V2421,open table,61r,1643-04-13,99,p[ai]d Jo[hn] ward Comissarie g[e]n[era]ll for provisions for horse for 3 whole mo[nths] pay for himself and deputies beg[inning] 16 december,109,4,-
2422,V2422,tr,61r,1643-04-13,,p[ai]d Jo[hn] Hall[es] & Richard webster imployed in the service of the state uppon acc[oun]tt,20,0,0
2423,V2423,tr,61r,1643-04-13,178,p[ai]d m[istres]s Primrose toward[es] her husband Capt[ain] Primrose pay now a prison[e]r in oxford,20,0,0
2424,V2424,tr,61r,1643-04-13,176,p[ai]d Capt[ain] Ja[mes] douglas C[aptain] Robert Rutherford C[aptain] david Kennimonth C[aptain] david Hunter C[aptain] w[illia]m Abernethy C[aptain] w[illia]m Blare & leifft[enan]t Arthur sinclair Scot[es] reformados attending this present service toward[es] ther entertain[men]t upp[on] a[ccount],235,-,-
2425,V2425,tr,61r,1643-04-13,176,"p[ai]d more to Capt[ain] James Barkley Cap[tain] James Boswell, leifft[enan]t Jo[hn] Home & liefften[an]t Georg Inglis scot[es] officers as above",200,0,0
2426,V2426,tr,61r,1643-04-13,176,"p[ai]d Capt[ain] Robert more C[aptain] Jo[hn] Burne C[aptain] Alex[ander] neale, leifft[enant] Jo[hn] Preston leifft[enant] w[illia]m Hill, officers drago[oons]",130,-,-
2427,V2427,tr,61r,1643-04-13,176,p[ai]d Cornet david midleton for pay due to him as a reformado Cornet of horse uppon acc[oun]tt,30,0,0
2428,V2428,tr,61r,1643-04-13,125,p[ai]d Coll[onel] Jo[hn] midleton toward[es] his pay as Coll[onel] of a reg[imen]t of horse uppon acc[oun]tt,100,0,0
2429,V2429,close table,61r,1643-04-13,166,p[ai]d Georg melve Coll[onel] of a reg[imen]t of dragoon[er]s toward[es] his pay uppon acc[oun]tt,100,-,-
2430,V2430,head,61r,1643-04-14,,14 [April 1643],,,
2431,V2431,open table,61r,1643-04-14,180,p[ai]d Capt[ain] J. Bladwell for 1/2 a mo[nths] pay for him self office[r]s and 50 trop[er]s beg[inning] 28 march last,160,15,-
2432,V2432,close table,61r,1643-04-14,12,p[ai]d Coll[onel] Browne late Coll[onel] of a reg[imen]t of dragoon[er]s for a whole mo[nths] pay as Coll[onel] and Capt[ain] uppon acc[oun]tt,70,0,0
2433,V2433,head,61r,1643-04-16,,16 [April 1643] befor reddinge,,,
2434,V2434,open table,61r,1643-04-16,,p[ai]d 5 mained sold[ier]s [^foot^] for ther relief as by [th]e war[ran]t,11,-,-
2435,V2435,close table,61r,1643-04-16,,more to 5 other mained sold[ier]s [^troopers^],25,-,
2436,V2436,head,61r,1643-04-21,,21 [April 1643],,,
2437,V2437,table (single row),61r,1643-04-21,142,p[ai]d Coll[onel] Barkly for a reward for some of his sold[ier]s for speciall service donn at Redding,20,-,-
2438,V2438,head,61r,1643-04-22,,22 [April 1643],,,
2439,V2439,open table,61r,1643-04-22,75,p[ai]d S[i]r Jo[hn] Meldrom by way of reward for sold[ier]s workinge in [th]e aproches at Reddinge,10,0,0
2440,V2440,close table,61r,1643-04-22,,,402544,18,9
2441,V2441,pb,61v,1643-04-22,,61v,,,
2442,V2442,table (single row),61v,1643-04-22,,Sommeth [th]e paym[entes] on the other side,402544,18,9
2443,V2443,head,61v,1643-04-22,,befor Reding Aprill 22 1643,,,
2444,V2444,open table,61v,1643-04-22,[...],p[ai]d Coll[onel] langham for 7 days pay for [th]e sergeant[es] drum[mer]s Corporall[es] & sold[ier]s of his Regi[men]t uppon accompt,192,7,8
2445,V2445,tr,61v,1643-04-22,75,p[ai]d S[i]r Jo[hn] meldroms Regi[men]t the like,136,7,8
2446,V2446,tr,61v,1643-04-22,13,p[ai]d Coll[onel] Hamdens Regi[men]t the like,270,15,8
2447,V2447,tr,61v,1643-04-22,142,p[ai]d Coll[onel] Barklys Regi[men]t [th]e like,215,14,-
2448,V2448,tr,61v,1643-04-22,136,p[ai]d major g[e]n[era]ll skiptons Regi[men]t the like,275,10,6
2449,V2449,tr,61v,1643-04-22,30,p[ai]d Coll[onel] Ballard[es] Regi[men]t the like,99,1,-
2450,V2450,tr,61v,1643-04-22,49,p[ai]d my lord G[e]n[era]ll[es] Regi[men]t the like,317,13,8
2451,V2451,tr,61v,1643-04-22,69,p[ai]d my lord Peeterborroughs Regi[men]t the like,93,9,-
2452,V2452,tr,61v,1643-04-22,111,p[ai]d my lord Rochford[es] Regi[men]t the like,61,14,4
2453,V2453,tr,61v,1643-04-22,49,p[ai]d my lord Robert[es] Regi[men]t the like,192,7,8
2454,V2454,tr,61v,1643-04-22,137,p[ai]d Coll[onel] Holborns Regiment the like,183,1,-
2455,V2455,tr,61v,1643-04-22,33,p[ai]d Coll[onel] Cholmlies Regi[men]t the like,99,1,0
2456,V2456,close table,61v,1643-04-22,127,p[ai]d S[i]r Edward Peyto in full of a warr[an]t of 1449.11.4.  of [th]e 4 Aprill,449,11,4
2457,V2457,head,61v,1643-04-25,,25 [April 1643],,,
2458,V2458,open table,61v,1643-04-25,46,p[ai]d S[i]r w[illia]m Constable for a weeke for his reg[imen]t,150,17,-
2459,V2459,tr,61v,1643-04-25,132,p[ai]d Collonel Holmstead the like,145,14,4
2460,V2460,tr,61v,1643-04-25,127,p[ai]d S[i]r Edward Peyto the like for his compa[ny] of Fierlock[es],17,11,2
2461,V2461,close table,61v,1643-04-25,137,given the soldiers of Coll[onel] Holborns Regi[men]t for workinge in the trenches,20,0,0
2462,V2462,head,61v,1643-04-26,,No. 14 26 [April 1643],,,
2463,V2463,open table,61v,1643-04-26,132,p[ai]d Comissary Fastaff for the draft horses,350,0,0
2464,V2464,close table,61v,1643-04-26,118 60.18,p[ai]d Capt[ain] mathewes for [th]e under officers & 48 dragon[er]s of his troop for 14 days pay,60,-,-
2465,V2465,head,61v,1643-04-27,,27 [April 1643],,,
2466,V2466,table (single row),61v,1643-04-27,167,p[ai]d Capt[ain] Richard [^Fines^] for 1/2 a mo[nths] pay for his troope begining the 7 Ap[ri]l,174,13,-
2467,V2467,head,61v,1643-04-28,,28 [April 1643],,,
2468,V2468,open table,61v,1643-04-28,41,p[ai]d leifft[enant] Bruce late leifft[enant] to Capt[ain] Jo[hn] Hammond for his pay for 6 week[es] ending 23 Janu[ary],48,6,0
2469,V2469,tr,61v,1643-04-28,80,p[ai]d lawrence lowe surgeon uppon a war[rant] of the 2 febr[uary],94,19,4
2470,V2470,tr,61v,1643-04-28,92,p[ai]d S[i]r samuel luke to be imployed uppon the service uppon accompt,100,0,0
2471,V2471,tr,61v,1643-04-28,167,p[ai]d Capt[ain] Andrew Jackson reformado attending this present service for 2 whole month[es] pay as Captaine of horse uppon acc[oun]tt,109,4,-
2472,V2472,close table,61v,1643-04-28,,,406402,18,1
2473,V2473,pb,62r,1643-04-28,,62r,,,
2474,V2474,table (single row),62r,1643-04-28,,Sommeth [th]e payment[es] on the other side,406402,18,1
2475,V2475,head,62r,1643-04-28,,Aprill 28 1643,,,
2476,V2476,table (single row),62r,1643-04-28,168,"p[ai]d unto Edward wollaston, Henry Crossly Richard Hind, Jo[hn] Baldwin, John Symond[es] Thomas Adams, Georg Ewer, George whitledge, Samuel Flesher, Thomas kelsey Thomas Chetwood, John shelby George white gent[lemen] apointed paymasters of the severall Regiment[es] of Foot in the parlim[entes] service the some of 5 pownd[es], to be given 12s to every soldier of the said Regi[men]t[es] by way of reward",5000,0,0
2477,V2477,head,62r,1643-04-29,,29 [April 1643],,,
2478,V2478,open table,62r,1643-04-29,26,p[ai]d Capt[ain] Georg Austin for pay of [th]e corporall[es] Trumpeters farrier & sadler & 25 troop[er]s of his troope for 7 dayes uppon acc[oun]t,27,16,6
2479,V2479,tr,62r,1643-04-29,16,p[ai]d C[aptain] Arthur Evelin for his under officers & 36 troop[er]s the like,36,8,0
2480,V2480,tr,62r,1643-04-29,63,p[ai]d C[aptain] Thomas Hamond the like for his troope,123,4,0
2481,V2481,tr,62r,1643-04-29,27,p[ai]d Ca[ptain] Jo[hn] Hale for his und[e]r officers & 58 men,57,15,0
2482,V2482,tr,62r,1643-04-29,75,p[ai]d Coll[onel] Jo[hn] meldrom the like & 49 troop[er]s,48,16,0
2483,V2483,tr,62r,1643-04-29,106,p[ai]d major Blare the like & 60 troop[er]s,59,10,0
2484,V2484,tr,62r,1643-04-29,168,p[ai]d Coll[onel] Rudglie [th]e like & 42 troop[er]s,42,14,0
2485,V2485,tr,62r,1643-04-29,142,p[ai]d Coll[onel] Alexand[e]r Barkly reformado for 2 whole mo[nths] pay as Coll[onel],84,0,0
2486,V2486,tr,62r,1643-04-29,176,p[ai]d leifft[enant] James Browne reformado for 2 mo[nths] 12 days to [th]e 26 march,33,0,0
2487,V2487,tr,62r,1643-04-29,119,p[ai]d major w[illia]m urrey for his und[e]r officers & 60 troop[er]s for 7 days,59,10,0
2488,V2488,tr,62r,1643-04-29,37,p[ai]d S[i]r Phillip stapleton the like for 90 of my lord[es] leiff guard & under officers,270,18,0
2489,V2489,tr,62r,1643-04-29,69,p[ai]d the Earle of Peeterborrough the like for his und[e]r officers & 36 troop[er]s,38,10,0
2490,V2490,tr,62r,1643-04-29,,more to [th]e paymasters of [th]e Regiment[es] toward[es] the payment of the foot sold[ier]s 12s a peece by way of reward,600,0,0
2491,V2491,tr,62r,1643-04-29,45,p[ai]d Capt[ain] Thomas Tirrell for his under offic[er]s & 54 troop[er]s,54,5,0
2492,V2492,tr,62r,1643-04-29,21,p[ai]d Capt[ain] Anselme the like & for 90 cuirassiers,121,16,0
2493,V2493,tr,62r,1643-04-29,44,p[ai]d C[aptain] Greenvill [th]e like & for 55 troop[er]s,54,1,6
2494,V2494,tr,62r,1643-04-29,169,p[ai]d C[aptain] Richard Cockaine [th]e like & 33 troop[er]s & 15 men on foot,42,6,6
2495,V2495,tr,62r,1643-04-29,173,p[ai]d Capt[ain] Baynard [th]e like & 60 troop[er]s,59,10,0
2496,V2496,tr,62r,1643-04-29,33,p[ai]d S[i]r w[illia]m Balfour [th]e like & 77 Cuir[assiers] & 12 men foot,136,7,6
2497,V2497,tr,62r,1643-04-29,7,p[ai]d the lord wharton [th]e like & 63 troop[er]s,60,7,6
2498,V2498,tr,62r,1643-04-29,123,p[ai]d major david melvin reformado for 2 mo[nths] pay as major & Capt[ain] of horse,142,16,0
2499,V2499,close table,62r,1643-04-29,,,413556,9,7
2500,V2500,pb,62v,1643-04-29,,62v,,,
2501,V2501,table (single row),62v,1643-04-29,,Sommeth [th]e payment[es] on the other side,413556,9,7
2502,V2502,head,62v,1643-04-29,,Ap[ri]ll 29 [1643],,,
2503,V2503,open table,62v,1643-04-29,166,p[ai]d Coll[onel] Georg melve for [th]e under offic[er]s & 397 dragon[er]s of his Regi[men]t 7 days,245,7,-
2504,V2504,tr,62v,1643-04-29,122,p[ai]d C[aptain] Samuel Bosa the like & 30 troop[er]s,33,5,-
2505,V2505,tr,62v,1643-04-29,,p[ai]d Thomas shemond[es] surgeon of my lord g[e]n[era]ll[es] Regi[men]t of horse for remaine of a warr[an]t of 33l 12. of [th]e 1 march,16,0,0
2506,V2506,tr,62v,1643-04-29,43,p[ai]d Capt[ain] Fra[ncis] Tomson for his inferior offic[er]s & 57 troop[er]s,56,17,6
2507,V2507,tr,62v,1643-04-29,92,p[ai]d S[i]r samuel luke [th]e like & for 83 troop[er]s,79,12,6
2508,V2508,tr,62v,1643-04-29,157,p[ai]d Capt[ain] Cross [th]e like & 84 troop[er]s,80,10,-
2509,V2509,tr,62v,1643-04-29,25,p[ai]d C[aptain] scroop [th]e like & for 38 troop[er]s,37,9,-
2510,V2510,tr,62v,1643-04-29,165,p[ai]d C[aptain] Edward sand[er]s the like & for 37 troop[er]s,37,5,6
2511,V2511,tr,62v,1643-04-29,18,p[ai]d C[aptain] James sheffeild the like & for 80 trop[er]s,77,-,-
2512,V2512,tr,62v,1643-04-29,11,p[ai]d major Gunter the like,77,0,0
2513,V2513,tr,62v,1643-04-29,,p[ai]d Fra[ncis] Foster a wounded troop[er] at keinton,5,0,0
2514,V2514,tr,62v,1643-04-29,142,p[ai]d Coll[onel] Henry Barclay for his pay as Coll[onel] and Capt[ain] for on whole mo[nth],63,0,0
2515,V2515,close table,62v,1643-04-29,122,p[ai]d S[i]r James Ramsey for 7 daies for his under office[r]s & 45 troop[er]s,45,6,6
2516,V2516,head,62v,1643-04-30,,30 [April 1643],,,
2517,V2517,open table,62v,1643-04-30,49,p[ai]d [th]e Lo[rd] G[e]n[era]ll for on whole months pay for his entertainm[en]t,280,-,-
2518,V2518,tr,62v,1643-04-30,132,p[ai]d Thomas Clement deputy to [th]e wagon m[aste]r g[e]n[era]ll toward[es] defraying the charges of the wagons uppon acc[oun]tt,30,0,0
2519,V2519,tr,62v,1643-04-30,36,p[ai]d S[i]r Robert Py for 7 daies for his under officers & 70 troop[er]s,68,5,-
2520,V2520,tr,62v,1643-04-30,125,p[ai]d Coll[onel] midleton [th]e like & 60 troop[er]s,58,9,-
2521,V2521,tr,62v,1643-04-30,163,p[ai]d Capt[ain] Boswell [th]e like & for 57 troop[er]s,56,17,6
2522,V2522,tr,62v,1643-04-30,169,p[ai]d Capt[ain] Gilbert Carr Capt[ain] of [th]e troop lately under Command of Capt[ain] Chichester the like & for 53 troop[er]s,53,7,6
2523,V2523,tr,62v,1643-04-30,136,p[ai]d major g[e]n[era]ll skippon for the under officers of his troop & 80 troop[er]s,77,0,0
2524,V2524,tr,62v,1643-04-30,109,p[ai]d Captaine vernon deputy Thre[asurer] of [th]e Army for his pay from [th]e 30 march to [th]e 29 Aprill 1643 inclusive at 6s.8d p[er] diem,10,-,-
2525,V2525,close table,62v,1643-04-30,,more for 3 clark[es] allowed him at 2s p[er] diem each,9,0,0
2526,V2526,head,62v,1643-05-01,,1 Maye 1643,,,
2527,V2527,open table,62v,1643-05-01,12,p[ai]d Coll[onel] Richard Browne for 7 days pay for his under officers & 56 troop[er]s,56,0,0
2528,V2528,close table,62v,1643-05-01,,,415109,1,7
2529,V2529,pb,63r,1643-05-01,,63r,,,
2530,V2530,table (single row),63r,1643-05-01,,Sommeth [th]e payment[es] on the other side,415109,1,7
2531,V2531,head,63r,1643-05-02,,Maye 2 1643,,,
2532,V2532,open table,63r,1643-05-02,170,p[ai]d Capt[ain] w[illia]m Salkill for [th]e under officers of his troope & 60 troop[er]s for 7 dayes,59,10,0
2533,V2533,tr,63r,1643-05-02,98,p[ai]d Capt[ain] draper the like & 62 troop[er]s,61,5,0
2534,V2534,tr,63r,1643-05-02,15,p[ai]d C[olone]ll Goodwin the like & 60 troop[er]s,59,10,0
2535,V2535,close table,63r,1643-05-02,122,p[ai]d Capt[ain] Bosa for 30 troop[er]s this day entertained in his troop viz 10 of them mounted at 2s.6. p[er] diem & 20 unmounted at xs the weeke for 7 dayes entertainm[en]t,18,15,0
2536,V2536,head,63r,1643-05-03,,3 maye [1643],,,
2537,V2537,open table,63r,1643-05-03,154,p[ai]d Capt[ain] Dundasse for a week[es] pay for his under officers & 100 dragone[r]s,60,4,0
2538,V2538,tr,63r,1643-05-03,118,p[ai]d Capt[ain] mathews for 7  days for [th]e officers & 40 dragoon[er]s of his troop,26,5,-
2539,V2539,close table,63r,1643-05-03,127,p[ai]d S[i]r Edward Peyto for provision of Clout[es] nayles and other necessaries belonginge to [th]e traine of Artigliry,20,0,0
2540,V2540,head,63r,1643-05-04,,4 maye [1643],,,
2541,V2541,open table,63r,1643-05-04,68,p[ai]d leifft[enant] Euseb[us] Marbury leifft[enant] of that compa[ny] of dragon[er]s wherof Robert Turnur was Capt[ain] for an arrear of pay due to him & as a reward of his service,20,0,0
2542,V2542,close table,63r,1643-05-04,160,p[ai]d C George melvill for 7 days pay for his under officers & 50 dragooners,31,10,-
2543,V2543,head,63r,1643-05-05,,5 may [1643],,,
2544,V2544,open table,63r,1643-05-05,170,p[ai]d Alexander Bayly coadjut[er] to [th]e sergeant major g[e]n[era]ll for a mo[nths] pay as liefft[enant] Coll[onel] & Captaine uppon accompt,42,0,0
2545,V2545,tr,63r,1643-05-05,132,p[ai]d Comissary Fastaff toward[es] defrayinge charges of the draft horses,150,0,0
2546,V2546,tr,63r,1643-05-05,165,p[ai]d Capt[ain] Rogers late Cap[tain] of a foot compa[ny] in Coll[onel] Granthams Regi[men]t for and toward[es] his pay as captaine uppon accompt,20,0,0
2547,V2547,close table,63r,1643-05-05,154,p[ai]d Coll[onel] Bulstrood for 7 dayes pay for [th]e under officers & 613 sold[er]s of his Regi[men]t,172,1,8
2548,V2548,head,63r,1643-05-08,,8 [May 1643],,,
2549,V2549,table (single row),63r,1643-05-08,156 del[ivered] [th]e war[rant] in this day to m[aste]r Broad,p[ai]d major Balfour for his under officers & 59 troop[er]s,58,12,6
2550,V2550,head,63r,1643-05-10,,10 [May 1643],,,
2551,V2551,open table,63r,1643-05-10,92,p[ai]d S[i]r samuel luke skoutmaster g[e]n[era]ll to be by him imployed for [th]e service of [th]e state uppon accompt,50,0,0
2552,V2552,close table,63r,1643-05-10,140,p[ai]d Coll[onel] langham for a reward to [th]e Common soldiers of his reg[imen]t for digginge in the trenches befor Redding,20,0,0
2553,V2553,head,63r,1643-05-11,,11 [May 1643],,,
2554,V2554,open table,63r,1643-05-11,46,p[ai]d S[i]r w[illia]m Constable toward[es] the recruting and compleating [th]e severall compa[nies] of his reg[imen]t uppon accompt,100,0,0
2555,V2555,close table,63r,1643-05-11,,,416078,14,9
2556,V2556,pb,63v,1643-05-11,,63v,,,
2557,V2557,table (single row),63v,1643-05-11,,Sommeth [th]e paym[entes] on the other side,416178,14,9
2558,V2558,head,63v,1643-05-20,,20 maye 1643,,,
2559,V2559,open table,63v,1643-05-20,79,p[ai]d Thomas Richardson wagoner g[e]n[era]ll for soe much remaininge due to him uppon his acc[oun]tt as wagon m[aste]r g[e]n[era]ll beginning [th]e 30 July July last & ending 18 may,135,15,-
2560,V2560,close table,63v,1643-05-20,26,p[ai]d C[aptain] Ric[hard] stevans in part of [th]e Remainder of [th]e troop belonging C[aptain] Georg Austin & toward[es] inabling him to compleat the said troop,200,-,-
2561,V2561,head,63v,1643-05-22,,22 [May 1643],,,
2562,V2562,table (single row),63v,1643-05-22,116,p[ai]d Captaine Roe for hier of 4 horses in the traine of Artigliry for 126 dayes endinge the 5 present,35,-,
2563,V2563,head,63v,1643-05-24,,24 [May 1643],,,
2564,V2564,open table,63v,1643-05-24,126,p[ai]d Capt[ain] Cannon purveio[u]r g[e]n[era]ll of [th]e train of Artigliry for his pay for 5 whole mo[nths] from [th]e 1 Aug[us]t to [th]e 19 [Decem]bre at 25 p[er] d[iem],175,-,-
2565,V2565,tr,63v,1643-05-24,47,p[ai]d C[aptain] oliver Cromwell toward[es] payment of his troop uppon accompt,100,-,-
2566,V2566,tr,63v,1643-05-24,66,p[ai]d leifft[enant] Treaver oliver leifft[enant] of Capt[ain] Sandersons foot compa[ny] for an arrear of pay dew to him for 98 days,19,12,-
2567,V2567,tr,63v,1643-05-24,168,p[ai]d Coll[onel] symon Rudgley Cap[tain] of a troope of harqueb[usiers] for [th]e pay of himself officers and 50 troop[er]s for a mo[nth] to end the 11 June,306,12,0
2568,V2568,tr,63v,1643-05-24,171,p[ai]d C[aptain] Anthony Buller for furnishing for furnishing severall officers of major g[e]n[era]ll[es] troop,61,-,-
2569,V2569,tr,63v,1643-05-24,63,p[ai]d C[aptain] Thomas Hamon for a mo[nths] pay for him self officers & 88 troop[er]s [th]e mo[nth] ending [th]e 11 June,447,6,-
2570,V2570,tr,63v,1643-05-24,63,more p[ai]d him for certaine officers of S[i]r John noriches troop and major prettyes troop now riding in his troop for a mo[nths] pay ending 11 June,60,4,-
2571,V2571,tr,63v,1643-05-24,106,p[ai]d major Blare for a mo[nths] pay of [th]e officers & 53 troop[er]s ending 8 June,320,12,-
2572,V2572,tr,63v,1643-05-24,12,p[ai]d Coll[onel] Richard Browne for his officers & 46 troop[er]s as above,300,6,0
2573,V2573,tr,63v,1643-05-24,169,p[ai]d Capt[ain] Gilbert Carr for a mo[nth] for his officers and 61 troop[er]s ending [th]e 12 June,352,-,-
2574,V2574,tr,63v,1643-05-24,156,p[ai]d major Balfour the like for his officers & 56 troop[er]s ending 8 June,335,6,-
2575,V2575,tr,63v,1643-05-24,163,p[ai]d major Boswell the like for his offic[er]s and 64 troop[er]s ending [th]e 12 June,363,6,-
2576,V2576,tr,63v,1643-05-24,75,p[ai]d S[i]r Jo[hn] meldrom for his offic[er]s & 60 troop[er]s ending 12 June,345,2,-
2577,V2577,tr,63v,1643-05-24,16,p[ai]d Capt[ain] Arthur Evelin the like for [th]e offic[er]s & 36 trop[er]s ending 12 June,265,6,-
2578,V2578,close table,63v,1643-05-24,,,419901,1,9
2579,V2579,pb,64r,1643-05-24,,64r,,,
2580,V2580,table (single row),64r,1643-05-24,,Sommeth [th]e paym[entes] on the other side,419901,1,9
2581,V2581,head,64r,1643-05-24,,may 24 [1643],,,
2582,V2582,open table,64r,1643-05-24,167,p[ai]d Capt[ain] Richard Finis for [th]e officers pay of his troop & 58 troop[er]s ending [th]e 11 June for a mo[nth],338,16,0
2583,V2583,tr,64r,1643-05-24,69,p[ai]d the Earle of Peeterbo[rough] for [th]e officers & 56 troop[er]s for a mo[nth] ending 11 June,312,18,-
2584,V2584,tr,64r,1643-05-24,69,more p[ai]d him for a months pay for [th]e officers & 248 sold[ier]s of his Regi[men]t ending [th]e 1 June,739,4,4
2585,V2585,tr,64r,1643-05-24,171,p[ai]d Capt[ain] Rob[er]t Robotham for a mo[nths] pay for [th]e officers & 44 troop[er]s ending [th]e 1 June,277,18,0
2586,V2586,tr,64r,1643-05-24,171,more for buying 20 sadles for his troope at 35s a peece,35,0,0
2587,V2587,tr,64r,1643-05-24,125,p[ai]d Coll[onel] Jo[hn] midleton for a mo[nths] pay for [th]e officers and 65 troop[er]s ending 12 June,366,16,-
2588,V2588,tr,64r,1643-05-24,172,p[ai]d C[aptain] Charles Pim for a whole mo[nths] pay for officers & 36 troop[er]s end 8 June,234,2,-
2589,V2589,tr,64r,1643-05-24,27,p[ai]d Capt[ain] Jo[hn] Hale [th]e like for officers & 52 troop[er]s ending 12 June,321,6,0
2590,V2590,tr,64r,1643-05-24,172,p[ai]d C[aptain] w[illia]m salbuld [th]e like for officers and 74 troop[er]s endi[ng] 11 June,398,6,0
2591,V2591,tr,64r,1643-05-24,43,p[ai]d C[aptain] Fra[ncis] Tomson the like for officers & 60 troop[er]s end[ing] 8 June,349,6,0
2592,V2592,tr,64r,1643-05-24,119,p[ai]d Major w[illia]m urrey the like for officers & 63 troop[er]s end[ing] 11 June,329,18,-
2593,V2593,tr,64r,1643-05-24,173,p[ai]d Capt[ain] Edward sand[er]s the like for officers & 49 troop[er]s end[ing] 19 June,302,8,-
2594,V2594,tr,64r,1643-05-24,92,p[ai]d S[i]r sam[ue]ll luke scout m[aste]r g[e]n[era]ll uppon acc[oun]t,50,-,-
2595,V2595,tr,64r,1643-05-24,154,p[ai]d C[aptain] Georg Dundass for a mo[nths] pay for [th]e officers & 105 drago[ons] end[ing] 8 June,293,6,0
2596,V2596,tr,64r,1643-05-24,21,p[ai]d C[aptain] w[illia]m Anselme the like for [th]e officers & 88 cuirass[ier]s ending 11 June,604,16,-
2597,V2597,close table,64r,1643-05-24,67,p[ai]d C[aptain] nicholas devereux late capt[ain] of a compa[ny] of Foot in Coll[onel] Essex reg[imen]t for [th]e arrears of his pay as by [th]e warr[ant],132,15,-
2598,V2598,head,64r,1643-05-25,,25 [May 1643],,,
2599,V2599,open table,64r,1643-05-25,19,p[ai]d Jo[hn] Littlepage & Tho[mas] Scot wagon[er]s attending [th]e traine for hier of 12 horses for [?100?] dayes from [th]e 31 [Decem]bre to [th]e 16 Aprill as by a warr[ant] - [th]e wagoners war[rantes] ar at the end of the bundell,133,1,6
2600,V2600,tr,64r,1643-05-25,45,p[ai]d C[aptain] Tirrell for a mo[nths] pay for officers and 56 troop[er]s end[ing] 9 June,335,6,-
2601,V2601,tr,64r,1643-05-25,44,p[ai]d C[aptain] Richard Greenvill the like for his officers and 62 troop[er]s end[ing] 9 June,352,2,-
2602,V2602,tr,64r,1643-05-25,19,p[ai]d Thomas Cardwell wagoner attending [th]e traine for 6 horse hier from [th]e 6 of Feb[ruary] last to [th]e 4 may,55,0,0
2603,V2603,tr,64r,1643-05-25,142,p[ai]d Coll[onel] Barklye for a mo[nths] pay for [th]e officers & 645 soldiers of his reg[imen]t end[ing] 1 June,1141,14,-
2604,V2604,close table,64r,1643-05-25,,,427005,0,7
2605,V2605,pb,64v,1643-05-25,,64v,,,
2606,V2606,table (single row),64v,1643-05-25,,Sommeth [th]e paym[entes] on the other side,427005,0,7
2607,V2607,head,64v,1643-05-25,,25 maye 1643,,,
2608,V2608,open table,64v,1643-05-25,33,"p[ai]d Coll[onel] Cholmlye for a mo[nths] pay of [th]e officers of [th]e Feild and of [th]e staff, of [th]e officers & soldiers of 10 compa[nies] of his Regi[men]t from [th]e 6 maye to [th]e 2 June",784,18,-
2609,V2609,tr,64v,1643-05-25,56,p[ai]d Capt[ain] Clerke for a mo[nths] pay for [th]e officers & 29 troopers of his troop end[ing] 18 June,156,2,-
2610,V2610,tr,64v,1643-05-25,110,p[ai]d C[aptain] Fra[ncis] Ingoldesby the like for [th]e officers & 43 troop[er]s ended 17 present,274,8,-
2611,V2611,tr,64v,1643-05-25,127,p[ai]d S[i]r Edward Peyto for a mo[nths] pay for the officers & 60 soldiers of his company of fierlock[es] end[ing] [th]e 1 June,100,2,-
2612,V2612,tr,64v,1643-05-25,49,p[ai]d [th]e lord Robert[es] for a mo[nths] pay for [th]e officers & 528 sold[ier]s of his Regi[men]t end[ing] 1 June,975,16,-
2613,V2613,tr,64v,1643-05-25,30,p[ai]d Coll[onel] Ballard the like for [th]e officers & 293 sold[ier]s of his reg[imen]t end[ing] as above,743,11,-
2614,V2614,tr,64v,1643-05-25,30,more for a whole mo[nths] pay for himself a Coll[onel] of a brigade and other officers as by [th]e warr[an]t,70,-,-
2615,V2615,tr,64v,1643-05-25,132,p[ai]d Anto[ny] Fastaff Comissary g[e]n[era]ll of [th]e draft horses toward[es] payinge [th]e draft horses uppon accompt,200,0,0
2616,V2616,tr,64v,1643-05-25,140,p[ai]d Coll[onel] Langham for a mo[nths] pay for [th]e officers & 634 sold[ier]s of his reg[imen]t end [th]e 1 June,1126,10,8
2617,V2617,tr,64v,1643-05-25,173,p[ai]d Capt[ain] Baynard for a mo[nths] pay for [th]e officers & 60 troop[er]s of his troope end[ing] 9 June,324,2,-
2618,V2618,tr,64v,1643-05-25,137,p[ai]d Coll[onel] Holborne for pay of his officers & soldiers according to the warr[an]t of [th]e 25 present,968,19,4
2619,V2619,tr,64v,1643-05-25,122,p[ai]d Capt[ain] Bosa for a mo[nths] pay of [th]e officers & 54 troop[er]s end[ing] 8 June,328,6,0
2620,V2620,tr,64v,1643-05-25,122,p[ai]d S[i]r Jams Ramsey [th]e like for his officers & 44 troop[er]s ending 18 June,289,2,-
2621,V2621,tr,64v,1643-05-25,18,p[ai]d m[aste]r Jo[hn] Symond[es] Chaplaine to Coll[onel] midletons Regi[men]t in part of a warr[an]t of 37l.12s of [th]e 25 pr[esen]t,20,-,-
2622,V2622,tr,64v,1643-05-25,,p[ai]d James vandenbos for hier of his 4 horses from [th]e 16 Janu[ary] to [th]e 3 maye,40,-,-
2623,V2623,tr,64v,1643-05-25,33,p[ai]d S[i]r w[illia]m Balfour for a whole mo[nths] pay for [th]e officers & 82 cuirassiers of his troope end[ing] 11 June,571,18,0
2624,V2624,tr,64v,1643-05-25,157,p[ai]d C[aptain] Richard Crosse [th]e like for [th]e officers & 84 troop[er]s end[ing] 18 June,433,6,0
2625,V2625,tr,64v,1643-05-25,160,p[ai]d C Georg melvill for [th]e officers & 50 drago[ons] end[ing] 31 maye,168,0,0
2626,V2626,tr,64v,1643-05-25,110,leifft[enant] Coll[onel] Barriff allowed him for leviing 39 menn for recreuing his compa[ny],11,14,0
2627,V2627,tr,64v,1643-05-25,11,p[ai]d major Gunter for a mo[nths] pay for [th]e officers & 80 troop[er]s of his troope end[ing] 18 June,419,6,0
2628,V2628,close table,64v,1643-05-25,,,435011,1,7
2629,V2629,pb,65r,1643-05-25,,65r,,,
2630,V2630,table (single row),65r,1643-05-25,,Sommeth [th]e paym[entes] on the other side,435011,1,7
2631,V2631,head,65r,1643-05-25,,25 maye 1643,,,
2632,V2632,open table,65r,1643-05-25,136,p[ai]d major G[e]n[era]ll skippon for a mo[nths] pay for [th]e officers & 80 troop[er]s of his troop end[ing] 18 June,448,14,0
2633,V2633,tr,65r,1643-05-25,18,p[ai]d C[aptain] James sheffeild [th]e like for [th]e offic[er]s & 61 troop[er]s of his troope end[ing] 18 June,352,16,0
2634,V2634,tr,65r,1643-05-25,36,p[ai]d S[i]r Robert Pye [th]e like for [th]e offic[er]s & 68 troop[er]s end[ing] 8 June,381,10,0
2635,V2635,tr,65r,1643-05-25,37,p[ai]d S[i]r Phillip stapleton for a mo[nths] pay of [th]e offic[er]s & 90 gentlemen of my lord[es] leiffguard end[ing] 20 June,1279,2,8
2636,V2636,tr,65r,1643-05-25,105,p[ai]d sergeant major Bamfeild in part of a warrent of 1620.5.4 of [th]e 25 pres[en]t for a mo[nths] pay for my lord g[e]n[era]ll[es] reg[imen]t,1000,0,0
2637,V2637,tr,65r,1643-05-25,118,p[ai]d C[aptain] Symond mathews for a mo[nths] pay for [th]e officers & 44 drago[ons] of his troope end[ing] 9 June,158,4,0
2638,V2638,tr,65r,1643-05-25,166,p[ai]d Coll[onel] George melve Coll[onel] of a reg[imen]t of drag[oons] for a mo[nths] pay for [th]e officers & 57 drag[oons] of his compa[ny] end[ing] 9 June,188,6,0
2639,V2639,tr,65r,1643-05-25,174,p[ai]d Jerymie Bayns major of that reg[imen]t for [th]e offic[er]s & 75 drag[oons] end[ing] as above,226,16,0
2640,V2640,tr,65r,1643-05-25,174,p[ai]d Thomas melve a Cap[tain] of that reg[imen]t for [th]e officers & 60 drag[oons] end[ing] as above,195,6,0
2641,V2641,tr,65r,1643-05-25,175,p[ai]d Fra[ncis] Midleton another Capt[ain] for [th]e officers & 27 drag[oons] end[ing] as above,120,8,0
2642,V2642,tr,65r,1643-05-25,161,p[ai]d C[aptain] maynard [th]e like for [th]e officers & 36 soldiers end[ing] as above,134,8,0
2643,V2643,tr,65r,1643-05-25,159,p[ai]d C[aptain] Rob[er]t Hardye [th]e like for [th]e officers & 88 drag[oons] end[ing] as above,254,2,0
2644,V2644,tr,65r,1643-05-25,166,p[ai]d Robert Fogg Chaplaine of [th]e said reg[imen]t for his & his mans pay end[ing] 23 may,35,16,6
2645,V2645,tr,65r,1643-05-25,13,p[ai]d Coll[onel] Hambden for a mo[nths] pay for [th]e officers & 838 sold[ier]s of his reg[imen]t to end [th]e 1 June as by [th]e warr[an]t,1451,10,8
2646,V2646,tr,65r,1643-05-25,98,p[ai]d C[aptain] mathew drap[er] for a mo[nths] pay for [th]e officers & 62 troop[er]s end[ing] 18 June,331,2,-
2647,V2647,tr,65r,1643-05-25,14,p[ai]d Bartholomew Carnet wago[ner] attending [th]e traine for hier of 6 horses 120 dayes accordinge to [th]e war[ran]t,61,19,0
2648,V2648,close table,65r,1643-05-25,25,p[ai]d C[aptain] Hercules Langreish capt[ain] of a troop of drag[oons] in Coll[onel] melv[es] Regi[men]t for a mo[nths] pay for [th]e officers & 33 drag[oons] end[ing] 9 June,133,-,-
2649,V2649,head,65r,1643-05-26,,maye 26 [1643],,,
2650,V2650,open table,65r,1643-05-26,136,p[ai]d major g[e]n[era]ll skippon for a whole mo[nths] pay for his officers & 765 sold[ier]s of his Regi[men]t end[ing] 1 June,1336,6,-
2651,V2651,tr,65r,1643-05-26,75,p[ai]d S[i]r Jo[hn] Meldrom [th]e like for his officers & 318 sold[ier]s end[ing] 1 June,778,1,4
2652,V2652,tr,65r,1643-05-26,105,p[ai]d major Bamfeild more uppon [th]e warr[an]t of 1620.5.4 above,420,5,4
2653,V2653,close table,65r,1643-05-26,,,444298,15,1
2654,V2654,pb,65v,1643-05-26,,65v,,,
2655,V2655,table (single row),65v,1643-05-26,,Sommethe [th]e paym[entes] on the other side,444298,15,1
2656,V2656,head,65v,1643-05-26,,26 maye 1643,,,
2657,V2657,open table,65v,1643-05-26,46,p[ai]d S[i]r w[illia]m Constable for a mo[nths] pay for [th]e officers & 417 sold[ier]s of his Regiment end[ing] 1 June as by [th]e warr[an]t,970,9,4
2658,V2658,tr,65v,1643-05-26,92,p[ai]d S[i]r Samuel luke for a mo[nths] pay for [th]e officers & 81 troop[er]s end[ing] 12 June,422,16,-
2659,V2659,tr,65v,1643-05-26,49,p[ai]d C[aptain] Pudsey for a mo[nths] pay for himself & 30 halberdiers of my lord[es] guard,91,-,-
2660,V2660,tr,65v,1643-05-26,6,p[ai]d w[illia]m Rawlin & humphrey Trenouth quarterm[aste]r & provost marshall to my lord Robert[es] Regi[men]t by pay & [^arrear^] due to them as by [th]e warrent,31,10,-
2661,V2661,tr,65v,1643-05-26,169,p[ai]d Cap[tain] Cockaine for a mo[nths] pay for his officers & 33 troop[er]s end[ing] 7 June,127,8,-
2662,V2662,tr,65v,1643-05-26,178,p[ai]d C[aptain] Edward Primrose capt[ain] of a foot compa[ny] in Coll[onel] Ballard[es] reg[imen]t for a mo[nths] pay for himself officers & 27 sold[ier]s end[ing] 1 June,61,12,-
2663,V2663,tr,65v,1643-05-26,111,p[ai]d the lo[rd] Rochford for a whole mo[nths] pay for himself officers & 120 soldiers end[ing] 1 June,642,12,-
2664,V2664,tr,65v,1643-05-26,154,p[ai]d Coll[onel] Bolstrood for a mo[nths] pay for himself officers & 562 sold[ier]s of his Regi[men]t end[ing] 11 June,1066,6,8
2665,V2665,tr,65v,1643-05-26,127,p[ai]d S[i]r Edward Peyto for a mo[nths] pay for [th]e officers of the traine of Artigliry uppon ac[coun]t,1449,9,4
2666,V2666,tr,65v,1643-05-26,,p[ai]d docter Nevill on of [th]e Phisitions of [th]e Army for arrear of pay due to him uppon his accompt end [th]e 30 Aprill,68,3,4
2667,V2667,tr,65v,1643-05-26,78,p[ai]d Comissary Bond toward[es] pay of himself deputies & severall sutlers uppon accompt,200,-,-
2668,V2668,tr,65v,1643-05-26,9,p[ai]d m[aste]r Jo[hn] Page Chaplaine of my lord Rochford Regi[men]t for soe much due to him uppon accompt,30,6,8
2669,V2669,tr,65v,1643-05-26,15,p[ai]d Coll[onel] Goodwine for a mo[nths] pay for [th]e officers & 79 troop[er]s end[ing] [th]e 21 June,415,16,-
2670,V2670,tr,65v,1643-05-26,7,p[ai]d [th]e lord wharton for [th]e officers & 75 troop[er]s for a mo[nths] ending [th]e 8 June,394,2,-
2671,V2671,tr,65v,1643-05-26,180,p[ai]d Capt[ain] Robert Hamond for increase of pay for [th]e last 1/2 month beinge allowed as Capt[ain] of Cuirassiers,11,18,-
2672,V2672,tr,65v,1643-05-26,27,p[ai]d Nicholas Heath surgeon to Coll[onel] Barklys reg[imen]t for providing his chest,15,0,0
2673,V2673,tr,65v,1643-05-26,22,p[ai]d Richard Dean for [th]e paym[en]t of [th]e gunners and matroses for service done before Redding,160,-,-
2674,V2674,tr,65v,1643-05-26,136,p[ai]d major g[e]n[era]ll skippon for a months pay as sergeant major g[e]n[era]ll,56,0,0
2675,V2675,close table,65v,1643-05-26,,,450513,4,5
2676,V2676,pb,66r,1643-05-26,,66r,,,
2677,V2677,table (single row),66r,1643-05-26,,Sommethe paym[entes] on the other side,450513,4,5
2678,V2678,head,66r,1643-05-26,,26 maye 1643,,,
2679,V2679,open table,66r,1643-05-26,181,p[ai]d Capt[ain] George ulrick & his officers & 15 troop[er]s intended to be under the Com[m]and of Coll[onel] Dulbier for a mo[nths] pay ending [th]e 25 may,168,-,-
2680,V2680,tr,66r,1643-05-26,176,p[ai]d Capt[ain] James Berkcley C[aptain] Robert more C[aptain] Jams Boswell Reformado captains of horse Capt[ain] david midleton Cornet of horse & Capt[ain] Robert [?prime?] Cap[tain] of Foat for & toward[es] the pay due unto them uppon accompt,200,-,-
2681,V2681,tr,66r,1643-05-26,176,p[ai]d Capt[ain] Robert Rutherford C[aptain] david Hunter C[aptain] w[illia]m Abernethy C[aptain] Robert Hunter C[aptain] Alexander [?Chyny?] cap[tain] reformados on foot for a mo[nths] pay uppon accompt,105,-,-
2682,V2682,tr,66r,1643-05-26,19,p[ai]d w[illia]m morris wagoner attendinge [th]e traine for hier of 6 horses from [th]e 12 January to the 26 may 135 days,85,5,-
2683,V2683,tr,66r,1643-05-26,,p[ai]d Docter odlinge on of [th]e phisitions of [th]e Army for pay due to him uppon his accompt endinge [th]e 30 Aprill,68,3,4
2684,V2684,tr,66r,1643-05-26,5,p[ai]d Thomas Shemond[es] surgeon of my lord g[e]n[era]ll[es] Regiment of horse for pay due to him uppon his accompt ended the 25 may,49,4,-
2685,V2685,tr,66r,1643-05-26,116,p[ai]d C[aptain] Henry Roe C[aptain] Richard Hodgson C[aptain] Edward Frodsham & C[aptain] w[illia]m Cheese Capt[ains] of severall compa[nies] of pioneers for a whole mo[nths] pay for 31 pion[eer]s ending 21 June,43,8,0
2686,V2686,tr,66r,1643-05-26,69,p[ai]d The Earle of Peeterborrow marsh[a]ll g[e]n[era]ll of [th]e feild for a whole mo[nths] pay uppon accompt,168,-,-
2687,V2687,close table,66r,1643-05-26,132,p[ai]d Antony Fastaff Comissary of the draft horses toward[es] deefraying of ther charg,1000,-,-
2688,V2688,head,66r,1643-05-26,,No. 15,,,
2689,V2689,open table,66r,1643-05-26,181,p[ai]d C[aptain] Richard Gibb[es] late Capt[ain] of a foot compa[ny] in the reg[imen]t of Coll[onel] Grantham for a mo[nths] pay as captaine uppon accompt,21,-,-
2690,V2690,close table,66r,1643-05-26,132,p[ai]d Coll[onel] Holmsteed in part of a warr[an]t of 975.14.8 for his reg[imen]t dated this daye,500,-,-
2691,V2691,head,66r,1643-05-27,,27 [May 1643],,,
2692,V2692,table (single row),66r,1643-05-27,105,p[ai]d major Bamfeild in full of his warr[an]t of [th]e 25 present,200,0,0
2693,V2693,head,66r,1643-06-02,,June 2 [1643],,,
2694,V2694,open table,66r,1643-06-01,75,p[ai]d S[i]r Jo[hn] meldrome for his owne severall pays as by the warr[an]t to [th]e 1 June. this warrent was p[ai]d in london & charged to my acc[oun]t by his Exc[ellencies] l[ette]re,465,2,-
2695,V2695,tr,66r,1643-05-25,33,p[ai]d S[i]r w[illia]m Balfour by [th]e same order in london 25 maye for his severall payes,294,-,-
2696,V2696,close table,66r,1643-06-02,,,453880,6,5
2697,V2697,pb,66v,1643-06-02,,66v,,,
2698,V2698,table (single row),66v,1643-06-02,,Sommeth [th]e paym[entes] on the other side,453880,6,5
2699,V2699,head,66v,1643-06-??,,[...] June 1643,,,
2700,V2700,table (single row),66v,1643-06-??,11,p[ai]d Capt[ain] Thomas Temple for his arrears of his owne pay to [th]e 5 maye of his first Commission & other payment[es] as by the warrent,241,16,-
2701,V2701,head,66v,1643-06-19,,19 [June 1643],,,
2702,V2702,table (single row),66v,1643-06-19,29,p[ai]d C[aptain] wingat the remainer of a warrent of the 2 dec[ember],61,17,-
2703,V2703,head,66v,1643-06-20,,20 [June 1643],,,
2704,V2704,open table,66v,1643-06-20,102,p[ai]d docter dorisla Advocate of [th]e Army in full of a warr[an]t of [th]e 12 Ap[ri]ll,28,-,-
2705,V2705,tr,66v,1643-06-20,127,p[ai]d S[i]r Edward Peyto for reparation of wagons & other necessaries about [th]e traine uppon acc[oun]tt,50,-,-
2706,V2706,tr,66v,1643-06-20,128,p[ai]d Coll[onel] Dalbier for pay of himself as Capt[ain] the officers & 17 troop[er]s of his troop for a whole month to end the 20 maye,187,12,-
2707,V2707,close table,66v,1643-06-20,6,p[ai]d m[aste]r Biffeild on of the Chaplains of [th]e Army for 14 days pay for himself & serv[an]t ending 16 present,6,1,4
2708,V2708,head,66v,1643-06-21,,21 [June 1643],,,
2709,V2709,open table,66v,1643-06-21,11,p[ai]d major Gunter for 1/2 a mo[nths] pay for himself officers & 80 troop[er]s ending 2 Julie,209,13,0
2710,V2710,tr,66v,1643-06-21,157,p[ai]d Capt[ain] Crosse the like & for 84 trop[er]s,216,13,-
2711,V2711,tr,66v,1643-06-21,154,p[ai]d Ca[ptain] dundasse the like & for 105 drago[ons] end[ing] 22 June,146,13,-
2712,V2712,tr,66v,1643-06-21,63 224,p[ai]d C[aptain] Thomas Hamon the like & for 88 troop[er]s end[ing] 25 June,214,18,0
2713,V2713,tr,66v,1643-06-21,21,p[ai]d C[aptain] w[illia]m Anselme the like & for 88 Cuirassiers end[ing] as above,270,11,0
2714,V2714,tr,66v,1643-06-21,27,p[ai]d Ca[ptain] John Hale the like & for 53 troop[er]s end[ing] 26 pres[en]t,160,13,-
2715,V2715,tr,66v,1643-06-21,171,p[ai]d C[aptain] Robert Robotham the like & 60 troop[er]s end[ing] 15 June,174,13,0
2716,V2716,tr,66v,1643-06-21,183,p[ai]d Jo[hn] Francis major to serg[ean]t major g[e]n[era]ll skippon for soe much by him disborsed for a carriage of Amunition & other necessaries from london to Alisbury,35,0,0
2717,V2717,tr,66v,1643-06-21,136,p[ai]d major g[e]n[era]ll skippon for [th]e officers & 836 soldiers of his reg[imen]t for 14 days end[ing] 15 June,727,8,4
2718,V2718,tr,66v,1643-06-21,46,p[ai]d S[i]r w[illia]m Constable for [th]e officers & 525 sold[ier]s of his reg[imen]t for 14 days end[ing] as above as by [th]e war[rant],615,11,-
2719,V2719,tr,66v,1643-06-21,37,p[ai]d S[i]r Phillip stapleton Coll[onel] of my lord reg[imen]t of harqueb[usiers] for his pay as Coll[onel] & Capt[ain] of [th]e g[e]n[era]ll[es] troop of cuirassiers for [th]e other officers and 90 cuirassiers for 14 days ending 4 Julie,639,11,4
2720,V2720,close table,66v,1643-06-21,,,457866,17,5
2721,V2721,pb,67r,1643-06-21,,67r,,,
2722,V2722,table (single row),67r,1643-06-21,,Sommeth [th]e payment[es] on the other side,457866,17,5
2723,V2723,head,67r,1643-06-20,,June 20 [1643],,,
2724,V2724,open table,67r,1643-06-20,51,p[ai]d Coll[onel] walter longe for his officers & 80 troop[er]s for 14 dayes end[ing] [th]e 21 June,180,5,0
2725,V2725,tr,67r,1643-06-20,30,p[ai]d Coll[onel] Ballard for 14 dayes for [th]e officers & 320 sold[ier]s of his reg[imen]t end[ing] 15 present,402,3,0
2726,V2726,tr,67r,1643-06-20,12,p[ai]d Coll[onel] Browne for 14 dayes for the officers & 46 troop[er]s end[ing] [th]e 22 pres[en]t,148,1,-
2727,V2727,tr,67r,1643-06-20,33,p[ai]d S[i]r w[illia]m Balfour for 14 daies for his officers & 82 troop[er]s end[ing] 25 pres[en]t,276,10,0
2728,V2728,tr,67r,1643-06-20,154,p[ai]d Coll[onel] Bulstrood for 14 dayes for [th]e offic[er]s & 562 sold[ier]s end[ing] 25 pres[en]t,593,8,0
2729,V2729,tr,67r,1643-06-20,62,p[ai]d liefft[enant] w[illia]m Covell toward[es] payment of the officers & troop[er]s of Ca[ptain] Greys troop uppon acc[oun]tt,200,0,0
2730,V2730,tr,67r,1643-06-20,172,p[ai]d Capt[ain] Charles Pim for 14 dayes pay for himself officers & 36 troop[er]s end[ing] 22 June,127,1,-
2731,V2731,tr,67r,1643-06-20,15,p[ai]d Richard Thurston surgeon to Coll[onel] Goodwins reg[imen]t uppon his accompt ended 22 maye for himself mate & bidet[es],35,16,0
2732,V2732,tr,67r,1643-06-20,136,p[ai]d major g[e]n[era]ll skippon for [th]e officers & 80 of his troope for 14 dayes end[ing] 2 Julie,224,7,-
2733,V2733,tr,67r,1643-06-20,136,more for a whole mo[nths] pay as major g[e]n[era]ll uppon acc[oun]tt,56,-,-
2734,V2734,tr,67r,1643-06-20,165,p[ai]d C[aptain] Edward sand[er]s for 14 dayes pay for his troope end[ing] 3 Julie as by [th]e war[rant],241,10,-
2735,V2735,tr,67r,1643-06-20,45,p[ai]d C[aptain] Terrill the like for his troope end[ing] 23 June,228,18,0
2736,V2736,tr,67r,1643-06-20,,more for 40 sadles & furniture,60,0,0
2737,V2737,close table,67r,1643-06-20,69,p[ai]d my lord Peeterborrough for paym[en]t [th]e of the officers & 248 sold[ier]s of his reg[imen]t as by [th]e warr[an]t,206,9,8
2738,V2738,head,67r,1643-06-21,,21 June [1643],,,
2739,V2739,open table,67r,1643-06-21,149,p[ai]d C[aptain] Chees & C[aptain] Hodson 2 captains of pioneers for 14 days pay for them self[es] & 31 pioneers end[ing] 5 Julie,21,14,0
2740,V2740,tr,67r,1643-06-21,182,p[ai]d Samuell Pattison liefft[enant] of a troope of horse under S[i]r Tho[mas] Martine for & toward[es] the pay of himself officers & sold[ier]s uppon accompt,100,0,0
2741,V2741,tr,67r,1643-06-21,49,p[ai]d the lord Robert[es] for 14 dayes pay for [th]e officers & sold[ier]s 528 of his reg[imen]t end[ing] 15 June,487,3,-
2742,V2742,tr,67r,1643-06-21,17,p[ai]d James swright surgeon to w[illia]m Balfour for pay of himself mates & bidet[es] according to the warr[an]t,42,-,-
2743,V2743,tr,67r,1643-06-21,140,p[ai]d Coll[onel] Langham for pay of his officers & sold[ier]s of his reg[imen]t as by [th]e warr[an]t,564,9,
2744,V2744,tr,67r,1643-06-21,92,p[ai]d S[i]r samuel luke for 14 days pay for his officers & 81 troop[er]s end[ing] 26 present,211,8,[...]
2745,V2745,close table,67r,1643-06-21,,,462274,0,5
2746,V2746,pb,67v,1643-06-21,,67v,,,
2747,V2747,table (single row),67v,1643-06-21,,Sommeth [th]e paym[entes] on the other side,462274,0,5
2748,V2748,head,67v,1643-06-21,,June 21 1643,,,
2749,V2749,open table,67v,1643-06-21,36,p[ai]d S[i]r Rob[er]t Pye for 14 dayes pay for his officers & 68 troop[er]s end[ing] 22 June,190,15,-
2750,V2750,tr,67v,1643-06-21,,more for 20 great sadles & furniture,30,-,-
2751,V2751,tr,67v,1643-06-21,75,p[ai]d S[i]r Jo[hn] meldrum for 14 dayes pay for [th]e officers & 318 sol[diers] of his reg[imen]t to [th]e 15 June,474,13,-
2752,V2752,tr,67v,1643-06-21,160,p[ai]d C George melvine for 14 dayes paye for his officers & 50 dragon[er]s end[ing] 14 pres[en]t,84,-,-
2753,V2753,tr,67v,1643-06-21,132,p[ai]d Coll[onel] Holmstead for 14 dayes pay for [th]e officers & 444 sold[ier]s of his Regi[men]t to end [th]e 15 June,466,5,-
2754,V2754,tr,67v,1643-06-21,182,p[ai]d C[aptain] Rob[er]t nelson for a mo[nths] pay for the officers & 62 of his troope end[ing] 22 June,348,12,-
2755,V2755,tr,67v,1643-06-21,142,p[ai]d Coll[onel] Barkley for 14 dayes pay for [th]e officers & 645 sold[ier]s of his Regi[men]t end[ing] [th]e 15 present,649,13,-
2756,V2756,tr,67v,1643-06-21,78,p[ai]d C[aptain] Draper for 14 dayes pay for his officers & 62 troop[er]s end[ing] 2 Julie,165,11,-
2757,V2757,tr,67v,1643-06-21,132,p[ai]d Commissary Fastaff for 14 dayes pay toward[es] defrayinge the charg of [th]e draft horses,700,0,0
2758,V2758,tr,67v,1643-06-21,127,p[ai]d S[i]r Edward Peyto for 14 dayes pay for [th]e officers & 60 fierlock[es] of his compa[ny] end[ing] 15 June,50,1,-
2759,V2759,tr,67v,1643-06-21,169,p[ai]d Capt[ain] Carr for 14 dayes pay for his offic[er]s and 61 troop[er]s end[ing] 26 June,176,8,-
2760,V2760,tr,67v,1643-06-21,173,p[ai]d C[aptain] Adam Baynard for 1/2 mo[nths] pay for his officers & 60 troop[er]s end[ing] 23 June,174,13,-
2761,V2761,tr,67v,1643-06-21,106,p[ai]d major Blare for 14 dayes for the offic[er]s & 53 of his troope end[ing] [th]e 9 pres[en]t,160,6,0
2762,V2762,tr,67v,1643-06-21,75,p[ai]d John meldrum for severall payes for himself as by [th]e warr[an]t,122,8,0
2763,V2763,tr,67v,1643-06-21,,p[ai]d Paule shooler quarterm[aste]r of horse for 2 mo[nths] paye,25,4,-
2764,V2764,tr,67v,1643-06-21,122,p[ai]d Ca[ptain] samuel Bosa for his officers & 54 troop[er]s of 14 dayes end[ing] 22 present,164,3,-
2765,V2765,tr,67v,1643-06-21,43,p[ai]d Capt[ain] Fra[ncis] Tomson [th]e like & for 60 trop[er]s end[ing] [th]e 9 present,174,13,-
2766,V2766,tr,67v,1643-06-21,44,p[ai]d C[aptain] Richard Greenvill [th]e like & 62 troop[er]s end[ing] 23 June,176,1,-
2767,V2767,tr,67v,1643-06-21,127,p[ai]d S[i]r Edward Peto toward[es] the pay of the traine of Artigliry uppon acc[oun]tt,779,-,-
2768,V2768,tr,67v,1643-06-21,75,p[ai]d Coll[onel] Jo[hn] meldrum for 14 dayes pay for himself officers & 60 troop[er]s ending [th]e 26 present,172,11,-
2769,V2769,tr,67v,1643-06-21,23,p[ai]d m[aste]r Rob[er]t semple Chaplain of Coll[onel] Jo[hn] meldroms reg[imen]t for a mo[nths] pay for himself & servant end[ing] 12 June,12,2,8
2770,V2770,close table,67v,1643-06-21,,,467571,0,1
2771,V2771,pb,68r,1643-06-21,,68r,,,
2772,V2772,table (single row),68r,1643-06-21,,Sommeth [th]e paym[entes] on the other side,467571,0,1
2773,V2773,head,68r,1643-06-21,,21 June 1643,,,
2774,V2774,open table,68r,1643-06-21,16,p[ai]d Ca[ptain] Ar[thur] Evellin for 14 dayes pay for his officers & 27 troop[er]s end[ing] 26 present,100,2,-
2775,V2775,tr,68r,1643-06-21,16,p[ai]d m[istres]s de la hay late wiffe to John de la hay leifft[enant] to [th]e troop above in part of a warr[an]t of 75l dew to him for arrears,50,0,0
2776,V2776,tr,68r,1643-06-21,183,p[ai]d C[aptain] Jo[hn] Andrewes for 14 days pay for his troope of 60 harg[ebusiers] being p[ar]t of the monie due to him,174,13,0
2777,V2777,tr,68r,1643-06-21,15,p[ai]d m[aste]r Edward Perkins chaplaine of Coll[onel] Goodwins Regi[men]t in part of a warr[an]t of 57l [th]e 26 maye,30,0,0
2778,V2778,tr,68r,1643-06-21,185,p[ai]d Henry stevans leifft[enant] of my lord Grey of warks troope uppon acc[oun]tt,100,0,0
2779,V2779,tr,68r,1643-06-21,156,p[ai]d major Balfour for 14 dayes pay for his officers & 56 troop[er]s to [th]e 22 present,167,13,-
2780,V2780,tr,68r,1643-06-21,106,p[ai]d major Gilbert Blare as late adjutant g[e]n[era]ll of horse & major of Coll[onel] Goodwins Regi[men]t uppon accompt,100,0,0
2781,V2781,tr,68r,1643-06-21,119,p[ai]d major w[illia]m urrey for 14 days paye for officers & 63 of his troop end[ing] 25 pre[sen]t,178,6,0
2782,V2782,tr,68r,1643-06-21,167,p[ai]d C[aptain] Richard Fines for 14 dayes pay for himself offic[er]s & 58 troop[er]s end[ing] 25 June,171,3,-
2783,V2783,tr,68r,1643-06-21,109,p[ai]d C[aptain] Lionell Copley for 14 days pay for officers & 72 troop[er]s end[ing] 7 June,193,18,-
2784,V2784,tr,68r,1643-06-21,172,p[ai]d James Browne late leifft[enant] to Capt[ain] Charles Pime for a mo[nths] pay as leifft[enant] of horse,25,4,-
2785,V2785,tr,68r,1643-06-21,83,p[ai]d Coll[onel] Rudglyes troop officers & 50 troop[er]s for 14 dayes end[ing] 5 present,153,6,0
2786,V2786,tr,68r,1643-06-21,13,p[ai]d Coll[onel] Hambden for 14 dayes for [th]e offic[er]s & 849 sold[ier]s of his reg[imen]t end[ing] 15 pres[ent],790,14,4
2787,V2787,tr,68r,1643-06-21,7,p[ai]d [th]e lord whartons troop officers & 75 troop[er]s 14 dayes end[ing] 22 June,205,16,
2788,V2788,tr,68r,1643-06-21,105,p[ai]d leifft[enant] Coll[onel] Bamfeild for [th]e officers & 950 sold[ier]s of my lord[es] Regi[men]t 14 daies ending 15 present,810,2,8
2789,V2789,tr,68r,1643-06-21,49,p[ai]d my lord G[e]n[era]ll for his entertainm[en]t for a mo[nth] beginning [th]e 15 Aprill,280,0,0
2790,V2790,tr,68r,1643-06-21,49,p[ai]d Cap[tain] Pudsey for 14 dayes pay for himself & 30 halberdiers of my lord[es] guard uppon accompt,45,10,-
2791,V2791,tr,68r,1643-06-21,137,p[ai]d Coll[onel] Jams Holburne for 14 dayes pay for [th]e officers & 473 sold[ier]s of his reg[imen]t end[ing] 15 pres[en]t,501,5,4
2792,V2792,tr,68r,1643-06-21,81,p[ai]d C[aptain] Thomas Bushell for pay of 8 sold[ier]s as by [th]e warrent,7,14,-
2793,V2793,tr,68r,1643-06-21,110,p[ai]d C[aptain] Fra[ncis] Ingoldesbys officers & 43 troop[er]s for 14 dayes end[ing] last may,137,3,-
2794,V2794,close table,68r,1643-06-21,,,471793,10,5
2795,V2795,pb,68v,1643-06-21,,68v,,,
2796,V2796,table (single row),68v,1643-06-21,,Sommeth [th]e paym[entes] on the other side,471793,10,5
2797,V2797,head,68v,1643-06-22,,22 June 1643,,,
2798,V2798,open table,68v,1643-06-22,37,p[ai]d S[i]r Phillip stapleton for his owne paye as by [th]e warr[an]t,38,14,0
2799,V2799,tr,68v,1643-06-22,166,p[ai]d Coll[onel] Georg melve for 14 dayes pay for the officers & 57 drago[ons] of his compa[ny] end[ing] 23 June,94,3,-
2800,V2800,tr,68v,1643-06-22,174,p[ai]d Capt[ain] Thomas melve the like for officers 60 drago[ons] end[ing] 23 June,97,13,-
2801,V2801,tr,68v,1643-06-22,122,p[ai]d S[i]r James Ramseyes officers & 49 of his troope for 14 dayes end[ing] 2 Julie,153,6,-
2802,V2802,tr,68v,1643-06-22,163,p[ai]d major Boswell for 14 dayes pay for his officers & 64 troop[er]s end[ing] 26 pres[en]t,181,13,-
2803,V2803,tr,68v,1643-06-22,33,p[ai]d leifft[enant] Thomas Apleby for pay of himself 2 Ensigns & 10 sergeant[es] for 14 days of S[i]r Henry Cholmlyes reg[imen]t endinge [th]e last present,17,10,-
2804,V2804,tr,68v,1643-06-22,184,p[ai]d Alexander Forbois for 14 dayes pay for [th]e officers & 54 troop[er]s of my lord Peeterborrough[es] troop end[ing] 25 June as by [th]e warr[an]t,145,19,-
2805,V2805,tr,68v,1643-06-22,139,p[ai]d Thomas wood leifft[enant] Coll[onel] in Coll[onel] Holmstead[es] reg[imen]t for 42 dayes pay end[ing] 15 pres[en]t,63,-,-
2806,V2806,tr,68v,1643-06-22,170,p[ai]d Capt[ain] w[illia]m Salkill for his officers & 74 troop[er]s for 14 dayes end[ing] 25 present,214,18,-
2807,V2807,tr,68v,1643-06-22,125,p[ai]d Coll[onel] John midleton for his officers & 65 troop[er]s end[ing] 26 present,183,8,-
2808,V2808,tr,68v,1643-06-22,15,p[ai]d Coll[onel] Goodewine for his officers & 79 troop[er]s for 14 dayes end[ing] 5 July,207,18,-
2809,V2809,tr,68v,1643-06-22,,more for the pay of 15 troop[er]s from [th]e 1 June to the 15 Julie,65,12,6
2810,V2810,tr,68v,1643-06-22,81,p[ai]d Capt[ain] Bushell for pay of 28 sold[ier]s for 18 dayes ended 15 June,16,16,-
2811,V2811,tr,68v,1643-06-22,18,p[ai]d C[aptain] James sheffeild for 14 dayes pay for his officers & 62 troop[er]s end[ing] 7 July,176,8,-
2812,V2812,tr,68v,1643-06-22,174,p[ai]d major Baynes for 14 dayes pay of [th]e officers & 75 drago[ons] in Coll[onel] melves Regi[men]t end[ing] 23 June,113,8,-
2813,V2813,tr,68v,1643-06-22,181,p[ai]d C[aptain] Georg ulricke for 14 days pay for himself officers & 15 troop[er]s end[ing] 11 June,84,0,0
2814,V2814,tr,68v,1643-06-22,128,p[ai]d Coll[onel] dulbier for pay of himself as Capt[ain] & 17 troup[er]s for 14 days end[ing] 3 pres[en]t,93,16,0
2815,V2815,tr,68v,1643-06-22,111,p[ai]d [th]e lord Rochfort for paym[en]t of himself as Coll[onel] & Captaine form [th]e 2 to [th]e 15 June & for pay of his leifft[enant] Coll[onel] the same,52,10,-
2816,V2816,tr,68v,1643-06-22,184,p[ai]d Ca[ptain] Fra[ncis] Hudson for 14 days pay for [th]e officers & 76 soldiers of his compa[ny] end[ing] [th]e 15 June,56,9,4
2817,V2817,close table,68v,1643-06-22,,,473850,12,
2818,V2818,pb,69r,1643-06-22,,69r,,,
2819,V2819,table (single row),69r,1643-06-22,,,473850,12,
2820,V2820,head,69r,1643-06-22,,22 June 1643,,,
2821,V2821,open table,69r,1643-06-22,185,p[ai]d Capt[ain] Fra[ncis] Squire of Coll[onel] Holborn reg[imen]t for pay for severall officers & 18 sold[ier]s for 14 dayes to end [th]e 15 June,10,17,-
2822,V2822,tr,69r,1643-06-22,186,p[ai]d liefft[enant] Coll[onel] mackany for 11 dayes pay of 15 sold[ier]s of his compa[ny] to end [th]e 15 June,5,10,-
2823,V2823,tr,69r,1643-06-22,122,p[ai]d llewellin price surgeon to S[i]r James Ramsey for pay of himself mat[es] & bidett[es] for a mo[nths] pay ending [th]e 18 June,16,16,-
2824,V2824,tr,69r,1643-01-17,135,p[ai]d Capt[ain] scaltike C[aptain] Gauler Cap[tain] Smith and Capt[ain] Howson by order of his Exc[ellency] signified under m[aste]r Chambers his hand the 17 Janu[ary] w[hi]ch is charged by [th]e Auditor to ther accompt,120,0,0
2825,V2825,tr,69r,1643-01-07,152,p[ai]d [th]e 7 Janu[ary] by the like order to Capt[ain] Haynes C[aptain] Rainsborrough C[aptain] [^Henry^] wythers & Capt[ain] Jo[hn] withers w[hi]ch is likewise entred by the auditor Broad,200,0,0
2826,V2826,tr,69r,1643-04-10,152,p[ai]d [th]e 10 Aprill by the same order to major John meldrom to be defalked in his accompt entred by [th]e Aud[itor],100,-,-
2827,V2827,tr,69r,1642-11-11,33,p[ai]d S[i]r w[illia]m Balfour for [th]e guift monye of his Regiment mustred in Chelsey feild order to the order then given 11 [Novem]bre 1642,100,0,0
2828,V2828,close table,69r,1643-06-22,9,p[ai]d miles dodson quarterm[aste]r to my lord Rochford[es] reg[imen]t for 14 pay end[ing] 15 present,3,10,0
2829,V2829,head,69r,1643-06-26,,26 [June 1643],,,
2830,V2830,open table,69r,1643-06-26,109,p[ai]d Capt[ain] Francis vernon deputy thr[easur]er of [th]e Armye for his pay & entertainm[en]t from [th]e 29 Aprill inclu[sive] to the 29 may inclu[sive] at 6s.8d p[er] diem 30 dayes,10,0,0
2831,V2831,tr,69r,1643-06-26,,more for 3 clark[es] allowed him for [th]e same time at 2s p[er] diem each,9,-,-
2832,V2832,tr,69r,1643-06-26,,more p[ai]d him from [th]e 29 may inclusive to [th]e 28 June inclusive,10,-,-
2833,V2833,tr,69r,1643-06-26,,more for 3 clark[es] [th]e same time,9,-,-
2834,V2834,tr,69r,1642-11-12,132,p[ai]d [th]e 12 november 1642 to Comissary Fastaff in part of a warr[an]t of 150l w[hi]ch he hath in his hand[es] for and toward[es] payment of the drawght horses as by his acquittance appear[es],40,0,0
2835,V2835,close table,69r,1643-06-26,,delivered m[aste]r Broad the warr[antes] of this month being 106 R[e]t[urn[ed] [th]e 10 [Octo]bre 1643. No 16,474485,5,3
2836,V2836,head,69r,1643-06-26,,No = 16,,,
2837,V2837,pb,69v,1643-06-26,,69v,,,
2838,V2838,table (single row),69v,1643-06-26,,Sommeth [th]e payment[es] on the oth[er] side,474485,5,
2839,V2839,head,69v,1643-07-05,,Julie 5 1643,,,
2840,V2840,table (single row),69v,1643-07-05,56,p[ai]d Capt[ain] Edward Clarke for 14  dayes paye for himself & 29 troop[er]s & more for 8 troop[er]s according to [th]e warrent,103,-,-
2841,V2841,head,69v,1643-07-12,,12 [July 1643],,,
2842,V2842,open table,69v,1643-07-12,110,p[ai]d Capt[ain] Francis Ingoldesby for 14 dayes pay for himself officers & 43 troop[er]s end[ing] [th]e 14 June,137,4,0
2843,V2843,tr,69v,1643-07-12,125,p[ai]d Coll[onel] John midleton the like for his troop & 65 troop[er]s end[ing] 10 Julie,184,8,-
2844,V2844,tr,69v,1643-07-12,83,p[ai]d Capt[ain] symon Rudglie the like for the officers & 50 troop[er]s end[ing] 9 Julie,153,6,0
2845,V2845,tr,69v,1643-07-12,21,p[ai]d Captaine Anselm the like & for 88 cuirassiers end[ing] 9 Julie,270,11,-
2846,V2846,tr,69v,1643-07-12,183,p[ai]d Capt[ain] Jo[hn] Andrewes for 14 dayes pay of his troop uppon accompt,174,13,-
2847,V2847,tr,69v,1643-07-12,18,p[ai]d Capt[ain] Thomas sheffeild Capt[ain] of that troope w[hi]ch belongd to major Gunter for 14 dayes pay for [th]e officers & 80 troop[er]s end[ing] 16 Julie,209,13,-
2848,V2848,tr,69v,1643-07-12,78,p[ai]d Nicholas Bond Commissary of [th]e victuall[es] for pay of himself & officers uppon accompt,145,6,5
2849,V2849,tr,69v,1643-07-12,27,p[ai]d Capt[ain] Hale for 14 dayes pay for his troop being 55 besid[es] officers end[ing] 10 July,160,8,0
2850,V2850,tr,69v,1643-07-12,171,p[ai]d Capt[ain] Robotham [th]e like for 60 troop[er]s end[ing] 29 June,174,13,0
2851,V2851,tr,69v,1643-07-12,75,p[ai]d Coll[onel] Jo[hn] meldrom [th]e like for his troop of 60 troop[er]s end[ing] 10 Julie,172,11,-
2852,V2852,tr,69v,1643-07-12,56,p[ai]d Capt[ain] Edward Clerke the like for his officers & 27 troop[er]s uppon accompt,78,15,0
2853,V2853,tr,69v,1643-07-12,16,p[ai]d C[aptain] Evelin the like for his officers & 27 troop[er]s end[ing] 10 Julie,100,2,0
2854,V2854,tr,69v,1643-07-12,37,p[ai]d S[i]r Phillip stapleton for 14 days for the officers & ninty Cuirassiers of my lord g[e]n[era]ll[es] lieff guard end[ing] 18 July,639,11,-
2855,V2855,tr,69v,1643-07-12,44,p[ai]d Capt[ain] Richard Greenvill for 14 days for his officers & 62 troop[er]s end[ing] [th]e 7 pres[en]t,176,1,-
2856,V2856,tr,69v,1643-07-12,12,p[ai]d Coll[onel] Richard Browne for 14 days for his officers & 46 troop[er]s end[ing] 6 Julie,148,7,-
2857,V2857,tr,69v,1643-07-12,157,p[ai]d Capt[ain] Cross for 14 dayes for his officers & 84 troop[er]s end[ing] 16 present,216,13,0
2858,V2858,tr,69v,1643-07-12,128,p[ai]d Coll[onel] Dolbier for 14 dayes for his offic[er]s & 17 troop[er]s end[ing] 17 June,93,26,-
2859,V2859,close table,69v,1643-07-12,,,477823,18,8
2860,V2860,pb,70r,1643-07-12,,70r,,,
2861,V2861,table (single row),70r,1643-07-12,,Sommeth [th]e payment[es] on the other side,477823,18,8
2862,V2862,head,70r,1643-07-12,,Julie 12 1643,,,
2863,V2863,open table,70r,1643-07-12,169,p[ai]d Capt[ain] Gilbert Carr for 14 dayes for his officers & 61 troop[er]s end[ing] 10 Julie,176,8,0
2864,V2864,tr,70r,1643-07-12,130,p[ai]d major Botteler for 14 dayes pay for the officers & sold[ier]s of my lord g[enera]ll[es] Regi[men]t end[ing] 29 June,722,11,-
2865,V2865,tr,70r,1643-07-12,180,p[ai]d Capt[ain] James Innes for 14 dayes pay for his officers & 54 troop[er]s end[ing] [th]e 9 pres[ent],152,19,-
2866,V2866,tr,70r,1643-07-12,172,p[ai]d Capt[ain] Charles Pime for 14 dayes for his officers & 63 troop[er]s end[ing] [th]e 6 Julie,178,3,0
2867,V2867,tr,70r,1643-07-12,161,p[ai]d C[aptain] Thomas maynard for 14 dayes for his officers & 36 dragoon[er]s end[ing] 7 July,67,4,0
2868,V2868,tr,70r,1643-07-12,136,p[ai]d major gen[era]ll skippon for 14 dayes for [th]e officers & 657 sold[ier]s of his Regi[men]t end[ing] 29 June,639,18,0
2869,V2869,tr,70r,1643-07-12,45,p[ai]d Capt[ain] Thomas Tirrell for 14 days for his officers & 78 troop[er]s end[ing] 7 July,204,8,0
2870,V2870,tr,70r,1643-07-12,15,p[ai]d Coll[onel] Goodwine for 14 dayes for his officers & 79 troop[er]s end[ing] 19 Julie,273,10,6
2871,V2871,tr,70r,1643-07-12,7,p[ai]d [th]e lord wharton [th]e like & 82 troop[er]s end[ing] 6 Julie,209,6,0
2872,V2872,tr,70r,1643-07-12,36,p[ai]d S[i]r Robert Pye [th]e like & 68 troop[er]s,190,15,0
2873,V2873,tr,70r,1643-07-12,15,p[ai]d m[aste]r Edward Perkins Chaplain to Coll[onel] Goodwins Regi[men]t [th]e remainer of a warr[ant] of [th]e 26 maye,27,12,6
2874,V2874,tr,70r,1643-07-12,47,p[ai]d Capt[ain] oliver Cromwell for 14 dayes for his officers & 50 troop[er]s uppon acc[oun]tt,153,13,0
2875,V2875,tr,70r,1643-07-12,154,p[ai]d Coll[onel] Bulstrood for 14 dayes pay for his officers & 505 sold[ier]s of his Regim[en]t end[ing] 9 Julie,504,18,8
2876,V2876,tr,70r,1643-07-12,137,p[ai]d Coll[onel] Holborn the like for officers & 377 sold[ier]s of his Regi[men]t end[ing] 29 June,445,4,8
2877,V2877,tr,70r,1643-07-12,136,p[ai]d major G[e]n[era]ll skippon for waggon monie for his Regi[men]t,220,0,0
2878,V2878,tr,70r,1643-07-12,92,p[ai]d S[i]r samuell luke toward[es] defrayinge of Charges for scout[es],200,0,0
2879,V2879,tr,70r,1643-07-12,132,p[ai]d Coll[onel] Holmstead for 14 dayes pay for [th]e officers & 462 sold[ier]s of his Regi[men]t end[ing] 29 June,477,18,0
2880,V2880,tr,70r,1643-07-12,63,p[ai]d Capt[ain] Thomas Hammond for 14 dayes for his officers & 88 troop[er]s end[ing] 9 Julie,223,13,0
2881,V2881,tr,70r,1643-07-12,167,p[ai]d C[aptain] Richard Fines [th]e like & 58 troop[er]s end[ing] 9 present,171,3,-
2882,V2882,tr,70r,1643-07-12,122,p[ai]d Coll[onel] James Ramsey the like & for 49 troop[er]s end[ing] 16 present,153,6,0
2883,V2883,tr,70r,1643-07-12,45,p[ai]d Coll[onel] Tirrell for [th]e officers & 650 sold[ier]s of his Regim[en]t for 14 dayes end[ing] 5 Julie,590,11,4
2884,V2884,tr,70r,1643-07-12,142,p[ai]d Coll[onel] Berkley [th]e like for [th]e office[r]s & 636 sold[ier]s of his Regi[men]t from [th]e 16 June,564,4,-
2885,V2885,close table,70r,1643-07-12,,,484371,5,4
2886,V2886,pb,70v,1643-07-12,,70v,,,
2887,V2887,table (single row),70v,1643-07-12,,Sommeth [th]e payment[es] on the other side,484371,5,4
2888,V2888,head,70v,1643-07-12,,Julie 12 1643,,,
2889,V2889,open table,70v,1643-07-12,8,p[ai]d Captaine James Sheffeild for 14 days paye of his troope of 70 troop[er]s besid[es] officers end 6 Julie,194,18,-
2890,V2890,tr,70v,1643-07-12,127,p[ai]d S[i]r Edward Peyto for 14 dayes pay for his compa[ny] of Fierlock[es] end[ing] 29 June,43,1,-
2891,V2891,tr,70v,1643-07-12,188,p[ai]d Capt[ain] Hugh Phillips on of the Capt[ain]s of S[i]r henry Cholmlies Regi[men]t for 14 days pay for himself as Capt[ain],10,10,-
2892,V2892,close table,70v,1643-07-12,5,p[ai]d Thomas Shemond[es] surgeon of my lord G[e]n[era]ll[es] Reg[imen]t of horse for a whole monthes pay for himself & mates uppon acc[oun]tt,16,6,-
2893,V2893,head,70v,1643-07-13,,13 Julie [1643],,,
2894,V2894,open table,70v,1643-07-13,159,p[ai]d Capt[ain] Robert Hardy for 14 dayes pay for his officers & 86 dragoon[er]s ending 7 Julie,124,19,-
2895,V2895,tr,70v,1643-07-13,,p[ai]d Thomas Cooke markemaster to the army for 14 dayes pay for himself & 4 servant[es] uppon acc[oun]tt,21,0,0
2896,V2896,tr,70v,1643-07-13,174,p[ai]d sergeant major Baines for 16 dayes pay end[ing] 9 Julie for [th]e officers & 90 dragoon[er]s,139,9,6
2897,V2897,tr,70v,1643-07-13,187,p[ai]d Major walter Floyd for [th]e officers & 458 soldiers of S[i]r Jo[hn] meldrums Regi[men]t for 14 dayes end[ing] 29 June,429,13,8
2898,V2898,tr,70v,1643-07-13,40,p[ai]d S[i]r John merricke for 14 dayes pay as gennerall of the ordinance end[ing] 23 febr[uary],70,-,-
2899,V2899,tr,70v,1643-07-13,40,more as Coll[onel] & captaine of a of a Regi[men]t & compa[ny] of foot for 14 dayes pay to beginn [th]e 21 Janu[ary],31,10,-
2900,V2900,tr,70v,1643-07-13,65,p[ai]d S[i]r Edward dodsworth Commissary g[enera]ll of the musters of horse for 14 days pay for him & his deputies end[ing] 5 June,17,10,-
2901,V2901,tr,70v,1643-07-13,132,p[ai]d Anthony Fastaff Commissary of the draft horses for 14 dayes pay for [th]e wagoners & draft horses uppon accompt,700,0,0
2902,V2902,tr,70v,1643-07-13,122,p[ai]d Capt[ain] Bosa for 14 days pay for the officers & 54 troop[er]s end[ing] 6 Julie,164,3,-
2903,V2903,tr,70v,1643-07-13,163,p[ai]d major Boswell the like for his officers & 64 troopers end[ing] 10 Julie,181,13,0
2904,V2904,tr,70v,1643-07-13,30,p[ai]d Coll[onel] Ballard for 14 dayes pay for [th]e officers & 275 sold[ier]s of his Regi[men]t beginning [th]e 16 June,337,3,-
2905,V2905,close table,70v,1643-07-13,,exam[in]ed,486853,11,6
2906,V2906,pb,71r,1643-07-13,,71r,,,
2907,V2907,table (single row),71r,1643-07-13,,Sommeth [th]e paym[entes] on the other side,486853,11,6
2908,V2908,head,71r,1643-07-13,,13 Julie 1643,,,
2909,V2909,open table,71r,1643-07-13,188,p[ai]d leifft[enant] Coll[onel] Palleologus in part of arrears due unt[o] him uppon accompt as major & capt[ain] of Foot in Coll[onel] Thomas Essex Regi[men]t,100,0,0
2910,V2910,tr,71r,1643-07-13,119,p[ai]d major w[illia]m urrey for 14 days pay for his officers & 63 troop[er]s end[ing] 9 Julie,165,4,0
2911,V2911,tr,71r,1643-07-13,30,p[ai]d Coll[onel] Ballard in part of monie due to him uppon accompt,100,0,0
2912,V2912,tr,71r,1643-07-13,186,p[ai]d Captaine Jams Innes cap[tain] of a troope of horse wounded for 14 dayes pay uppon accompt,27,6,-
2913,V2913,tr,71r,1643-07-13,92,p[ai]d S[i]r Sam[ue]ll luke for 14 dayes pay for his officers & 81 troop[er]s end[ing] 10 July,211,8,0
2914,V2914,tr,71r,1643-07-13,122,p[ai]d S[i]r James Ramsey for allowance of 5 troop[er]s as by [th]e warr[an]t,17,10,0
2915,V2915,tr,71r,1643-07-13,46,p[ai]d S[i]r w[illia]m Constable for [th]e officers & 662 sold[ier]s of his Regi[men]t according to [th]e warr[ant],520,8,0
2916,V2916,tr,71r,1643-07-13,51,p[ai]d Coll[onel] walter Long for 14 dayes pay for [th]e officers & 80 troop[er]s end[ing] [th]e 5 July,180,5,0
2917,V2917,tr,71r,1643-07-13,49,p[ai]d [th]e lord Robert[es] for 14 dayes pay of his Regi[men]t as by [th]e warrant,469,9,-
2918,V2918,tr,71r,1643-07-13,136,p[ai]d major g[e]n[era]ll skippon for 14 dayes for his troop of 80 besid[es] officers end[ing] [th]e 16 Julie,224,7,-
2919,V2919,tr,71r,1643-07-13,140,p[ai]d Coll[onel] Langham for 14 dayes pay for his Regiment as by [th]e warr[an]t,535,8,10
2920,V2920,tr,71r,1643-07-13,149,p[ai]d C[aptain] w[illia]m Cheese & Richard Hodgson cap[tains] of pioners for 14 dayes pay for themselves & 26 menn ending [th]e 11 Julie,18,4,0
2921,V2921,tr,71r,1643-07-13,127,p[ai]d S[i]r Edward Peyt[o] for 1/2 a mo[nths] pay for [th]e traine of Artigliry uppon accompt,724,15,8
2922,V2922,tr,71r,1643-07-13,188,p[ai]d Capt[ain] w[illia]m Andrew late capt[ain] of a compa[ny] in S[i]r Henry Cholmlies Regi[men]t for 14 daies pay as capt[ain] uppon acc[oun]tt,10,10,0
2923,V2923,tr,71r,1643-07-13,189,p[ai]d Capt[ain] Fleetwood for 14 dayes pay for his officers & troope uppon acc[oun]tt,197,8,0
2924,V2924,tr,71r,1643-07-13,189,p[ai]d C[aptain] Harison for 14 dayes pay for his officers & 62 troop[er]s end[ing] 6 Julie,174,6,-
2925,V2925,tr,71r,1643-07-13,109,p[ai]d Capt[ain] Lionel Copley for 14 dayes pay for his officers & 72 troop[er]s uppon acc[oun]tt,193,18,0
2926,V2926,tr,71r,1643-07-13,154,p[ai]d leifft[enant] Abracrommy for 14 dayes pay for 100 drago[ons] of Capt[ain] dundass his troop now prisoner,127,8,0
2927,V2927,close table,71r,1643-07-13,,,490851,7,0
2928,V2928,pb,71v,1643-07-13,,71v,,,
2929,V2929,table (single row),71v,1643-07-13,,Sommeth [th]e paym[entes] on the other side,490851,7,0
2930,V2930,head,71v,1643-07-13,,Julie 13 1643,,,
2931,V2931,open table,71v,1643-07-13,[...],p[ai]d mathew Broad surgeon to [th]e traine of Artigliry toward[es] supply of his chest,15,0,0
2932,V2932,tr,71v,1643-07-13,110,p[ai]d leifft[enant] Coll[onel] Barriff for 14 dayes pay for [th]e Regi[men]t late under Command of Coll[onel] Hambden as by [th]e warr[an]t,705,3,4
2933,V2933,tr,71v,1643-07-13,15,p[ai]d major Belfour for 14 dayes pay for the officers & 56 troop[er]s endinge [th]e 16 Julie,167,13,0
2934,V2934,tr,71v,1643-07-13,33,p[ai]d S[i]r w[illia]m Balfour the like for offic[er]s & 82 troop[er]s  end[ing] 9 Julye,276,10,-
2935,V2935,tr,71v,1643-07-13,190,"p[ai]d Capt[ain] w[illia]m Butler C[aptain] John wheler C[aptain] Thomas weelin L[ieutenan]t Thomas Apleby l[ieutenan]t Humphrey Caroll Ens[ign] Fra[ncis] Carey Ens[ign] Fra[ncis] lister, Ens[ign] Henry Cony Ens[ign] mathew williams Ens[ign] James llewellen & Ens[ign] Jo[hn] Holt officers in the late Regi[men]t of S[i]r Henry Cholmlie for ther pay for 14 dayes uppon accompt",49,14,-
2936,V2936,tr,71v,1643-07-13,174,p[ai]d Capt[ain] Thomas Melve for 14 dayes pay for his officers & 60 dragoon[er]s to end the 7 Julie,97,13,-
2937,V2937,tr,71v,1643-07-13,106,p[ai]d major Blare for 14 dayes for his officers & 53 troop[er]s end[ing] 16 July,160,6,0
2938,V2938,tr,71v,1643-07-13,98,p[ai]d Captaine drap[e]r the like for his officers & 62 troop[er]s end[ing] 16 Julye,165,11,-
2939,V2939,tr,71v,1643-07-13,49,p[ai]d Capt[ain] Pudsey for 1/2 a mo[nths] pay for himself & 30 halberdiers of my lord[es] guard,45,10,-
2940,V2940,tr,71v,1643-07-13,170,p[ai]d Capt[ain] salkild for 14 dayes pay for his officers & 88 troop[er]s end[ing] [th]e 9 July,223,18,0
2941,V2941,tr,71v,1643-07-13,18,p[ai]d m[aste]r symond[es] Chaplaine to Coll[onel] midletons Regi[men]t for 14 dayes pay for himself & servant,6,0,8
2942,V2942,tr,71v,1643-07-13,15,p[ai]d m[aste]r Thurston surgeon to Coll[onel] Goodwins Regi[men]t for 14 dayes pay for himself mates & Bidet[es],8,8,0
2943,V2943,tr,71v,1643-07-13,190,p[ai]d Captain Robert Bilingslye C[aptain] of a foot compa[ny] in Coll[onel] Fra[ncis] Tomsons Regi[men]t for 14 dayes for himself officers and 100 sold[ier]s uppon accompt,67,13,4
2944,V2944,tr,71v,1643-07-13,23,p[ai]d m[aste]r Robert semple Champlaine to Coll[onel] Jo[hn] meldroms Regi[men]t for 14 dayes for him & his servant ending [th]e 10 Julie,6,1,4
2945,V2945,close table,71v,1643-07-13,,ex[amined],492846,8,8
2946,V2946,pb,72r,1643-07-13,,72r,,,
2947,V2947,table (single row),72r,1643-07-13,,Sommeth [th]e paym[entes] on the other side,492846,8,8
2948,V2948,head,72r,1643-07-13,,13 Julie [1643],,,
2949,V2949,open table,72r,1643-07-13,191,p[ai]d m[istres]s Brummage late wiffe of Capt[ain] Thomas Brumadge deceased Capt[ain] of a compa[ny] of foot in Coll[onel] Ballard[es] Regi[men]t for pay due to him ending 4 maye,16,10,0
2950,V2950,tr,72r,1643-07-13,176,p[ai]d Capt[ain] Rutherford C[aptain] david Hunter capt[ain] Abernaithy and C[aptain] Rob[er]t Hunter 4 C[aptain] reformados of foot for 14 days pay ending 16 June,42,0,0
2951,V2951,tr,72r,1643-07-13,176,p[ai]d Capt[ain] James Barkley capt[ain] reformado of horse for 14 dayes pay 27l.6.0,,,
2952,V2952,tr,72r,1643-07-13,,p[ai]d Robert more Capt[ain] of horse 27.6.0,,,
2953,V2953,tr,72r,1643-07-13,,p[ai]d Capt[ain] straham [th]e like 27.6.0,,,
2954,V2954,tr,72r,1643-07-13,,p[ai]d Capt[ain] Rob[er]t phinn C[aptain] of drag[oons] 14.0.0,,,
2955,V2955,tr,72r,1643-07-13,,p[ai]d C[aptain] John Chisam C[aptain] of foot 10.10,,,
2956,V2956,tr,72r,1643-07-13,,p[ai]d C[aptain] Georg simpson C[aptain] of foot 10.10,,,
2957,V2957,tr,72r,1643-07-13,,Capt[ain] Peeter kirkady C[aptain] of foot 10.10,,,
2958,V2958,tr,72r,1643-07-13,,Capt[ain] Jo[hn] Easten Cap[tain] of foot 10.10,,,
2959,V2959,tr,72r,1643-07-13,,Cornet James Fine Cornet of horse 9.9,147,7,-
2960,V2960,tr,72r,1643-07-13,175,p[ai]d C[aptain] Fra[ncis] midleton & C[aptain] Hercules langrish Captains of 2 compa[nies] of dragoon[er]s for ther paye for 14 dayes end[ing] 7 Julie,126,10,-
2961,V2961,tr,72r,1643-07-13,142,p[ai]d Coll[onel] Alexander Barkley reformado for 14 dayes pay as Coll[onel] uppon accompt,21,0,0
2962,V2962,tr,72r,1643-07-13,43,p[ai]d Capt[ain] Fra[ncis] Tomson as Capt[ain] of a troop of horse for 14 dayes for his officers & 60 troop[er]s in part of a warr[an]t of 174.13,100,0,0
2963,V2963,tr,72r,1643-07-13,165,p[ai]d Capt[ain] Edward Saund[er]s in part of a warr[an]t of 181.16.0 for 15 dayes paye for 65 troop[er]s ending [th]e 13 Julie,100,0,0
2964,V2964,tr,72r,1643-07-13,5,p[ai]d samuel wade provost marshall of my lord g[e]n[era]ll[es] Regi[men]t of horse for 14 dayes pay of himself & 2 menn end[ing] 11 July,7,0,0
2965,V2965,tr,72r,1643-07-13,169,p[ai]d John Pinade Cornet to Capt[ain] Carr uppon accompt,10,0,0
2966,V2966,tr,72r,1643-07-13,176,p[ai]d John Barkley a reformado Capt[ain] of Foot for 1/2 a mo[nths] pay uppon acc[oun]tt,10,10,0
2967,V2967,tr,72r,1643-07-13,50,p[ai]d Coll[onel] Henry Billinglsy asistant to [th]e serg[ean]t major g[e]n[era]ll for 1/2 a monthes pay uppon accompt,21,0,0
2968,V2968,tr,72r,1643-07-13,22,p[ai]d mons[ieu]r de Boys quarterm[aste]r g[e]n[era]ll of Foot for 1/2 a months pay uppon accompt - d[elivere]d to m[aste]r Broad [th]e 10 October [th]e warr[antes] of Julie being - 97 - R[eturne]d backe,31,10,-
2969,V2969,tr,72r,1643-07-13,,,493479,15,8
2970,V2970,tr,72r,1643-07-13,109,p[ai]d Captaine vernon deputy thre[asurer] of [th]e Army for his pay and entertainm[en]t from [th]e 28 June to [th]e 27 July 30 dayes at 6s.8 p[er] die[m],10,0,0
2971,V2971,tr,72r,1643-07-13,,more for 3 clark[es] allowed him for [th]e same time,9,-,-
2972,V2972,close table,72r,1643-07-13,,,493798,15,8
2973,V2973,head,72r,1643-07-13,,No. 17,,,
2974,V2974,pb,72v,1643-07-13,,72v,,,
2975,V2975,table (single row),72v,1643-07-13,,Sommeth [th]e paym[entes] on the other side,493498,15,8
2976,V2976,head,72v,1643-08-15,,15 August [1643],,,
2977,V2977,table (single row),72v,1643-08-15,,p[ai]d Georg Embre & walt[er] denton wounded troop[er]s at Kenton for ther arrears,33,0,0
2978,V2978,head,72v,1643-08-16,,16 [August 1643],,,
2979,V2979,open table,72v,1643-08-16,132,p[ai]d Anthony Fastaff uppon accompt of the draft horses,350,0,0
2980,V2980,tr,72v,1643-08-16,130,p[ai]d major Bottelor for 7 dayes pay for my lord g[e]n[era]ll[es] Regi[men]t,335,6,6
2981,V2981,tr,72v,1643-08-16,49,p[ai]d for 7 dayes pay for my lord Robert[es] Regi[men]t,215,10,10
2982,V2982,tr,72v,1643-08-16,170,p[ai]d Capt[ain] will[iam] salkild for 7 daies pay for his troope,108,6,6
2983,V2983,tr,72v,1643-08-16,25,p[ai]d C[aptain] Hercules langrish the like for his troop of dragoon[er]s,28,10,6
2984,V2984,tr,72v,1643-08-16,161,p[ai]d C[aptain] Thomas mainard the like,48,6,0
2985,V2985,tr,72v,1643-08-16,127,p[ai]d S[i]r Edward Peto for 7 dayes for [th]e traine of Artigliry uppon accompt,362,7,6
2986,V2986,tr,72v,1643-08-16,109,p[ai]d Comissary Coply for 7 daies pay for his troope of Harquebusiers,94,6,6
2987,V2987,tr,72v,1643-08-16,142,p[ai]d Coll[onel] Barkeley for 7 dayes pay for his Regi[men]t,231,17,4
2988,V2988,tr,72v,1643-08-16,127,p[ai]d S[i]r Edward Peto for his compa[ny] of fierlock[es] from [th]e 29 June to [th]e 6 Julie,21,10,6
2989,V2989,tr,72v,1643-08-16,137,p[ai]d Coll[onel] Holborne for 7 dayes pay for his Regi[men]t,193,9,10
2990,V2990,tr,72v,1643-08-16,36,p[ai]d C[aptain] Rob[er]t Pye for 7 dayes pay for his troope,93,12,6
2991,V2991,tr,72v,1643-08-16,33,p[ai]d S[i]r w[illia]m Balfour for 7 dayes pay for his [^troop^],134,1,-
2992,V2992,tr,72v,1643-08-16,175,p[ai]d C[aptain] Fra[ncis] midleton for 7 days for his compa[ny] of dragoon[er]s,36,4,4
2993,V2993,tr,72v,1643-08-16,45,p[ai]d Capt[ain] Terrill for 7 days pay for his troop,103,19,6
2994,V2994,tr,72v,1643-08-16,106,p[ai]d major Blare [th]e like for his troope,82,1,6
2995,V2995,tr,72v,1643-08-16,147,p[ai]d Coll[onel] Aldrich for 7 days pay for the Regi[men]t that was S[i]r Jo[hn] meldroms,212,13,8
2996,V2996,tr,72v,1643-08-16,151,p[ai]d C[aptain] withers for 7 days pay for his troop,58,16,0
2997,V2997,tr,72v,1643-08-16,46,p[ai]d C[aptain] James Grey for 7 days pay for [th]e Regi[men]t late S[i]r w[illia]m Constables,198,19,6
2998,V2998,tr,72v,1643-08-16,156,p[ai]d Major Balfour for 7 dayes for his troop,88,4,-
2999,V2999,tr,72v,1643-08-16,47,p[ai]d C[aptain] oliver Cromwell for 7 days for his troop,89,1,6
3000,V3000,tr,72v,1643-08-16,171,p[ai]d C[aptain] Robotham the like for his troope,83,16,6
3001,V3001,tr,72v,1643-08-16,7,p[ai]d the lord wharton [th]e like for his troope,82,12,-
3002,V3002,tr,72v,1643-08-16,15,p[ai]d Coll[onel] Goodwine the like for his troope,105,14,-
3003,V3003,tr,72v,1643-08-16,49,p[ai]d C[aptain] Pudsey the like for my lord g[e]n[era]ll[es] halberdiers,22,15,-
3004,V3004,tr,72v,1643-08-16,27,p[ai]d C[aptain] John Hale for 7 dayes for his troop,80,6,0
3005,V3005,close table,72v,1643-08-16,,,496994,14,8
3006,V3006,pb,73r,1643-08-16,,73r,,,
3007,V3007,table (single row),73r,1643-08-16,,Sommeth [th]e paym[entes] on the other side,496994,14,8
3008,V3008,head,73r,1643-08-16,,16 Aug[us]t [1643],,,
3009,V3009,open table,73r,1643-08-16,163,p[ai]d major Boswell for 7 dayes pay for his troope,90,3,-
3010,V3010,tr,73r,1643-08-16,125,p[ai]d Coll[onel] midleton [th]e like for his troope,96,1,6
3011,V3011,tr,73r,1643-08-16,148,p[ai]d C[aptain] Richard Hodgson & C[aptain] w[illia]m Cheese for 7 dayes pay for the Pioneers,9,2,-
3012,V3012,tr,73r,1643-08-16,136,p[ai]d major g[e]n[era]ll skippon for 7 dayes pay for his Regi[men]t,263,1,8
3013,V3013,tr,73r,1643-08-16,154,p[ai]d major Fortescue for 7 dayes pay for the Regi[men]t late Coll[onel] Bulstrood[es],248,0,8
3014,V3014,tr,73r,1643-08-16,136,p[ai]d major g[e]n[era]ll skippon for 7 dayes for his troope,97,6,0
3015,V3015,tr,73r,1643-08-16,122,p[ai]d Ca[ptain] Sam[ue]ll Bosa the like for his troope,82,1,6
3016,V3016,tr,73r,1643-08-16,18,p[ai]d C[aptain] Thomas sheffeild the like for his troope,76,16,6
3017,V3017,tr,73r,1643-08-16,45,p[ai]d Coll[onel] Thomas Terrill for 7 days pay for his Regi[men]t,223,6,0
3018,V3018,tr,73r,1643-08-16,174,p[ai]d Ca[ptain] Thomas melve for 7 days pay for his compa[ny] of dragoon[er]s,42,10,6
3019,V3019,tr,73r,1643-08-16,75,p[ai]d Coll[onel] Jo[hn] meldrom for 7 daies pay for his troope,74,14,6
3020,V3020,tr,73r,1643-08-16,98,p[ai]d C[aptain] mathew drap[er] for 7 dayes pay for his troope,81,10,-
3021,V3021,tr,73r,1643-08-16,173,p[ai]d Cap[tain] Baynard for 7 days pay for his troop,86,0,6
3022,V3022,tr,73r,1643-08-16,132,p[ai]d for 7 days pay for Coll[onel] Holmsted[es] Regi[men]t,227,6,6
3023,V3023,tr,73r,1643-08-16,37,p[ai]d S[i]r Phillip stapleton for 7 days pay for [th]e gentlemen of the leiffguard,332,0,8
3024,V3024,tr,73r,1643-08-16,51,p[ai]d Coll[onel] walter long for 7 dayes paye for his troope,97,16,6
3025,V3025,tr,73r,1643-08-16,23,p[ai]d mathew miller provost marshall of Coll[onel] meldroms Regi[men]t for 7 days pay,3,10,-
3026,V3026,tr,73r,1643-08-16,23,p[ai]d Thomas lugg surgeon [^to^] the said Regi[men]t,3,10,-
3027,V3027,tr,73r,1643-08-16,50,p[ai]d Coll[onel] Billingsly assistant to [th]e major g[e]n[era]ll for 7 days pay,10,10,-
3028,V3028,tr,73r,1643-08-16,157,p[ai]d C[aptain] Richard Cross for 7 days pay for his troope,103,1,6
3029,V3029,tr,73r,1643-08-16,30,p[ai]d Coll[onel] Ballard for 7 dayes pay for his reg[imen]t,193,8,8
3030,V3030,tr,73r,1643-08-16,190,p[ai]d Ca[ptain] Rob[er]t Billingsly for pay of his foot compa[ny] in Coll[onel] Tomsons Regi[men]t uppon acc[oun]t,29,3,4
3031,V3031,tr,73r,1643-08-16,110,p[ai]d leifft[enant] Coll[onel] Barriff[es] compa[ny] for 7 days pay,15,5,8
3032,V3032,tr,73r,1643-08-16,191,p[ai]d C[aptain] Rob[er]t Jermy for 7 days pay for his troop,78,8,0
3033,V3033,tr,73r,1643-08-16,189,p[ai]d Henry stevans for 7 days pay for my lord Gray of wark[es] troope,46,11,-
3034,V3034,close table,73r,1643-08-16,,thus far the warr[antes] & acc[oun]tt[es] wear sent to lond[on],499606,0,10
3035,V3035,pb,73v,1643-08-16,,73v,,,
3036,V3036,table (single row),73v,1643-08-16,,Sommeth [th]e paym[entes] on the other side,499606,0,10
3037,V3037,head,73v,1643-08-17,,at Kingston 17 Aug[us]t [1643],,,
3038,V3038,open table,73v,1643-08-17,63,p[ai]d Capt[ain] Thomas Hamon for 7 days pay for his troope,94,10,6
3039,V3039,tr,73v,1643-08-17,192,p[ai]d C[aptain] Edward Fines the like,81,18,-
3040,V3040,tr,73v,1643-08-17,122,p[ai]d S[i]r James Ramsey the like,74,0,6
3041,V3041,tr,73v,1643-08-17,167,p[ai]d C[aptain] Richard Fines the like,81,18,-
3042,V3042,tr,73v,1643-08-17,189,p[ai]d C[aptain] Charles Fleetwood the like,82,8,-
3043,V3043,tr,73v,1643-08-17,169,p[ai]d C[aptain] Gilbert Carr the like,82,1,6
3044,V3044,tr,73v,1643-08-17,21,p[ai]d C[aptain] Anselme the like,140,3,6
3045,V3045,tr,73v,1643-08-17,192,p[ai]d Charles Fanthon the like,66,3,-
3046,V3046,tr,73v,1643-08-17,193,p[ai]d C[aptain] w[illia]m Gray the like,83,13,-
3047,V3047,tr,73v,1643-08-17,189,p[ai]d C[aptain] Thomas Harison the like,64,4,-
3048,V3048,tr,73v,1643-08-17,110,p[ai]d C[aptain] Fra[ncis] Ingoldesby the like,73,7,-
3049,V3049,tr,73v,1643-08-17,193,p[ai]d leifft[enant] Coll[onel] Carlton for 7 days pay for Coll[onel] Carltons Regi[men]t,213,15,10
3050,V3050,close table,73v,1643-08-17,92,p[ai]d S[i]r sam[ue]ll luke [th]e like for his troope,100,9,-
3051,V3051,head,73v,1643-08-18,,18 Aug[us]t [1643],,,
3052,V3052,open table,73v,1643-08-18,160,p[ai]d C[aptain] Evelin the like,47,8,6
3053,V3053,tr,73v,1643-08-18,,p[ai]d Rob[er]t Bulmer scout for 7 daies,6,9,6
3054,V3054,tr,73v,1643-08-18,65,p[ai]d S[i]r Edward dodsworth for 7 days,8,15,-
3055,V3055,tr,73v,1643-08-18,195,p[ai]d Thomas Cooke markemaster,21,0,0
3056,V3056,tr,73v,1643-08-18,43,p[ai]d Coll[onel] Tomson for his troope for 7 days,82,1,6
3057,V3057,tr,73v,1643-08-18,172,p[ai]d C[aptain] Charles Pimm the like,98,14,0
3058,V3058,tr,73v,1643-08-18,194,p[ai]d C[aptain] Bussy Basset for 45 soldiers in S[i]r Jo[hn] meldroms Regi[men]t,7,10,-
3059,V3059,tr,73v,1643-08-18,142,p[ai]d leifft[enant] morrice Bowen leifft[enant] of that compa[ny] wherof L[ieutenant] C[olone]ll Burly was capt[ain] for remainer of pay as leifft[enant],2,16,-
3060,V3060,tr,73v,1643-08-18,183,p[ai]d C[aptain] John Andrews for 7 days pay of his troope,80,13,6
3061,V3061,tr,73v,1643-08-18,,p[ai]d Rob[er]t wood on of the Phisitions of the Army for 21 days pay from [th]e 6 Feb[ruary] to [th]e 26 d[i]tt[o],10,10,0
3062,V3062,tr,73v,1643-08-18,45,p[ai]d Coll[onel] Thomas Terrill for pay of his Regi[men]t at Alisbury uppon acc[oun]tt,300,-,-
3063,V3063,tr,73v,1643-08-18,44,p[ai]d Richard Greenvill for 7 days pay for his troop,82,19,-
3064,V3064,tr,73v,1643-08-18,18,p[ai]d m[aste]r John symond[es] Chaplaine to Coll[onel] midletons Regi[men]t for 7 days,3,12,8
3065,V3065,tr,73v,1643-08-18,5,p[ai]d samuel wade provost marshall of my lord g[e]n[era]ll[es] Regi[men]t of horse for 7 days,3,10,-
3066,V3066,tr,73v,1643-08-18,23,p[ai]d m[aste]r Rob[er]t semple Chaplaine of S[i]r John meldroms Regi[men]t for 7 days,3,0,8
3067,V3067,close table,73v,1643-08-18,,exam[ine]d,501600,1,0
3068,V3068,pb,74r,1643-08-18,,74r,,,
3069,V3069,table (single row),74r,1643-08-18,,Sommeth [th]e paym[entes] on the other side,501600,1,0
3070,V3070,head,74r,1643-08-18,,18 August 1643,,,
3071,V3071,open table,74r,1643-08-18,5,p[ai]d Thomas shemond[es] surgeon of my lord G[e]n[era]ll[es] Reg[imen]t of horse for 14 days pay,8,8,0
3072,V3072,tr,74r,1643-08-18,27,p[ai]d Cheyny fuller late prisoner in oxford for who was leifft[enant] of Cap[tain] Hailes troop for a mo[nths] pay uppon accompt of the arrears,25,4,0
3073,V3073,tr,74r,1643-08-18,15,p[ai]d Richard Thurston surgeon of late Coll[onel] Goodwins Regi[men]t for 14 days pay,8,8,0
3074,V3074,tr,74r,1643-08-18,18,p[ai]d Isaac smith Chirurgion & lawrence southerne provost marshall of Coll[onel] Jo[hn] midletons Regi[men]t for 7 days,7,14,0
3075,V3075,tr,74r,1643-08-18,,p[ai]d Jo[hn] overton dragon[er] late prisoner in Oxford uppon accompt of his arrears,2,2,-
3076,V3076,tr,74r,1643-08-18,181,p[ai]d sergeant major ulrich for 7 days pay of his troope,58,12,6
3077,V3077,tr,74r,1643-08-18,128,p[ai]d Coll[onel] dalbier the like  for his troope,46,18,0
3078,V3078,tr,74r,1643-08-18,194,p[ai]d Coll[onel] Hans Beer for his owne paie for 3 week[es],103,19,0
3079,V3079,tr,74r,1643-08-18,159,p[ai]d C[aptain] Rob[er]t Hardy for 7 days for his troop of dragoon[er]s,48,16,6
3080,V3080,tr,74r,1643-08-18,,p[ai]d nicholas Coake assistant to the leifft[enant] g[e]n[era]ll of the ordinance for his pay uppon accompt,10,0,0
3081,V3081,tr,74r,1643-08-18,22,p[ai]d m[istres]s Gertrude De Boys toward[es] the arrears due to mons[iuer] de Boys her husband as quart[er] m[aste]r g[e]n[era]ll of the foot,34,10,0
3082,V3082,tr,74r,1643-08-18,17,p[ai]d Jam[es] swright surgeon to S[i]r w[illia]m Balfours Regi[men]t of horse for 3 week[es] pay,12,12,0
3083,V3083,tr,74r,1643-08-18,,p[ai]d daniell Prescot in full part of a warr[an]t of 15.2.6. dat[ed] 6 march 1642,5,2,6
3084,V3084,tr,74r,1643-08-18,154,p[ai]d Jeconiah Abercromy for 7 days pay for Capt[ain] dundasse his compa[ny] of drago[ons],40,8,0
3085,V3085,tr,74r,1643-08-18,24,p[ai]d Coll[onel] Tho[mas] Essex toward[es] his arears uppon accompt,50,0,0
3086,V3086,tr,74r,1643-08-18,186,p[ai]d C[aptain] James Innes for 7 dayes pay for his troope,73,6,6
3087,V3087,tr,74r,1643-08-18,187,"p[ai]d Cap[tain] Hugh Phillips, w[illia]m Botteler & Tho[mas] wolling 3 capt[ains] of Coll[onel] Cholmlies Regi[men]t for 7 days pay",15,15,0
3088,V3088,tr,74r,1643-08-18,75,p[ai]d Coll[onel] John meldrom for his troop & officers of his Regi[men]t,182,17,-
3089,V3089,tr,74r,1643-08-18,18,p[ai]d Coll[onel] Jams sheffeild for 7 days for his troop,99,11,-
3090,V3090,tr,74r,1643-08-18,176,p[ai]d divers scot[es] officers reformados for 7 days pay as by [th]e warr[an]t,182,17,6
3091,V3091,tr,74r,1643-08-18,56,p[ai]d C[aptain] Edward Clarke for 7 days for his troop,38,10,-
3092,V3092,tr,74r,1643-08-18,128,p[ai]d Coll[onel] dalbier for 7 days for [th]e troop lately belonging to Coll[onel] sand[er]s,44,16,-
3093,V3093,close table,74r,1643-08-18,,,502700,8,6
3094,V3094,pb,74v,1643-08-18,,74v,,,
3095,V3095,table (single row),74v,1643-08-18,,Sommeth [th]e payment[es] on the other side,502700,8,6
3096,V3096,head,74v,1643-08-21,,21 August [1643],,,
3097,V3097,open table,74v,1643-08-21,50,p[ai]d m[istres]s sara Billingsly for 14 days pay due to her husband Coll[onel] billingsly lately deceased,21,0,0
3098,V3098,tr,74v,1643-08-21,20,p[ai]d m[aste]r w[illia]m Erberry chaplaine to m[ajo]r g[e]n[era]ll[es] skippons Regi[men]t uppon accompt,20,0,0
3099,V3099,tr,74v,1643-08-21,40,p[ai]d S[i]r Jo[hn] merricke G[e]n[era]ll off the ordinance for 7 dayes entertainm[en]t uppon acc[oun]tt,35,0,0
3100,V3100,tr,74v,1643-08-21,136,p[ai]d major g[e]n[era]ll skippon for 7 dayes pay at 40s p[er] diem,14,0,0
3101,V3101,tr,74v,1643-08-21,126,p[ai]d Capt[ain] Jo[hn] Copply for 7 days pay for his troope of dragoon[er]s,56,17,6
3102,V3102,tr,74v,1643-08-21,,p[ai]d Thomas wick[es] provost marshall g[e]n[era]ll for 7 dayes pay for him & his men,19,13,2
3103,V3103,tr,74v,1643-08-21,142,p[ai]d Coll[onel] Henry Barkley for 7 dayes pay for his officers of the feild,18,18,-
3104,V3104,tr,74v,1643-08-21,170,p[ai]d Alexander Barklye coll[onel] reform[ado] for 7 dayes pay uppon accompt,10,10,0
3105,V3105,close table,74v,1643-08-21,195,p[ai]d major Fonteine for 14 days pay for his troope,133,14,-
3106,V3106,head,74v,1643-08-22,,22 August [1643],,,
3107,V3107,open table,74v,1643-08-22,176,p[ai]d 4 scot[es] Capt[ains] reformados for a week[es] pay,21,-,-
3108,V3108,tr,74v,1643-08-22,92,p[ai]d S[i]r samuel Luke uppon accompt,100,-,-
3109,V3109,tr,74v,1643-08-22,195,p[ai]d Capt[ain] Thomas Cooke markmaster for 7 days pay for him self & deputies,10,10,-
3110,V3110,tr,74v,1643-08-22,130,p[ai]d John Botteler late sergeant major to my lord Peeterborroughs regiment uppon accompt of his arrears,161,12,-
3111,V3111,tr,74v,1643-08-22,15,p[ai]d daniel Lyell provost marshall of [th]e late reg[imen]t of Coll[onel] goodwin for & toward[es] the pay of himself and men uppon acc[oun]tt,30,-,-
3112,V3112,tr,74v,1643-08-22,178,p[ai]d C[aptain] Edward primrose late Captaine of a foot compa[ny] under Coll[onel] Ballard latelie released out of prison uppon accompt,21,-,-
3113,V3113,close table,74v,1643-08-22,,to m[aste]r Brode [th]e Octo[ber] 117 war[ran]t[es] of Aug[us]t [?tell?] this day R[eturne]d No. 18,503374,3,2
3114,V3114,head,74v,1643-08-22,,No - 18 -,,,
3115,V3115,pb,75r,1643-08-22,,75r,,,
3116,V3116,table (single row),75r,1643-08-22,,Sommeth [th]e paym[entes] on the other side,503374,3,2
3117,V3117,head,75r,1643-08-24,,August 24 1643,,,
3118,V3118,open table,75r,1643-08-24,130,p[ai]d major Botteler for 14 days paye for my lord g[e]n[era]ll[es] Regi[men]t,671,13,0
3119,V3119,tr,75r,1643-08-24,22,p[ai]d the traine of Artigliry for 14 days uppon accompt,724,15,8
3120,V3120,tr,75r,1643-08-24,78,p[ai]d nicholas Bond Comissary g[e]n[era]ll of the victuall[es] uppon acc[oun]tt,100,0,0
3121,V3121,tr,75r,1643-08-24,50,p[ai]d major Raimond for 14 days paye for [th]e reg[imen]t w[hi]ch was Coll[onel] Hambdens,472,5,4
3122,V3122,tr,75r,1643-08-24,110,p[ai]d leifft[enant] Coll[onel] Inglish late leifft[enant] Coll[onel] of Coll[onel] Cholmlies Regi[men]t for 7 days,10,10,0
3123,V3123,tr,75r,1643-08-24,132,p[ai]d Coll[onel] Holmsted for his Regi[men]t,463,3,8
3124,V3124,tr,75r,1643-08-24,49,p[ai]d my lord Robert[es] for 14 daies for his reg[imen]t,431,1,8
3125,V3125,tr,75r,1643-08-24,136,p[ai]d major g[e]n[era]ll skippon for 14 days for his troop,194,12,-
3126,V3126,tr,75r,1643-08-24,132,p[ai]d Comissary Fastaff for [th]e draft horses uppon accompt,700,0,0
3127,V3127,tr,75r,1643-08-24,142,p[ai]d Coll[onel] Barkley for 14 daies for his Regi[men]t,481,5,4
3128,V3128,tr,75r,1643-08-24,127,p[ai]d S[i]r Edward Peto for 14 dayes for his compa[ny] of Fierlock[es],43,1,0
3129,V3129,tr,75r,1643-08-24,137,p[ai]d Coll[onel] Holborne for 14 dayes for his reg[imen]t,389,6,4
3130,V3130,tr,75r,1643-08-24,122,p[ai]d S[i]r James Ramsey for 14 daies for his trope,148,1,-
3131,V3131,tr,75r,1643-08-24,159,p[ai]d Cap[tain] Hardy for 14 daies for his compa[ny] of dragooners,97,13,0
3132,V3132,tr,75r,1643-08-24,130,p[ai]d major Butler for 14 days pay of 209 prest sold[ier]s in my lord g[enera]ll[es] Regi[men]t,97,10,8
3133,V3133,tr,75r,1643-08-24,191,p[ai]d C[aptain] Jermy for 14 dayes pay for his troop,156,16,0
3134,V3134,tr,75r,1643-08-24,136,p[ai]d major g[e]n[era]ll skippon for recruted and new prest sold[ier]s in his Regi[men]t,55,16,6
3135,V3135,tr,75r,1643-08-24,,more p[ai]d him for 14 daies pay for his Regi[men]t,513,6,6
3136,V3136,tr,75r,1643-08-24,196,p[ai]d Rob[er]t Greims lefft[enant] Coll[onel] of [th]e Regi[men]t wherof S[i]r w[illia]m Constable was Coll[onel] for 14 days pay for [th]e Regi[men]t,392,7,-
3137,V3137,tr,75r,1643-08-24,193,p[ai]d samuell Carlton leifft[enant] Coll[onel] of [th]e reg[imen]t wherof Georg Langham was Coll[onel] for 14 daies for [th]e reg[imen]t,427,10,4
3138,V3138,tr,75r,1643-08-24,45,p[ai]d C[aptain] Thom[as] Terrill for 14 days for his troop,207,18,-
3139,V3139,tr,75r,1643-08-24,196,p[ai]d Bristo Stok[es] Capt[ain] of a foot compa[ny] in major g[enera]ll skippons reg[imen]t for 14 daies pay for his compa[ny],49,0,0
3140,V3140,tr,75r,1643-08-24,75,p[ai]d Coll[onel] Jo[hn] meldrom for 14 daies for his troop,149,9,-
3141,V3141,tr,75r,1643-08-24,186,p[ai]d C[aptain] James Innes the like for his troop,146,13,0
3142,V3142,tr,75r,1643-08-24,51,p[ai]d Coll[onel] walter longe [th]e like for his troop,195,13,0
3143,V3143,tr,75r,1643-08-24,63,p[ai]d C[aptain] Thom[as] Hamon the like for his troope,183,1,-
3144,V3144,tr,75r,1643-08-24,25,p[ai]d C[aptain] Hercules Langreshe the like for his troope of dragooners,57,12,-
3145,V3145,tr,75r,1643-08-24,33,p[ai]d S[i]r Will[ia]m Belfour the like for his troop of harg[ebusiers],268,2,-
3146,V3146,close table,75r,1643-08-24,,,511202,6,2
3147,V3147,pb,75v,1643-08-24,,75v,,,
3148,V3148,table (single row),75v,1643-08-24,,Som[m]eth [th]e paym[entes] on the other side,511202,6,2
3149,V3149,head,75v,1643-08-25,,Aug[us]t 25 1643,,,
3150,V3150,open table,75v,1643-08-25,156,p[ai]d major Balfour for 14 daies for his troop,171,3,-
3151,V3151,tr,75v,1643-08-25,92,S[i]r Samuell Luke for soe much allowed him by [th]e councell of warr for post[es] & other extraordinaries,154,0,0
3152,V3152,tr,75v,1643-08-25,173,p[ai]d C[aptain] Adam Baynard for 14 dayes for his troope,160,13,-
3153,V3153,tr,75v,1643-08-25,10,p[ai]d major Blare the like for his troope,164,3,-
3154,V3154,tr,75v,1643-08-25,193,p[ai]d C[aptain] w[illia]m Greys the like for his troope,126,7,-
3155,V3155,tr,75v,1643-08-25,192,p[ai]d C[aptain] Edward Fiennes the like for his troop,163,16,-
3156,V3156,tr,75v,1643-08-25,119,p[ai]d major urrey uppon acc[oun]tt of his troop,100,0,0
3157,V3157,tr,75v,1643-08-25,125,p[ai]d Coll[onel] Jo[hn] midleton for 14 daies for his troop,192,3,-
3158,V3158,tr,75v,1643-08-25,172,p[ai]d C[aptain] Charls Pim the like for his troop,197,8,-
3159,V3159,tr,75v,1643-08-25,148,p[ai]d C[aptain] Rich[ard] Hodgson & w[illia]m Cheese for 14 daies for pioneers,18,4,-
3160,V3160,tr,75v,1643-08-25,65,p[ai]d S[i]r Edward dodsworth Comiss[ary] g[e]n[era]ll of the musters of horse for 14 days pay,17,10,-
3161,V3161,tr,75v,1643-08-25,163,p[ai]d majo[r] Boswell for 14 daies for his troop,179,14,-
3162,V3162,tr,75v,1643-08-25,171,p[ai]d C[aptain] Robotham for 14 daies for his troop,167,13,-
3163,V3163,tr,75v,1643-08-25,37,p[ai]d S[i]r Phillip Stapleton for 14 daies pay for [th]e troop of [th]e liffguard,651,16,4
3164,V3164,tr,75v,1643-08-25,169,p[ai]d C[aptain] Gilbert Carr for 14 daies for his troope,164,3,-
3165,V3165,tr,75v,1643-08-25,27,p[ai]d C[aptain] Jo[hn] Hale [th]e like for his troop,160,13,-
3166,V3166,tr,75v,1643-08-25,174,p[ai]d C[aptain] Tho[mas] melve for 14 daies for his compa[ny] of dragooners,85,12,-
3167,V3167,tr,75v,1643-08-25,161,p[ai]d C[aptain] Tho[mas] maynard the like,96,12,-
3168,V3168,tr,75v,1643-08-25,197,p[ai]d serg[ean]t major Browne in [th]e Regi[men]t late under Coll[onel] Ballard & now Coll[onel] martins for 14 dayes pay for that Regi[men]t,334,7,4
3169,V3169,tr,75v,1643-08-25,25,p[ai]d C[aptain] Adrian scroop uppon acc[oun]t of his troop,100,0,0
3170,V3170,tr,75v,1643-08-25,97,p[ai]d C[aptain] Robert Vivers the like,100,0,0
3171,V3171,tr,75v,1643-08-25,142,p[ai]d Coll[onel] Alex Barkley for 14 daies pay as Coll[onel] reformado,21,0,0
3172,V3172,tr,75v,1643-08-25,102,p[ai]d Docter Dorislaus Judg Advocate for a mo[nths] pay,28,0,0
3173,V3173,tr,75v,1643-08-25,189,p[ai]d C[aptain] Charles Fleetwood for 14 daies pay for his troop,184,16,-
3174,V3174,tr,75v,1643-08-25,175,p[ai]d C[aptain] Fra[ncis] Midleton for 14 daies pay for his compa[ny] of dragooners,72,9,-
3175,V3175,tr,75v,1643-08-25,122,p[ai]d C[aptain] sam[ue]ll Bosa for 14 days for his troop,164,3,-
3176,V3176,tr,75v,1643-08-25,122,more for providing 15 sadles & furniture,22,10,-
3177,V3177,tr,75v,1643-08-25,80,p[ai]d lawrenc lowe surgeon to [th]e g[e]n[era]ll[es] owne p[er]son uppon acc[oun]tt,30,0,0
3178,V3178,tr,75v,1643-08-25,15,p[ai]d Brice Semple lifft[enant] of late Coll[onel] Goodwins troope for 14 daies for that troop,184,4,-
3179,V3179,close table,75v,1643-08-25,,,515415,5,10
3180,V3180,pb,76r,1643-08-25,,76r,,,
3181,V3181,table (single row),76r,1643-08-25,,Som[m]eth [th]e payment[es] on the other side,515415,5,10
3182,V3182,head,76r,1643-08-25,,August 25 1643,,,
3183,V3183,open table,76r,1643-08-25,18,p[ai]d C[aptain] Tho[mas] sheffeild for 14 days for his troope,153,12,-
3184,V3184,tr,76r,1643-08-25,18,p[ai]d C[olone]ll Ja[mes] sheffeild the like for his troop,199,3,-
3185,V3185,tr,76r,1643-08-25,109,p[ai]d C[aptain] lionel Copley the like for his troop,188,8,0
3186,V3186,tr,76r,1643-08-25,17,p[ai]d Ja[mes] swright surgeon to S[i]r w[illia]m Balfours Regi[men]t for his pay to the 14 Julie,16,16,0
3187,V3187,tr,76r,1643-08-25,26 d[i]tt[o] 167,p[ai]d C[aptain] Anto[ny] Boller for 14 days pay of that troop of horse wherof C[aptain] Richard Fines was Capt[ain],171,3,-
3188,V3188,tr,76r,1643-08-25,167,more p[ai]d him in lieu of advance monie w[hi]ch he receaved not,40,0,0
3189,V3189,tr,76r,1643-08-25,154,p[ai]d Jeconiah Abracromme Capt[ain] of that troop of horse wherof C[aptain] Dundasse was late Capt[ain],100,16,-
3190,V3190,tr,76r,1643-08-25,43,p[ai]d Coll[onel] Fra[ncis] Thomson for 14 daies for his troope of horse,164,3,-
3191,V3191,tr,76r,1643-08-25,7,p[ai]d [th]e Lo[rd] wharton the like for his troop,165,4,-
3192,V3192,tr,76r,1643-08-25,128,p[ai]d Coll[onel] Dulbier for 14 days for [th]e troope late under C[aptain] sanders,89,12,-
3193,V3193,tr,76r,1643-08-25,128,more for 14 days for his owne troope,93,16,-
3194,V3194,tr,76r,1643-08-25,181,p[ai]d major ulrike the like for his troop,117,5,-
3195,V3195,tr,76r,1643-08-25,170,p[ai]d Rogers Bridges Cornet of Cap[tain] salkil[es] troop for 14 days for that troop,189,7,-
3196,V3196,tr,76r,1643-08-25,183,p[ai]d C[aptain] Jo[hn] Androws the like for his troope,159,3,-
3197,V3197,tr,76r,1643-08-25,122,p[ai]d S[i]r James Ramsey for pay of 40 sold[ier]s brought out of scotland to recrute his troop,70,0,0
3198,V3198,tr,76r,1643-08-25,18,p[ai]d C[aptain] Tho[mas] Harison for 14 days for his troope,128,9,-
3199,V3199,tr,76r,1643-08-25,92,p[ai]d S[i]r sam[ue]l luke [th]e like for his troop,200,18,0
3200,V3200,tr,76r,1643-08-25,110,p[ai]d C[aptain] Fra[ncis] Ingolsby [th]e like for his troope,146,14,-
3201,V3201,tr,76r,1643-08-25,81,p[ai]d Ellen Broadhurst wiffe to Georg Broadhurst deceased a soldier in Cap[tain] Bushell[es] compa[ny] for 10 week[es] pay due to him,2,6,8
3202,V3202,tr,76r,1643-08-25,159,p[ai]d Richard Fortescue major of [th]e Regi[men]t late of Coll[onel] Bulstrood for pay of that Regi[men]t,494,7,4
3203,V3203,tr,76r,1643-08-25,136,p[ai]d major g[e]n[era]ll skippon for his pay as major g[enera]ll for 14 daies,28,0,0
3204,V3204,tr,76r,1643-08-25,157,p[ai]d C[aptain] Rich[ard] Crosse for 14 dayes pay for his troop,206,3,-
3205,V3205,tr,76r,1643-08-25,14,p[ai]d Coll[onel] Aldrich for pay of his Regi[men]t,429,5,-
3206,V3206,tr,76r,1643-08-25,36,p[ai]d S[i]r Rob[er]t Py for 14 dayes for his troop,187,5,-
3207,V3207,tr,76r,1643-08-25,49,p[ai]d C[aptain] Thomas Pudsey for 14 dayes for my lord g[enera]ll[es] guard of halberdiers,45,10,-
3208,V3208,close table,76r,1643-08-25,,,519202,11,2
3209,V3209,pb,76v,1643-08-25,,76v,,,
3210,V3210,table (single row),76v,1643-08-25,,Sommeth [th]e paym[entes] on the other side,519202,11,2
3211,V3211,head,76v,1643-08-26,,August 26 1643,,,
3212,V3212,open table,76v,1643-08-26,18,p[ai]d C[aptain] Thomas Sheffeild for soe much disburst by him for sadles for his troope,36,12,-
3213,V3213,tr,76v,1643-08-26,197,p[ai]d C[aptain] Tho[mas] wogan for 14 days pay for his troope,187,19,-
3214,V3214,tr,76v,1643-08-26,21,p[ai]d C[aptain] w[illia]m Anselm for 14 dayes for his troop,280,7,-
3215,V3215,tr,76v,1643-08-26,36,p[ai]d S[i]r Rob[er]t Pye for 20 great sadles to furnish his troope,30,0,0
3216,V3216,tr,76v,1643-08-26,187,p[ai]d C[aptain] Hugh phillips C[aptain] w[illia]m Butler & C[aptain] Tho[mas] weelin late Capt[ains] in Coll[onel] Cholmlies Regi[men]t for 14 dayes pay,31,10,-
3217,V3217,tr,76v,1643-08-26,23,p[ai]d mathew miller pro[vost] marsh[a]ll of Coll[onel] meldroms Regi[men]t for 14 daies pay,7,-,-
3218,V3218,tr,76v,1643-08-26,23,p[ai]d Thomas lugg surgeon of that Regi[men]t for 14 days,6,6,0
3219,V3219,tr,76v,1643-08-26,14,p[ai]d Henry Eaton pro[vost] mar[shall] to Coll[onel] dolbiers Regi[men]t for 14 daies,7,0,0
3220,V3220,tr,76v,1643-08-26,194,p[ai]d Coll[onel] Hans Beer for his severall paies for 14 daies,69,6,-
3221,V3221,tr,76v,1643-08-26,24,p[ai]d Coll[onel] Tho[mas] Essex for his pay as Coll[onel] of a Foot Regim[en]t uppon acc[oun]tt,50,-,-
3222,V3222,tr,76v,1643-08-26,19,p[ai]d Edward withers who hath the charg of [th]e Ingine for 14 dayes,14,-,-
3223,V3223,tr,76v,1643-08-26,64,p[ai]d C[aptain] Valentine walton for a mo[nths] pay as Capt[ain] of horse uppon acc[oun]tt,54,12,-
3224,V3224,tr,76v,1643-08-26,15,p[ai]d m[aste]r Edward Perkins Chaplaine of the late Regi[men]t of Coll[onel] Goodwine in part of 37.14 deu to him,16,0,0
3225,V3225,tr,76v,1643-08-26,150,p[ai]d C[aptain] Jo[hn] Horsey in [th]e Regi[men]t of C[olone]ll Terril for 4 sicke sold[ier]s,1,17,4
3226,V3226,tr,76v,1643-08-26,198,p[ai]d C[aptain] Edward Phipps for 21 daies pay for his compa[ny] of drago[ons] uppon accompt,86,2,-
3227,V3227,tr,76v,1643-08-26,98,p[ai]d C[aptain] mathew drap[er] for 14 days for his troop,164,4,-
3228,V3228,tr,76v,1643-08-26,116,p[ai]d C[aptain] Henry Roe for pay dew to him as Capt[ain] of Pioneers,11,10,-
3229,V3229,tr,76v,1643-08-26,18,p[ai]d Isaac smith surgeon to Coll[onel] midletons Regi[men]t of horse for 14 days for himself & men,15,8,0
3230,V3230,tr,76v,1643-08-26,198,p[ai]d Nicholas skinner Comiss[ary] g[e]n[era]ll of [th]e provision for horse for pay of himself & 4 deputies 28 dayes ending [th]e 16 June,36,8,-
3231,V3231,tr,76v,1643-08-26,17,p[ai]d Joseph Reev provost marshall of S[i]r w[illia]m Balfours Regi[men]t of horse for pay for himself & menn,10,10,-
3232,V3232,close table,76v,1643-08-26,,,520319,2,6
3233,V3233,pb,77r,1643-08-26,,77r,,,
3234,V3234,table (single row),77r,1643-08-26,,Sommeth [th]e payment[es] on the other side,520319,2,6
3235,V3235,head,77r,1643-08-26,,August 26 1643,,,
3236,V3236,open table,77r,1643-08-26,199,p[ai]d C[aptain] George withers for 14 days pay for his troope,117,12,-
3237,V3237,tr,77r,1643-08-26,199,p[ai]d Judeth Price wiffe to the late Anthony Price Comissarie of victual[es] for pay deu to him,27,14,-
3238,V3238,tr,77r,1643-08-26,200,p[ai]d Richard wilcox Aud[ito]r of [th]e Army toward[es] his pay uppon accompt,50,-,-
3239,V3239,tr,77r,1643-08-26,43,p[ai]d Coll[onel] Fra[ncis] Thomson for 14 days pay to his Regi[men]t on foot,356,6,-
3240,V3240,tr,77r,1643-08-26,200,p[ai]d James Browne liefft[enant] of a troop of horse & Coadjutor to [th]e Adjutant g[e]n[era]ll for 21 days uppon acc[oun]tt,18,18,-
3241,V3241,tr,77r,1643-08-26,56,p[ai]d Edward Clarke for 14 daies for his troop,139,6,-
3242,V3242,tr,77r,1643-08-26,5,p[ai]d sam[ue]ll wade pro[vost] mar[shall] to my lord g[e]n[era]ll[es] Regi[men]t for days pay,7,-,-
3243,V3243,tr,77r,1643-08-26,26,p[ai]d Jo[hn] Potter for [th]e use of m[istres]s Austin late wiff of C[aptain] Austin desceased,100,-,-
3244,V3244,tr,77r,1643-08-26,18,p[ai]d C[olone]ll Jams sheffeild for his pay as Coll[onel] of horse at 30s p[er] diem uppon acc[oun]tt,21,-,-
3245,V3245,tr,77r,1643-08-26,61,p[ai]d S[i]r sigismond Alexander in part of his arrears,14,-,-
3246,V3246,tr,77r,1643-08-26,166,p[ai]d Coll[onel] Georg Melve toward[es] his arrears,100,0,0
3247,V3247,tr,77r,1643-08-26,50,p[ai]d m[istres]s sarah Bilingsly late wiffe of Coll[onel] Bilingsly deceased for 14 days paye uppon the arrears,21,-,-
3248,V3248,tr,77r,1643-08-26,23,p[ai]d m[aste]r Rob[er]t semple Chaplaine to Coll[onel] meldroms Regi[men]t for 14 days,6,1,4
3249,V3249,tr,77r,1643-08-26,201,p[ai]d Georg Forbes Capt[ain] of a compa[ny] of drago[ons] in Coll[onel] wardlaws Regi[men]t and late prisoner at oxford toward[es] his arrears,28,-,-
3250,V3250,close table,77r,1643-08-26,201,p[ai]d sergeant major Rob[er]t Ramsey for a mo[nths] pay uppon accompt,33,12,-
3251,V3251,head,77r,1643-08-27,,27 [August 1643],,,
3252,V3252,open table,77r,1643-08-27,202,p[ai]d major david melve for 14 day for his troop,169,10,6
3253,V3253,tr,77r,1643-08-27,40,p[ai]d S[i]r Jo[hn] merrick for his severall payes for 14 dayes,101,10,0
3254,V3254,tr,77r,1643-08-27,,more for 7 dayes as Coll[onel] & Capt[ain] of a reg[imen]t of [^foot^],15,15,-
3255,V3255,tr,77r,1643-08-27,109,p[ai]d Lionel Coply Comissary of [th]e musters of foot uppon accompt,100,0,0
3256,V3256,tr,77r,1643-08-27,79,p[ai]d Thomas Richardson wagon m[aste]r g[e]n[era]ll of [th]e Army for 100 days pay ending [th]e 2 Aug[us]t,75,-,-
3257,V3257,tr,77r,1643-08-27,176,p[ai]d divers scot[es] officers reformados as by [th]e war[rant],217,14,-
3258,V3258,tr,77r,1643-08-27,126,p[ai]d C[aptain] Jo[hn] Coply for 14 days pay for his compa[ny] of dragooners,113,15,-
3259,V3259,tr,77r,1643-08-27,49,p[ai]d my lord G[e]n[era]ll for his pay for 21 dais,210,-,-
3260,V3260,close table,77r,1643-08-27,,,522362,16,4
3261,V3261,pb,77v,1643-08-27,,77v,,,
3262,V3262,table (single row),77v,1643-08-27,,Sommeth [th]e paym[entes] on the other side,522362,16,4
3263,V3263,head,77v,1643-08-29,,August 29 [1643],,,
3264,V3264,open table,77v,1643-08-29,165,p[ai]d Capt[ain] Thomas Rogers Capt[ain] of a foot compa[ny] under Coll[onel] Grantham for 14 dayes pay uppon accompt,10,10,-
3265,V3265,tr,77v,1643-08-29,11,p[ai]d Robert law a Troop[er] under major Gunter in part of a warr[an]t of 11.17.6. of [th]e 27 Aug[us]t,5,0,0
3266,V3266,tr,77v,1643-08-29,47,p[ai]d C[aptain] oliver Cromwell for 14 dayes pay for his troop,178,3,-
3267,V3267,tr,77v,1643-08-29,49,"p[ai]d Theophilus Andrews Jo[hn] vivers Peeter Bland Fra[ncis] Cary Hugh harding Jo[hn] smith, Georg Billot & w[illia]m Phillips gent[lemen] latelie entred in my lord g[e]n[era]ll[es] lieff guard for 14 days pay each at 8s p[er] diem",44,16,-
3268,V3268,tr,77v,1643-08-29,202,p[ai]d C[aptain] Fra[ncis] Russell for 14 days for his troop,188,13,-
3269,V3269,tr,77v,1643-08-29,,Docter Adam Striall on of [th]e Phisitions of [th]e Army for his pay for 14 dayes,7,-,-
3270,V3270,tr,77v,1643-08-29,203,p[ai]d C[aptain] Charles Fanthom for 14 days pay for his troop,132,6,-
3271,V3271,tr,77v,1643-08-29,126,p[ai]d Peeter Cannon for his pay and entertainm[en]t for 244 days ending 19 Aug[us]t in p[ar]t of a greater some,200,-,-
3272,V3272,tr,77v,1643-08-29,44,p[ai]d C[aptain] Richard Greenvill for 14 dayes pay for his troop,165,18,-
3273,V3273,tr,77v,1643-08-29,19,p[ai]d mathew Broad surgeon to the traine of Artigliry for [th]e maintenance of 3 bidett[es] from [th]e 11 [Novem]bre to [th]e 22 Aug[us]tt besid[es] 18.18. by him receaved,23,17,
3274,V3274,tr,77v,1643-08-29,17,p[ai]d major w[illia]m Pretty in part of monie by him disbursed for Capt[ain] Fleming[es] troope,50,-,-
3275,V3275,tr,77v,1643-08-29,109,p[ai]d Capt[ain] Vernon deputy Thre[asurer] of [th]e Army for his pay and entertainm[en]t from [th]e 26 Julie to [th]e 26. August 30 dayes & 6.8 p[er] die[m],10,-,-
3276,V3276,tr,77v,1643-08-29,,for 3 clark[es] allowed him for [th]e same time at 2s p[er] diem each,9,-,-
3277,V3277,close table,77v,1643-08-29,,,523387,19,4
3278,V3278,head,77v,1643-10-29,,No. 19. To m[aste]r Broad [th]e Octo[ber] 134 warr[antes] tell this day R[eceive]d backe. ex[amined],,,
3279,V3279,p,77v,1643-10-29,,To m[aste]r Broad [th]e Octo[ber] 134 warr[antes] tell this day R[eceive]d backe. ex[amined],,,
3280,V3280,pb,78r,1643-10-29,,78r,,,
3281,V3281,table (single row),78r,1643-10-29,,Sommeth [th]e payment[es] on the other side,523387,19,4
3282,V3282,head,78r,1643-10-14,,October 14 [1643],,,
3283,V3283,open table,78r,1643-10-14,136,p[ai]d Major g[e]n[era]ll skippon for 14 dayes pay for [th]e officers and soldiers of his Regi[men]t,532,0,0
3284,V3284,tr,78r,1643-10-14,142,p[ai]d Collonell Barkley [th]e like for his Regi[men]t,421,17,4
3285,V3285,tr,78r,1643-10-14,135,p[ai]d Coll[onel] Holborne the like for his Regiment,351,17,4
3286,V3286,tr,78r,1643-10-14,130,p[ai]d Coll[onel] Botteler [th]e like for [th]e g[e]n[era]ll[es] Regi[men]t,693,2,4
3287,V3287,tr,78r,1643-10-14,22,p[ai]d [th]e traine of Artigliry for a fortnight,720,0,0
3288,V3288,tr,78r,1643-10-14,87,p[ai]d Capt[ain] w[illia]ms for his compa[ny] of Fierlock[es],36,10,4
3289,V3289,tr,78r,1643-10-14,204,p[ai]d C[aptain] Tho[mas] Rawlins for 14 dayes for his troop,167,6,0
3290,V3290,tr,78r,1643-10-14,191,p[ai]d C[aptain] Rob[er]t Jermine the like for his troope,156,16,0
3291,V3291,tr,78r,1643-10-14,110,p[ai]d C[aptain] Fra[ncis] Ingolsby the like for his troop,144,11,0
3292,V3292,tr,78r,1643-10-14,33,p[ai]d S[i]r w[illia]m Balfor [th]e like for his troope,231,7,-
3293,V3293,tr,78r,1643-10-14,46,p[ai]d major Frodsham for [th]e Regi[men]t late S[i]r w[illia]m Constables,361,15,8
3294,V3294,tr,78r,1643-10-14,49,p[ai]d for my lord Robert[es] Regi[men]t,388,12,4
3295,V3295,tr,78r,1643-10-14,157,p[ai]d major Cross his troop,206,3,-
3296,V3296,tr,78r,1643-10-14,37,p[ai]d S[i]r Phillip stapleton for [th]e g[e]n[era]ll[es] leiffguard,744,11,4
3297,V3297,tr,78r,1643-10-14,66,p[ai]d C[aptain] Anthony sanderson uppon his owne accompt,60,0,0
3298,V3298,tr,78r,1643-10-14,50,p[ai]d major Raymond for late Coll[onel] Hambdens Regi[men]t,318,2,0
3299,V3299,tr,78r,1643-10-14,132,p[ai]d Coll[onel] Holmstead[es] Regi[men]t,414,19,4
3300,V3300,tr,78r,1643-10-14,128,p[ai]d Coll[onel] Dolbier for his troope,182,14,0
3301,V3301,tr,78r,1643-10-14,128,more for his majors troope,96,5,-
3302,V3302,tr,78r,1643-10-14,202,p[ai]d Coll[onel] Francis Russell for his troop,163,16,0
3303,V3303,tr,78r,1643-10-14,186,p[ai]d C[aptain] James Innes for his troop,139,13,0
3304,V3304,tr,78r,1643-10-14,189,p[ai]d C[aptain] Fleetwood for his troop,186,11,0
3305,V3305,tr,78r,1643-10-14,132,p[ai]d Com[m]issarie Fastaff for [th]e draft horses,700,-,-
3306,V3306,tr,78r,1643-10-14,154,p[ai]d C[olone]ll Coningham for that Regi[men]t w[hi]ch was C[olone]ll Bolstrod[es],416,7,8
3307,V3307,tr,78r,1643-10-14,194,p[ai]d Coll[onel] Beahr for a months pay as Coll[onel] & adjutant,111,6,0
3308,V3308,tr,78r,1643-10-14,203,p[ai]d C[aptain] leifft[enant] sempell for his troop of horse,121,10,0
3309,V3309,tr,78r,1643-10-14,63,p[ai]d C[aptain] Thomas Hamon for his troop,183,1,-
3310,V3310,tr,78r,1643-10-14,189,p[ai]d C[aptain] Thomas Harison for his troop,130,11,-
3311,V3311,tr,78r,1643-10-14,65,p[ai]d S[i]r Edward dodsworth for 14 dayes pay to him & his deputies,17,10,-
3312,V3312,tr,78r,1643-10-14,148,p[ai]d C[aptain] Francis Hodgson for arrears of pay due to him as by [th]e warr[an]t,121,11,0
3313,V3313,tr,78r,1643-10-14,45,p[ai]d C[aptain] Thomas Terrill for his troope,207,18,0
3314,V3314,tr,78r,1643-10-14,140,p[ai]d C[aptain] Hen[ry] langham for 14 days for [th]e reg[imen]t late Coll[onel] langhams,318,19,4
3315,V3315,tr,78r,1643-10-14,27,p[ai]d C[aptain] Jo[hn] Hale for his troope,137,18,0
3316,V3316,tr,78r,1643-10-14,171,p[ai]d C[aptain] Robotham for his troope,141,8,0
3317,V3317,close table,78r,1643-10-14,,,532714,10,0
3318,V3318,pb,78v,1643-10-14,,78v,,,
3319,V3319,table (single row),78v,1643-10-14,,Sommeth [th]e paym[entes] on the other side,532711,10,
3320,V3320,p,78v,1643-10-14,,[...] [pounds] miscarried brought to acc[oun]tt the 30 [Octo]bre,,,
3321,V3321,head,78v,1643-10-14,,14 [Octo]bre 1643,,,
3322,V3322,open table,78v,1643-10-14,123,p[ai]d Coll[onel] Fra[ncis] martine for 14 dayes for his Regi[men]t,375,8,8
3323,V3323,tr,78v,1643-10-14,148,p[ai]d C[aptain] Richard Hodgson & C[aptain] Cheese Pioneers,15,8,-
3324,V3324,tr,78v,1643-10-14,122,p[ai]d major Bosa for his troop,179,18,0
3325,V3325,tr,78v,1643-10-14,194,p[ai]d Coll[onel] Beare for his troope,186,11,-
3326,V3326,tr,78v,1643-10-14,171,p[ai]d C[aptain] Buller for his troop,171,3,-
3327,V3327,tr,78v,1643-10-14,,p[ai]d Tho[mas] wikes provost marshall g[e]n[era]ll,39,6,4
3328,V3328,tr,78v,1643-10-14,92,p[ai]d S[i]r samuell luke uppon accompt,200,0,0
3329,V3329,tr,78v,1643-10-14,204,p[ai]d C[aptain] Tho[mas] shilborne C[aptain] of dragoon,90,6,0
3330,V3330,tr,78v,1643-10-14,205,p[ai]d C[aptain] Rich[ard] stevans for his troop,165,18,0
3331,V3331,tr,78v,1643-10-14,43,p[ai]d Coll[onel] Fra[ncis] Tomson for his Regi[men]t of foot,303,18,4
3332,V3332,tr,78v,1643-10-14,136,p[ai]d major G[e]n[era]ll skippon for his own pay,28,-,-
3333,V3333,tr,78v,1643-10-14,125,p[ai]d Coll[onel] midleton for his troop,231,2,4
3334,V3334,tr,78v,1643-10-14,,p[ai]d Doct[o]r Stryall on of [th]e Phisitions of [th]e Army,7,0,0
3335,V3335,tr,78v,1643-10-14,205,p[ai]d C[aptain] Abercromy Ca[ptain] of dragoon[er]s,93,13,6
3336,V3336,tr,78v,1643-10-14,122,p[ai]d S[i]r Jams Ramsey for his troop,204,1,-
3337,V3337,tr,78v,1643-10-14,176,p[ai]d David Inglis leifft[enant] Coll[onel] reformado,21,0,0
3338,V3338,tr,78v,1643-10-14,92,p[ai]d S[i]r samuel luke for his troope,185,3,-
3339,V3339,tr,78v,1643-10-14,195,p[ai]d C[aptain] Cooke markmaster,31,10,0
3340,V3340,tr,78v,1643-10-14,44,p[ai]d C[aptain] Rich[ard] Greenvill for his troop,165,18,0
3341,V3341,tr,78v,1643-10-14,159,p[ai]d leifft[enant] Boyleston for C[aptain] Hardys troop of dragoon[er]s,42,6,0
3342,V3342,tr,78v,1643-10-14,98,p[ai]d C[aptain] mathew drap[er] for his troop,176,8,0
3343,V3343,tr,78v,1643-10-14,25,p[ai]d C[aptain] langrish for his troop of dragon[er]s,56,2,-
3344,V3344,tr,78v,1643-10-14,17,p[ai]d Ja[mes] swright surgeon,8,8,0
3345,V3345,tr,78v,1643-10-14,106,p[ai]d C[aptain] Jo[hn] Carmichell for his troop,148,8,-
3346,V3346,close table,78v,1643-10-14,45,p[ai]d Coll[onel] Terrill w[hi]ch was omitted in the former warrent for w[hi]ch I have onlie a debent[ure] since I have got [th]e warrent,106,2,-
3347,V3347,head,78v,1643-10-16,,16 [Octo]bre [1642],,,
3348,V3348,open table,78v,1643-10-16,203,p[ai]d C[aptain] Fanton for his troope,146,6,0
3349,V3349,tr,78v,1643-10-16,109,p[ai]d C[aptain] Lionel Copley for his troop,171,3,-
3350,V3350,tr,78v,1643-10-16,198,p[ai]d Comissary skinner for his pay,18,4,0
3351,V3351,tr,78v,1643-10-16,102,p[ai]d m[aste]r w[illia]m Collins being soe much monie expended & laid out by secretary chambers,176,19,-
3352,V3352,tr,78v,1643-10-16,42,p[ai]d John Baldwine for 14 days pay for his Ex[cellency],140,-,-
3353,V3353,tr,78v,1643-10-16,49,p[ai]d C[aptain] Pudsey for 14 days pay for his Ex[cellencys] guard of Halberdiers,45,10,-
3354,V3354,tr,78v,1643-10-16,42,p[ai]d Jo[hn] Baldwine for 14 days pay as secret[ary],7,-,-
3355,V3355,tr,78v,1643-10-16,40,p[ai]d S[i]r Jo[hn] merricke for severall paies,101,10,-
3356,V3356,tr,78v,1643-10-16,170,p[ai]d C[aptain] w[illia]m salkild for his troop,192,3,-
3357,V3357,tr,78v,1643-10-16,173,p[ai]d C[aptain] Adam Baynard for his troop,146,13,-
3358,V3358,tr,78v,1643-10-16,,p[ai]d m[istres]s Elizabeth vaughan wiff to m[aste]r walter vaughan slaine at newberry for arrears dew to him,56,-,-
3359,V3359,close table,78v,1643-10-16,,,537147,17,2
3360,V3360,pb,79r,1643-10-16,,79r,,,
3361,V3361,table (single row),79r,1643-10-16,,Sommeth [th]e paym[entes] on the other side,537147,17,2
3362,V3362,head,79r,1643-10-16,,16 [Octo]bre [1643],,,
3363,V3363,open table,79r,1643-10-16,156,p[ai]d major Balfour for 14 days pay for his troop,158,4,0
3364,V3364,tr,79r,1643-10-16,21,p[ai]d C[aptain] Anselme for his troope,255,17,-
3365,V3365,tr,79r,1643-10-16,136,p[ai]d major g[e]n[era]ll skippon for his troope,185,10,-
3366,V3366,tr,79r,1643-10-16,36,p[ai]d S[i]r Robert Py for his troop,187,5,-
3367,V3367,tr,79r,1643-10-16,,p[ai]d Rob[er]t walsey Assistant to [th]e quart[e]r m[aste]r g[e]n[era]ll uppon accompt,15,-,-
3368,V3368,tr,79r,1643-10-16,18,p[ai]d Coll[onel] Ja[mes] sheffeild for his troop,220,3,0
3369,V3369,tr,79r,1643-10-16,18,p[ai]d C[aptain] Tho[mas] sheiffeld for his troop,157,3,-
3370,V3370,tr,79r,1643-10-16,142,p[ai]d Coll[onel] Alexander Barkley Reformado,21,0,0
3371,V3371,tr,79r,1643-10-16,160,p[ai]d C[aptain] Gilbert Carr for his troop,165,18,0
3372,V3372,tr,79r,1643-10-16,126,p[ai]d C[aptain] John Copley for his troop of dragoon[er]s,103,12,0
3373,V3373,tr,79r,1643-10-16,47,p[ai]d C[aptain] Cromwell for his troop of Harque[busiers],137,11,-
3374,V3374,tr,79r,1643-10-16,192,p[ai]d C[aptain] Edward finnes for his troop,156,16,0
3375,V3375,tr,79r,1643-10-16,197,p[ai]d C[aptain] Tho[mas] Ogan for his troop,98,0,0
3376,V3376,tr,79r,1643-10-16,125,p[ai]d Coll[onel] Jo[hn] midleton for pay of a compa[ny] of dragoon[er]s late under pay of C[aptain] Fra[ncis] midleton,66,17,0
3377,V3377,tr,79r,1643-10-16,161,p[ai]d C[aptain] maynard for his compa[ny] of drago[ons],75,18,0
3378,V3378,tr,79r,1643-10-16,174,p[ai]d C[aptain] Tho[mas] melve for his compa[ny] of drago[ons],75,12,0
3379,V3379,tr,79r,1643-10-16,25,p[ai]d C[aptain] Adrian scrope for 14 days pay as cap[tain] of horse,27,6,0
3380,V3380,tr,79r,1643-10-16,183,p[ai]d C[aptain] John Andrews for his troop,141,1,-
3381,V3381,tr,79r,1643-10-16,163,p[ai]d major Boswell for his troope,180,16,0
3382,V3382,tr,79r,1643-10-16,198,p[ai]d C[aptain] Edmond Phipps for his compa[ny] of drago[ons],94,17,-
3383,V3383,tr,79r,1643-10-16,56,p[ai]d C[aptain] Ed[ward] Clerke for his troope,142,16,0
3384,V3384,tr,79r,1643-10-16,5,p[ai]d Thomas shemond[es] surgeon,8,8,0
3385,V3385,tr,79r,1643-10-16,11,p[ai]d Robert law a troop[er] under major Gunter for remainer of a war[ran]t of the 27 Aug[us]t,6,17,6
3386,V3386,tr,79r,1643-10-16,19,p[ai]d w[illia]m Henly a Carpenter in the traine,4,14,6
3387,V3387,tr,79r,1643-10-16,122,p[ai]d S[i]r Ja[mes] Ramsey for his owne pay,21,-,-
3388,V3388,close table,79r,1643-10-16,19,p[ai]d phillip Kett for 14 days pay for 6 draft [^horses^],10,10,-
3389,V3389,head,79r,1643-10-18,,18 octob[er 1643],,,
3390,V3390,open table,79r,1643-10-18,147,p[ai]d Coll[onel] Aldrich for his Regi[men]t lying at Alsbury,416,4,4
3391,V3391,tr,79r,1643-10-18,75,p[ai]d Coll[onel] John meldrom for his troop,204,10,4
3392,V3392,close table,79r,1643-10-18,97,p[ai]d C[aptain] Robert vivers for 14 days pay as C[aptain] of a troop of a horse,27,6,0
3393,V3393,head,79r,1643-10-19,,19 [October 1643],,,
3394,V3394,open table,79r,1643-10-19,43,p[ai]d Coll[onel] Fra[ncis] Tomson for his troop,157,3,-
3395,V3395,tr,79r,1643-10-19,106,p[ai]d major Blare for his troope,191,9,-
3396,V3396,tr,79r,1643-10-19,172,p[ai]d C[aptain] Charles Pym for his troop,190,8,0
3397,V3397,tr,79r,1643-10-19,7,p[ai]d [th]e lord wharton for his troop,160,13,-
3398,V3398,tr,79r,1643-10-19,206,p[ai]d [th]e Earle of denbigh for his troop,169,8,-
3399,V3399,tr,79r,1643-10-19,207,p[ai]d C[aptain] Roper for his troop,179,18,-
3400,V3400,tr,79r,1643-10-19,51,p[ai]d Coll[onel] walter long for his troop,182,14,0
3401,V3401,tr,79r,1643-10-19,123,p[ai]d major Melvin for his troop,152,19,0
3402,V3402,close table,79r,1643-10-19,,,541899,1,10
3403,V3403,pb,79v,1643-10-19,,79v,,,
3404,V3404,table (single row),79v,1643-10-19,,Sommeth [th]e paym[entes] on the other side,541899,1,10
3405,V3405,head,79v,1643-10-19,,19 [Octo]bre 1643,,,
3406,V3406,open table,79v,1643-10-19,176,p[ai]d severall scott[es] reformados as by [th]e warr[ant],203,14,-
3407,V3407,tr,79v,1643-10-19,207,p[ai]d C[aptain] James Barckley who was dangerouslie wounded at [th]e late skirmish at Chinor,100,-,-
3408,V3408,tr,79v,1643-10-19,159,p[ai]d C[aptain] Robert Hardy C[aptain] of dragooners,26,12,-
3409,V3409,close table,79v,1643-10-19,167,p[ai]d C[aptain] Rich[ard] Fines for 14 days pay for himself,27,6,-
3410,V3410,head,79v,1643-10-22,,22 [October 1643],,,
3411,V3411,table (single row),79v,1643-10-22,176,p[ai]d leifft[enant] James Browne for pay of severall dutch officers reformados,163,16,-
3412,V3412,head,79v,1643-10-23,,23 [October 1643],,,
3413,V3413,open table,79v,1643-10-23,46,p[ai]d C[aptain] Humphrey Foans for 14 days pay for the under officers & [?225?] sold[ier]s of [th]e Regi[men]t late S[i]r w[illia]m Constables,145,16,8
3414,V3414,tr,79v,1643-10-23,136,p[ai]d the like for major g[e]n[era]ll[es] skippons Regi[men]t,193,4,-
3415,V3415,tr,79v,1643-10-23,142,p[ai]d the like for Coll[onel] Barklies Regi[men]t,221,13,4
3416,V3416,tr,79v,1643-10-23,130,p[ai]d Coll[onel] Jo[hn] Butler the like for his Exc[ellencys] Regi[men]t,319,11,-
3417,V3417,tr,79v,1643-10-23,85,p[ai]d Coll[onel] Adam Coningham the like,159,7,8
3418,V3418,close table,79v,1643-10-23,43,p[ai]d Coll[onel] Fra[ncis] Tomson the like,95,6,4
3419,V3419,head,79v,1643-10-24,,24 [October 1643],,,
3420,V3420,open table,79v,1643-10-24,110,p[ai]d leifft[enant] Coll[onel] Ingolsby the like for C[olonel] Hamden[es] Regi[men]t,142,11,4
3421,V3421,tr,79v,1643-10-24,56,p[ai]d major Clark [th]e like for langhams Regi[men]t,105,11,8
3422,V3422,tr,79v,1643-10-24,49,p[ai]d [th]e lord Robert[es] [th]e like for his Regi[men]t,183,12,8
3423,V3423,tr,79v,1643-10-24,132,p[ai]d Coll[onel] Holmstead the like for his Regi[men]t,157,0,8
3424,V3424,tr,79v,1643-10-24,119,p[ai]d major w[illia]m urrey in part of a warr[an]t of 281.5.0. of [th]e 23 october,181,5,-
3425,V3425,tr,79v,1643-10-24,208,p[ai]d major Beton for 1 drum[me]r  5 sold[ier]s more then he is p[ai]d for w[i]th [th]e Regi[men]t,3,0,8
3426,V3426,tr,79v,1643-10-24,87,p[ai]d C[aptain] williams for his compa[ny] of Fierlock[es],20,13,-
3427,V3427,close table,79v,1643-10-24,137,p[ai]d Coll[onel] Holborne for his under offic[er]s & regim[en]t,121,7,6
3428,V3428,head,79v,1643-10-25,,25 [October 1643],,,
3429,V3429,open table,79v,1643-10-25,208,p[ai]d m[ajo]r Robert Hamilton for his pay as major of the g[e]n[era]l[es] own Regi[men]t & Capt[ain] of a troop hors,35,14,-
3430,V3430,close table,79v,1643-10-25,190,p[ai]d C[aptain] william Botteler & C[aptain] Hugh Philips late Ca[ptains] of S[i]r Henry Cholmlys Regi[men]t,21,-,-
3431,V3431,head,79v,1643-10-27,,27 [October 1643],,,
3432,V3432,open table,79v,1643-10-27,180,p[ai]d Rob[er]t Hamon Ca[ptain] of my lord[es] leiff guard being soe much undercast in his last pay,8,8,0
3433,V3433,tr,79v,1643-10-27,46,p[ai]d m[aste]r Austine Chaplaine to Coll[onel] Terrill[es] Regi[men]t,10,0,0
3434,V3434,tr,79v,1643-10-27,9,p[ai]d the lord Gray of Groubby [th]e 20 october for 14 days pay for his troop,227,12,-
3435,V3435,tr,79v,1643-10-27,209,p[ai]d Ca[ptain] Georg meldrom in my lord Grays Regi[men]t for his troop,157,3,-
3436,V3436,tr,79v,1643-10-27,209,p[ai]d Ca[ptain] Burton [th]e like for his troop,116,18,-
3437,V3437,tr,79v,1643-10-27,210,p[ai]d C[aptain] Binglie the like for his troop,167,6,-
3438,V3438,tr,79v,1643-10-27,210,p[ai]d C[aptain] davers the like for his troop,157,3,-
3439,V3439,tr,79v,1643-10-27,211,p[ai]d C[aptain] Babington the like for his troop,158,18,0
3440,V3440,tr,79v,1643-10-27,211,p[ai]d major Thomas Frazer major to my lord denbigh,46,4,-
3441,V3441,close table,79v,1643-10-27,,,545576,17,4
3442,V3442,pb,80r,1643-10-27,,80r,,,
3443,V3443,table (single row),80r,1643-10-27,,Sommeth [th]e payment[es] on the other side,545576,17,4
3444,V3444,head,80r,1643-10-28,,October 28 1643,,,
3445,V3445,open table,80r,1643-10-28,14,p[ai]d Henry Eaton provost marshall to Coll[onel] Dalbiers Regi[men]t uppon acc[oun]tt,20,-,-
3446,V3446,close table,80r,1643-10-28,109,p[ai]d Captaine Vernon deputy Th[reasur]er of the Army for 30 days payes & entertainm[en]t from [th]e 26 August to [th]e 25 [Septem]bre at 6.8. p[er] diem,10,0,0
3447,V3447,head,80r,1643-10-28,,No 20,,,
3448,V3448,open table,80r,1643-10-28,,more for 3 clark[es] allowed him for [th]e same time at 2s p[er] diem each,9,-,-
3449,V3449,close table,80r,1643-10-28,,more for another 30 days for him and his clark[es] from [th]e 25 [Septem]bre to [th]e 25 october,19,-,-
3450,V3450,head,80r,1643-10-30,,30 [October 1643],,,
3451,V3451,open table,80r,1643-10-30,36,p[ai]d S[i]r Rob[er]t Pye for a monthes pay as Captaine of a troop of horse,54,12,-
3452,V3452,tr,80r,1643-10-30,3,3l miscarried over the leaff of the 14 present,3,0,0
3453,V3453,close table,80r,1643-10-30,d[elivere]d 43 w[arran]t[es] 4th no[vember R[eturne]d,d[elivere]d m[aste]r Broade 3 Nov[ember] 138 war[ran]t[es] R[eturne]d backe,,,
3454,V3454,head,80r,1643-11-14,,November 14 [1643],,,
3455,V3455,open table,80r,1643-11-14,87,p[ai]d Ca[ptain] williams for 7 days pay for [th]e Fierlock[es] belonging to the traine,10,4,0
3456,V3456,tr,80r,1643-11-14,147,p[ai]d Coll[onel] Aldrige toward[es] pay of the Garison of Alsburye uppon accompt,700,0,0
3457,V3457,close table,80r,1643-11-14,98,p[ai]d C[aptain] mathew drap[er] for the funerall charges of his leifft[enant] Dinglye to be defalked out of the said leifft[enants] Arrears,47,11,-
3458,V3458,head,80r,1643-11-18,,18 [November 1643],,,
3459,V3459,table (single row),80r,1643-11-18,45,p[ai]d Coll[onel] Terrill for 14 days pay for his Regi[men]t,384,8,8
3460,V3460,head,80r,1643-11-17,,17 [November 1643],,,
3461,V3461,open table,80r,1643-11-17,105,p[ai]d [^ma[jor] mathewes^] the like for my lord g[e]n[era]ll[es] Regiment,626,9,0
3462,V3462,tr,80r,1643-11-17,136,p[ai]d the like for major g[enera]ll[es] skippons Regi[men]t,403,0,6
3463,V3463,tr,80r,1643-11-17,92,p[ai]d S[i]r Samuel luke uppon accompt,100,0,0
3464,V3464,tr,80r,1643-11-17,132,p[ai]d for 14 dayes for Coll[onel] Holmsteed[es] Regi[men]t,399,6,4
3465,V3465,tr,80r,1643-11-17,123,p[ai]d the like for Coll[onel] martins Regi[men]t,296,1,[...]
3466,V3466,tr,80r,1643-11-17,142,p[ai]d the like for Coll[onel] Barkley Regi[men]t,396,13,4
3467,V3467,tr,80r,1643-11-17,22,p[ai]d the traine of Artigliry for 14 days,710,0,0
3468,V3468,tr,80r,1643-11-17,85,p[ai]d [th]e like for Coll[onel] Coninghams Regi[men]t,394,10,2
3469,V3469,tr,80r,1643-11-17,43,p[ai]d the like for Coll[onel] Tomsons Regi[men]t,295,9,2
3470,V3470,tr,80r,1643-11-17,140,p[ai]d the like for Coll[onel] Langhams Regi[men]t,348,5,-
3471,V3471,tr,80r,1643-11-17,49,p[ai]d the like for my lord Robert[es] Regi[men]t,420,11,8
3472,V3472,tr,80r,1643-11-17,132,p[ai]d Anto[ny] Fastaff Comissary of the draft horses,650,0,0
3473,V3473,tr,80r,1643-11-17,137,p[ai]d for 14 days for Coll[onel] Holborns Regi[men]t,333,13,4
3474,V3474,tr,80r,1643-11-17,87,p[ai]d C[aptain] williams for 14 days for his fierlock[es],36,15,-
3475,V3475,tr,80r,1643-11-17,46,p[ai]d [th]e like for S[i]r w[illia]m Constables Regi[men]t,320,16,8
3476,V3476,tr,80r,1643-11-17,49,p[ai]d C[aptain] Pudsey for 14 days for his halberdiers,45,10,-
3477,V3477,close table,80r,1643-11-17,212,p[ai]d leifft[enant] Pretty for 21 days for Pioneers,21,-,-
3478,V3478,head,80r,1643-11-19,,19 [November 1643],,,
3479,V3479,table (single row),80r,1643-11-19,42,p[ai]d Jo[hn] Baldwine for 14 days pay for his Exc[ellency],140,0,0
3480,V3480,head,80r,1643-11-20,,20 [November 1643],,,
3481,V3481,open table,80r,1643-11-20,40,p[ai]d S[i]r Jo[hn] merricke for 14 days severall pays,101,10,-
3482,V3482,tr,80r,1643-11-20,136,p[ai]d major g[e]n[era]ll skippon for 14 days pay as major g[e]n[era]ll,28,0,0
3483,V3483,close table,80r,1643-11-20,,,552902,4,8
3484,V3484,pb,80v,1643-11-20,,80v,,,
3485,V3485,table (single row),80v,1643-11-20,,Sommeth [th]e payment[es] on the other side,552902,4,8
3486,V3486,head,80v,1643-11-20,,20 November [1643],,,
3487,V3487,open table,80v,1643-11-20,59 I have [th]e warr[an]t,p[ai]d the ladye Crosbye part of her husband[es] Arrears: this was p[ai]d by m[aste]r Baldwins note for w[hi]ch he is to procure a warr[an]t [^I have it^],40,-,-
3488,V3488,tr,80v,1643-11-20,176,p[ai]d david Ingles leifft[enant] Coll[onel] Reformado for 14 days uppon accompt,21,-,-
3489,V3489,close table,80v,1643-11-20,109 24,p[ai]d Capt[ain] vernon deputy Th[reasur]er of [th]e Army for a month pay for his self and his clerk[es] ending this day,19,0,0
3490,V3490,head,80v,1643-11-23,,23 [November 1643],,,
3491,V3491,table (single row),80v,1643-11-23,125,p[ai]d Coll[onel] midleton in part of his arrears uppon accompt,100,0,0
3492,V3492,head,80v,1643-11-27,,27 [November 1643],,,
3493,V3493,table (single row),80v,1643-11-27,,p[ai]d Robert Ayres brother to Thomas Eyres deceased for arrears of pay,42,-,-
3494,V3494,head,80v,1643-11-29,,29 [November 1643],,,
3495,V3495,table (single row),80v,1643-11-29,9,p[ai]d [th]e lord Graye of Grooby for paye of his Regi[men]t of horse uppon accompt,500,0,0
3496,V3496,head,80v,1643-11-30,,30 [November 1643],,,
3497,V3497,open table,80v,1643-11-30,92,p[ai]d S[i]r Samuel luke Scoutm[aste]r for extraord[inary] charges,82,7,10
3498,V3498,tr,80v,1643-11-30,123,p[ai]d major melvin for 14 days pay for his troop,115,17,0
3499,V3499,tr,80v,1643-11-30,186,p[ai]d C[aptain] James Innes the like for his troope,155,15,0
3500,V3500,tr,80v,1643-11-30,75,p[ai]d Coll[onel] meldrom the like for his troop,200,13,4
3501,V3501,tr,80v,1643-11-30,56,p[ai]d C[aptain] Clerke the like for his troope,117,12,0
3502,V3502,tr,80v,1643-11-30,205,p[ai]d C[aptain] Abracrommy the like for his company [^of dragooneers^],98,8,0
3503,V3503,tr,80v,1643-11-30,183,p[ai]d C[aptain] Andrews the like for his troop,127,1,0
3504,V3504,tr,80v,1643-11-30,192,p[ai]d C[aptain] Edward Finnes the like for his troop,158,18,0
3505,V3505,close table,80v,1643-11-30,161,p[ai]d C[aptain] Thomas maynard the like,71,8,-
3506,V3506,head,80v,1643-12-01,,decemb[e]r 1 [1643],,,
3507,V3507,open table,80v,1643-12-01,190,p[ai]d C[aptain] Buller the like for his troop,177,16,0
3508,V3508,tr,80v,1643-12-01,33,p[ai]d S[i]r w[illia]m Balfours troop the like,244,6,0
3509,V3509,tr,80v,1643-12-01,202,p[ai]d Coll[onel] Russell the like for his troop,149,9,-
3510,V3510,tr,80v,1643-12-01,189,p[ai]d C[aptain] Fleetwood[es] troop the like,141,8,0
3511,V3511,tr,80v,1643-12-01,189,p[ai]d C[aptain] Thomas Harisons troop the like,153,13,0
3512,V3512,tr,80v,1643-12-01,212,p[ai]d C[aptain] Jo[hn] Farmers troop the like,139,13,0
3513,V3513,tr,80v,1643-12-01,194,p[ai]d Coll[onel] Beahrs troop the like,244,13,0
3514,V3514,tr,80v,1643-12-01,37,p[ai]d S[i]r Phillip Stapletons troop the like,721,16,0
3515,V3515,tr,80v,1643-12-01,156,p[ai]d major Balfours troop the like,123,11,0
3516,V3516,tr,80v,1643-12-01,125,p[ai]d Coll[onel] midletons troop the like,200,18,0
3517,V3517,tr,80v,1643-12-01,98,p[ai]d Capt[ain] drap[er]s troop the like,188,13,0
3518,V3518,tr,80v,1643-12-01,25,p[ai]d C[aptain] langresh for his compa[ny] of dragon[er]s,54,9,-
3519,V3519,tr,80v,1643-12-01,43,p[ai]d Coll[onel] Tomsons troop the like,160,13,0
3520,V3520,close table,80v,1643-12-01,,,557453,2,10
3521,V3521,pb,81r,1643-12-01,,81r,,,
3522,V3522,table (single row),81r,1643-12-01,,Sommeth [th]e paym[entes] on the other side,557453,2,10
3523,V3523,head,81r,1643-12-01,,December 1 1643,,,
3524,V3524,open table,81r,1643-12-01,45,p[ai]d Capt[ain] Thomas Terrill[es] troop the like the rest pay by C[olone]ll Aldrich at Alsberry,95,13,0
3525,V3525,tr,81r,1643-12-01,205,p[ai]d C[aptain] Richard Stevans troop the like,197,8,0
3526,V3526,tr,81r,1643-12-01,122,p[ai]d major Bosas troop the like,209,6,0
3527,V3527,tr,81r,1643-12-01,27,p[ai]d C[aptain] Hales troop the like,112,14,0
3528,V3528,tr,81r,1643-12-01,206,p[ai]d C[aptain] Carmichell[es] troop the like,174,13,0
3529,V3529,tr,81r,1643-12-01,92,p[ai]d S[i]r samuell luk[es] troop the like,182,7,0
3530,V3530,tr,81r,1643-12-01,213,p[ai]d C[aptain] Alexand[e]r Ramsies troop the like,170,2,0
3531,V3531,tr,81r,1643-12-01,78,p[ai]d Commissary bond uppon accompt,200,0,0
3532,V3532,tr,81r,1643-12-01,203,p[ai]d C[aptain] semples troop for 14 daies,132,6,0
3533,V3533,tr,81r,1643-12-01,142,p[ai]d Coll[onel] Barkley reformado for 14 days,21,0,0
3534,V3534,tr,81r,1643-12-01,213,p[ai]d Jams Browne adjutant of [th]e horse for 14 daies,32,4,0
3535,V3535,tr,81r,1643-12-01,44,p[ai]d C[aptain] Rich[ard] Greenvill for 14 days for his troop the rest being p[ai]d by C[olone]ll Aldrich,30,18,0
3536,V3536,tr,81r,1643-12-01,169,p[ai]d C[aptain] Carrs troop the like,108,17,0
3537,V3537,tr,81r,1643-12-01,171,p[ai]d C[aptain] Robotham the like for his troop,96,5,0
3538,V3538,tr,81r,1643-12-01,128,p[ai]d Coll[onel] dulbiers troop the like,166,19,0
3539,V3539,tr,81r,1643-12-01,181,p[ai]d major ulrick[es] troop the like,94,10,0
3540,V3540,tr,81r,1643-12-01,36,p[ai]d S[i]r Robert Pyes troop the like,120,0,0
3541,V3541,tr,81r,1643-12-01,109,p[ai]d C[aptain] Lionel Coplies troop the like,125,13,0
3542,V3542,tr,81r,1643-12-01,7,p[ai]d the lord whartons troop [th]e like,140,0,0
3543,V3543,tr,81r,1643-12-01,173,p[ai]d C[aptain] Baynard[es] troop the like,155,8,0
3544,V3544,tr,81r,1643-12-01,136,p[ai]d major g[e]n[era]ll skippons troop the like,153,6,0
3545,V3545,tr,81r,1643-12-01,208,p[ai]d major Hamiltons troop the like,165,4,0
3546,V3546,tr,81r,1643-12-01,18,p[ai]d Coll[onel] Sheffeild[es] troop the like,173,12,0
3547,V3547,tr,81r,1643-12-01,18,p[ai]d C[aptain] Thomas Sheffeild the like,130,11,0
3548,V3548,tr,81r,1643-12-01,63,p[ai]d C[aptain] Thom[as] Hamon the like,174,13,0
3549,V3549,close table,81r,1643-12-01,163,p[ai]d major Boswell the like,170,2,0
3550,V3550,head,81r,1643-12-04,,4 [December 1643],,,
3551,V3551,open table,81r,1643-12-04,174,p[ai]d Capt[ain] Thomas milve for 14 days for his company of dragooners,70,7,0
3552,V3552,tr,81r,1643-12-04,97,p[ai]d major Urry for 14 days for his troop,156,2,-
3553,V3553,tr,81r,1643-12-04,106,p[ai]d majors Blares troop the like,158,18,0
3554,V3554,tr,81r,1643-12-04,176,p[ai]d the scot[es] reformados for 14 days,257,12,0
3555,V3555,tr,81r,1643-12-04,110,p[ai]d Ca[ptain] Ingoldbyes troop the like,114,9,0
3556,V3556,tr,81r,1643-12-04,47,p[ai]d Ca[ptain] Cromwell[es] troop the like,106,1,-
3557,V3557,tr,81r,1643-12-04,204,p[ai]d C[aptain] Tho[mas] Rawlins troop the like,132,6,0
3558,V3558,close table,81r,1643-12-04,,,561982,8,10
3559,V3559,pb,81v,1643-12-04,,81v,,,
3560,V3560,table (single row),81v,1643-12-04,,Sommeth [th]e paym[entes] on the other side,561982,8,10
3561,V3561,head,81v,1643-12-03,,3 december 1643,,,
3562,V3562,open table,81v,1643-12-03,172,p[ai]d C[aptain] Charles Pym for 14 dayes for his [^troop^],169,1,-
3563,V3563,tr,81v,1643-12-03,214,p[ai]d C[aptain] Tho[mas] Boyleston [th]e like for his compa[ny] of dragooners,50,15,-
3564,V3564,close table,81v,1643-12-03,61,p[ai]d S[i]r sigismond Alexand[e]r for 14 days pay for himself,14,0,0
3565,V3565,head,81v,1643-12-04,,4 [December 1643],,,
3566,V3566,open table,81v,1643-12-04,126,p[ai]d C[aptain] Jo[hn] Copley for 14 days for his compa[ny] of dra[goons],77,6,4
3567,V3567,tr,81v,1643-12-04,57,p[ai]d major Ric[hard] Crosses troop the like,183,8,-
3568,V3568,close table,81v,1643-12-04,51,p[ai]d Coll[onel] long[es] troop the like,130,4,0
3569,V3569,head,81v,1643-12-05,,5 [December 1643],,,
3570,V3570,open table,81v,1643-12-05,21,p[ai]d C[aptain] Anselm the like for his troop,229,12,0
3571,V3571,tr,81v,1643-12-05,204,p[ai]d C[aptain] shelborne the like for his compa[ny] of dragoon[er]s,79,15,-
3572,V3572,tr,81v,1643-12-05,189,p[ai]d C[aptain] Thomas Harison for C[aptain] Fanthams troop,72,2,-
3573,V3573,tr,81v,1643-12-05,214,p[ai]d Edward Cludd toward[es] payment of the Citty forces under his Exc[ellency],3000,-,-
3574,V3574,tr,81v,1643-12-05,215,p[ai]d C[aptain] Piles troop for 14 dayes,127,1,-
3575,V3575,tr,81v,1643-12-05,207,p[ai]d C[aptain] Roper under Command of my lord denbigh for a mo[nths] pay for himself being wounded,54,12,-
3576,V3576,tr,81v,1643-12-05,25,p[ai]d C[aptain] Scroop for 14 days pay as capt[ain] of a troope,27,6,0
3577,V3577,close table,81v,1643-12-05,,p[ai]d docter Odlinge uppon accompt on of the phisitions of [th]e army,20,0,0
3578,V3578,head,81v,1643-12-06,,6 [December 1643],,,
3579,V3579,table (single row),81v,1643-12-06,130,p[ai]d l[ieutenant] Coll[onel] Botteler for soe much disburst uppon sicke & wounded soldiers to  be disburst out of the arrears of my lord g[enera]ll[es] Regi[men]t,13,0,0
3580,V3580,head,81v,1643-12-07,,7 [December 1643],,,
3581,V3581,table (single row),81v,1643-12-07,97,p[ai]d C[aptain] vivers for 14 daies pay as capt[ain] of horse,27,6,-
3582,V3582,head,81v,1643-12-06,,6 [December 1643],,,
3583,V3583,table (single row),81v,1643-12-06,33,p[ai]d S[i]r Henry Cholmley for 14 days pay for himself as Coll[onel] & capt[ain] of a foot Regi[men]t,31,10,-
3584,V3584,head,81v,1643-12-07,,7 [December 1643],,,
3585,V3585,open table,81v,1643-12-07,18,p[ai]d m[aste]r symond[es] Chaplaine of Coll[onel] midletons Regi[men]t & divers other under offic[er]s of [th]e same,21,9,4
3586,V3586,tr,81v,1643-12-07,46,p[ai]d a week[es] paye to [th]e under officers & com[m]on soldiers of Coll[onel] Constables Regi[men]t,44,3,2
3587,V3587,close table,81v,1643-12-07,49,p[ai]d [th]e like for my lord Robert[es] Regi[men]t,54,6,2
3588,V3588,head,81v,1643-12-08,,8 [December 1643],,,
3589,V3589,open table,81v,1643-12-08,105,p[ai]d the like for my lord g[e]n[era]ll[es] Regi[men]t - suppose Ma[jor] Mathewes: Coll[onel] Bottell[ers] warrant,79,17,2
3590,V3590,tr,81v,1643-12-08,45,p[ai]d the like for Coll[onel] Terrill[es] Regi[men]t,31,17,0
3591,V3591,tr,81v,1643-12-08,43,p[ai]d [th]e like for Coll[onel] Tomsons Regi[men]t,29,15,0
3592,V3592,tr,81v,1643-12-08,35,p[ai]d the like for Coll[onel] Coninghams Regi[men]t,40,19,0
3593,V3593,close table,81v,1643-12-08,,,566592,4,0
3594,V3594,pb,82r,1643-12-08,,82r,,,
3595,V3595,table (single row),82r,1643-12-08,,Sommeth [th]e payment[es] on the other side,566592,4,0
3596,V3596,head,82r,1643-12-08,,8 december 1643,,,
3597,V3597,open table,82r,1643-12-08,140,p[ai]d a week[es] pay to the under officers & soldiers of [th]e Regi[men]t late Coll[onel] langhams,29,3,4
3598,V3598,tr,82r,1643-12-08,142,p[ai]d the like to Coll[onel] Barklies Regi[men]t,39,4,0
3599,V3599,tr,82r,1643-12-08,117,p[ai]d the like to Coll[onel] Holborns Regi[men]t,34,18,10
3600,V3600,tr,82r,1643-12-08,87,p[ai]d the like to C[aptain] will[iam]s compa[ny] of fierlock[es],11,5,2
3601,V3601,tr,82r,1643-12-08,123,p[ai]d the like to Coll[onel] martins Regi[men]t,32,15,8
3602,V3602,tr,82r,1643-12-08,132,p[ai]d the like to Coll[onel] Holmstead[es] Regi[men]t,33,10,10
3603,V3603,tr,82r,1643-12-08,136,p[ai]d the like to major g[e]n[era]ll skippons Regi[men]t,46,13,4
3604,V3604,tr,82r,1643-12-08,5,p[ai]d Thomas Shemond[es] surgeon to Coll[onel] Sheffeild[es] reg[imen]t uppon accompt,8,8,0
3605,V3605,tr,82r,1643-12-08,190,p[ai]d C[aptain] william Butler C[aptain] Hugh Phillips and C[aptain] Jo[hn] Johnson,28,0,0
3606,V3606,tr,82r,1643-12-08,169,p[ai]d C[aptain] Gilbert Carr uppon a recrute,78,0,0
3607,V3607,tr,82r,1643-12-08,170,p[ai]d C[aptain] Salkeild for 14 days pay for his troop,154,0,0
3608,V3608,tr,82r,1643-12-08,194,p[ai]d Coll[onel] Beahr for 14 days pay as adjutant g[e]n[era]ll,21,-,-
3609,V3609,close table,82r,1643-12-08,36,p[ai]d S[i]r Robert Pye for a remainer of 14 dayes for his troope,67,5,-
3610,V3610,head,82r,1643-12-09,,9 [December 1643],,,
3611,V3611,open table,82r,1643-12-09,176,p[ai]d the dutch reformados for 14 days,120,1,0
3612,V3612,tr,82r,1643-12-09,42,p[ai]d Secretarye Baldwine for 14 days pay as secretarie uppon accompt,7,0,0
3613,V3613,tr,82r,1643-12-09,122,p[ai]d malcom mackery a trooper of S[i]r Jeams Ramsies Regi[men]t,1,15,0
3614,V3614,tr,82r,1643-12-09,122,p[ai]d Jo[hn] Edgar and Alexander Frizell 2 troop[er]s more of that Regi[men]t taken prisoners,3,10,0
3615,V3615,tr,82r,1643-12-09,144,p[ai]d Henry Gauler Capt[ain] of a Foot company in my lord g[e]n[era]ll[es] Regi[men]t for some sould[ier]s absent the last pay,5,16,8
3616,V3616,tr,82r,1643-12-09,148,p[ai]d Richard Hodgson Ca[ptain] of Pioneer[es] for 20 mens pay for 14 days,14,0,0
3617,V3617,tr,82r,1643-12-09,54,p[ai]d Roger Dixon surgeon of Coll[onel] Bulstrod[es] Regi[men]t for arrears,36,18,-
3618,V3618,tr,82r,1643-12-09,36,p[ai]d Comissary Fastaff for [th]e draft horses uppon accompt,300,0,0
3619,V3619,tr,82r,1643-12-09,22,p[ai]d [th]e 24 [Octo]bre to Ric[hard] Dean comptroler of the ordinance for [th]e traine,300,0,0
3620,V3620,tr,82r,1643-12-09,123,more that day for Coll[onel] martins Regi[men]t by 3 severall accquitances,88,10,8
3621,V3621,close table,82r,1643-12-09,,,568053,19,6
3622,V3622,pb,82v,1643-12-09,,82v,,,
3623,V3623,table (single row),82v,1643-12-09,,Som[m]eth [th]e paym[entes] on the other side,568053,19,6
3624,V3624,head,82v,1643-12-09,,9 December 1643,,,
3625,V3625,open table,82v,1643-12-09,,p[ai]d Docter Read on of the phizitions of [th]e Army for a mo[nths] pay,14,0,0
3626,V3626,tr,82v,1643-12-09,195,p[ai]d Tho[mas] Cooke markmaster for 14 days,31,10,-
3627,V3627,tr,82v,1643-12-09,65,p[ai]d S[i]r Edward Dodsworth for 14 daies,17,10,-
3628,V3628,tr,82v,1643-12-09,,p[ai]d Rob[er]t Wolsey Asistant to [th]e quart[er] m[aste]r g[e]n[era]ll uppon accompt,15,0,0
3629,V3629,tr,82v,1643-12-09,,p[ai]d John Hilliard and divers other men as by [th]e warr[an]t appears,18,4,0
3630,V3630,tr,82v,1643-12-09,102,p[ai]d Docter Dorisla advocate for 40 days pay,40,0,0
3631,V3631,tr,82v,1643-12-09,212,p[ai]d leifft[enant] Pretty for 11 pioneers,3,17,0
3632,V3632,tr,82v,1643-12-09,197,p[ai]d Capt[ain] Thomas wogan for 14 days pay for his troop,100,2,0
3633,V3633,tr,82v,1643-12-09,,p[ai]d Jo[hn] Armstrong & John more woundded soldiers,0,18,8
3634,V3634,close table,82v,1643-12-09,,p[ai]d the like to Hugh Fluellin & Jo[hn] Peele,0,18,8
3635,V3635,head,82v,1643-12-11,,11 [December 1643],,,
3636,V3636,open table,82v,1643-12-11,119,p[ai]d major urrey [th]e Remander of a war[rant] of the 23 [Octo]bre,100,0,0
3637,V3637,tr,82v,1643-12-11,215,p[ai]d C[aptain] Blith in C. Tompsons Regi[men]t for 7 days pay of his compa[ny],11,4,0
3638,V3638,tr,82v,1643-12-11,186,p[ai]d leifft[enant] Coll[onel] Innes in part of his arrer[es],42,0,0
3639,V3639,close table,82v,1643-12-11,125,p[ai]d Thomas Crowther Cornet to C midleton for pay of himself and on dragoner,4,11,0
3640,V3640,head,82v,1643-12-12,,12 [December 1643],,,
3641,V3641,open table,82v,1643-12-12,42,p[ai]d secretary Baldwine for intelligence & other charges laid out by his Exc[ellencys] com[m]and,61,11,-
3642,V3642,tr,82v,1643-12-12,169,p[ai]d John Adams trompeter to Capt[ain] Carr wounded at newberry,4,4,0
3643,V3643,tr,82v,1643-12-12,186,p[ai]d C[aptain] Jam[es] Innes wounded for 14 days pay uppon his arrear[es],27,6,0
3644,V3644,close table,82v,1643-12-12,216,p[ai]d m[istres]s Grace Flowerden Administratrix to C[aptain] Ja[mes] Pecham in the late Regi[men]t of S[i]r w[illia]m Constable for a mo[nths] pay uppon his arrears,21,0,0
3645,V3645,head,82v,1643-12-15,,15 [December 1643],,,
3646,V3646,open table,82v,1643-12-15,216,p[ai]d C[aptain] w[illia]m Coffe for severall soldiers wanting at the last muster now returned in 3 sev[er]all Reg[imentes] as by [th]e warr[ant],20,3,8
3647,V3647,tr,82v,1643-12-15,,p[ai]d Peeter Collingwood a wounded sold[ie]r,-,9,4
3648,V3648,tr,82v,1643-12-15,217,p[ai]d C[aptain] Edward Streeter for certaine soldiers missing at [th]e vieu of major g[e]n[era]l skippons Regi[men]t,7,7,-
3649,V3649,tr,82v,1643-12-15,118,p[ai]d major Mathews the like for soldiers missing in my lord g[e]n[era]ll[es] Regi[men]t,13,16,6
3650,V3650,tr,82v,1643-12-15,106,p[ai]d C[aptain] Hercules Arnett the like in Coll[onel] Terrill[es] Regi[men]t,10,4,2
3651,V3651,close table,82v,1643-12-15,,exam[ined],568619,16,6
3652,V3652,pb,83r,1643-12-15,,83r,,,
3653,V3653,table (single row),83r,1643-12-15,,Sommeth [th]e paym[entes] on the other side,568619,16,6
3654,V3654,head,83r,1643-12-18,,Decemb[e]r 18 1643,,,
3655,V3655,open table,83r,1643-12-18,130,p[ai]d leifft[enant] Coll[onel] Botteler for 7 daies pay for the under officers & 295 sold[ier]s of my lord g[e]n[era]ll[es] Regi[men]t,92,19,8
3656,V3656,tr,83r,1643-12-18,142,p[ai]d [th]e like for under officers & 138 sold[ier]s of Coll[onel] Barklies Regi[men]t,44,16,0
3657,V3657,tr,83r,1643-12-18,49,p[ai]d C[aptain] Jo[hn] mill for absent sold[ier]s of my lord Rob[er]t[es] Regi[men]t,4,15,8
3658,V3658,tr,83r,1643-12-18,49,p[ai]d a week[es] pay for the under officers & 188 sold[ier]s of my lord Rob[er]t[es] Regi[men]t,59,1,10
3659,V3659,tr,83r,1643-12-18,136,p[ai]d the like for major g[enera]ll skippons Regi[men]t & 182 sold[ier]s,54,0,4
3660,V3660,tr,83r,1643-12-18,43,p[ai]d the like for Coll[onel] Tomsons Regi[men]t,40,19,0
3661,V3661,tr,83r,1643-12-18,85,p[ai]d the like for Coll[onel] Cunninghams Regi[men]t,50,19,8
3662,V3662,tr,83r,1643-12-18,45,p[ai]d the like for Coll[onel] Tirrell[es] Regi[men]t,42,1,2
3663,V3663,tr,83r,1643-12-18,46,p[ai]d the like for S[i]r w[illia]m Constables Regi[men]t,48,7,2
3664,V3664,tr,83r,1643-12-18,137,p[ai]d the like for Coll[onel] Holborns Regi[men]t,45,6,6
3665,V3665,tr,83r,1643-12-18,140,p[ai]d the like for [th]e Regi[men]t late Coll[onel] langham[es],29,3,4
3666,V3666,tr,83r,1643-12-18,123,p[ai]d the like for Coll[onel] martins Regi[men]t,32,15,8
3667,V3667,tr,83r,1643-12-18,132,p[ai]d the like for Coll[onel] Holmsted[es] Regi[men]t,33,10,10
3668,V3668,tr,83r,1643-12-18,87,p[ai]d C[aptain] will[iames] for his compa[ny] of Fierlock[es],11,5,2
3669,V3669,tr,83r,1643-12-18,116,p[ai]d C[aptain] Cheese for 14 pioneers,4,18,0
3670,V3670,tr,83r,1643-12-18,125,p[ai]d Thomas Crowther Cornet to late C[aptain] midletons compa[ny] of dragoners for pay of certaine dragoners of that troop,7,18,0
3671,V3671,close table,83r,1643-12-18,109,p[ai]d C[aptain] vernon deputy Th[reasur]er for a months  pay for himself and his clerk[es] ending [th]e 24 december,19,0,0
3672,V3672,head,83r,1643-12-22,,22 [December 1643],,,
3673,V3673,table (single row),83r,1643-12-22,192,p[ai]d Coll[onel] Barkley for a weak[es] pay for [th]e officers and soldiers of his Regiment,198,6,8
3674,V3674,head,83r,1643-12-29,,29 [December 1643],,,
3675,V3675,open table,83r,1643-12-29,105,p[ai]d [th]e Lord gen[era]ll[es] Regiment [th]e like,313,4,6
3676,V3676,tr,83r,1643-12-29,49,p[ai]d the lord Robert[es] Regi[men]t [th]e like,210,5,10
3677,V3677,tr,83r,1643-12-29,22,p[ai]d the traine of Artigliry the like,350,0,0
3678,V3678,tr,83r,1643-12-29,136,p[ai]d [th]e Comissary of draft horses uppon acc[oun]tt,300,0,0
3679,V3679,tr,83r,1643-12-29,45,p[ai]d Coll[onel] Terrill[es] reg[imen]t,192,4,4
3680,V3680,tr,83r,1643-12-29,116,p[ai]d Capt[ain] Cheese for 7 days for [th]e pioneers,7,14,0
3681,V3681,tr,83r,1643-12-29,46,p[ai]d S[i]r w[illia]m Constables Regi[men]t for 7 daies,160,8,4
3682,V3682,tr,83r,1643-12-29,85,p[ai]d Coll[onel] Coninghams Regi[men]t [th]e like,197,5,1
3683,V3683,tr,83r,1643-12-29,123,p[ai]d Coll[onel] Martins Regi[men]t [th]e like,148,0,9
3684,V3684,tr,83r,1643-12-29,136,p[ai]d major g[e]n[era]ll skippons Regi[men]t [th]e like,201,10,3
3685,V3685,tr,83r,1643-12-29,132,p[ai]d Coll[onel] Holmstead[es] Regi[men]t [th]e like,196,17,4
3686,V3686,tr,83r,1643-12-29,190,p[ai]d Coll[onel] Langhams Regi[men]t,174,2,6
3687,V3687,tr,83r,1643-12-29,49,p[ai]d C[aptain] Pudsey for 7 days pay for halberd[ier]s,17,10,0
3688,V3688,close table,83r,1643-12-29,,,571909,4,1
3689,V3689,pb,83v,1643-12-29,,83v,,,
3690,V3690,table (single row),83v,1643-12-29,,Sommeth [th]e paym[entes] on the other side,571909,4,1
3691,V3691,head,83v,1643-12-29,,29 Decemb[e]r [1643],,,
3692,V3692,open table,83v,1643-12-29,137,p[ai]d Coll[onel] Holborn for 7 days paye for [th]e officers and sold[ier]s of his Regi[men]t,156,19,6
3693,V3693,tr,83v,1643-12-29,43,p[ai]d Coll[onel] Tomson [th]e like for his Regi[men]t,154,16,4
3694,V3694,tr,83v,1643-12-29,87,p[ai]d C[aptain] w[illiam]s [th]e like for his compa[ny] of Fierlock[es],17,11,2
3695,V3695,close table,83v,1643-12-29,,,572238,11,1
3696,V3696,head,83v,1643-12-29,,No. 21,,,
3697,V3697,open table,83v,1643-12-29,,[del: p[ai]d in Petty charges in the latter end of this booke],,,
3698,V3698,tr,83v,1643-12-29,,[del: p[ai]d S[i]r Gilbert Gerrard & Captaine Vernon in part of ther allowed Fees of 3d in the pownd],,,
3699,V3699,close table,83v,1643-12-29,,The payment[es] above amont[es] to,572238,11,1
3700,V3700,head,83v,1644-01-06,,January 6 [1643/4],,,
3701,V3701,open table,83v,1644-01-06,136,p[ai]d major gen[era]ll skippon for a week[es] pay for [th]e under officers and Common soldiers of his Regi[men]t,49,17,11
3702,V3702,tr,83v,1644-01-06,130,p[ai]d Coll[onel] Botteler [th]e like for my lord g[e]n[era]ll[es] Regi[men]t,120,15,6
3703,V3703,tr,83v,1644-01-06,43,p[ai]d Coll[onel] Tomsons Regi[men]t the like,49,3,6
3704,V3704,tr,83v,1644-01-06,46,p[ai]d Coll[onel] Constables Regi[men]t the like,45,7,6
3705,V3705,tr,83v,1644-01-06,45,p[ai]d Coll[onel] Terrill[es] Regi[men]t the like,29,3,4
3706,V3706,tr,83v,1644-01-06,137,p[ai]d Coll[onel] Holborns Regi[men]t the like,52,11,2
3707,V3707,tr,83v,1644-01-06,122,p[ai]d Coll[onel] Martins Regi[men]t the like,32,15,8
3708,V3708,tr,83v,1644-01-06,49,p[ai]d the lo[rd] Robert[es] Regi[men]t the like,58,13,8
3709,V3709,tr,83v,1644-01-06,132,p[ai]d Coll[onel] Holmstead[es] Regi[men]t the like,33,9,8
3710,V3710,tr,83v,1644-01-06,140,p[ai]d Coll[onel] Langhams Regi[men]t the like,31,4,2
3711,V3711,tr,83v,1644-01-06,85,p[ai]d Coll[onel] Coninghams Regi[men]t the like,55,16,6
3712,V3712,tr,83v,1644-01-06,87,p[ai]d Ca[ptain] williams the like for his fierlock[es],11,14,6
3713,V3713,tr,83v,1644-01-06,148,p[ai]d Ca[ptain] Hodgson and Ca[ptain] Cheese the like for pion[eer]s,7,14,0
3714,V3714,tr,83v,1644-01-06,41,p[ai]d leift[enant] Lindsey late leifft[enant] to Ca[ptain] Hamond in part of his arreers,20,0,0
3715,V3715,close table,83v,1644-01-06,42,p[ai]d Secretarie Baldwine for severall disbursement[es] specified in the warrent,27,10,-
3716,V3716,head,83v,1644-01-08,,8 [January 1643/4],,,
3717,V3717,table (single row),83v,1644-01-08,92,p[ai]d S[i]r samuell Luke scout m[aste]r uppon acc[oun]tt,50,0,0
3718,V3718,head,83v,1644-01-09,,9 [January 1643/4],,,
3719,V3719,open table,83v,1644-01-09,130,p[ai]d Coll[onel] Botteler for a week[es] pay for [th]e under officers and soldiers of my lord g[e]n[era]ll[es] Regi[men]t,134,19,8
3720,V3720,tr,83v,1644-01-09,45,p[ai]d Coll[onel] Terrill[es] Regi[men]t the like,151,18,4
3721,V3721,tr,83v,1644-01-09,136,p[ai]d major g[e]n[era]ll skippons Regi[men]t [th]e like,57,8,0
3722,V3722,tr,83v,1644-01-09,46,p[ai]d S[i]r w[illia]m Constables Regi[men]t [th]e like,52,18,2
3723,V3723,tr,83v,1644-01-09,137,p[ai]d Coll[onel] Holborns Regi[men]t the like,55,7,2
3724,V3724,tr,83v,1644-01-09,49,p[ai]d [th]e lo[rd] Robert[es] Regi[men]t the like,79,6,8
3725,V3725,tr,83v,1644-01-09,133,p[ai]d Coll[onel] Holmstead[es] Regi[men]t the like,43,18,6
3726,V3726,tr,83v,1644-01-09,43,p[ai]d Coll[onel] Tomsons Regi[men]t the like,49,3,6
3727,V3727,tr,83v,1644-01-09,85,p[ai]d Coll[onel] Coninghams Regi[men]t [th]e like,50,18,0
3728,V3728,tr,83v,1644-01-09,140,p[ai]d Coll[onel] Langhams Regi[men]t [th]e like,18,18,8
3729,V3729,tr,83v,1644-01-09,123,p[ai]d Coll[onel] Martins Regi[men]t [th]e like,32,15,8
3730,V3730,close table,83v,1644-01-09,,,573542,0,6
3731,V3731,pb,84r,1644-01-09,,84r,,,
3732,V3732,table (single row),84r,1644-01-09,,Sommeth [th]e payment[es] on the other side,573542,0,6
3733,V3733,head,84r,1644-01-22,,Janu[ary] 22 [1643/4],,,
3734,V3734,open table,84r,1644-01-22,19,p[ai]d for a months pay for the inferior officers of the traine,50,0,0
3735,V3735,tr,84r,1644-01-22,116,p[ai]d [th]e pioneers a week[es] pay,9,9,0
3736,V3736,tr,84r,1644-01-22,87,p[ai]d C[aptain] w[illiam]s for a week[es] pay for [th]e fierlock[es],11,14,6
3737,V3737,close table,84r,1644-01-22,109,p[ai]d C[aptain] vernon dep[uty] thr[easur]er of the Army for a mo[nths] pay for himself & 3 clark[es] allowed him,19,0,0
3738,V3738,head,84r,1644-02-02,,Febr[uary] 2 [1643/4],,,
3739,V3739,table (single row),84r,1644-02-02,132,p[ai]d Commissary Fastaff for 14 days pay for [th]e wagon[er]s & draft horses uppon accompt,650,0,0
3740,V3740,head,84r,1644-02-05,,5 [February 1643/4],,,
3741,V3741,open table,84r,1644-02-05,105,p[ai]d for 14 days pay for [th]e officers and sold[ier]s of my lord g[e]n[era]ll[es] Regi[men]t uppon accompt,596,12,8
3742,V3742,tr,84r,1644-02-05,43,p[ai]d Coll[onel] Tomsons Regi[men]t the like,274,8,0
3743,V3743,tr,84r,1644-02-05,45,p[ai]d Coll[onel] Terrill[es] Regi[men]t the like,315,7,0
3744,V3744,tr,84r,1644-02-05,137,p[ai]d Coll[onel] Holborn[es] Regi[men]t the like,319,4,-
3745,V3745,tr,84r,1644-02-05,140,p[ai]d Coll[onel] langhams Regi[men]t the like,268,11,4
3746,V3746,tr,84r,1644-02-05,85,p[ai]d Coll[onel] Coninghams Regi[men]t the like,323,14,4
3747,V3747,tr,84r,1644-02-05,136,p[ai]d major g[e]n[era]ll skippons Regi[men]t the like,381,11,8
3748,V3748,tr,84r,1644-02-05,49,p[ai]d my lord Robert[es] Regi[men]t the like,414,8,0
3749,V3749,tr,84r,1644-02-05,142,p[ai]d Coll[onel] Barklies Regi[men]t the like,376,14,4
3750,V3750,tr,84r,1644-02-05,123,p[ai]d Coll[onel] Martins Regi[men]t the like,274,3,4
3751,V3751,tr,84r,1644-02-05,46,p[ai]d Coll[onel] Constables Regi[men]t [th]e like,299,12,0
3752,V3752,tr,84r,1644-02-05,132,p[ai]d Coll[onel] Holmstead[es] Regi[men]t the like,316,10,4
3753,V3753,tr,84r,1644-02-05,116,p[ai]d Ca[ptain] Cheese the like for pioneers 12,8,8,0
3754,V3754,tr,84r,1644-02-05,148,p[ai]d Ca[ptain] Hodgson the like for 20 pioneers,14,0,0
3755,V3755,tr,84r,1644-02-05,92,p[ai]d S[i]r samuel luke for himself and scout[es],112,0,0
3756,V3756,tr,84r,1644-02-05,42,p[ai]d [th]e marshall g[e]n[era]ll for himself & his menn,34,8,4
3757,V3757,tr,84r,1644-02-05,87,p[ai]d Ca[ptain] williams the like for fierlock[es],37,18,4
3758,V3758,tr,84r,1644-02-05,22,p[ai]d the traine of Artigliry for 14 daies,670,0,0
3759,V3759,tr,84r,1644-02-05,,p[ai]d Adjutant Inglish the like,21,0,0
3760,V3760,tr,84r,1644-02-05,49,p[ai]d my lord g[e]n[era]ll for his pay for 14 daies,140,0,0
3761,V3761,tr,84r,1644-02-05,40,p[ai]d S[i]r John merrick [th]e like,70,0,0
3762,V3762,tr,84r,1644-02-05,49,p[ai]d C[aptain] Pudsey for 14 days for my lord[es] guard halb[erdiers],35,0,0
3763,V3763,tr,84r,1644-02-05,,"p[ai]d Docter striall & docter Read, & m[aste]r web Apo[thecary]",24,10,-
3764,V3764,tr,84r,1644-02-05,6,p[ai]d leift[enant] Brown Adjutant for 14 daies,16,2,-
3765,V3765,tr,84r,1644-02-05,,p[ai]d Docter Odlinge,7,0,0
3766,V3766,tr,84r,1644-02-05,195,p[ai]d Tho[mas] Cooke markm[aste]r,31,10,-
3767,V3767,tr,84r,1644-02-05,,p[ai]d Phillip Kett wagoner,10,10,-
3768,V3768,close table,84r,1644-02-05,203,p[ai]d Ca[ptain] Fanton,27,6,0
3769,V3769,head,84r,1644-02-13,,13 [February 1643/4],,,
3770,V3770,open table,84r,1644-02-13,42,p[ai]d secretary Baldwin for sev[era]ll disboursment[es],78,13,10
3771,V3771,tr,84r,1644-02-13,42,more for 14 daies pay for him self,7,0,0
3772,V3772,tr,84r,1644-02-13,205,p[ai]d Ca[ptain] Abracromy for 14 days pay for his troop of dragon[er]s,118,13,0
3773,V3773,tr,84r,1644-02-13,204,p[ai]d Ca[ptain] shilborne [th]e like,101,17,0
3774,V3774,tr,84r,1644-02-13,194,p[ai]d Coll[onel] Behr [th]e like for his troop of horse,228,18,0
3775,V3775,tr,84r,1644-02-13,189,p[ai]d Ca[ptain] Harison [th]e like,145,19,-
3776,V3776,tr,84r,1644-02-13,98,p[ai]d Ca[ptain] draper [th]e like,188,6,0
3777,V3777,tr,84r,1644-02-13,7,p[ai]d [th]e lord wharton [th]e like,114,16,0
3778,V3778,tr,84r,1644-02-13,169,p[ai]d Ca[ptain] Carr [th]e like,179,4,0
3779,V3779,tr,84r,1644-02-13,122,p[ai]d major Bosa [th]e like,186,18,0
3780,V3780,tr,84r,1644-02-13,96,p[ai]d Ca[ptain] Buller [th]e like,185,3,0
3781,V3781,tr,84r,1644-02-13,205,p[ai]d Ca[ptain] stevans [th]e like,162,8,0
3782,V3782,tr,84r,1644-02-13,189,p[ai]d C[aptain] Fleetwood [th]e like,136,3,-
3783,V3783,tr,84r,1644-02-13,41,p[ai]d C[aptain] Hamon the like,148,15,0
3784,V3784,tr,84r,1644-02-13,186,p[ai]d C[aptain] Ja[mes] Innes the like,153,6,0
3785,V3785,tr,84r,1644-02-13,92,p[ai]d S[i]r samuel luke for scout[es] uppon accompt,50,0,0
3786,V3786,tr,84r,1644-02-13,203,p[ai]d Major Hamilton for 14 dais for his troop,172,11,-
3787,V3787,tr,84r,1644-02-13,136,p[ai]d major g[e]n[era]ll skippon [th]e like,167,13,0
3788,V3788,tr,84r,1644-02-13,126,p[ai]d C[aptain] Copley the like,191,2,-
3789,V3789,tr,84r,1644-02-13,36,p[ai]d S[i]r Rob[er]t Py the like,247,2,-
3790,V3790,tr,84r,1644-02-13,204,p[ai]d Ca[ptain] Rawlins the like,110,5,-
3791,V3791,close table,84r,1644-02-13,,,582777,6,6
3792,V3792,pb,84v,1644-02-13,,84v,,,
3793,V3793,table (single row),84v,1644-02-13,,Sommeth [th]e paym[entes] on the other side,582777,6,6
3794,V3794,head,84v,1644-02-13,,Feb[ruary] 13 [1643/4],,,
3795,V3795,open table,84v,1644-02-13,206,p[ai]d Capt[ain] Carmichell for 14 days for his troope,176,8,-
3796,V3796,tr,84v,1644-02-13,37,p[ai]d S[i]r Phillip stapleton [th]e like,645,10,4
3797,V3797,tr,84v,1644-02-13,202,p[ai]d Coll[onel] Russell [th]e like,148,8,-
3798,V3798,tr,84v,1644-02-13,106,p[ai]d major Blare for 14 days pay for his troop,155,1,-
3799,V3799,tr,84v,1644-02-13,75,p[ai]d Ca[ptain] scroop the like,150,10,-
3800,V3800,tr,84v,1644-02-13,33,p[ai]d S[i]r w[illia]m Balfour the like,259,14,-
3801,V3801,tr,84v,1644-02-13,75,p[ai]d Coll[onel] meldrom [th]e like,189,14,-
3802,V3802,tr,84v,1644-02-13,119,p[ai]d major urrey [th]e like,148,15,-
3803,V3803,tr,84v,1644-02-13,56,p[ai]d Ca[ptain] Clerke [th]e like,113,1,-
3804,V3804,tr,84v,1644-02-13,215,p[ai]d C[aptain] pile [th]e like,123,11,0
3805,V3805,tr,84v,1644-02-13,43,p[ai]d Coll[onel] Tomson [th]e like,160,13,-
3806,V3806,tr,84v,1644-02-13,197,p[ai]d Ca[ptain] wogan the like,170,2,-
3807,V3807,tr,84v,1644-02-13,92,p[ai]d S[i]r samuel luke [th]e like,183,15,-
3808,V3808,tr,84v,1644-02-13,174,p[ai]d Ca[ptain] Melvs for his troop of dragooners,64,17,4
3809,V3809,tr,84v,1644-02-13,171,p[ai]d Ca[ptain] Robotham for his troop of horse,86,2,-
3810,V3810,tr,84v,1644-02-13,27,p[ai]d Ca[ptain] Hales the like,114,16,-
3811,V3811,tr,84v,1644-02-13,25,p[ai]d Capt[ain] langrish dragoon[er]s,44,13,8
3812,V3812,tr,84v,1644-02-13,123,p[ai]d Capt[ain] Melvin for his troop,106,1,0
3813,V3813,tr,84v,1644-02-13,170,p[ai]d Capt[ain] salkill the like,149,16,-
3814,V3814,tr,84v,1644-02-13,110,p[ai]d Capt[ain] Ingoldesby the like,104,6,-
3815,V3815,tr,84v,1644-02-13,128,p[ai]d Coll[onel] dalbier the like,172,4,-
3816,V3816,tr,84v,1644-02-13,18,p[ai]d Coll[onel] sheffeild the like,204,15,-
3817,V3817,tr,84v,1644-02-13,18,p[ai]d Ca[ptain] sheffeild the like,120,8,-
3818,V3818,tr,84v,1644-02-13,138,p[ai]d Ca[ptain] Rainsborrough [th]e like,174,13,-
3819,V3819,tr,84v,1644-02-13,201,p[ai]d Ca[ptain] Ramsey [th]e like,161,14,-
3820,V3820,tr,84v,1644-02-13,156,p[ai]d major Balfour the like,143,10,-
3821,V3821,tr,84v,1644-02-13,161,p[ai]d Ca[ptain] maynard drago[ons],61,5,-
3822,V3822,tr,84v,1644-02-13,51,p[ai]d Coll[onel] longe for his troop,127,1,-
3823,V3823,tr,84v,1644-02-13,21,p[ai]d Ca[ptain] Anselme the like,178,17,-
3824,V3824,tr,84v,1644-02-13,203,p[ai]d C[aptain] semple the like,108,10,-
3825,V3825,tr,84v,1644-02-13,65,p[ai]d S[i]r Edward Dodsworth,17,10,-
3826,V3826,tr,84v,1644-02-13,214,p[ai]d Ca[ptain] Boyleston drago[ons],53,4,-
3827,V3827,tr,84v,1644-02-13,212,p[ai]d Ca[ptain] Farmer for his troope,144,18,-
3828,V3828,tr,84v,1644-02-13,47,p[ai]d Ca[ptain] Cromwell the like,104,6,0
3829,V3829,tr,84v,1644-02-13,101,p[ai]d Ca[ptain] Finnes the like,158,18,0
3830,V3830,tr,84v,1644-02-13,102,p[ai]d Docter Dorisla for 14 days,21,-,-
3831,V3831,tr,84v,1644-02-13,176,p[ai]d [th]e Dutch reformados for 14 daies,65,2,-
3832,V3832,tr,84v,1644-02-13,173,p[ai]d Ca[ptain] Baynard for his troope,155,8,-
3833,V3833,close table,84v,1644-02-13,142,p[ai]d Coll[onel] Barkley reformado,21,0,0
3834,V3834,head,84v,1644-02-19,,19 [February 1643/4],,,
3835,V3835,open table,84v,1644-02-19,118,p[ai]d major mathews for certaine sold[ier]s absent of my lord g[e]n[era]ll[es] Regi[men]t for 7 daies pay,9,2,-
3836,V3836,tr,84v,1644-02-19,142,p[ai]d Coll[onel] Barkley for sold[ier]s wantinge,10,10,-
3837,V3837,tr,84v,1644-02-19,49,p[ai]d in my lord Robert[es] Regi[men]t the like,1,17,4
3838,V3838,tr,84v,1644-02-19,45,p[ai]d Coll[onel] Terrill [th]e like,2,3,2
3839,V3839,tr,84v,1644-02-19,136,p[ai]d in major g[e]n[era]ll[es] skippon [th]e like,3,7,8
3840,V3840,tr,84v,1644-02-19,132,p[ai]d in Coll[onel] Holmstead[es] Regi[men]t the like,14,14,-
3841,V3841,tr,84v,1644-02-19,,p[ai]d Docter striall uppon accompt,7,0,-
3842,V3842,tr,84v,1644-02-19,92,p[ai]d S[i]r samuel luke uppon accompt,50,0,0
3843,V3843,close table,84v,1644-02-19,109,p[ai]d the wiff of Jo[hn] walker troop[er] of Ca[ptain] lionel Coplies troop slain at newberry,3,10,-
3844,V3844,head,84v,1644-02-22,,22 [February 1643/4],,,
3845,V3845,open table,84v,1644-02-22,23,p[ai]d Ca[ptain] Pim for 14 days for his troope,170,16,0
3846,V3846,tr,84v,1644-02-22,130,p[ai]d Coll[onel] Botteler for 7 days pay for 16 sold[ier]s,3,14,8
3847,V3847,tr,84v,1644-02-22,,p[ai]d Quarter m[aste]r g[e]n[era]ll delaman for 14 days,14,0,0
3848,V3848,tr,84v,1644-02-22,109,p[ai]d Ca[ptain] vernon for a mo[nths] pay for himself and his clerk[es] ending [th]e 22 present,19,0,0
3849,V3849,close table,84v,1644-02-22,,,588576,18,8
3850,V3850,pb,85r,1644-02-22,,85r,,,
3851,V3851,table (single row),85r,1644-02-22,,Sommeth [th]e paym[entes] on the other side,588576,18,8
3852,V3852,head,85r,1644-02-24,,24 [February 1643/4],,,
3853,V3853,table (single row),85r,1644-02-24,,p[ai]d Capta[in] Lukeman for 14 days pay for his troop,118,6,0
3854,V3854,head,85r,1644-02-27,,27 [February 1643/4],,,
3855,V3855,open table,85r,1644-02-27,130,p[ai]d Coll[onel] Botteler for 7 days pay for [th]e under officers and soldiers of my lord g[e]n[era]ll[es] Regi[men]t,181,11,10
3856,V3856,tr,85r,1644-02-27,136,p[ai]d major g[e]n[era]ll skippon [th]e like for his Regi[men]t,84,1,2
3857,V3857,tr,85r,1644-02-27,46,p[ai]d Coll[onel] Constables Regi[men]t [th]e like,74,0,6
3858,V3858,tr,85r,1644-02-27,49,p[ai]d [th]e lord Rob[ertes] Regi[men]t [th]e like,105,10,6
3859,V3859,tr,85r,1644-02-27,85,p[ai]d Coll[onel] Coninghams Regi[men]t [th]e like,76,2,6
3860,V3860,tr,85r,1644-02-27,123,p[ai]d Coll[onel] Martins Regi[men]t [th]e like,49,18,8
3861,V3861,tr,85r,1644-02-27,45,p[ai]d Coll[onel] Terrill[es] Regi[men]t [th]e like,70,9,4
3862,V3862,tr,85r,1644-02-27,140,p[ai]d Coll[onel] Langhams Regi[men]t [th]e like,49,15,2
3863,V3863,tr,85r,1644-02-27,142,p[ai]d Coll[onel] Barklies Regi[men]t [th]e like,88,5,2
3864,V3864,tr,85r,1644-02-27,132,p[ai]d Coll[onel] Holmstead[es] Regi[men]t [th]e like,67,19,2
3865,V3865,tr,85r,1644-02-27,43,p[ai]d Coll[onel] Tomsons Regi[men]t the like,54,8,6
3866,V3866,tr,85r,1644-02-27,137,p[ai]d Coll[onel] Holborns Regi[men]t [th]e like,63,17,6
3867,V3867,close table,85r,1644-02-27,87,p[ai]d Capt[ain] w[illiam]s for fierlock[es],12,13,2
3868,V3868,head,85r,1644-02-27,,No 22,,,
3869,V3869,open table,85r,1644-02-27,148,p[ai]d Cap[tain] Hodgson for pioneers,11,4,0
3870,V3870,tr,85r,1644-02-27,125,p[ai]d Coll[onel] midleton for a fortnight[es] pay for his troop,178,12,4
3871,V3871,tr,85r,1644-02-27,163,p[ai]d major Boswell the like,158,11,-
3872,V3872,tr,85r,1644-02-27,176,p[ai]d [th]e scot[es] Reformados for 14 days,245,-,-
3873,V3873,tr,85r,1644-02-27,218,p[ai]d John Crookskancke chap[lain] to Coll[onel] holborns Regi[men]t,6,1,4
3874,V3874,tr,85r,1644-02-27,78,p[ai]d Comissary bond for 14 days for himself and [^officers^],47,1,4
3875,V3875,tr,85r,1644-02-27,125,p[ai]d Georg Mill Coll[onel] reformado,21,0,0
3876,V3876,tr,85r,1644-02-27,218,p[ai]d George Ramsey a capt[ain] in Coll[onel] Barkleys Regi[men]t,10,3,-
3877,V3877,tr,85r,1644-02-27,176,p[ai]d Adolf kenan capt[ain] reformado for 14 days,14,-,-
3878,V3878,tr,85r,1644-02-27,92,p[ai]d S[i]r samuel luke for scout[es] uppon acc[oun]tt,100,0,0
3879,V3879,tr,85r,1644-02-27,,p[ai]d Rob[er]t wolssey assistant to [th]e quart[e]r m[aste]r g[e]n[era]ll,7,0,0
3880,V3880,tr,85r,1644-02-27,,p[ai]d Jo[hn] Carlton wagoner to late Coll[onel] langham,2,2,-
3881,V3881,tr,85r,1644-02-27,169,p[ai]d Coll[onel] w[illia]m Carr uppon accompt,21,0,0
3882,V3882,close table,85r,1644-02-27,219,p[ai]d Coll[onel] ogleby the like,21,0,0
3883,V3883,head,85r,1644-03-02,,2 [March 1643/4],,,
3884,V3884,open table,85r,1644-03-02,,p[ai]d leift[enant] bruce for 14 days as adjutant of horse,16,2,-
3885,V3885,tr,85r,1644-03-02,145,p[ai]d C[aptain] Blunt Ca[ptain] Reformado of foot for 14 days,7,0,0
3886,V3886,tr,85r,1644-03-02,,p[ai]d Hen[ry] Isham & John Hilliard leift[enant] uppon acc[oun]t,5,12,0
3887,V3887,close table,85r,1644-03-02,33,p[ai]d S[i]r Henry Cholmly for 14 days pay as Coll[onel] & Capt[ain],31,10,-
3888,V3888,head,85r,1644-03-03,,3 [March 1643/4],,,
3889,V3889,table (single row),85r,1644-03-03,176,p[ai]d Henry Johnson Ca[ptain] reformado for 14 days,7,-,-
3890,V3890,head,85r,1644-03-04,,4 [March 1643/4],,,
3891,V3891,open table,85r,1644-03-04,144,p[ai]d Ca[ptain] Gauler for Recrut[es],30,6,8
3892,V3892,tr,85r,1644-03-04,61,p[ai]d S[i]r sigismond Alexander for 14 days pay,14,0,0
3893,V3893,tr,85r,1644-03-04,198,p[ai]d Comissary skinner for 14 days pay,18,4,-
3894,V3894,close table,85r,1644-03-04,100,p[ai]d Docter st John for 14 days,7,0,0
3895,V3895,head,85r,1644-03-05,,5 [March 1643/4],,,
3896,V3896,open table,85r,1644-03-05,187,p[ai]d Hugh Phillips for 14 days pay as Capt[ain] of a foot compa[ny],10,10,-
3897,V3897,tr,85r,1644-03-05,176,p[ai]d Henry strelly for 14 days pay as leift[enant] reformado,8,8,0
3898,V3898,tr,85r,1644-03-05,176,p[ai]d Ca[ptain] James Charlot & owen Hal cornet refor[mados],15,0,0
3899,V3899,close table,85r,1644-03-05,181,p[ai]d major ulrick[es] wiff by order from my lord g[e]n[era]ll uppon a warr[an]t of 474.12 in ther keeping,10,0,0
3900,V3900,head,85r,1644-03-09,,9 [March 1643/4],,,
3901,V3901,open table,85r,1644-03-09,130,p[ai]d Coll[onel] Botteler for a week[es] pay for my lord g[e]n[era]ll[es] Regi[men]t and the under offic[er]s from [th]e leift[enant] und[er],225,16,2
3902,V3902,tr,85r,1644-03-09,136,p[ai]d major g[e]n[era]ll skippons Regi[men]t [th]e like,111,9,6
3903,V3903,tr,85r,1644-03-09,140,p[ai]d Coll[onel] langhams Regi[men]t the like,79,12,6
3904,V3904,tr,85r,1644-03-09,49,p[ai]d [th]e lord Rob[ertes] Regi[men]t [th]e like,135,6,8
3905,V3905,tr,85r,1644-03-09,85,p[ai]d Coll[onel] Coninghams Regi[men]t [th]e like,120,2,2
3906,V3906,tr,85r,1644-03-09,46,p[ai]d S[i]r w[illia]m Constables Regiment [th]e like,100,10,2
3907,V3907,close table,85r,1644-03-09,,,591470,2,8
3908,V3908,pb,85v,1644-03-09,,85v,,,
3909,V3909,table (single row),85v,1644-03-09,,Sommeth [th]e paym[entes] on the other side,591470,2,8
3910,V3910,head,85v,1644-03-09,,March 9 1643[/4],,,
3911,V3911,open table,85v,1644-03-09,137,p[ai]d Coll[onel] Holborns Regi[men]t for a week[es] pay for [th]e sold[ier]s & [th]e officers from [th]e leifft[enant] downward[es],86,19,6
3912,V3912,tr,85v,1644-03-09,43,p[ai]d Coll[onel] Tomsons Regi[men]t [th]e like,82,13,2
3913,V3913,tr,85v,1644-03-09,123,p[ai]d Coll[onel] Martins Regi[men]t the like,74,8,8
3914,V3914,tr,85v,1644-03-09,142,p[ai]d Coll[onel] Barklies Regi[men]t [th]e like,113,4,6
3915,V3915,tr,85v,1644-03-09,132,p[ai]d Coll[onel] Holmsted[es] Regi[men]t [th]e like,93,17,2
3916,V3916,tr,85v,1644-03-09,45,p[ai]d Coll[onel] Terrill[es] Regi[men]t [th]e like,98,11,8
3917,V3917,tr,85v,1644-03-09,132,p[ai]d Comissary Fastaff for a week[es] pay for [th]e wagoners and draft horses uppon accompt,300,0,0
3918,V3918,tr,85v,1644-03-09,87,p[ai]d Ca[ptain] will[ia]m[es] for fier lock[es],13,14,-
3919,V3919,tr,85v,1644-03-09,116,p[ai]d Ca[ptain] Cheese for pioneers,13,6,-
3920,V3920,tr,85v,1644-03-09,123,for a week[es] pay for 3 sold[ier]s of Coll[onel] martins Reg[iment],0,14,-
3921,V3921,tr,85v,1644-03-09,123,p[ai]d the provost marshall for a week[es] pay,13,9,6
3922,V3922,tr,85v,1644-03-09,105,p[ai]d Ensign Higgison & Ens[ign] Close of his exc[ellencys] Regi[men]t for 3 week[es] pay,6,6,0
3923,V3923,close table,85v,1644-03-09,22,p[ai]d [th]e traine of Artigliry for a weeke,300,0,0
3924,V3924,head,85v,1644-03-14,,14 [March 1643/4],,,
3925,V3925,open table,85v,1644-03-14,43,p[ai]d Coll[onel] Tomson for his lieft[enant] Coll[onel] palleologus being very sicke uppon his arrears,20,0,0
3926,V3926,close table,85v,1644-03-14,,p[ai]d walter Thomas an officer come from [th]e king uppon [th]e declaration a leift[enant] pay for a month,5,12,-
3927,V3927,head,85v,1644-03-20,,20 [March 1643/4],,,
3928,V3928,open table,85v,1644-03-20,126,p[ai]d Ca[ptain] Cannon for 6 drake cariages,73,0,0
3929,V3929,tr,85v,1644-03-20,186,p[ai]d James Innes for a mo[nths] pay uppon his arrears as Ca[ptain] of horse,54,12,-
3930,V3930,close table,85v,1644-03-20,130,p[ai]d Coll[onel] Botteler for recrut of 16 sold[ier]s in his Ex[cellencys] Regi[men]t,3,14,8
3931,V3931,head,85v,1644-03-21,,21 [March 1643/4],,,
3932,V3932,open table,85v,1644-03-21,37,p[ai]d S[i]r Phillip stapleton for 14 days pay for 9 gentlemen of [th]e leifguard absent [th]e muster,50,8,0
3933,V3933,tr,85v,1644-03-21,49,p[ai]d Ca[ptain] Pudsey for a months pay for 20 halberdiers uppon ther arrear,42,-,-
3934,V3934,close table,85v,1644-03-21,22,p[ai]d Daniel Downs for what was dew to him for horses attending the train of Artigly,54,10,-
3935,V3935,head,85v,1644-03-22,,22 [March 1643/4],,,
3936,V3936,open table,85v,1644-03-22,195,p[ai]d Tho[mas] Cooke markm[aste]r for a week[es] pay,15,15,-
3937,V3937,close table,85v,1644-03-22,,p[ai]d Thomas Kett wagoner,5,5,-
3938,V3938,head,85v,1644-03-23,,23 [March 1643/4],,,
3939,V3939,open table,85v,1644-03-23,130,p[ai]d Coll[onel] Botteler for a week[es] pay for [th]e officers and sold[ier]s of his Ex[cellencys] Regi[men]t from [th]e leifft[enant] downe,241,14,8
3940,V3940,tr,85v,1644-03-23,49,p[ai]d [th]e lord Rob[ertes] Regi[men]t [th]e like,145,16,6
3941,V3941,tr,85v,1644-03-23,136,p[ai]d major g[e]n[era]ll skippons Regi[men]t [th]e like,109,14,6
3942,V3942,tr,85v,1644-03-23,43,p[ai]d Coll[onel] Tomsons Regi[men]t [th]e like,80,17,-
3943,V3943,tr,85v,1644-03-23,46,p[ai]d Coll[onel] Constables Regi[men]t [th]e like,101,6,6
3944,V3944,tr,85v,1644-03-23,45,p[ai]d Coll[onel] Terrill[es] Regi[men]t [th]e like,99,1,-
3945,V3945,tr,85v,1644-03-23,123,p[ai]d Coll[onel] Martins Regi[men]t the like,79,6,8
3946,V3946,tr,85v,1644-03-23,140,p[ai]d Coll[onel] Langhams Regi[men]t [th]e like,73,18,2
3947,V3947,tr,85v,1644-03-23,85,p[ai]d Coll[onel] Coninghams Regi[men]t [th]e like,111,11,4
3948,V3948,tr,85v,1644-03-23,137,p[ai]d Coll[onel] Holborns Regi[men]t [th]e like,101,10,-
3949,V3949,tr,85v,1644-03-23,142,p[ai]d Coll[onel] Barklies Regi[men]t [th]e like,112,17,6
3950,V3950,tr,85v,1644-03-23,132,p[ai]d Coll[onel] Holmstead[es] Regi[men]t [th]e like,93,17,2
3951,V3951,tr,85v,1644-03-23,132,p[ai]d Comissary Fastaff uppon accompt,250,0,0
3952,V3952,tr,85v,1644-03-23,22,p[ai]d [th]e traine of Artigliry uppon acc[oun]tt,300,0,0
3953,V3953,tr,85v,1644-03-23,,p[ai]d [th]e provost marshall g[e]n[era]ll,13,9,6
3954,V3954,tr,85v,1644-03-23,87,p[ai]d Ca[ptain] will[iames] for Fierlock[es],13,14,2
3955,V3955,close table,85v,1644-03-23,,,594920,18,2
3956,V3956,pb,86r,1644-03-23,,86r,,,
3957,V3957,table (single row),86r,1644-03-23,,Sommeth [th]e payment[es] on the other side,594920,18,2
3958,V3958,head,86r,1644-03-23,,March 23 [1643/4],,,
3959,V3959,open table,86r,1644-03-23,148,p[ai]d Captaine Hodson & Capt[ain] Cheese for Pioneers,13,13,0
3960,V3960,tr,86r,1644-03-23,,p[ai]d m[aste]r Blackborne asistant to the Advocate for a weeke,3,10,-
3961,V3961,tr,86r,1644-03-23,92,p[ai]d Samuel Bedford for S[i]r samuell luke for scout[es],56,0,-
3962,V3962,tr,86r,1644-03-23,109,p[ai]d Capt[ain] vernon dep[u]ty Th[reasur]er for 30 days pay to him and his clark[es] ending [th]e 23 present,19,0,0
3963,V3963,tr,86r,1644-03-23,49,p[ai]d Jacob Cremer his Exc[ellencys] trompeter wounded at newberry fight uppon his arrears 10.0.0,10,0,0
3964,V3964,close table,86r,1644-03-23,,,595023,1,2
3965,V3965,head,86r,1644-03-23,,No. 23,,,
3966,V3966,open table,86r,1644-03-23,220,Laid out in severall disbursment[es] and petty charges as by the particul[ar]s given in,1402,15,3
3967,V3967,tr,86r,1644-03-23,219,p[ai]d S[i]r Gilbert Gerrard in part of the allowed fee of 3d the pound,1500,0,0
3968,V3968,tr,86r,1644-03-23,,,597925,16,5
3969,V3969,tr,86r,1644-03-23,109,I am debtor to this accompt for w[hi]ch I have charged myself uppon [th]e new accompt from [th]e 25 march,3138,12,4
3970,V3970,close table,86r,1644-03-23,,the whole receipt being,601064,8,9
3971,V3971,p,86r,1644-03-23,,Francis Vernon deputy Thr[easur]er of [th]e Army,,,
3972,V3972,p,86r,1644-03-23,,London 25 march 1644,,,
3973,V3973,p,86r,1644-03-23,,The 25th of Aprill 1644 the said Francis Vernon deliv[ere]d his accompt upon oath,,,
3974,V3974,p,86r,1644-03-23,,John Langley,,,
3975,V3975,p,86r,1644-03-23,,Lawr[ence] Brinley,,,
